alert_id,entity_name,severity,created_time,closed_time,escalated,investigation_notes,asset_type
ALT003205,Indus Financial Services,medium,2026-04-22 09:54:20,2026-04-22 14:56:28,no,Coordinated with network team; ACL change on HOST-5841 explains traffic shift. Closed as benign positive.,Database
ALT001768,Deccan Health Network,medium,2026-05-12 04:58:31,2026-05-12 07:19:40,no,Reviewed EDR telemetry timeline; parent process traced to legitimate installer. Monitoring continued for 48 hours.,Server
ALT004192,Narmada Steel Works,critical,2026-02-25 17:15:58,,yes,Confirmed with asset owner that HOST-5916 was undergoing patch deployment.,IoT Device
ALT002659,Eastern Grid Utility,medium,2026-06-28 15:41:35,2026-06-28 19:32:42,no,Verified backup job schedule; traffic volume consistent with nightly replication. No further action required.,Endpoint
ALT000787,Arcadia Defence Systems,low,2026-05-25 04:44:14,2026-05-25 06:58:30,no,Queried SIEM for related events across 24h window; no corroborating activity found. No further action required.,Database
ALT001204,Arcadia Defence Systems,critical,2026-04-24 02:16:48,2026-04-24 06:01:22,yes,Reviewed privileged access logs; elevation was approved under ticket REQ-44692.,Identity Provider
ALT002445,Cauvery Logistics Corp,medium,2026-05-07 00:20:15,2026-05-07 05:14:24,no,Escalated to L2 after confirming lateral movement indicators on HOST-7544. Closed as benign positive.,Cloud Workload
ALT004132,Narmada Steel Works,low,2026-05-08 07:00:33,2026-05-08 12:52:08,no,Confirmed with asset owner that HOST-9301 was undergoing patch deployment. Added to suppression list after approval.,IoT Device
ALT003286,Jupiter Aviation Control,medium,2026-06-02 02:43:23,2026-06-02 07:20:22,yes,Ran memory capture on HOST-7849; no injected process artefacts identified. Root cause documented in case notes.,Server
ALT001454,Arcadia Defence Systems,low,2026-05-26 07:58:35,2026-05-26 13:11:32,no,Ran memory capture on HOST-1989; no injected process artefacts identified. Ticket closed with owner sign-off.,Identity Provider
ALT000663,Nilgiri Water Authority,low,2026-05-06 09:49:21,2026-05-06 12:57:03,yes,Ran memory capture on HOST-1106; no injected process artefacts identified. Ticket closed with owner sign-off.,Server
ALT002524,Eastern Grid Utility,medium,2026-03-12 16:14:30,2026-03-12 19:36:13,no,Reviewed EDR telemetry timeline; parent process traced to legitimate installer. Monitoring continued for 48 hours.,Endpoint
ALT003664,Krishna Port Authority,medium,2026-06-14 11:41:18,2026-06-14 14:59:34,yes,Analysed PCAP sample; payload matched benign monitoring agent heartbeat. No further action required.,Server
ALT002850,Godavari Chemicals,low,2026-05-15 18:23:26,2026-05-15 22:27:46,no,Compared hash against VirusTotal offline signature set; no detections. Closed as benign positive.,Firewall
ALT000204,Meridian Trust Bank,medium,2026-01-20 01:06:05,2026-01-20 01:08:22,no,"checked, ok",Cloud Workload
ALT000224,Meridian Trust Bank,low,2026-04-10 06:26:16,2026-04-10 06:28:57,yes,"checked, ok",Server
ALT001944,Apex Power Grid Ltd,low,2026-01-24 00:06:54,2026-01-24 04:11:33,no,Documented as benign positive; rule threshold adjusted after peer review. Closed as benign positive.,IoT Device
ALT001583,Konkan Maritime Ltd,high,2026-03-23 01:29:02,,yes,,Server
ALT001482,Konkan Maritime Ltd,critical,2026-01-24 21:19:12,2026-01-25 07:18:33,yes,Reviewed source IP 10.14.34.22 against internal threat intel; no IOC match. Closed as benign positive.,Server
ALT002388,Cauvery Logistics Corp,medium,2026-06-21 11:41:23,2026-06-21 16:15:16,no,Isolated endpoint HOST-5592 for forensic triage; full disk scan returned clean. Added to suppression list after approval.,Cloud Workload
ALT000260,Meridian Trust Bank,low,2026-04-11 14:04:11,2026-04-11 14:08:13,no,n/a,Database
ALT000808,Arcadia Defence Systems,medium,2026-04-02 12:18:45,2026-04-02 17:58:30,no,Queried SIEM for related events across 24h window; no corroborating activity found. Ticket closed with owner sign-off.,Endpoint
ALT002742,Godavari Chemicals,low,2026-01-03 15:28:45,2026-01-03 21:05:13,no,Confirmed geolocation anomaly caused by corporate VPN egress node change. Closed as benign positive.,Endpoint
ALT001620,Konkan Maritime Ltd,high,2026-03-28 17:35:01,2026-03-29 03:32:28,no,Analysed PCAP sample; payload matched benign monitoring agent heartbeat. Closed as benign positive.,Server
ALT001520,Konkan Maritime Ltd,low,2026-01-08 03:30:07,2026-01-08 14:52:48,no,"Checked DNS query history; domain registered 400+ days ago, low risk profile. Closed as benign positive.",Server
ALT003885,Malabar Gas Pipelines,medium,2026-05-01 22:05:40,2026-05-02 02:23:50,no,Validated certificate chain; expired intermediate replaced by infrastructure team. Closed as benign positive.,Database
ALT002975,Himalayan Healthcare Network,high,2026-05-18 14:32:49,2026-05-18 19:45:43,yes,Reviewed privileged access logs; elevation was approved under ticket REQ-84354. No further action required.,Identity Provider
ALT001052,Arcadia Defence Systems,low,2026-01-19 07:31:18,2026-01-19 09:46:32,no,Queried SIEM for related events across 24h window; no corroborating activity found. Root cause documented in case notes.,Server
ALT000584,Nilgiri Water Authority,medium,2026-06-23 16:06:15,2026-06-23 18:53:23,no,"Checked DNS query history; domain registered 400+ days ago, low risk profile. Monitoring continued for 48 hours.",Endpoint
ALT003311,Jupiter Aviation Control,low,2026-03-17 01:09:45,2026-03-17 04:17:08,no,Escalated to L2 after confirming lateral movement indicators on HOST-5045. Closed as benign positive.,Identity Provider
ALT000119,Meridian Trust Bank,medium,2026-05-08 07:54:38,2026-05-08 07:58:44,no,n/a,Database
ALT002422,Cauvery Logistics Corp,medium,2026-01-26 20:41:04,2026-01-26 22:54:15,no,Verified backup job schedule; traffic volume consistent with nightly replication. Root cause documented in case notes.,Firewall
ALT003135,Indus Financial Services,medium,2026-06-03 03:18:31,2026-06-03 06:54:46,yes,Documented as benign positive; rule threshold adjusted after peer review. Root cause documented in case notes.,Identity Provider
ALT001460,Arcadia Defence Systems,medium,2026-02-05 10:22:49,2026-02-05 14:17:21,no,Traced outbound connection to approved vendor endpoint; verified against allowlist. Root cause documented in case notes.,Cloud Workload
ALT003414,Jupiter Aviation Control,low,2026-01-05 17:35:03,2026-01-05 22:01:23,no,Reviewed EDR telemetry timeline; parent process traced to legitimate installer. No further action required.,Server
ALT000541,Nilgiri Water Authority,medium,2026-01-05 00:02:42,2026-01-05 03:26:01,no,Traced outbound connection to approved vendor endpoint; verified against allowlist. Added to suppression list after approval.,IoT Device
ALT003876,Malabar Gas Pipelines,medium,2026-04-11 11:13:57,2026-04-11 14:24:35,no,Cross-referenced with change management ticket CHG-92450; scheduled maintenance window. Handed to IR team for deeper review.,Endpoint
ALT002003,Apex Power Grid Ltd,low,2026-03-10 22:40:36,2026-03-11 02:09:55,no,Cross-referenced with change management ticket CHG-24767; scheduled maintenance window. Closed as benign positive.,Database
ALT000397,Kaveri Power Holdings,high,2026-06-16 08:36:36,2026-06-16 08:40:35,no,reviewed,Database
ALT002327,Cauvery Logistics Corp,low,2026-05-01 09:58:04,2026-05-01 13:19:17,no,,Identity Provider
ALT000099,Meridian Trust Bank,high,2026-05-15 19:46:51,2026-05-15 19:50:53,no,"checked, ok",Cloud Workload
ALT004036,Malabar Gas Pipelines,low,2026-01-27 07:02:14,2026-01-27 09:21:36,no,Cross-referenced with change management ticket CHG-71363; scheduled maintenance window. Ticket closed with owner sign-off.,Network Device
ALT004077,Narmada Steel Works,medium,2026-05-10 00:56:04,2026-05-10 06:21:11,no,Documented as benign positive; rule threshold adjusted after peer review. Root cause documented in case notes.,Network Device
ALT003636,Krishna Port Authority,low,2026-02-02 07:04:43,2026-02-02 09:41:47,no,Documented as benign positive; rule threshold adjusted after peer review. Ticket closed with owner sign-off.,Cloud Workload
ALT000777,Arcadia Defence Systems,high,2026-05-25 09:17:08,2026-05-25 13:32:15,no,Traced outbound connection to approved vendor endpoint; verified against allowlist.,Cloud Workload
ALT001575,Konkan Maritime Ltd,medium,2026-02-15 14:06:53,2026-02-16 00:50:51,no,Cross-referenced with change management ticket CHG-61086; scheduled maintenance window.,Cloud Workload
ALT002804,Godavari Chemicals,medium,2026-01-31 20:44:06,2026-01-31 23:51:09,yes,Isolated endpoint HOST-4019 for forensic triage; full disk scan returned clean. Closed as benign positive.,IoT Device
ALT003804,Lakshmi Insurance Group,medium,2026-05-25 11:31:02,2026-05-25 15:49:07,no,Coordinated with network team; ACL change on HOST-8815 explains traffic shift. Added to suppression list after approval.,Identity Provider
ALT001581,Konkan Maritime Ltd,medium,2026-01-27 07:30:00,2026-01-27 19:26:08,no,,Server
ALT000172,Meridian Trust Bank,low,2026-02-07 06:34:13,2026-02-07 06:35:31,no,n/a,Identity Provider
ALT002228,Bharat Telecom Networks,low,2026-06-29 08:08:56,2026-06-29 13:51:54,yes,Escalated to L2 after confirming lateral movement indicators on HOST-8264. Handed to IR team for deeper review.,Identity Provider
ALT003963,Malabar Gas Pipelines,high,2026-01-22 14:36:48,2026-01-22 18:01:04,no,,IoT Device
ALT003326,Jupiter Aviation Control,low,2026-06-25 19:05:28,2026-06-25 21:46:34,no,Documented as benign positive; rule threshold adjusted after peer review. Closed as benign positive.,IoT Device
ALT002274,Bharat Telecom Networks,medium,2026-04-03 16:23:01,2026-04-03 19:59:10,no,Analysed PCAP sample; payload matched benign monitoring agent heartbeat. Handed to IR team for deeper review.,Network Device
ALT002796,Godavari Chemicals,medium,2026-03-12 15:50:08,2026-03-12 18:23:12,yes,Reset credentials for nrao as precaution; no evidence of compromise. No further action required.,Network Device
ALT001483,Konkan Maritime Ltd,high,2026-02-17 21:13:57,2026-02-18 05:08:43,yes,Reviewed source IP 10.24.33.98 against internal threat intel; no IOC match. Root cause documented in case notes.,Identity Provider
ALT002341,Cauvery Logistics Corp,low,2026-01-10 23:06:16,2026-01-11 04:38:08,yes,Queried SIEM for related events across 24h window; no corroborating activity found.,Database
ALT003186,Indus Financial Services,low,2026-03-24 04:34:13,2026-03-24 09:27:13,no,Coordinated with network team; ACL change on HOST-9604 explains traffic shift. Handed to IR team for deeper review.,Cloud Workload
ALT002547,Eastern Grid Utility,low,2026-01-20 14:09:56,,no,Queried SIEM for related events across 24h window; no corroborating activity found. No further action required.,Database
ALT003118,Indus Financial Services,low,2026-05-09 00:09:36,2026-05-09 05:50:23,no,Reviewed source IP 10.13.5.210 against internal threat intel; no IOC match. Closed as benign positive.,IoT Device
ALT001291,Arcadia Defence Systems,low,2026-06-20 02:22:34,,no,Contacted user bshah via Teams; confirmed they initiated the session from Mumbai office. Monitoring continued for 48 hours.,Firewall
ALT000422,Kaveri Power Holdings,low,2026-01-14 08:31:24,2026-01-14 13:38:57,no,Compared hash against VirusTotal offline signature set; no detections. Handed to IR team for deeper review.,Endpoint
ALT003675,Krishna Port Authority,medium,2026-04-14 19:48:58,2026-04-14 22:17:39,no,Reset credentials for dnair as precaution; no evidence of compromise. No further action required.,IoT Device
ALT000282,Meridian Trust Bank,medium,2026-02-26 08:26:48,2026-02-26 08:27:39,no,n/a,Endpoint
ALT003853,Lakshmi Insurance Group,low,2026-04-15 05:26:51,2026-04-15 09:55:58,no,Ran memory capture on HOST-1876; no injected process artefacts identified. Ticket closed with owner sign-off.,Network Device
ALT000905,Arcadia Defence Systems,low,2026-05-27 16:25:54,2026-05-27 21:48:47,no,Blocked source 10.34.84.229 at perimeter firewall pending further investigation. No further action required.,Server
ALT002091,Bharat Telecom Networks,low,2026-05-15 19:10:05,2026-05-15 22:41:37,no,Correlated with authentication logs for user rkumar; prior successful VPN session confirmed. Closed as benign positive.,Identity Provider
ALT004603,Pennar Cement Industries,high,2026-04-10 09:07:57,2026-04-10 13:56:23,yes,Reviewed source IP 10.44.164.73 against internal threat intel; no IOC match. Monitoring continued for 48 hours.,IoT Device
ALT000334,Kaveri Power Holdings,medium,2026-02-04 07:06:13,2026-02-04 11:35:27,no,Reviewed EDR telemetry timeline; parent process traced to legitimate installer. No further action required.,Firewall
ALT002977,Himalayan Healthcare Network,high,2026-02-12 14:51:41,2026-02-12 18:21:58,no,Verified backup job schedule; traffic volume consistent with nightly replication. Closed as benign positive.,Database
ALT000615,Nilgiri Water Authority,low,2026-01-14 13:56:18,2026-01-14 18:19:27,no,Escalated to L2 after confirming lateral movement indicators on HOST-4612. Added to suppression list after approval.,Server
ALT001894,Apex Power Grid Ltd,low,2026-03-02 12:09:27,2026-03-02 17:24:09,no,Escalated to L2 after confirming lateral movement indicators on HOST-2464. Handed to IR team for deeper review.,Identity Provider
ALT000267,Meridian Trust Bank,low,2026-04-21 10:51:46,2026-04-21 10:55:03,no,"checked, ok",Server
ALT004651,Pennar Cement Industries,medium,2026-06-06 19:44:10,2026-06-06 23:01:33,yes,Reviewed source IP 10.53.226.177 against internal threat intel; no IOC match. Closed as benign positive.,IoT Device
ALT003073,Indus Financial Services,high,2026-03-15 01:51:15,2026-03-15 04:41:26,no,Traced outbound connection to approved vendor endpoint; verified against allowlist. Closed as benign positive.,Database
ALT001349,Arcadia Defence Systems,low,2026-05-14 04:33:52,2026-05-14 10:10:47,no,Validated certificate chain; expired intermediate replaced by infrastructure team. Monitoring continued for 48 hours.,Endpoint
ALT002599,Eastern Grid Utility,high,2026-01-26 09:21:04,2026-01-26 13:49:39,no,Compared hash against VirusTotal offline signature set; no detections. Added to suppression list after approval.,Network Device
ALT002171,Bharat Telecom Networks,low,2026-04-19 09:34:06,2026-04-19 13:09:22,no,Reviewed EDR telemetry timeline; parent process traced to legitimate installer. Handed to IR team for deeper review.,Database
ALT002776,Godavari Chemicals,critical,2026-06-16 22:16:55,2026-06-17 03:10:26,yes,Isolated endpoint HOST-4418 for forensic triage; full disk scan returned clean. Monitoring continued for 48 hours.,Server
ALT002400,Cauvery Logistics Corp,medium,2026-05-11 16:23:28,2026-05-11 21:28:54,yes,Validated certificate chain; expired intermediate replaced by infrastructure team. Closed as benign positive.,Network Device
ALT000304,Kaveri Power Holdings,medium,2026-05-27 19:30:03,2026-05-28 01:24:25,no,n/a,Firewall
ALT004085,Narmada Steel Works,medium,2026-03-22 17:48:57,2026-03-22 21:11:33,no,Escalated to L2 after confirming lateral movement indicators on HOST-9901. Monitoring continued for 48 hours.,Identity Provider
ALT000952,Arcadia Defence Systems,medium,2026-02-12 23:41:33,2026-02-13 04:00:31,no,Identified misconfigured scanner generating repeat alerts; owner notified. Closed as benign positive.,Database
ALT004145,Narmada Steel Works,medium,2026-02-26 22:32:37,2026-02-27 01:27:24,no,Confirmed geolocation anomaly caused by corporate VPN egress node change. Monitoring continued for 48 hours.,Cloud Workload
ALT001980,Apex Power Grid Ltd,low,2026-06-22 19:12:45,2026-06-22 21:47:31,no,Documented as benign positive; rule threshold adjusted after peer review. Added to suppression list after approval.,Server
ALT002320,Cauvery Logistics Corp,high,2026-01-13 01:29:39,2026-01-13 05:45:45,yes,Analysed PCAP sample; payload matched benign monitoring agent heartbeat. Ticket closed with owner sign-off.,Endpoint
ALT003247,Indus Financial Services,low,2026-01-01 22:34:11,2026-01-02 00:49:14,yes,Reviewed EDR telemetry timeline; parent process traced to legitimate installer.,Firewall
ALT004308,Orissa Mining Federation,critical,2026-05-09 09:42:35,2026-05-09 15:22:03,yes,"Checked DNS query history; domain registered 400+ days ago, low risk profile. Root cause documented in case notes.",Database
ALT003697,Lakshmi Insurance Group,low,2026-01-18 08:50:32,2026-01-18 14:30:19,no,Contacted user mfernandes via Teams; confirmed they initiated the session from Mumbai office. No further action required.,Server
ALT000590,Nilgiri Water Authority,low,2026-05-03 16:43:06,2026-05-03 21:11:07,no,Reviewed EDR telemetry timeline; parent process traced to legitimate installer. Added to suppression list after approval.,Firewall
ALT000630,Nilgiri Water Authority,low,2026-02-07 13:01:39,2026-02-07 15:23:25,no,Correlated with authentication logs for user nrao; prior successful VPN session confirmed. Root cause documented in case notes.,Endpoint
ALT001661,Konkan Maritime Ltd,high,2026-04-06 09:47:32,2026-04-06 19:14:45,yes,Sandbox detonation of attachment returned no malicious behaviour. Root cause documented in case notes.,Server
ALT001595,Konkan Maritime Ltd,medium,2026-03-29 13:41:56,2026-03-29 22:25:57,no,Analysed PCAP sample; payload matched benign monitoring agent heartbeat. Root cause documented in case notes.,Identity Provider
ALT000861,Arcadia Defence Systems,medium,2026-04-19 12:55:48,2026-04-19 15:32:10,no,,Cloud Workload
ALT004207,Narmada Steel Works,low,2026-02-17 10:03:36,2026-02-17 13:12:02,no,Confirmed with asset owner that HOST-1021 was undergoing patch deployment. Handed to IR team for deeper review.,Identity Provider
ALT000293,Kaveri Power Holdings,medium,2026-04-14 02:07:12,2026-04-14 04:50:57,no,Contacted user jsmith via Teams; confirmed they initiated the session from Mumbai office. Root cause documented in case notes.,Cloud Workload
ALT000155,Meridian Trust Bank,low,2026-03-10 03:18:26,2026-03-10 03:23:03,no,n/a,Firewall
ALT000425,Kaveri Power Holdings,medium,2026-06-09 18:46:59,2026-06-09 23:08:07,no,n/a,Database
ALT004474,Orissa Mining Federation,low,2026-04-02 15:17:20,2026-04-02 19:11:44,no,Reset credentials for schen as precaution; no evidence of compromise. Added to suppression list after approval.,Identity Provider
ALT000022,Meridian Trust Bank,low,2026-03-13 06:28:52,2026-03-13 06:31:30,no,n/a,Network Device
ALT001530,Konkan Maritime Ltd,low,2026-05-24 03:59:41,2026-05-24 14:59:33,no,,Server
ALT003216,Indus Financial Services,low,2026-04-15 05:01:17,2026-04-15 09:06:12,no,Documented as benign positive; rule threshold adjusted after peer review. Monitoring continued for 48 hours.,Server
ALT002403,Cauvery Logistics Corp,high,2026-03-26 21:02:20,2026-03-27 02:12:35,yes,Correlated with authentication logs for user dnair; prior successful VPN session confirmed.,Endpoint
ALT001749,Deccan Health Network,high,2026-03-26 19:58:46,2026-03-27 01:18:23,no,Ran memory capture on HOST-8306; no injected process artefacts identified. Root cause documented in case notes.,Identity Provider
ALT003975,Malabar Gas Pipelines,medium,2026-03-18 08:13:51,2026-03-18 10:22:59,no,Matched pattern against known false-positive rule FP-58294; tuning request raised. Monitoring continued for 48 hours.,Server
ALT000908,Arcadia Defence Systems,high,2026-03-27 13:14:43,2026-03-27 16:20:43,no,Sandbox detonation of attachment returned no malicious behaviour. Added to suppression list after approval.,Identity Provider
ALT002864,Himalayan Healthcare Network,medium,2026-06-16 20:32:14,2026-06-17 02:30:22,no,Reviewed source IP 10.34.121.148 against internal threat intel; no IOC match. Ticket closed with owner sign-off.,Firewall
ALT002231,Bharat Telecom Networks,medium,2026-05-11 21:07:57,2026-05-12 02:26:17,no,Coordinated with network team; ACL change on HOST-1836 explains traffic shift. Added to suppression list after approval.,Firewall
ALT000098,Meridian Trust Bank,medium,2026-01-30 01:00:43,2026-01-30 01:02:03,no,n/a,Server
ALT001381,Arcadia Defence Systems,high,2026-01-21 09:36:39,2026-01-21 13:31:41,no,Reviewed privileged access logs; elevation was approved under ticket REQ-30744. No further action required.,Server
ALT002626,Eastern Grid Utility,low,2026-05-11 07:02:19,2026-05-11 10:07:25,no,Verified backup job schedule; traffic volume consistent with nightly replication. Closed as benign positive.,Database
ALT002133,Bharat Telecom Networks,medium,2026-02-17 20:54:48,2026-02-18 01:21:12,no,Identified misconfigured scanner generating repeat alerts; owner notified. Added to suppression list after approval.,Server
ALT002843,Godavari Chemicals,low,2026-01-22 12:38:49,2026-01-22 17:51:01,yes,Blocked source 10.28.62.242 at perimeter firewall pending further investigation. No further action required.,Firewall
ALT003593,Krishna Port Authority,low,2026-03-05 08:44:30,2026-03-05 12:00:53,no,Ran memory capture on HOST-3437; no injected process artefacts identified. No further action required.,Identity Provider
ALT000198,Meridian Trust Bank,low,2026-01-22 01:32:45,2026-01-22 01:35:34,no,"checked, ok",Database
ALT004202,Narmada Steel Works,high,2026-02-18 05:29:42,2026-02-18 07:37:51,yes,Blocked source 10.17.197.71 at perimeter firewall pending further investigation. Added to suppression list after approval.,Identity Provider
ALT000463,Kaveri Power Holdings,low,2026-01-09 05:07:24,2026-01-09 09:30:25,no,n/a,IoT Device
ALT003426,Jupiter Aviation Control,low,2026-05-14 02:58:45,2026-05-14 05:55:30,no,Sandbox detonation of attachment returned no malicious behaviour. No further action required.,Endpoint
ALT001446,Arcadia Defence Systems,low,2026-03-26 17:48:52,2026-03-26 21:05:03,no,Reset credentials for apatel as precaution; no evidence of compromise. Root cause documented in case notes.,IoT Device
ALT000604,Nilgiri Water Authority,medium,2026-01-13 00:20:46,,no,Documented as benign positive; rule threshold adjusted after peer review.,Firewall
ALT003884,Malabar Gas Pipelines,medium,2026-03-27 08:47:46,2026-03-27 11:52:40,yes,Analysed PCAP sample; payload matched benign monitoring agent heartbeat. Root cause documented in case notes.,Endpoint
ALT003576,Krishna Port Authority,low,2026-03-06 04:22:02,2026-03-06 06:49:04,no,Analysed PCAP sample; payload matched benign monitoring agent heartbeat. Handed to IR team for deeper review.,Server
ALT002567,Eastern Grid Utility,high,2026-03-29 02:58:22,2026-03-29 06:10:25,yes,Confirmed geolocation anomaly caused by corporate VPN egress node change. Root cause documented in case notes.,Identity Provider
ALT001793,Deccan Health Network,critical,2026-05-31 15:25:42,2026-05-31 17:40:39,yes,Correlated with authentication logs for user nrao; prior successful VPN session confirmed. Ticket closed with owner sign-off.,Server
ALT002082,Bharat Telecom Networks,low,2026-02-10 02:58:19,2026-02-10 05:09:57,no,Reviewed EDR telemetry timeline; parent process traced to legitimate installer. Ticket closed with owner sign-off.,Network Device
ALT004505,Pennar Cement Industries,low,2026-02-21 13:51:24,2026-02-21 18:28:45,no,Queried SIEM for related events across 24h window; no corroborating activity found. No further action required.,Cloud Workload
ALT000325,Kaveri Power Holdings,critical,2026-01-18 21:05:03,2026-01-19 00:29:53,yes,Reviewed source IP 10.28.135.29 against internal threat intel; no IOC match. Monitoring continued for 48 hours.,Network Device
ALT000036,Meridian Trust Bank,medium,2026-05-29 03:35:29,2026-05-29 03:38:03,no,n/a,Server
ALT002945,Himalayan Healthcare Network,low,2026-02-02 04:34:33,2026-02-02 09:30:14,no,Validated certificate chain; expired intermediate replaced by infrastructure team. Ticket closed with owner sign-off.,Database
ALT003650,Krishna Port Authority,low,2026-05-20 12:43:04,2026-05-20 16:34:08,no,Queried SIEM for related events across 24h window; no corroborating activity found. Ticket closed with owner sign-off.,Cloud Workload
ALT003145,Indus Financial Services,low,2026-03-13 11:47:48,2026-03-13 15:19:41,no,Validated certificate chain; expired intermediate replaced by infrastructure team. Added to suppression list after approval.,Firewall
ALT000990,Arcadia Defence Systems,low,2026-01-10 20:48:47,2026-01-11 02:08:00,no,Traced outbound connection to approved vendor endpoint; verified against allowlist. Handed to IR team for deeper review.,Identity Provider
ALT000611,Nilgiri Water Authority,low,2026-03-05 09:38:43,2026-03-05 14:44:35,no,Escalated to L2 after confirming lateral movement indicators on HOST-5766. Ticket closed with owner sign-off.,Identity Provider
ALT000943,Arcadia Defence Systems,high,2026-05-21 20:24:37,2026-05-21 22:38:21,yes,Analysed PCAP sample; payload matched benign monitoring agent heartbeat. No further action required.,Firewall
ALT003292,Jupiter Aviation Control,medium,2026-02-21 09:33:14,2026-02-21 11:42:43,no,Compared hash against VirusTotal offline signature set; no detections. Monitoring continued for 48 hours.,Identity Provider
ALT003646,Krishna Port Authority,critical,2026-04-07 16:34:05,2026-04-07 21:26:10,no,Identified misconfigured scanner generating repeat alerts; owner notified. No further action required.,Server
ALT001247,Arcadia Defence Systems,high,2026-03-13 05:06:46,2026-03-13 08:59:06,yes,Reviewed source IP 10.9.102.151 against internal threat intel; no IOC match. No further action required.,Server
ALT002024,Apex Power Grid Ltd,medium,2026-04-28 20:28:27,2026-04-29 01:02:47,yes,Coordinated with network team; ACL change on HOST-2784 explains traffic shift.,IoT Device
ALT002093,Bharat Telecom Networks,low,2026-02-10 13:34:57,2026-02-10 17:05:09,no,Reset credentials for mfernandes as precaution; no evidence of compromise. Root cause documented in case notes.,Server
ALT003437,Jupiter Aviation Control,medium,2026-05-28 16:44:19,2026-05-28 20:39:41,no,Analysed PCAP sample; payload matched benign monitoring agent heartbeat. Monitoring continued for 48 hours.,Network Device
ALT000025,Meridian Trust Bank,low,2026-04-25 06:36:43,2026-04-25 06:39:44,no,n/a,Database
ALT003403,Jupiter Aviation Control,low,2026-06-21 01:39:55,2026-06-21 05:45:18,no,Validated certificate chain; expired intermediate replaced by infrastructure team. Closed as benign positive.,Database
ALT004136,Narmada Steel Works,medium,2026-05-28 23:59:44,2026-05-29 02:34:28,no,Confirmed with asset owner that HOST-3596 was undergoing patch deployment. Ticket closed with owner sign-off.,Network Device
ALT002434,Cauvery Logistics Corp,low,2026-02-19 03:07:26,2026-02-19 07:53:19,no,"Checked DNS query history; domain registered 400+ days ago, low risk profile. No further action required.",Server
ALT004284,Orissa Mining Federation,low,2026-01-07 18:58:22,2026-01-07 22:14:04,no,,Endpoint
ALT000059,Meridian Trust Bank,low,2026-01-26 06:26:44,2026-01-26 06:27:32,no,"checked, ok",Identity Provider
ALT000362,Kaveri Power Holdings,high,2026-01-26 17:08:18,2026-01-26 20:46:50,no,Queried SIEM for related events across 24h window; no corroborating activity found. Monitoring continued for 48 hours.,Database
ALT002711,Godavari Chemicals,medium,2026-06-16 14:05:13,2026-06-16 19:31:23,no,Confirmed with asset owner that HOST-5843 was undergoing patch deployment. Ticket closed with owner sign-off.,IoT Device
ALT003212,Indus Financial Services,low,2026-05-09 17:41:46,2026-05-09 20:27:43,no,Matched pattern against known false-positive rule FP-96962; tuning request raised. Handed to IR team for deeper review.,Network Device
ALT003273,Jupiter Aviation Control,high,2026-02-07 10:46:20,2026-02-07 14:51:27,yes,Escalated to L2 after confirming lateral movement indicators on HOST-5617. Closed as benign positive.,Database
ALT001504,Konkan Maritime Ltd,high,2026-01-17 08:33:11,2026-01-17 17:38:29,yes,Queried SIEM for related events across 24h window; no corroborating activity found. Handed to IR team for deeper review.,Server
ALT004015,Malabar Gas Pipelines,low,2026-05-22 22:00:55,2026-05-23 00:10:14,no,Confirmed geolocation anomaly caused by corporate VPN egress node change. Monitoring continued for 48 hours.,Firewall
ALT001644,Konkan Maritime Ltd,critical,2026-01-26 09:55:10,2026-01-26 18:14:15,yes,Verified backup job schedule; traffic volume consistent with nightly replication. Root cause documented in case notes.,Server
ALT004212,Narmada Steel Works,low,2026-04-30 22:18:43,2026-05-01 00:56:05,no,Verified backup job schedule; traffic volume consistent with nightly replication. Added to suppression list after approval.,IoT Device
ALT001779,Deccan Health Network,medium,2026-02-27 01:31:02,2026-02-27 03:55:54,no,Confirmed with asset owner that HOST-6963 was undergoing patch deployment. Ticket closed with owner sign-off.,Firewall
ALT004062,Malabar Gas Pipelines,low,2026-04-02 07:37:03,2026-04-02 11:28:45,no,Matched pattern against known false-positive rule FP-10197; tuning request raised. Closed as benign positive.,Endpoint
ALT002894,Himalayan Healthcare Network,low,2026-05-10 18:09:38,2026-05-10 20:10:47,no,Reviewed privileged access logs; elevation was approved under ticket REQ-57884. Root cause documented in case notes.,Identity Provider
ALT004170,Narmada Steel Works,medium,2026-03-11 19:13:21,2026-03-12 01:12:19,no,Reviewed EDR telemetry timeline; parent process traced to legitimate installer. Root cause documented in case notes.,Server
ALT001301,Arcadia Defence Systems,high,2026-05-23 07:49:28,,no,Reviewed source IP 10.59.21.55 against internal threat intel; no IOC match. No further action required.,Cloud Workload
ALT004351,Orissa Mining Federation,high,2026-06-24 18:48:21,2026-06-24 23:39:21,yes,,IoT Device
ALT000916,Arcadia Defence Systems,medium,2026-05-12 03:58:25,2026-05-12 07:25:27,no,Reviewed privileged access logs; elevation was approved under ticket REQ-77760. Added to suppression list after approval.,Cloud Workload
ALT003342,Jupiter Aviation Control,low,2026-06-21 23:30:57,2026-06-22 03:42:14,no,Validated certificate chain; expired intermediate replaced by infrastructure team. Added to suppression list after approval.,Network Device
ALT003108,Indus Financial Services,low,2026-03-06 09:17:37,2026-03-06 14:22:10,yes,Sandbox detonation of attachment returned no malicious behaviour. Monitoring continued for 48 hours.,Cloud Workload
ALT001763,Deccan Health Network,high,2026-06-22 15:30:23,2026-06-22 15:33:10,no,closed,Endpoint
ALT003751,Lakshmi Insurance Group,critical,2026-06-01 20:33:52,2026-06-01 22:50:26,yes,Documented as benign positive; rule threshold adjusted after peer review.,Network Device
ALT002129,Bharat Telecom Networks,low,2026-03-24 04:04:23,2026-03-24 09:16:54,no,Confirmed geolocation anomaly caused by corporate VPN egress node change. Ticket closed with owner sign-off.,IoT Device
ALT003155,Indus Financial Services,high,2026-04-24 23:53:28,2026-04-25 02:43:05,no,Matched pattern against known false-positive rule FP-45628; tuning request raised. Monitoring continued for 48 hours.,Firewall
ALT003828,Lakshmi Insurance Group,low,2026-06-24 00:45:13,2026-06-24 05:10:54,no,Reviewed privileged access logs; elevation was approved under ticket REQ-84937. Monitoring continued for 48 hours.,Firewall
ALT003922,Malabar Gas Pipelines,low,2026-01-14 14:33:00,2026-01-14 19:22:08,no,Analysed PCAP sample; payload matched benign monitoring agent heartbeat. Handed to IR team for deeper review.,Cloud Workload
ALT000662,Nilgiri Water Authority,low,2026-01-01 13:38:20,2026-01-01 18:51:50,no,Reset credentials for nrao as precaution; no evidence of compromise. No further action required.,Server
ALT002608,Eastern Grid Utility,low,2026-03-25 09:36:43,2026-03-25 13:04:59,no,"Checked DNS query history; domain registered 400+ days ago, low risk profile. Added to suppression list after approval.",Cloud Workload
ALT000650,Nilgiri Water Authority,medium,2026-05-06 15:24:45,2026-05-06 20:16:24,no,Confirmed with asset owner that HOST-9566 was undergoing patch deployment. Handed to IR team for deeper review.,Cloud Workload
ALT004518,Pennar Cement Industries,low,2026-06-21 08:02:15,,no,Identified misconfigured scanner generating repeat alerts; owner notified. Monitoring continued for 48 hours.,Cloud Workload
ALT004155,Narmada Steel Works,medium,2026-06-23 22:06:26,2026-06-24 02:13:16,yes,Identified misconfigured scanner generating repeat alerts; owner notified. Handed to IR team for deeper review.,Endpoint
ALT000735,Arcadia Defence Systems,high,2026-03-29 02:27:57,2026-03-29 06:24:51,no,Isolated endpoint HOST-9453 for forensic triage; full disk scan returned clean. Monitoring continued for 48 hours.,Cloud Workload
ALT002060,Apex Power Grid Ltd,low,2026-01-21 23:51:45,2026-01-22 01:52:22,no,Analysed PCAP sample; payload matched benign monitoring agent heartbeat. Handed to IR team for deeper review.,Network Device
ALT004368,Orissa Mining Federation,critical,2026-01-19 15:04:32,2026-01-19 21:02:46,yes,Traced outbound connection to approved vendor endpoint; verified against allowlist.,Endpoint
ALT002777,Godavari Chemicals,low,2026-04-02 21:38:57,2026-04-03 00:12:42,no,Confirmed with asset owner that HOST-3985 was undergoing patch deployment.,Identity Provider
ALT000476,Kaveri Power Holdings,low,2026-02-05 02:48:24,2026-02-05 05:31:58,no,reviewed,Database
ALT003746,Lakshmi Insurance Group,medium,2026-02-21 09:45:39,2026-02-21 15:41:29,no,Ran memory capture on HOST-7619; no injected process artefacts identified.,Endpoint
ALT003109,Indus Financial Services,low,2026-05-25 19:18:52,2026-05-26 00:12:21,no,Compared hash against VirusTotal offline signature set; no detections. Handed to IR team for deeper review.,IoT Device
ALT004168,Narmada Steel Works,medium,2026-04-06 17:37:03,2026-04-06 23:10:09,no,Reviewed source IP 10.18.40.72 against internal threat intel; no IOC match.,Identity Provider
ALT003507,Krishna Port Authority,medium,2026-04-18 14:59:31,2026-04-18 19:00:55,no,Verified backup job schedule; traffic volume consistent with nightly replication. No further action required.,Identity Provider
ALT004130,Narmada Steel Works,low,2026-03-27 17:11:48,2026-03-27 22:48:24,no,Confirmed with asset owner that HOST-9718 was undergoing patch deployment. Ticket closed with owner sign-off.,Network Device
ALT001264,Arcadia Defence Systems,low,2026-03-06 02:08:28,2026-03-06 07:42:54,no,Sandbox detonation of attachment returned no malicious behaviour. Added to suppression list after approval.,Network Device
ALT004288,Orissa Mining Federation,high,2026-05-05 20:08:40,2026-05-06 02:05:40,yes,Confirmed with asset owner that HOST-6751 was undergoing patch deployment.,Network Device
ALT003797,Lakshmi Insurance Group,medium,2026-04-29 21:11:28,2026-04-30 02:58:33,no,Traced outbound connection to approved vendor endpoint; verified against allowlist. Monitoring continued for 48 hours.,Identity Provider
ALT001551,Konkan Maritime Ltd,high,2026-03-01 22:22:36,2026-03-02 08:37:49,no,Analysed PCAP sample; payload matched benign monitoring agent heartbeat. Closed as benign positive.,Server
ALT004407,Orissa Mining Federation,low,2026-03-04 08:09:48,2026-03-04 11:21:46,no,Documented as benign positive; rule threshold adjusted after peer review. Handed to IR team for deeper review.,Database
ALT000613,Nilgiri Water Authority,low,2026-04-15 12:36:14,2026-04-15 15:48:26,no,Identified misconfigured scanner generating repeat alerts; owner notified. No further action required.,Endpoint
ALT000188,Meridian Trust Bank,high,2026-06-16 21:31:47,2026-06-16 21:34:11,no,"checked, ok",Identity Provider
ALT003341,Jupiter Aviation Control,medium,2026-01-26 04:20:29,2026-01-26 07:51:30,no,Queried SIEM for related events across 24h window; no corroborating activity found. Handed to IR team for deeper review.,Database
ALT001391,Arcadia Defence Systems,low,2026-05-23 21:41:01,2026-05-24 03:19:04,no,,Server
ALT002679,Eastern Grid Utility,high,2026-04-01 06:15:10,2026-04-01 10:38:37,yes,Escalated to L2 after confirming lateral movement indicators on HOST-5452. Monitoring continued for 48 hours.,Database
ALT001991,Apex Power Grid Ltd,medium,2026-05-09 01:22:33,2026-05-09 03:42:04,no,Confirmed geolocation anomaly caused by corporate VPN egress node change. Closed as benign positive.,Network Device
ALT002382,Cauvery Logistics Corp,low,2026-04-01 11:11:15,2026-04-01 15:19:12,no,Verified backup job schedule; traffic volume consistent with nightly replication.,Server
ALT000300,Kaveri Power Holdings,high,2026-02-14 10:16:32,2026-02-14 15:44:13,no,n/a,Server
ALT000226,Meridian Trust Bank,medium,2026-04-01 10:03:40,2026-04-01 10:05:46,no,n/a,Server
ALT001798,Deccan Health Network,medium,2026-05-19 01:00:13,2026-05-19 05:18:35,no,Queried SIEM for related events across 24h window; no corroborating activity found. Ticket closed with owner sign-off.,Database
ALT000429,Kaveri Power Holdings,low,2026-01-23 02:16:23,,no,Coordinated with network team; ACL change on HOST-7600 explains traffic shift. Monitoring continued for 48 hours.,Database
ALT000795,Arcadia Defence Systems,medium,2026-03-05 16:34:22,2026-03-05 22:19:55,no,Ran memory capture on HOST-6155; no injected process artefacts identified. Monitoring continued for 48 hours.,IoT Device
ALT003827,Lakshmi Insurance Group,low,2026-03-06 02:01:44,2026-03-06 06:20:07,yes,,Firewall
ALT000161,Meridian Trust Bank,high,2026-06-02 05:41:59,2026-06-02 05:44:54,no,n/a,Firewall
ALT000597,Nilgiri Water Authority,medium,2026-02-07 15:59:26,2026-02-07 21:01:11,no,,Endpoint
ALT000635,Nilgiri Water Authority,low,2026-03-16 04:54:44,,no,Confirmed with asset owner that HOST-6480 was undergoing patch deployment. Handed to IR team for deeper review.,Network Device
ALT001845,Deccan Health Network,low,2026-02-23 01:38:18,2026-02-23 06:17:02,yes,Ran memory capture on HOST-7735; no injected process artefacts identified. Handed to IR team for deeper review.,Server
ALT002111,Bharat Telecom Networks,low,2026-03-19 09:16:19,2026-03-19 14:45:54,no,Confirmed geolocation anomaly caused by corporate VPN egress node change. Root cause documented in case notes.,IoT Device
ALT002272,Bharat Telecom Networks,medium,2026-01-13 20:58:41,2026-01-14 02:51:14,no,Sandbox detonation of attachment returned no malicious behaviour. No further action required.,Network Device
ALT001973,Apex Power Grid Ltd,low,2026-04-11 02:54:58,2026-04-11 08:06:59,no,Escalated to L2 after confirming lateral movement indicators on HOST-6966. Root cause documented in case notes.,Network Device
ALT003958,Malabar Gas Pipelines,medium,2026-06-25 15:33:28,2026-06-25 18:35:25,no,Analysed PCAP sample; payload matched benign monitoring agent heartbeat. Root cause documented in case notes.,Firewall
ALT002726,Godavari Chemicals,medium,2026-04-15 12:24:43,2026-04-15 15:26:54,no,Ran memory capture on HOST-3772; no injected process artefacts identified. Monitoring continued for 48 hours.,Firewall
ALT000127,Meridian Trust Bank,critical,2026-02-13 17:34:24,2026-02-13 17:37:24,no,n/a,Firewall
ALT003935,Malabar Gas Pipelines,medium,2026-03-29 06:34:52,2026-03-29 11:16:06,no,Sandbox detonation of attachment returned no malicious behaviour. Monitoring continued for 48 hours.,Server
ALT002377,Cauvery Logistics Corp,high,2026-02-05 20:56:52,2026-02-05 23:46:02,no,Contacted user kiyer via Teams; confirmed they initiated the session from Mumbai office. Root cause documented in case notes.,Firewall
ALT002663,Eastern Grid Utility,low,2026-05-05 14:55:28,2026-05-05 18:36:26,no,Validated certificate chain; expired intermediate replaced by infrastructure team. Handed to IR team for deeper review.,Server
ALT002144,Bharat Telecom Networks,low,2026-02-24 22:12:27,2026-02-25 01:58:19,no,Confirmed with asset owner that HOST-3110 was undergoing patch deployment. Handed to IR team for deeper review.,Firewall
ALT004577,Pennar Cement Industries,low,2026-06-07 00:10:53,2026-06-07 05:56:55,no,Identified misconfigured scanner generating repeat alerts; owner notified. Closed as benign positive.,Identity Provider
ALT001412,Arcadia Defence Systems,high,2026-04-14 09:58:00,2026-04-14 12:14:52,no,Compared hash against VirusTotal offline signature set; no detections. Added to suppression list after approval.,Identity Provider
ALT002828,Godavari Chemicals,high,2026-01-18 02:39:06,,yes,Analysed PCAP sample; payload matched benign monitoring agent heartbeat. Root cause documented in case notes.,Identity Provider
ALT001664,Deccan Health Network,low,2026-05-11 15:46:05,2026-05-11 19:35:28,no,closed,IoT Device
ALT001590,Konkan Maritime Ltd,high,2026-01-22 04:19:25,2026-01-22 14:06:04,yes,Blocked source 10.45.209.169 at perimeter firewall pending further investigation. Ticket closed with owner sign-off.,Cloud Workload
ALT002156,Bharat Telecom Networks,low,2026-02-01 09:11:09,2026-02-01 12:07:00,no,Verified backup job schedule; traffic volume consistent with nightly replication. Closed as benign positive.,Server
ALT000168,Meridian Trust Bank,medium,2026-05-24 11:05:29,2026-05-24 11:07:43,no,"checked, ok",Cloud Workload
ALT002781,Godavari Chemicals,low,2026-02-20 07:04:51,2026-02-20 09:26:10,no,Confirmed with asset owner that HOST-3831 was undergoing patch deployment.,Database
ALT004144,Narmada Steel Works,low,2026-02-13 23:56:17,2026-02-14 03:03:39,no,Queried SIEM for related events across 24h window; no corroborating activity found. Handed to IR team for deeper review.,IoT Device
ALT001102,Arcadia Defence Systems,low,2026-01-03 05:49:16,2026-01-03 09:59:28,no,Blocked source 10.20.204.120 at perimeter firewall pending further investigation. Added to suppression list after approval.,Database
ALT002252,Bharat Telecom Networks,low,2026-06-24 11:58:48,2026-06-24 17:39:12,no,Sandbox detonation of attachment returned no malicious behaviour. Monitoring continued for 48 hours.,IoT Device
ALT001596,Konkan Maritime Ltd,high,2026-05-02 18:17:15,2026-05-03 02:17:51,no,Confirmed with asset owner that HOST-9530 was undergoing patch deployment. Ticket closed with owner sign-off.,Identity Provider
ALT003271,Jupiter Aviation Control,high,2026-02-07 14:52:42,,no,Traced outbound connection to approved vendor endpoint; verified against allowlist. Closed as benign positive.,IoT Device
ALT000529,Saraswati Rail Network,low,2026-02-08 00:01:40,2026-02-08 03:21:40,no,Ran memory capture on HOST-7767; no injected process artefacts identified.,Server
ALT002326,Cauvery Logistics Corp,medium,2026-06-14 00:33:34,2026-06-14 03:05:01,yes,Sandbox detonation of attachment returned no malicious behaviour. Closed as benign positive.,Identity Provider
ALT000411,Kaveri Power Holdings,high,2026-06-16 09:16:59,2026-06-16 09:21:12,no,Confirmed with asset owner that HOST-8343 was undergoing patch deployment.,Server
ALT003549,Krishna Port Authority,low,2026-06-01 21:14:33,2026-06-02 02:34:43,no,Analysed PCAP sample; payload matched benign monitoring agent heartbeat. Root cause documented in case notes.,Server
ALT001987,Apex Power Grid Ltd,low,2026-01-23 16:09:37,2026-01-23 20:16:58,no,Compared hash against VirusTotal offline signature set; no detections. Handed to IR team for deeper review.,IoT Device
ALT002694,Godavari Chemicals,medium,2026-02-09 04:24:37,2026-02-09 07:32:37,no,Correlated with authentication logs for user nrao; prior successful VPN session confirmed. No further action required.,Cloud Workload
ALT001708,Deccan Health Network,medium,2026-03-09 21:36:01,2026-03-10 03:04:24,no,"checked, ok",Endpoint
ALT002990,Himalayan Healthcare Network,medium,2026-03-06 04:25:34,2026-03-06 08:41:22,no,Confirmed with asset owner that HOST-3143 was undergoing patch deployment. Root cause documented in case notes.,Server
ALT001808,Deccan Health Network,low,2026-02-27 01:11:51,2026-02-27 06:28:01,no,Escalated to L2 after confirming lateral movement indicators on HOST-3366. Monitoring continued for 48 hours.,Server
ALT004117,Narmada Steel Works,high,2026-02-22 00:22:57,2026-02-22 05:42:57,no,Validated certificate chain; expired intermediate replaced by infrastructure team. Ticket closed with owner sign-off.,Endpoint
ALT000361,Kaveri Power Holdings,low,2026-02-26 02:28:47,2026-02-26 07:44:31,no,Confirmed geolocation anomaly caused by corporate VPN egress node change. Root cause documented in case notes.,Cloud Workload
ALT001500,Konkan Maritime Ltd,low,2026-01-26 14:48:05,2026-01-26 22:24:50,no,Matched pattern against known false-positive rule FP-78764; tuning request raised. No further action required.,Server
ALT001846,Deccan Health Network,low,2026-03-14 18:05:03,2026-03-14 22:09:38,no,closed,Identity Provider
ALT002084,Bharat Telecom Networks,low,2026-04-23 19:49:48,2026-04-24 01:47:37,no,,Identity Provider
ALT003864,Lakshmi Insurance Group,medium,2026-01-19 19:14:48,2026-01-19 22:47:19,yes,Reset credentials for schen as precaution; no evidence of compromise. No further action required.,Cloud Workload
ALT001179,Arcadia Defence Systems,low,2026-02-08 21:31:39,2026-02-08 23:45:02,no,Analysed PCAP sample; payload matched benign monitoring agent heartbeat. Added to suppression list after approval.,Server
ALT000810,Arcadia Defence Systems,high,2026-06-25 19:47:18,2026-06-25 23:58:29,no,Blocked source 10.9.103.15 at perimeter firewall pending further investigation. Root cause documented in case notes.,Firewall
ALT000934,Arcadia Defence Systems,low,2026-01-25 13:24:24,2026-01-25 18:27:30,yes,Identified misconfigured scanner generating repeat alerts; owner notified. Monitoring continued for 48 hours.,Cloud Workload
ALT004008,Malabar Gas Pipelines,medium,2026-04-16 03:37:29,2026-04-16 09:28:24,no,Queried SIEM for related events across 24h window; no corroborating activity found.,Identity Provider
ALT001436,Arcadia Defence Systems,low,2026-03-29 15:14:55,2026-03-29 18:30:44,no,Cross-referenced with change management ticket CHG-91953; scheduled maintenance window. Root cause documented in case notes.,Cloud Workload
ALT000373,Kaveri Power Holdings,critical,2026-03-10 05:18:06,2026-03-10 05:22:36,yes,reviewed,Identity Provider
ALT003320,Jupiter Aviation Control,low,2026-02-27 06:08:36,2026-02-27 11:17:21,no,Identified misconfigured scanner generating repeat alerts; owner notified. Handed to IR team for deeper review.,Identity Provider
ALT003024,Himalayan Healthcare Network,low,2026-03-01 09:22:42,2026-03-01 13:51:17,no,Traced outbound connection to approved vendor endpoint; verified against allowlist.,Server
ALT004314,Orissa Mining Federation,low,2026-01-07 03:29:29,2026-01-07 09:18:09,no,Correlated with authentication logs for user bshah; prior successful VPN session confirmed. Added to suppression list after approval.,Firewall
ALT001623,Konkan Maritime Ltd,low,2026-05-06 13:36:36,2026-05-06 22:31:17,yes,Queried SIEM for related events across 24h window; no corroborating activity found. Root cause documented in case notes.,Server
ALT002716,Godavari Chemicals,low,2026-04-24 13:53:44,2026-04-24 19:12:43,no,Escalated to L2 after confirming lateral movement indicators on HOST-3497.,Endpoint
ALT003387,Jupiter Aviation Control,low,2026-01-28 23:37:20,,no,Traced outbound connection to approved vendor endpoint; verified against allowlist. Monitoring continued for 48 hours.,Network Device
ALT001872,Apex Power Grid Ltd,low,2026-02-22 18:05:49,2026-02-22 21:49:12,no,Blocked source 10.53.98.18 at perimeter firewall pending further investigation.,Database
ALT003690,Lakshmi Insurance Group,low,2026-02-07 14:21:56,2026-02-07 18:51:53,no,,Cloud Workload
ALT004658,Pennar Cement Industries,low,2026-02-03 21:33:31,2026-02-04 02:26:25,no,Isolated endpoint HOST-1057 for forensic triage; full disk scan returned clean. Handed to IR team for deeper review.,Database
ALT001796,Deccan Health Network,high,2026-06-13 06:11:06,2026-06-13 10:40:32,yes,Isolated endpoint HOST-5402 for forensic triage; full disk scan returned clean. Root cause documented in case notes.,Database
ALT001404,Arcadia Defence Systems,low,2026-01-18 12:55:58,2026-01-18 17:37:40,no,Coordinated with network team; ACL change on HOST-2081 explains traffic shift. Closed as benign positive.,Identity Provider
ALT004228,Narmada Steel Works,low,2026-02-18 06:43:53,2026-02-18 11:52:49,no,Identified misconfigured scanner generating repeat alerts; owner notified. Root cause documented in case notes.,Database
ALT001727,Deccan Health Network,low,2026-03-09 07:57:21,2026-03-09 12:55:13,no,"checked, ok",Firewall
ALT003832,Lakshmi Insurance Group,low,2026-05-29 02:41:29,2026-05-29 05:55:10,no,Reviewed EDR telemetry timeline; parent process traced to legitimate installer. Monitoring continued for 48 hours.,Server
ALT001202,Arcadia Defence Systems,high,2026-02-12 23:25:33,2026-02-13 04:59:00,no,Contacted user nrao via Teams; confirmed they initiated the session from Mumbai office.,Firewall
ALT000845,Arcadia Defence Systems,medium,2026-05-20 00:39:34,2026-05-20 05:04:39,no,Blocked source 10.37.135.9 at perimeter firewall pending further investigation. Added to suppression list after approval.,Network Device
ALT003737,Lakshmi Insurance Group,low,2026-06-18 18:59:07,2026-06-19 00:56:56,no,Documented as benign positive; rule threshold adjusted after peer review. Ticket closed with owner sign-off.,Database
ALT003100,Indus Financial Services,low,2026-01-06 09:46:59,2026-01-06 14:30:02,no,"Checked DNS query history; domain registered 400+ days ago, low risk profile. Ticket closed with owner sign-off.",Firewall
ALT003183,Indus Financial Services,medium,2026-03-05 12:18:10,2026-03-05 17:41:58,no,Compared hash against VirusTotal offline signature set; no detections. Ticket closed with owner sign-off.,Endpoint
ALT001571,Konkan Maritime Ltd,high,2026-01-09 17:17:30,2026-01-10 01:03:49,yes,Validated certificate chain; expired intermediate replaced by infrastructure team. Handed to IR team for deeper review.,Cloud Workload
ALT002269,Bharat Telecom Networks,low,2026-02-24 14:17:38,2026-02-24 17:52:51,no,,Server
ALT001280,Arcadia Defence Systems,medium,2026-06-04 11:11:46,2026-06-04 13:44:12,no,Validated certificate chain; expired intermediate replaced by infrastructure team. Monitoring continued for 48 hours.,Server
ALT003359,Jupiter Aviation Control,high,2026-01-25 02:58:52,2026-01-25 06:52:33,no,Reviewed EDR telemetry timeline; parent process traced to legitimate installer. Monitoring continued for 48 hours.,Identity Provider
ALT002192,Bharat Telecom Networks,low,2026-01-30 19:53:24,2026-01-30 23:25:31,no,Reviewed EDR telemetry timeline; parent process traced to legitimate installer. Root cause documented in case notes.,Network Device
ALT003125,Indus Financial Services,low,2026-03-19 23:22:38,2026-03-20 03:19:17,no,Verified backup job schedule; traffic volume consistent with nightly replication. Monitoring continued for 48 hours.,Endpoint
ALT000206,Meridian Trust Bank,high,2026-04-04 05:37:09,2026-04-04 05:39:49,no,n/a,Network Device
ALT001989,Apex Power Grid Ltd,high,2026-02-12 15:35:07,2026-02-12 18:23:43,no,Blocked source 10.5.197.130 at perimeter firewall pending further investigation. Added to suppression list after approval.,Endpoint
ALT001334,Arcadia Defence Systems,medium,2026-03-06 02:35:54,2026-03-06 05:57:03,no,Reviewed source IP 10.45.136.88 against internal threat intel; no IOC match. No further action required.,Firewall
ALT001166,Arcadia Defence Systems,low,2026-02-14 17:07:27,2026-02-14 22:04:57,no,Reset credentials for jsmith as precaution; no evidence of compromise. No further action required.,Database
ALT001450,Arcadia Defence Systems,low,2026-04-20 13:43:09,2026-04-20 17:26:08,yes,Reviewed EDR telemetry timeline; parent process traced to legitimate installer. Root cause documented in case notes.,Network Device
ALT001735,Deccan Health Network,critical,2026-01-09 00:52:44,2026-01-09 05:18:13,no,"checked, ok",Identity Provider
ALT001284,Arcadia Defence Systems,low,2026-04-04 11:53:48,2026-04-04 15:21:03,no,Documented as benign positive; rule threshold adjusted after peer review. Monitoring continued for 48 hours.,Network Device
ALT003188,Indus Financial Services,low,2026-02-09 03:04:29,2026-02-09 06:35:00,no,Validated certificate chain; expired intermediate replaced by infrastructure team. Closed as benign positive.,Cloud Workload
ALT001576,Konkan Maritime Ltd,critical,2026-04-09 18:29:50,2026-04-10 02:02:30,yes,Confirmed with asset owner that HOST-7961 was undergoing patch deployment. Monitoring continued for 48 hours.,Identity Provider
ALT004584,Pennar Cement Industries,low,2026-02-01 05:35:11,2026-02-01 09:22:30,no,Matched pattern against known false-positive rule FP-23393; tuning request raised. Ticket closed with owner sign-off.,Firewall
ALT004411,Orissa Mining Federation,high,2026-01-15 05:34:07,2026-01-15 07:47:22,no,Queried SIEM for related events across 24h window; no corroborating activity found. Ticket closed with owner sign-off.,IoT Device
ALT000689,Nilgiri Water Authority,medium,2026-03-14 15:45:27,2026-03-14 19:36:17,no,Compared hash against VirusTotal offline signature set; no detections. Ticket closed with owner sign-off.,Identity Provider
ALT000753,Arcadia Defence Systems,medium,2026-05-17 03:46:05,2026-05-17 08:29:28,no,Queried SIEM for related events across 24h window; no corroborating activity found. Added to suppression list after approval.,Network Device
ALT004244,Narmada Steel Works,low,2026-03-16 22:13:07,2026-03-17 00:14:55,no,Reset credentials for bshah as precaution; no evidence of compromise. Ticket closed with owner sign-off.,Identity Provider
ALT004610,Pennar Cement Industries,low,2026-04-28 22:44:40,2026-04-29 01:28:20,no,Reviewed privileged access logs; elevation was approved under ticket REQ-78844. Closed as benign positive.,Database
ALT003122,Indus Financial Services,high,2026-06-09 19:48:06,2026-06-09 22:28:03,no,Isolated endpoint HOST-7820 for forensic triage; full disk scan returned clean. Added to suppression list after approval.,IoT Device
ALT000237,Meridian Trust Bank,critical,2026-05-09 12:17:45,2026-05-09 12:19:56,no,n/a,Identity Provider
ALT002905,Himalayan Healthcare Network,medium,2026-04-01 06:38:16,2026-04-01 10:23:42,no,Reviewed EDR telemetry timeline; parent process traced to legitimate installer. Monitoring continued for 48 hours.,Identity Provider
ALT004501,Pennar Cement Industries,low,2026-04-09 13:24:18,2026-04-09 16:32:06,no,Documented as benign positive; rule threshold adjusted after peer review. Ticket closed with owner sign-off.,Endpoint
ALT001338,Arcadia Defence Systems,low,2026-01-13 14:26:31,2026-01-13 20:12:36,no,Isolated endpoint HOST-1781 for forensic triage; full disk scan returned clean. Closed as benign positive.,Endpoint
ALT001461,Arcadia Defence Systems,low,2026-02-17 05:01:45,2026-02-17 10:56:37,no,Blocked source 10.48.197.171 at perimeter firewall pending further investigation.,Endpoint
ALT000026,Meridian Trust Bank,high,2026-04-02 13:45:45,2026-04-02 13:47:21,no,"checked, ok",Endpoint
ALT000879,Arcadia Defence Systems,medium,2026-01-24 02:47:34,2026-01-24 07:16:59,no,,Cloud Workload
ALT004004,Malabar Gas Pipelines,low,2026-06-14 23:19:15,2026-06-15 01:30:48,no,Confirmed geolocation anomaly caused by corporate VPN egress node change. Handed to IR team for deeper review.,Network Device
ALT003527,Krishna Port Authority,high,2026-03-24 22:08:25,2026-03-25 01:39:19,yes,"Checked DNS query history; domain registered 400+ days ago, low risk profile. Ticket closed with owner sign-off.",IoT Device
ALT001696,Deccan Health Network,medium,2026-05-10 15:31:44,2026-05-10 20:20:12,no,closed,Server
ALT002515,Eastern Grid Utility,medium,2026-03-15 02:53:58,2026-03-15 08:02:15,yes,Blocked source 10.26.77.4 at perimeter firewall pending further investigation.,Cloud Workload
ALT002735,Godavari Chemicals,low,2026-06-05 20:46:00,2026-06-06 01:40:32,no,Reviewed privileged access logs; elevation was approved under ticket REQ-81953. Ticket closed with owner sign-off.,Database
ALT000763,Arcadia Defence Systems,low,2026-06-14 05:15:11,2026-06-14 08:24:28,no,Confirmed with asset owner that HOST-8625 was undergoing patch deployment. Ticket closed with owner sign-off.,Server
ALT002297,Cauvery Logistics Corp,medium,2026-02-08 01:53:31,2026-02-08 04:01:17,no,,Cloud Workload
ALT002805,Godavari Chemicals,low,2026-05-22 07:48:38,2026-05-22 11:26:32,no,Reset credentials for tgeorge as precaution; no evidence of compromise. Monitoring continued for 48 hours.,Identity Provider
ALT003562,Krishna Port Authority,low,2026-03-13 09:49:03,2026-03-13 12:26:23,no,Matched pattern against known false-positive rule FP-92862; tuning request raised. Ticket closed with owner sign-off.,Database
ALT000978,Arcadia Defence Systems,medium,2026-05-17 11:55:08,2026-05-17 16:58:04,no,Escalated to L2 after confirming lateral movement indicators on HOST-1199.,IoT Device
ALT004630,Pennar Cement Industries,low,2026-01-05 03:25:56,2026-01-05 08:59:40,no,Coordinated with network team; ACL change on HOST-8474 explains traffic shift. Handed to IR team for deeper review.,Network Device
ALT003137,Indus Financial Services,medium,2026-01-10 14:14:31,2026-01-10 19:53:05,no,Identified misconfigured scanner generating repeat alerts; owner notified. Ticket closed with owner sign-off.,Database
ALT000066,Meridian Trust Bank,low,2026-03-07 03:08:00,2026-03-07 03:12:19,no,n/a,IoT Device
ALT000442,Kaveri Power Holdings,low,2026-03-02 23:47:22,2026-03-03 05:05:09,no,n/a,Server
ALT000345,Kaveri Power Holdings,medium,2026-01-17 05:00:10,2026-01-17 09:58:52,no,Matched pattern against known false-positive rule FP-65340; tuning request raised. Root cause documented in case notes.,Database
ALT002643,Eastern Grid Utility,low,2026-02-15 05:34:07,2026-02-15 09:25:00,no,,Endpoint
ALT003334,Jupiter Aviation Control,low,2026-04-20 20:01:26,2026-04-21 01:00:59,no,Escalated to L2 after confirming lateral movement indicators on HOST-8369. Root cause documented in case notes.,Cloud Workload
ALT002005,Apex Power Grid Ltd,low,2026-01-14 21:12:50,2026-01-15 02:10:23,no,Compared hash against VirusTotal offline signature set; no detections.,Firewall
ALT003463,Jupiter Aviation Control,medium,2026-02-20 23:02:05,2026-02-21 03:00:12,no,Queried SIEM for related events across 24h window; no corroborating activity found. Monitoring continued for 48 hours.,Firewall
ALT003468,Krishna Port Authority,high,2026-05-18 22:43:02,2026-05-19 02:14:02,yes,Traced outbound connection to approved vendor endpoint; verified against allowlist. Monitoring continued for 48 hours.,Cloud Workload
ALT002401,Cauvery Logistics Corp,medium,2026-05-06 14:30:23,2026-05-06 18:40:56,no,Queried SIEM for related events across 24h window; no corroborating activity found. Monitoring continued for 48 hours.,Database
ALT003951,Malabar Gas Pipelines,low,2026-03-01 20:23:19,2026-03-01 23:14:51,no,Ran memory capture on HOST-2646; no injected process artefacts identified. Added to suppression list after approval.,Endpoint
ALT002432,Cauvery Logistics Corp,low,2026-03-12 14:18:56,2026-03-12 18:26:47,no,"Checked DNS query history; domain registered 400+ days ago, low risk profile. Root cause documented in case notes.",Network Device
ALT002081,Bharat Telecom Networks,low,2026-03-03 15:15:11,2026-03-03 18:59:38,no,Validated certificate chain; expired intermediate replaced by infrastructure team. Handed to IR team for deeper review.,Server
ALT003306,Jupiter Aviation Control,low,2026-06-19 07:18:56,2026-06-19 12:26:25,no,Ran memory capture on HOST-7336; no injected process artefacts identified. Closed as benign positive.,Database
ALT002276,Bharat Telecom Networks,low,2026-03-21 13:09:37,,no,Ran memory capture on HOST-2588; no injected process artefacts identified. Monitoring continued for 48 hours.,Server
ALT000416,Kaveri Power Holdings,medium,2026-04-15 09:15:53,2026-04-15 14:49:52,no,Ran memory capture on HOST-7637; no injected process artefacts identified. Added to suppression list after approval.,Cloud Workload
ALT001634,Konkan Maritime Ltd,critical,2026-02-10 01:23:50,2026-02-10 12:27:17,yes,Reviewed source IP 10.5.122.180 against internal threat intel; no IOC match. Ticket closed with owner sign-off.,Server
ALT004359,Orissa Mining Federation,medium,2026-03-01 11:47:41,2026-03-01 15:19:11,no,Reviewed privileged access logs; elevation was approved under ticket REQ-85824. Monitoring continued for 48 hours.,Database
ALT002636,Eastern Grid Utility,medium,2026-06-04 12:14:16,,no,Reviewed privileged access logs; elevation was approved under ticket REQ-64700. Ticket closed with owner sign-off.,Identity Provider
ALT004273,Orissa Mining Federation,low,2026-01-21 07:37:59,2026-01-21 11:15:53,no,Confirmed with asset owner that HOST-8284 was undergoing patch deployment. Root cause documented in case notes.,Database
ALT000514,Kaveri Power Holdings,low,2026-06-17 04:13:44,2026-06-17 06:23:35,no,Reviewed privileged access logs; elevation was approved under ticket REQ-17310. Handed to IR team for deeper review.,IoT Device
ALT002291,Cauvery Logistics Corp,high,2026-03-10 15:36:08,2026-03-10 18:12:27,no,Coordinated with network team; ACL change on HOST-2683 explains traffic shift. Closed as benign positive.,Firewall
ALT004320,Orissa Mining Federation,low,2026-04-06 21:48:05,2026-04-07 03:27:49,no,Validated certificate chain; expired intermediate replaced by infrastructure team. Added to suppression list after approval.,Network Device
ALT004254,Narmada Steel Works,critical,2026-02-16 10:56:13,2026-02-16 14:18:08,no,Verified backup job schedule; traffic volume consistent with nightly replication. Added to suppression list after approval.,Firewall
ALT003465,Jupiter Aviation Control,medium,2026-06-10 00:29:41,2026-06-10 06:04:13,no,Cross-referenced with change management ticket CHG-75001; scheduled maintenance window. No further action required.,Identity Provider
ALT001690,Deccan Health Network,medium,2026-06-08 08:05:12,2026-06-08 13:55:02,no,closed,Network Device
ALT001604,Konkan Maritime Ltd,critical,2026-04-07 20:51:01,2026-04-08 04:36:56,yes,"Checked DNS query history; domain registered 400+ days ago, low risk profile. Closed as benign positive.",Identity Provider
ALT004357,Orissa Mining Federation,low,2026-06-12 13:19:48,2026-06-12 15:31:52,no,Escalated to L2 after confirming lateral movement indicators on HOST-4690. Monitoring continued for 48 hours.,Server
ALT004402,Orissa Mining Federation,medium,2026-04-30 04:06:11,2026-04-30 07:20:00,no,Cross-referenced with change management ticket CHG-55380; scheduled maintenance window. No further action required.,Server
ALT002947,Himalayan Healthcare Network,low,2026-06-26 04:29:32,2026-06-26 08:55:20,no,Verified backup job schedule; traffic volume consistent with nightly replication. Closed as benign positive.,IoT Device
ALT003213,Indus Financial Services,high,2026-06-26 08:49:28,2026-06-26 12:33:14,no,Compared hash against VirusTotal offline signature set; no detections. Monitoring continued for 48 hours.,Identity Provider
ALT002606,Eastern Grid Utility,high,2026-04-01 10:42:03,2026-04-01 15:18:30,no,Coordinated with network team; ACL change on HOST-3907 explains traffic shift.,Endpoint
ALT002685,Eastern Grid Utility,medium,2026-05-30 21:24:48,2026-05-31 00:40:40,no,Compared hash against VirusTotal offline signature set; no detections. No further action required.,Firewall
ALT003886,Malabar Gas Pipelines,medium,2026-03-08 06:00:08,2026-03-08 09:56:20,no,Analysed PCAP sample; payload matched benign monitoring agent heartbeat. Closed as benign positive.,Endpoint
ALT002813,Godavari Chemicals,low,2026-06-23 07:01:37,2026-06-23 09:36:02,no,Cross-referenced with change management ticket CHG-78497; scheduled maintenance window. Ticket closed with owner sign-off.,Database
ALT004021,Malabar Gas Pipelines,medium,2026-05-13 23:17:13,2026-05-14 01:29:10,no,Validated certificate chain; expired intermediate replaced by infrastructure team.,IoT Device
ALT002471,Eastern Grid Utility,low,2026-03-24 23:45:39,2026-03-25 02:12:51,no,Compared hash against VirusTotal offline signature set; no detections. Handed to IR team for deeper review.,Network Device
ALT000940,Arcadia Defence Systems,high,2026-01-18 21:24:48,2026-01-18 23:48:17,yes,Matched pattern against known false-positive rule FP-19647; tuning request raised. No further action required.,Firewall
ALT000991,Arcadia Defence Systems,medium,2026-06-23 17:27:41,2026-06-23 20:12:05,no,Ran memory capture on HOST-4439; no injected process artefacts identified. Handed to IR team for deeper review.,Network Device
ALT001931,Apex Power Grid Ltd,low,2026-05-30 18:43:23,2026-05-30 20:57:30,no,Reviewed source IP 10.30.245.20 against internal threat intel; no IOC match. Root cause documented in case notes.,Network Device
ALT000152,Meridian Trust Bank,high,2026-03-29 14:58:46,2026-03-29 15:01:14,no,"checked, ok",IoT Device
ALT002558,Eastern Grid Utility,high,2026-02-11 07:53:23,2026-02-11 11:24:43,no,Coordinated with network team; ACL change on HOST-8648 explains traffic shift. Closed as benign positive.,Endpoint
ALT003750,Lakshmi Insurance Group,low,2026-01-11 15:53:39,2026-01-11 20:28:00,no,Matched pattern against known false-positive rule FP-62681; tuning request raised. Ticket closed with owner sign-off.,Network Device
ALT004545,Pennar Cement Industries,low,2026-04-07 19:07:40,2026-04-07 23:48:58,no,Blocked source 10.13.166.25 at perimeter firewall pending further investigation. Root cause documented in case notes.,Cloud Workload
ALT002723,Godavari Chemicals,low,2026-01-13 19:30:34,2026-01-13 23:50:26,no,Documented as benign positive; rule threshold adjusted after peer review. No further action required.,Server
ALT004376,Orissa Mining Federation,medium,2026-05-15 18:39:55,2026-05-16 00:31:28,no,Analysed PCAP sample; payload matched benign monitoring agent heartbeat. Root cause documented in case notes.,Database
ALT001693,Deccan Health Network,high,2026-02-10 18:26:22,2026-02-10 18:27:40,yes,Sandbox detonation of attachment returned no malicious behaviour. Added to suppression list after approval.,Firewall
ALT002900,Himalayan Healthcare Network,low,2026-02-06 23:40:58,2026-02-07 04:51:51,no,Correlated with authentication logs for user bshah; prior successful VPN session confirmed. Root cause documented in case notes.,Server
ALT001706,Deccan Health Network,low,2026-03-15 14:14:28,2026-03-15 19:38:59,no,closed,Identity Provider
ALT003229,Indus Financial Services,low,2026-05-29 10:06:04,2026-05-29 12:09:29,no,"Checked DNS query history; domain registered 400+ days ago, low risk profile.",Server
ALT002992,Himalayan Healthcare Network,low,2026-04-23 19:12:27,2026-04-23 22:40:05,no,Confirmed geolocation anomaly caused by corporate VPN egress node change. Root cause documented in case notes.,Identity Provider
ALT001033,Arcadia Defence Systems,low,2026-06-19 08:02:34,2026-06-19 11:06:50,no,Reviewed privileged access logs; elevation was approved under ticket REQ-58088. Handed to IR team for deeper review.,Cloud Workload
ALT002229,Bharat Telecom Networks,low,2026-01-09 14:45:35,2026-01-09 19:50:28,no,Matched pattern against known false-positive rule FP-47452; tuning request raised. Root cause documented in case notes.,Firewall
ALT003283,Jupiter Aviation Control,medium,2026-01-24 14:55:28,2026-01-24 17:31:57,yes,Cross-referenced with change management ticket CHG-87141; scheduled maintenance window. Ticket closed with owner sign-off.,Identity Provider
ALT003502,Krishna Port Authority,low,2026-03-01 04:20:10,2026-03-01 09:17:31,no,Blocked source 10.58.160.162 at perimeter firewall pending further investigation. No further action required.,Server
ALT003385,Jupiter Aviation Control,low,2026-04-17 07:16:01,2026-04-17 12:10:51,yes,Reviewed source IP 10.55.51.27 against internal threat intel; no IOC match. Root cause documented in case notes.,IoT Device
ALT001547,Konkan Maritime Ltd,high,2026-05-29 20:27:54,2026-05-30 04:25:11,yes,Cross-referenced with change management ticket CHG-74896; scheduled maintenance window. Added to suppression list after approval.,Identity Provider
ALT002309,Cauvery Logistics Corp,low,2026-06-29 00:35:45,2026-06-29 04:53:05,no,Reviewed privileged access logs; elevation was approved under ticket REQ-19896. No further action required.,Cloud Workload
ALT000702,Nilgiri Water Authority,low,2026-06-07 23:18:31,2026-06-08 03:36:55,no,Reviewed EDR telemetry timeline; parent process traced to legitimate installer. Monitoring continued for 48 hours.,Network Device
ALT002666,Eastern Grid Utility,low,2026-06-29 16:44:15,2026-06-29 19:53:22,no,Confirmed with asset owner that HOST-5541 was undergoing patch deployment. Handed to IR team for deeper review.,Cloud Workload
ALT003779,Lakshmi Insurance Group,high,2026-02-09 15:39:11,,no,Validated certificate chain; expired intermediate replaced by infrastructure team. Handed to IR team for deeper review.,Cloud Workload
ALT002808,Godavari Chemicals,high,2026-03-23 22:41:09,2026-03-24 04:20:30,no,Queried SIEM for related events across 24h window; no corroborating activity found. Monitoring continued for 48 hours.,Database
ALT001752,Deccan Health Network,high,2026-02-02 01:37:36,2026-02-02 06:34:38,yes,Ran memory capture on HOST-9945; no injected process artefacts identified. Closed as benign positive.,Firewall
ALT000570,Nilgiri Water Authority,medium,2026-04-16 15:05:56,2026-04-16 17:55:50,no,Contacted user tgeorge via Teams; confirmed they initiated the session from Mumbai office. Root cause documented in case notes.,Server
ALT001526,Konkan Maritime Ltd,critical,2026-02-13 03:27:52,2026-02-13 13:34:11,yes,Confirmed geolocation anomaly caused by corporate VPN egress node change. Ticket closed with owner sign-off.,Cloud Workload
ALT002089,Bharat Telecom Networks,critical,2026-02-06 13:57:09,2026-02-06 17:58:30,yes,Reviewed privileged access logs; elevation was approved under ticket REQ-95996. Ticket closed with owner sign-off.,Firewall
ALT000857,Arcadia Defence Systems,low,2026-05-18 11:09:06,2026-05-18 16:34:12,yes,Queried SIEM for related events across 24h window; no corroborating activity found. Root cause documented in case notes.,Database
ALT003533,Krishna Port Authority,low,2026-03-23 18:06:22,2026-03-23 23:39:25,no,Queried SIEM for related events across 24h window; no corroborating activity found. Handed to IR team for deeper review.,Database
ALT003776,Lakshmi Insurance Group,low,2026-03-17 07:42:53,2026-03-17 10:04:33,no,Isolated endpoint HOST-1374 for forensic triage; full disk scan returned clean. Handed to IR team for deeper review.,Server
ALT000268,Meridian Trust Bank,high,2026-06-28 19:30:19,2026-06-28 19:34:26,no,"checked, ok",Cloud Workload
ALT002683,Eastern Grid Utility,low,2026-02-16 10:00:58,2026-02-16 12:20:41,no,Cross-referenced with change management ticket CHG-47487; scheduled maintenance window.,IoT Device
ALT004110,Narmada Steel Works,critical,2026-04-08 10:21:48,2026-04-08 13:43:09,no,Blocked source 10.21.72.30 at perimeter firewall pending further investigation. Monitoring continued for 48 hours.,Firewall
ALT001941,Apex Power Grid Ltd,high,2026-03-11 21:30:06,2026-03-12 01:02:33,no,Isolated endpoint HOST-7082 for forensic triage; full disk scan returned clean. Root cause documented in case notes.,Endpoint
ALT001862,Deccan Health Network,medium,2026-04-26 00:57:19,2026-04-26 03:28:49,no,closed,Identity Provider
ALT004597,Pennar Cement Industries,medium,2026-02-12 21:22:33,2026-02-13 02:14:38,no,Ran memory capture on HOST-9770; no injected process artefacts identified. No further action required.,Firewall
ALT004123,Narmada Steel Works,low,2026-05-30 22:02:59,2026-05-31 00:38:15,no,Confirmed with asset owner that HOST-1911 was undergoing patch deployment. Added to suppression list after approval.,Endpoint
ALT002650,Eastern Grid Utility,low,2026-06-17 18:34:27,2026-06-17 23:53:45,no,Matched pattern against known false-positive rule FP-80000; tuning request raised. Added to suppression list after approval.,Endpoint
ALT002565,Eastern Grid Utility,low,2026-06-24 03:53:07,2026-06-24 07:20:35,yes,Validated certificate chain; expired intermediate replaced by infrastructure team. Handed to IR team for deeper review.,Server
ALT001271,Arcadia Defence Systems,low,2026-02-19 03:51:42,2026-02-19 09:08:35,yes,Blocked source 10.60.76.143 at perimeter firewall pending further investigation. Closed as benign positive.,Firewall
ALT004650,Pennar Cement Industries,low,2026-06-12 17:34:26,2026-06-12 21:21:43,no,Coordinated with network team; ACL change on HOST-5990 explains traffic shift. No further action required.,Database
ALT002054,Apex Power Grid Ltd,medium,2026-03-01 17:31:37,2026-03-01 19:41:19,yes,,Firewall
ALT003615,Krishna Port Authority,critical,2026-03-02 13:53:00,2026-03-02 19:07:04,no,Confirmed geolocation anomaly caused by corporate VPN egress node change.,Firewall
ALT003476,Krishna Port Authority,high,2026-01-07 20:09:21,2026-01-07 23:27:06,yes,Queried SIEM for related events across 24h window; no corroborating activity found. Monitoring continued for 48 hours.,Database
ALT000430,Kaveri Power Holdings,medium,2026-02-18 03:45:31,2026-02-18 06:16:40,no,n/a,IoT Device
ALT004156,Narmada Steel Works,medium,2026-05-04 02:49:05,2026-05-04 07:05:32,no,Sandbox detonation of attachment returned no malicious behaviour.,Endpoint
ALT001628,Konkan Maritime Ltd,low,2026-04-25 11:34:32,2026-04-25 20:32:18,no,Confirmed geolocation anomaly caused by corporate VPN egress node change. No further action required.,Identity Provider
ALT003388,Jupiter Aviation Control,low,2026-06-04 09:27:47,2026-06-04 13:15:39,no,Confirmed geolocation anomaly caused by corporate VPN egress node change.,Cloud Workload
ALT002267,Bharat Telecom Networks,high,2026-01-20 14:43:35,2026-01-20 17:44:09,no,Blocked source 10.31.15.153 at perimeter firewall pending further investigation. Monitoring continued for 48 hours.,Endpoint
ALT000643,Nilgiri Water Authority,medium,2026-03-23 05:35:51,2026-03-23 09:42:28,no,,Firewall
ALT000007,Meridian Trust Bank,low,2026-02-13 23:29:34,2026-02-13 23:32:03,no,n/a,Network Device
ALT004461,Orissa Mining Federation,low,2026-06-26 03:20:47,2026-06-26 05:36:45,no,Contacted user apatel via Teams; confirmed they initiated the session from Mumbai office. Monitoring continued for 48 hours.,Endpoint
ALT002812,Godavari Chemicals,low,2026-06-10 03:40:49,2026-06-10 06:26:32,no,Analysed PCAP sample; payload matched benign monitoring agent heartbeat. Added to suppression list after approval.,IoT Device
ALT002052,Apex Power Grid Ltd,low,2026-02-05 03:50:33,2026-02-05 08:59:52,yes,Sandbox detonation of attachment returned no malicious behaviour. Handed to IR team for deeper review.,Identity Provider
ALT004137,Narmada Steel Works,low,2026-03-18 07:16:15,2026-03-18 11:10:42,no,Verified backup job schedule; traffic volume consistent with nightly replication. No further action required.,Server
ALT004484,Pennar Cement Industries,high,2026-05-19 05:22:47,2026-05-19 08:53:48,no,Confirmed with asset owner that HOST-8664 was undergoing patch deployment. Root cause documented in case notes.,Identity Provider
ALT002865,Himalayan Healthcare Network,high,2026-03-14 13:10:02,2026-03-14 18:41:25,yes,Reviewed privileged access logs; elevation was approved under ticket REQ-61288. Root cause documented in case notes.,Cloud Workload
ALT001744,Deccan Health Network,medium,2026-04-10 16:20:08,2026-04-10 18:52:16,no,closed,Endpoint
ALT002067,Bharat Telecom Networks,medium,2026-05-14 18:24:15,2026-05-14 22:22:24,no,,IoT Device
ALT004623,Pennar Cement Industries,high,2026-06-02 02:41:19,2026-06-02 05:12:28,no,Cross-referenced with change management ticket CHG-74624; scheduled maintenance window. Handed to IR team for deeper review.,Endpoint
ALT003788,Lakshmi Insurance Group,critical,2026-05-23 02:28:31,2026-05-23 04:29:34,yes,,IoT Device
ALT003902,Malabar Gas Pipelines,low,2026-03-09 03:23:10,2026-03-09 07:44:21,yes,Coordinated with network team; ACL change on HOST-7171 explains traffic shift. Closed as benign positive.,Identity Provider
ALT001258,Arcadia Defence Systems,low,2026-02-12 13:20:44,2026-02-12 16:30:33,no,Reviewed EDR telemetry timeline; parent process traced to legitimate installer. Handed to IR team for deeper review.,Identity Provider
ALT001729,Deccan Health Network,medium,2026-03-04 12:44:53,2026-03-04 15:31:46,no,"checked, ok",Server
ALT001651,Konkan Maritime Ltd,critical,2026-03-24 07:31:41,2026-03-24 16:56:10,yes,Validated certificate chain; expired intermediate replaced by infrastructure team. Closed as benign positive.,Identity Provider
ALT002417,Cauvery Logistics Corp,low,2026-02-01 12:33:32,2026-02-01 15:28:30,no,Queried SIEM for related events across 24h window; no corroborating activity found. Ticket closed with owner sign-off.,Firewall
ALT002915,Himalayan Healthcare Network,low,2026-03-14 01:03:10,2026-03-14 06:35:54,no,Ran memory capture on HOST-3831; no injected process artefacts identified. Handed to IR team for deeper review.,IoT Device
ALT002372,Cauvery Logistics Corp,high,2026-06-23 12:52:45,2026-06-23 16:13:28,no,Documented as benign positive; rule threshold adjusted after peer review. No further action required.,IoT Device
ALT004328,Orissa Mining Federation,medium,2026-05-24 20:37:07,2026-05-25 00:57:55,no,Compared hash against VirusTotal offline signature set; no detections. Added to suppression list after approval.,Identity Provider
ALT001917,Apex Power Grid Ltd,low,2026-03-18 02:59:17,2026-03-18 05:52:07,no,Reviewed source IP 10.51.89.80 against internal threat intel; no IOC match. Closed as benign positive.,IoT Device
ALT000169,Meridian Trust Bank,high,2026-03-10 19:51:29,2026-03-10 19:54:24,no,n/a,Database
ALT001279,Arcadia Defence Systems,high,2026-04-05 03:18:50,2026-04-05 08:10:05,yes,Confirmed geolocation anomaly caused by corporate VPN egress node change. Monitoring continued for 48 hours.,Firewall
ALT002991,Himalayan Healthcare Network,critical,2026-01-11 10:31:48,2026-01-11 14:18:39,yes,Contacted user rkumar via Teams; confirmed they initiated the session from Mumbai office. Monitoring continued for 48 hours.,Database
ALT000331,Kaveri Power Holdings,medium,2026-03-27 17:37:49,2026-03-27 23:04:24,no,Compared hash against VirusTotal offline signature set; no detections. Added to suppression list after approval.,Cloud Workload
ALT001559,Konkan Maritime Ltd,low,2026-03-28 10:25:25,2026-03-28 20:52:34,yes,,Cloud Workload
ALT002009,Apex Power Grid Ltd,critical,2026-04-22 11:59:33,2026-04-22 15:58:27,no,Validated certificate chain; expired intermediate replaced by infrastructure team. Ticket closed with owner sign-off.,Identity Provider
ALT000445,Kaveri Power Holdings,medium,2026-05-15 17:11:29,2026-05-15 20:11:41,no,Traced outbound connection to approved vendor endpoint; verified against allowlist. Closed as benign positive.,Firewall
ALT002065,Bharat Telecom Networks,low,2026-05-13 09:08:17,2026-05-13 14:59:00,no,Validated certificate chain; expired intermediate replaced by infrastructure team. Added to suppression list after approval.,Identity Provider
ALT003580,Krishna Port Authority,low,2026-05-27 03:17:47,2026-05-27 08:32:40,no,Analysed PCAP sample; payload matched benign monitoring agent heartbeat. Ticket closed with owner sign-off.,Firewall
ALT003719,Lakshmi Insurance Group,low,2026-02-03 05:27:15,2026-02-03 10:35:26,no,Compared hash against VirusTotal offline signature set; no detections. Monitoring continued for 48 hours.,Endpoint
ALT003366,Jupiter Aviation Control,low,2026-04-30 00:11:38,2026-04-30 04:02:31,no,Contacted user schen via Teams; confirmed they initiated the session from Mumbai office. Ticket closed with owner sign-off.,Server
ALT002450,Cauvery Logistics Corp,low,2026-01-24 11:17:20,2026-01-24 13:56:21,no,Coordinated with network team; ACL change on HOST-7570 explains traffic shift. Added to suppression list after approval.,Identity Provider
ALT000750,Arcadia Defence Systems,low,2026-03-27 01:03:44,2026-03-27 06:41:18,no,Reset credentials for nrao as precaution; no evidence of compromise. Ticket closed with owner sign-off.,Identity Provider
ALT002738,Godavari Chemicals,high,2026-05-03 16:18:33,2026-05-03 21:16:13,yes,"Checked DNS query history; domain registered 400+ days ago, low risk profile. No further action required.",Network Device
ALT000478,Kaveri Power Holdings,medium,2026-05-19 14:45:45,2026-05-19 18:07:23,no,Verified backup job schedule; traffic volume consistent with nightly replication.,Cloud Workload
ALT000833,Arcadia Defence Systems,medium,2026-01-19 21:14:41,2026-01-19 23:52:09,no,Verified backup job schedule; traffic volume consistent with nightly replication.,Network Device
ALT001070,Arcadia Defence Systems,low,2026-06-15 10:53:58,2026-06-15 15:07:54,no,Queried SIEM for related events across 24h window; no corroborating activity found. Added to suppression list after approval.,Identity Provider
ALT002535,Eastern Grid Utility,low,2026-06-22 02:11:55,2026-06-22 05:38:33,yes,Confirmed with asset owner that HOST-5182 was undergoing patch deployment. Root cause documented in case notes.,Endpoint
ALT001123,Arcadia Defence Systems,medium,2026-05-16 16:05:00,2026-05-16 18:54:07,yes,Verified backup job schedule; traffic volume consistent with nightly replication. Added to suppression list after approval.,Server
ALT003147,Indus Financial Services,low,2026-04-12 09:44:44,2026-04-12 14:59:51,no,Documented as benign positive; rule threshold adjusted after peer review. Root cause documented in case notes.,Database
ALT002635,Eastern Grid Utility,low,2026-02-23 23:42:17,2026-02-24 05:17:28,no,Matched pattern against known false-positive rule FP-92691; tuning request raised. No further action required.,Identity Provider
ALT004380,Orissa Mining Federation,low,2026-02-18 11:49:42,2026-02-18 14:37:43,yes,Contacted user nrao via Teams; confirmed they initiated the session from Mumbai office. Added to suppression list after approval.,Server
ALT000500,Kaveri Power Holdings,medium,2026-03-15 09:52:10,2026-03-15 12:06:24,no,n/a,Endpoint
ALT000102,Meridian Trust Bank,critical,2026-06-13 15:13:19,,no,n/a,Network Device
ALT001784,Deccan Health Network,low,2026-01-25 09:19:55,2026-01-25 15:00:58,no,"checked, ok",Cloud Workload
ALT001253,Arcadia Defence Systems,low,2026-04-16 16:14:02,2026-04-16 21:58:12,no,Analysed PCAP sample; payload matched benign monitoring agent heartbeat. Monitoring continued for 48 hours.,Network Device
ALT003914,Malabar Gas Pipelines,low,2026-01-13 05:30:03,2026-01-13 08:50:44,no,Traced outbound connection to approved vendor endpoint; verified against allowlist. Handed to IR team for deeper review.,IoT Device
ALT004234,Narmada Steel Works,low,2026-02-03 13:02:41,2026-02-03 15:17:21,no,Validated certificate chain; expired intermediate replaced by infrastructure team. Closed as benign positive.,Network Device
ALT000965,Arcadia Defence Systems,high,2026-02-06 07:43:44,2026-02-06 11:30:29,yes,Identified misconfigured scanner generating repeat alerts; owner notified. No further action required.,Cloud Workload
ALT000860,Arcadia Defence Systems,low,2026-01-22 03:23:30,2026-01-22 07:56:21,no,Correlated with authentication logs for user mfernandes; prior successful VPN session confirmed. Closed as benign positive.,Firewall
ALT004324,Orissa Mining Federation,low,2026-02-17 07:46:19,2026-02-17 10:28:52,no,Queried SIEM for related events across 24h window; no corroborating activity found. Monitoring continued for 48 hours.,Network Device
ALT004264,Narmada Steel Works,low,2026-04-15 19:02:37,2026-04-15 21:45:58,yes,"Checked DNS query history; domain registered 400+ days ago, low risk profile.",Firewall
ALT004237,Narmada Steel Works,high,2026-04-21 07:24:05,2026-04-21 10:36:52,no,Validated certificate chain; expired intermediate replaced by infrastructure team. Ticket closed with owner sign-off.,Server
ALT003755,Lakshmi Insurance Group,medium,2026-06-03 18:52:00,2026-06-03 22:39:47,no,Cross-referenced with change management ticket CHG-98380; scheduled maintenance window. Handed to IR team for deeper review.,Cloud Workload
ALT002544,Eastern Grid Utility,medium,2026-04-30 07:50:19,2026-04-30 13:14:36,yes,Isolated endpoint HOST-2409 for forensic triage; full disk scan returned clean. Closed as benign positive.,Identity Provider
ALT003920,Malabar Gas Pipelines,low,2026-05-02 20:58:20,2026-05-03 01:50:45,no,Correlated with authentication logs for user apatel; prior successful VPN session confirmed. Root cause documented in case notes.,Network Device
ALT001919,Apex Power Grid Ltd,low,2026-03-28 09:12:27,2026-03-28 11:27:53,no,Reviewed privileged access logs; elevation was approved under ticket REQ-52588. Ticket closed with owner sign-off.,IoT Device
ALT004477,Orissa Mining Federation,critical,2026-06-28 20:55:07,2026-06-29 02:22:39,no,Contacted user nrao via Teams; confirmed they initiated the session from Mumbai office. Closed as benign positive.,Cloud Workload
ALT003635,Krishna Port Authority,low,2026-04-17 05:50:57,2026-04-17 08:12:24,no,Coordinated with network team; ACL change on HOST-3638 explains traffic shift. Handed to IR team for deeper review.,Database
ALT004417,Orissa Mining Federation,medium,2026-04-21 07:26:43,2026-04-21 10:53:37,no,Documented as benign positive; rule threshold adjusted after peer review.,Database
ALT001555,Konkan Maritime Ltd,critical,2026-02-10 21:58:48,2026-02-11 07:06:55,yes,Reviewed source IP 10.16.24.88 against internal threat intel; no IOC match. Monitoring continued for 48 hours.,Server
ALT000783,Arcadia Defence Systems,high,2026-01-07 16:32:41,2026-01-07 20:32:53,no,Cross-referenced with change management ticket CHG-22525; scheduled maintenance window. Monitoring continued for 48 hours.,Identity Provider
ALT002651,Eastern Grid Utility,medium,2026-02-15 13:38:41,2026-02-15 15:59:17,yes,Verified backup job schedule; traffic volume consistent with nightly replication. Handed to IR team for deeper review.,Cloud Workload
ALT004258,Narmada Steel Works,low,2026-02-17 03:27:04,2026-02-17 06:51:58,yes,Identified misconfigured scanner generating repeat alerts; owner notified. Handed to IR team for deeper review.,Server
ALT000115,Meridian Trust Bank,critical,2026-01-13 08:43:16,2026-01-13 08:45:46,no,n/a,Server
ALT003583,Krishna Port Authority,high,2026-04-27 13:56:08,2026-04-27 17:03:17,no,Coordinated with network team; ACL change on HOST-2026 explains traffic shift. Ticket closed with owner sign-off.,Database
ALT000313,Kaveri Power Holdings,low,2026-05-03 01:00:09,2026-05-03 05:12:05,no,Validated certificate chain; expired intermediate replaced by infrastructure team.,Cloud Workload
ALT003497,Krishna Port Authority,low,2026-02-11 01:59:15,2026-02-11 05:03:20,no,Contacted user dnair via Teams; confirmed they initiated the session from Mumbai office. Monitoring continued for 48 hours.,Identity Provider
ALT002448,Cauvery Logistics Corp,low,2026-05-19 04:55:36,2026-05-19 10:43:27,no,Reviewed EDR telemetry timeline; parent process traced to legitimate installer. Handed to IR team for deeper review.,Database
ALT000706,Nilgiri Water Authority,medium,2026-02-13 14:48:52,2026-02-13 17:08:34,yes,Escalated to L2 after confirming lateral movement indicators on HOST-3531. Handed to IR team for deeper review.,Network Device
ALT003148,Indus Financial Services,low,2026-01-05 06:28:50,2026-01-05 10:10:32,no,"Checked DNS query history; domain registered 400+ days ago, low risk profile. Added to suppression list after approval.",Firewall
ALT000017,Meridian Trust Bank,medium,2026-06-10 08:21:44,2026-06-10 08:23:09,no,"checked, ok",Network Device
ALT001962,Apex Power Grid Ltd,low,2026-06-13 04:08:33,2026-06-13 07:04:38,no,Compared hash against VirusTotal offline signature set; no detections. Root cause documented in case notes.,Server
ALT002832,Godavari Chemicals,low,2026-05-22 00:52:02,2026-05-22 05:55:01,yes,Escalated to L2 after confirming lateral movement indicators on HOST-1277. Closed as benign positive.,Database
ALT004215,Narmada Steel Works,low,2026-03-28 01:27:30,2026-03-28 03:38:21,no,Reset credentials for bshah as precaution; no evidence of compromise. Closed as benign positive.,Database
ALT004287,Orissa Mining Federation,low,2026-04-10 05:56:08,,no,Blocked source 10.32.163.71 at perimeter firewall pending further investigation. Ticket closed with owner sign-off.,Server
ALT001998,Apex Power Grid Ltd,medium,2026-04-16 06:05:20,2026-04-16 11:20:46,yes,Contacted user bshah via Teams; confirmed they initiated the session from Mumbai office. Added to suppression list after approval.,Endpoint
ALT002551,Eastern Grid Utility,high,2026-01-07 21:50:58,2026-01-08 03:47:16,no,Cross-referenced with change management ticket CHG-41351; scheduled maintenance window. Closed as benign positive.,Firewall
ALT001110,Arcadia Defence Systems,high,2026-02-12 01:42:41,2026-02-12 07:38:46,yes,Isolated endpoint HOST-8408 for forensic triage; full disk scan returned clean.,Server
ALT000799,Arcadia Defence Systems,low,2026-01-16 21:00:04,2026-01-16 23:42:26,yes,Escalated to L2 after confirming lateral movement indicators on HOST-3010. Root cause documented in case notes.,Server
ALT000657,Nilgiri Water Authority,medium,2026-03-17 16:46:02,2026-03-17 20:05:34,no,Isolated endpoint HOST-2074 for forensic triage; full disk scan returned clean. Root cause documented in case notes.,Server
ALT000081,Meridian Trust Bank,medium,2026-06-28 02:10:24,2026-06-28 02:12:27,no,n/a,Endpoint
ALT001868,Apex Power Grid Ltd,low,2026-05-08 04:01:00,2026-05-08 07:49:40,no,Ran memory capture on HOST-3127; no injected process artefacts identified. No further action required.,Network Device
ALT000652,Nilgiri Water Authority,medium,2026-04-13 20:09:55,2026-04-14 01:50:20,no,Traced outbound connection to approved vendor endpoint; verified against allowlist. Added to suppression list after approval.,Identity Provider
ALT004248,Narmada Steel Works,medium,2026-06-24 21:10:03,2026-06-25 02:41:49,no,Validated certificate chain; expired intermediate replaced by infrastructure team. Monitoring continued for 48 hours.,IoT Device
ALT000392,Kaveri Power Holdings,low,2026-02-11 11:55:26,2026-02-11 14:59:59,no,Reviewed EDR telemetry timeline; parent process traced to legitimate installer. Root cause documented in case notes.,Server
ALT003053,Himalayan Healthcare Network,high,2026-01-11 12:53:10,2026-01-11 16:12:02,no,Ran memory capture on HOST-7375; no injected process artefacts identified.,Network Device
ALT001321,Arcadia Defence Systems,low,2026-01-22 07:53:34,2026-01-22 10:25:12,no,,IoT Device
ALT004582,Pennar Cement Industries,medium,2026-02-22 13:45:55,2026-02-22 18:16:04,no,Reviewed privileged access logs; elevation was approved under ticket REQ-19279. Monitoring continued for 48 hours.,Database
ALT004388,Orissa Mining Federation,medium,2026-01-25 18:59:00,2026-01-25 22:35:18,no,Traced outbound connection to approved vendor endpoint; verified against allowlist. Handed to IR team for deeper review.,IoT Device
ALT000516,Kaveri Power Holdings,critical,2026-02-10 05:46:54,2026-02-10 05:49:17,no,n/a,Identity Provider
ALT003841,Lakshmi Insurance Group,high,2026-05-06 01:02:19,2026-05-06 05:46:26,no,Reset credentials for nrao as precaution; no evidence of compromise. No further action required.,Database
ALT001051,Arcadia Defence Systems,low,2026-02-26 10:27:56,2026-02-26 14:06:21,no,Ran memory capture on HOST-6538; no injected process artefacts identified.,Endpoint
ALT003680,Krishna Port Authority,low,2026-03-10 06:21:01,2026-03-10 10:20:20,no,Confirmed geolocation anomaly caused by corporate VPN egress node change.,Identity Provider
ALT000828,Arcadia Defence Systems,critical,2026-03-28 03:00:53,2026-03-28 08:35:11,yes,Coordinated with network team; ACL change on HOST-5158 explains traffic shift. Handed to IR team for deeper review.,Database
ALT002427,Cauvery Logistics Corp,low,2026-05-19 14:59:35,2026-05-19 20:25:30,no,Contacted user schen via Teams; confirmed they initiated the session from Mumbai office.,Firewall
ALT002835,Godavari Chemicals,low,2026-03-16 00:02:15,2026-03-16 04:18:41,no,Isolated endpoint HOST-8517 for forensic triage; full disk scan returned clean.,Firewall
ALT002235,Bharat Telecom Networks,low,2026-05-07 09:29:43,2026-05-07 13:35:35,no,Verified backup job schedule; traffic volume consistent with nightly replication. Monitoring continued for 48 hours.,Network Device
ALT000372,Kaveri Power Holdings,low,2026-06-08 14:12:31,2026-06-08 19:54:57,no,Correlated with authentication logs for user dnair; prior successful VPN session confirmed. Monitoring continued for 48 hours.,Identity Provider
ALT003663,Krishna Port Authority,medium,2026-03-05 16:23:33,2026-03-05 22:20:15,no,Contacted user tgeorge via Teams; confirmed they initiated the session from Mumbai office. Added to suppression list after approval.,Firewall
ALT001902,Apex Power Grid Ltd,low,2026-06-13 06:30:03,2026-06-13 11:46:59,no,Compared hash against VirusTotal offline signature set; no detections. Closed as benign positive.,Firewall
ALT000489,Kaveri Power Holdings,low,2026-01-03 21:24:15,2026-01-04 01:52:56,no,Queried SIEM for related events across 24h window; no corroborating activity found. Handed to IR team for deeper review.,Database
ALT003857,Lakshmi Insurance Group,low,2026-04-15 19:33:40,2026-04-15 23:41:42,no,Compared hash against VirusTotal offline signature set; no detections. Root cause documented in case notes.,Endpoint
ALT002753,Godavari Chemicals,low,2026-03-19 21:38:05,2026-03-19 23:43:06,no,Queried SIEM for related events across 24h window; no corroborating activity found. Handed to IR team for deeper review.,Cloud Workload
ALT002652,Eastern Grid Utility,low,2026-06-07 14:27:32,2026-06-07 17:33:19,no,Sandbox detonation of attachment returned no malicious behaviour.,Cloud Workload
ALT000710,Nilgiri Water Authority,low,2026-03-22 05:17:10,2026-03-22 08:36:29,yes,Verified backup job schedule; traffic volume consistent with nightly replication. Closed as benign positive.,Server
ALT003739,Lakshmi Insurance Group,high,2026-06-29 07:11:28,2026-06-29 11:51:07,yes,Validated certificate chain; expired intermediate replaced by infrastructure team. No further action required.,Identity Provider
ALT000323,Kaveri Power Holdings,high,2026-06-22 23:11:47,2026-06-23 01:13:13,no,Escalated to L2 after confirming lateral movement indicators on HOST-3077. No further action required.,Endpoint
ALT002765,Godavari Chemicals,medium,2026-05-02 03:42:29,2026-05-02 06:53:37,no,Cross-referenced with change management ticket CHG-98946; scheduled maintenance window. Root cause documented in case notes.,Network Device
ALT001105,Arcadia Defence Systems,high,2026-04-11 17:50:17,2026-04-11 20:43:58,no,Confirmed with asset owner that HOST-4522 was undergoing patch deployment. Root cause documented in case notes.,Firewall
ALT001528,Konkan Maritime Ltd,low,2026-05-13 21:32:01,2026-05-14 09:24:53,yes,Correlated with authentication logs for user schen; prior successful VPN session confirmed. Closed as benign positive.,Identity Provider
ALT001734,Deccan Health Network,low,2026-06-16 17:40:34,2026-06-16 21:29:35,no,closed,Endpoint
ALT003284,Jupiter Aviation Control,medium,2026-05-02 23:27:06,2026-05-03 03:29:07,no,Compared hash against VirusTotal offline signature set; no detections. Monitoring continued for 48 hours.,Database
ALT003119,Indus Financial Services,low,2026-03-23 11:41:19,2026-03-23 17:27:14,no,Isolated endpoint HOST-1804 for forensic triage; full disk scan returned clean. Root cause documented in case notes.,IoT Device
ALT004361,Orissa Mining Federation,low,2026-05-29 22:36:57,2026-05-30 04:09:53,no,Confirmed geolocation anomaly caused by corporate VPN egress node change. Closed as benign positive.,Cloud Workload
ALT003639,Krishna Port Authority,medium,2026-04-08 21:53:53,2026-04-09 02:37:40,no,Traced outbound connection to approved vendor endpoint; verified against allowlist. Handed to IR team for deeper review.,IoT Device
ALT000951,Arcadia Defence Systems,low,2026-02-06 15:45:04,2026-02-06 21:14:55,no,Coordinated with network team; ACL change on HOST-8848 explains traffic shift.,Server
ALT004385,Orissa Mining Federation,medium,2026-05-10 10:19:23,2026-05-10 12:55:20,no,Coordinated with network team; ACL change on HOST-6433 explains traffic shift. Closed as benign positive.,Firewall
ALT002285,Cauvery Logistics Corp,low,2026-04-20 01:02:54,2026-04-20 03:56:03,no,Confirmed with asset owner that HOST-3203 was undergoing patch deployment. Monitoring continued for 48 hours.,Endpoint
ALT000846,Arcadia Defence Systems,high,2026-01-17 03:52:14,2026-01-17 07:11:05,no,Correlated with authentication logs for user kiyer; prior successful VPN session confirmed. Closed as benign positive.,Identity Provider
ALT003348,Jupiter Aviation Control,high,2026-04-07 08:04:05,2026-04-07 13:31:28,yes,Documented as benign positive; rule threshold adjusted after peer review. No further action required.,Endpoint
ALT004371,Orissa Mining Federation,high,2026-02-12 00:39:22,2026-02-12 04:43:45,no,Reviewed source IP 10.11.210.171 against internal threat intel; no IOC match. Added to suppression list after approval.,Network Device
ALT000436,Kaveri Power Holdings,critical,2026-02-25 10:31:46,2026-02-25 14:20:00,no,Reset credentials for dnair as precaution; no evidence of compromise. Root cause documented in case notes.,Endpoint
ALT002453,Cauvery Logistics Corp,critical,2026-05-06 18:20:39,2026-05-06 23:27:44,yes,Isolated endpoint HOST-8705 for forensic triage; full disk scan returned clean. Monitoring continued for 48 hours.,Identity Provider
ALT002867,Himalayan Healthcare Network,low,2026-03-17 11:19:04,2026-03-17 15:10:28,yes,Escalated to L2 after confirming lateral movement indicators on HOST-3510.,Firewall
ALT001800,Deccan Health Network,critical,2026-03-18 18:45:56,2026-03-19 00:16:43,no,Validated certificate chain; expired intermediate replaced by infrastructure team. Handed to IR team for deeper review.,Database
ALT003905,Malabar Gas Pipelines,low,2026-04-08 22:08:27,2026-04-09 03:18:22,no,Verified backup job schedule; traffic volume consistent with nightly replication. Ticket closed with owner sign-off.,Cloud Workload
ALT003038,Himalayan Healthcare Network,low,2026-04-29 08:36:08,2026-04-29 11:42:33,no,Compared hash against VirusTotal offline signature set; no detections.,Database
ALT003529,Krishna Port Authority,low,2026-06-04 04:23:34,2026-06-04 10:00:36,no,Reviewed privileged access logs; elevation was approved under ticket REQ-95406. Closed as benign positive.,Identity Provider
ALT001884,Apex Power Grid Ltd,medium,2026-06-20 05:15:43,,no,Reviewed source IP 10.5.61.38 against internal threat intel; no IOC match. Added to suppression list after approval.,IoT Device
ALT000076,Meridian Trust Bank,low,2026-02-27 16:54:39,2026-02-27 16:57:38,no,"checked, ok",Database
ALT001488,Konkan Maritime Ltd,critical,2026-04-15 21:16:59,2026-04-16 09:09:03,yes,Documented as benign positive; rule threshold adjusted after peer review. Monitoring continued for 48 hours.,Identity Provider
ALT000254,Meridian Trust Bank,critical,2026-03-31 18:30:36,2026-03-31 18:32:28,no,"checked, ok",Identity Provider
ALT003993,Malabar Gas Pipelines,medium,2026-05-28 09:16:42,2026-05-28 14:58:06,no,Confirmed with asset owner that HOST-5047 was undergoing patch deployment. Ticket closed with owner sign-off.,Identity Provider
ALT003726,Lakshmi Insurance Group,critical,2026-02-13 15:24:52,2026-02-13 19:59:57,no,Verified backup job schedule; traffic volume consistent with nightly replication. Ticket closed with owner sign-off.,Server
ALT003774,Lakshmi Insurance Group,low,2026-01-27 00:26:57,2026-01-27 02:32:06,yes,Traced outbound connection to approved vendor endpoint; verified against allowlist. Added to suppression list after approval.,Network Device
ALT000038,Meridian Trust Bank,low,2026-05-20 09:39:06,2026-05-20 09:40:25,no,n/a,Network Device
ALT002749,Godavari Chemicals,medium,2026-06-04 16:34:52,2026-06-04 20:00:22,no,Compared hash against VirusTotal offline signature set; no detections. Closed as benign positive.,Identity Provider
ALT001472,Konkan Maritime Ltd,high,2026-04-03 14:57:06,2026-04-03 23:44:44,yes,Correlated with authentication logs for user rkumar; prior successful VPN session confirmed. Added to suppression list after approval.,Identity Provider
ALT001699,Deccan Health Network,medium,2026-01-13 00:22:29,2026-01-13 02:30:12,no,Coordinated with network team; ACL change on HOST-9303 explains traffic shift. Closed as benign positive.,IoT Device
ALT004475,Orissa Mining Federation,low,2026-03-11 14:10:11,2026-03-11 18:37:03,no,Reviewed privileged access logs; elevation was approved under ticket REQ-59882. Added to suppression list after approval.,Firewall
ALT001686,Deccan Health Network,medium,2026-06-30 09:14:21,2026-06-30 13:13:42,no,Reset credentials for rkumar as precaution; no evidence of compromise. Added to suppression list after approval.,Identity Provider
ALT001045,Arcadia Defence Systems,low,2026-01-28 03:28:51,2026-01-28 07:20:42,no,Queried SIEM for related events across 24h window; no corroborating activity found. Added to suppression list after approval.,IoT Device
ALT004382,Orissa Mining Federation,high,2026-04-28 10:22:02,2026-04-28 15:58:03,no,Compared hash against VirusTotal offline signature set; no detections. Closed as benign positive.,Cloud Workload
ALT002311,Cauvery Logistics Corp,medium,2026-01-14 15:00:23,2026-01-14 17:12:10,no,Correlated with authentication logs for user bshah; prior successful VPN session confirmed. Closed as benign positive.,Endpoint
ALT004080,Narmada Steel Works,medium,2026-04-09 16:40:14,2026-04-09 19:44:58,yes,,Network Device
ALT001057,Arcadia Defence Systems,medium,2026-04-16 20:05:26,2026-04-16 22:46:55,no,Verified backup job schedule; traffic volume consistent with nightly replication. Handed to IR team for deeper review.,Database
ALT001898,Apex Power Grid Ltd,low,2026-02-04 11:44:48,2026-02-04 14:26:35,no,Compared hash against VirusTotal offline signature set; no detections. Ticket closed with owner sign-off.,Database
ALT001481,Konkan Maritime Ltd,low,2026-03-09 22:54:05,2026-03-10 10:10:54,no,Confirmed geolocation anomaly caused by corporate VPN egress node change. No further action required.,Identity Provider
ALT002604,Eastern Grid Utility,high,2026-03-07 18:18:55,2026-03-07 23:56:20,yes,Identified misconfigured scanner generating repeat alerts; owner notified. No further action required.,Server
ALT001009,Arcadia Defence Systems,low,2026-04-12 01:29:57,2026-04-12 06:29:25,no,Sandbox detonation of attachment returned no malicious behaviour. Handed to IR team for deeper review.,Endpoint
ALT004165,Narmada Steel Works,low,2026-06-08 20:27:12,2026-06-08 22:42:54,no,Cross-referenced with change management ticket CHG-68361; scheduled maintenance window. Added to suppression list after approval.,Server
ALT004323,Orissa Mining Federation,low,2026-01-29 13:09:23,2026-01-29 17:30:02,no,Reviewed privileged access logs; elevation was approved under ticket REQ-99326. Added to suppression list after approval.,Database
ALT003674,Krishna Port Authority,low,2026-04-28 08:23:47,2026-04-28 13:18:25,yes,Reviewed privileged access logs; elevation was approved under ticket REQ-64505. Closed as benign positive.,Server
ALT002918,Himalayan Healthcare Network,medium,2026-06-14 17:35:23,2026-06-14 22:44:14,no,Traced outbound connection to approved vendor endpoint; verified against allowlist.,Network Device
ALT002412,Cauvery Logistics Corp,low,2026-04-05 18:09:02,2026-04-05 23:59:45,no,Confirmed with asset owner that HOST-3140 was undergoing patch deployment.,Endpoint
ALT002833,Godavari Chemicals,low,2026-02-07 06:41:49,2026-02-07 10:24:41,no,Escalated to L2 after confirming lateral movement indicators on HOST-6716. Monitoring continued for 48 hours.,IoT Device
ALT001545,Konkan Maritime Ltd,critical,2026-03-11 01:38:51,2026-03-11 12:09:28,yes,Sandbox detonation of attachment returned no malicious behaviour. No further action required.,Server
ALT000003,Meridian Trust Bank,medium,2026-05-21 22:01:47,2026-05-21 22:04:16,no,"checked, ok",Network Device
ALT002069,Bharat Telecom Networks,low,2026-01-17 09:49:18,2026-01-17 14:07:45,no,Identified misconfigured scanner generating repeat alerts; owner notified. Added to suppression list after approval.,Firewall
ALT000109,Meridian Trust Bank,high,2026-01-29 02:34:51,,no,n/a,IoT Device
ALT000730,Arcadia Defence Systems,low,2026-01-20 01:10:27,2026-01-20 03:21:36,no,Isolated endpoint HOST-1279 for forensic triage; full disk scan returned clean.,Cloud Workload
ALT001670,Deccan Health Network,low,2026-06-26 18:40:56,2026-06-26 22:28:56,no,Matched pattern against known false-positive rule FP-97853; tuning request raised. Monitoring continued for 48 hours.,Identity Provider
ALT000886,Arcadia Defence Systems,high,2026-06-29 19:56:52,2026-06-30 01:42:41,no,Reviewed privileged access logs; elevation was approved under ticket REQ-92792. Handed to IR team for deeper review.,Firewall
ALT001161,Arcadia Defence Systems,critical,2026-06-21 07:46:11,2026-06-21 11:08:28,yes,Reviewed source IP 10.43.29.180 against internal threat intel; no IOC match. No further action required.,Firewall
ALT001662,Deccan Health Network,low,2026-06-04 07:52:51,2026-06-04 11:19:56,no,Reset credentials for schen as precaution; no evidence of compromise. Closed as benign positive.,Server
ALT004590,Pennar Cement Industries,low,2026-03-11 06:38:37,2026-03-11 09:21:21,no,Confirmed with asset owner that HOST-3762 was undergoing patch deployment. Handed to IR team for deeper review.,Network Device
ALT001347,Arcadia Defence Systems,low,2026-06-16 01:35:57,2026-06-16 05:56:36,no,Traced outbound connection to approved vendor endpoint; verified against allowlist. Ticket closed with owner sign-off.,Network Device
ALT002876,Himalayan Healthcare Network,low,2026-05-11 12:52:48,2026-05-11 16:44:18,no,Matched pattern against known false-positive rule FP-14088; tuning request raised. Handed to IR team for deeper review.,Server
ALT004604,Pennar Cement Industries,medium,2026-01-17 12:03:57,2026-01-17 18:00:49,no,Coordinated with network team; ACL change on HOST-5728 explains traffic shift. No further action required.,Identity Provider
ALT001785,Deccan Health Network,medium,2026-01-02 06:14:53,2026-01-02 10:51:30,no,"checked, ok",Firewall
ALT002671,Eastern Grid Utility,low,2026-05-23 11:11:23,2026-05-23 15:21:29,no,Coordinated with network team; ACL change on HOST-5888 explains traffic shift. Monitoring continued for 48 hours.,Identity Provider
ALT003040,Himalayan Healthcare Network,critical,2026-04-09 13:24:15,2026-04-09 17:07:01,yes,Confirmed with asset owner that HOST-8644 was undergoing patch deployment. Monitoring continued for 48 hours.,Database
ALT000306,Kaveri Power Holdings,high,2026-03-19 05:34:51,2026-03-19 05:36:21,no,Coordinated with network team; ACL change on HOST-2386 explains traffic shift. Root cause documented in case notes.,Database
ALT002263,Bharat Telecom Networks,low,2026-05-21 08:57:59,2026-05-21 13:11:41,yes,Reset credentials for apatel as precaution; no evidence of compromise. Added to suppression list after approval.,Endpoint
ALT001286,Arcadia Defence Systems,high,2026-03-10 21:06:34,2026-03-11 01:45:30,yes,"Checked DNS query history; domain registered 400+ days ago, low risk profile. Ticket closed with owner sign-off.",Firewall
ALT001348,Arcadia Defence Systems,low,2026-01-18 23:56:16,2026-01-19 03:51:00,no,Reviewed EDR telemetry timeline; parent process traced to legitimate installer. Added to suppression list after approval.,IoT Device
ALT004160,Narmada Steel Works,medium,2026-04-02 15:21:44,2026-04-02 19:45:03,yes,Identified misconfigured scanner generating repeat alerts; owner notified. Ticket closed with owner sign-off.,Database
ALT004510,Pennar Cement Industries,low,2026-04-07 16:35:53,2026-04-07 19:08:34,no,Identified misconfigured scanner generating repeat alerts; owner notified. Closed as benign positive.,Database
ALT004614,Pennar Cement Industries,critical,2026-04-23 21:10:24,2026-04-23 23:31:56,yes,Escalated to L2 after confirming lateral movement indicators on HOST-5004. Root cause documented in case notes.,Endpoint
ALT004306,Orissa Mining Federation,medium,2026-03-08 15:00:41,2026-03-08 20:50:19,no,Reviewed source IP 10.36.70.76 against internal threat intel; no IOC match. No further action required.,Server
ALT002548,Eastern Grid Utility,low,2026-03-07 03:26:48,2026-03-07 08:46:35,yes,Correlated with authentication logs for user apatel; prior successful VPN session confirmed. No further action required.,Server
ALT001612,Konkan Maritime Ltd,medium,2026-03-31 23:33:39,2026-04-01 09:18:18,yes,Confirmed geolocation anomaly caused by corporate VPN egress node change. Handed to IR team for deeper review.,Server
ALT000380,Kaveri Power Holdings,medium,2026-01-24 00:42:24,2026-01-24 03:19:37,no,n/a,Cloud Workload
ALT002655,Eastern Grid Utility,low,2026-05-28 16:59:39,2026-05-28 20:41:47,no,Blocked source 10.47.15.91 at perimeter firewall pending further investigation. Closed as benign positive.,Identity Provider
ALT004619,Pennar Cement Industries,low,2026-06-21 09:01:06,2026-06-21 11:23:00,no,"Checked DNS query history; domain registered 400+ days ago, low risk profile. Root cause documented in case notes.",Cloud Workload
ALT002447,Cauvery Logistics Corp,medium,2026-04-30 19:09:32,2026-05-01 01:07:54,no,Correlated with authentication logs for user tgeorge; prior successful VPN session confirmed. No further action required.,IoT Device
ALT000844,Arcadia Defence Systems,critical,2026-06-29 08:59:33,2026-06-29 11:45:04,yes,"Checked DNS query history; domain registered 400+ days ago, low risk profile. No further action required.",Network Device
ALT004037,Malabar Gas Pipelines,low,2026-02-07 19:46:04,2026-02-07 21:49:14,no,Coordinated with network team; ACL change on HOST-6268 explains traffic shift. Added to suppression list after approval.,Database
ALT003450,Jupiter Aviation Control,low,2026-04-18 01:17:39,2026-04-18 06:54:06,no,Escalated to L2 after confirming lateral movement indicators on HOST-3319. Root cause documented in case notes.,Endpoint
ALT001113,Arcadia Defence Systems,medium,2026-04-12 18:14:00,2026-04-12 23:17:15,no,Confirmed geolocation anomaly caused by corporate VPN egress node change. Root cause documented in case notes.,Cloud Workload
ALT000283,Meridian Trust Bank,low,2026-03-21 11:26:18,2026-03-21 11:28:33,no,"checked, ok",Cloud Workload
ALT002463,Cauvery Logistics Corp,low,2026-05-24 23:04:35,2026-05-25 03:07:22,no,Compared hash against VirusTotal offline signature set; no detections.,Firewall
ALT002315,Cauvery Logistics Corp,low,2026-04-23 18:29:03,2026-04-23 22:12:30,yes,Traced outbound connection to approved vendor endpoint; verified against allowlist. Root cause documented in case notes.,Cloud Workload
ALT000528,Saraswati Rail Network,low,2026-04-02 21:40:54,2026-04-03 00:37:02,no,Documented as benign positive; rule threshold adjusted after peer review. No further action required.,Server
ALT000840,Arcadia Defence Systems,low,2026-06-05 12:27:11,2026-06-05 14:42:44,no,Verified backup job schedule; traffic volume consistent with nightly replication. Root cause documented in case notes.,Cloud Workload
ALT001237,Arcadia Defence Systems,low,2026-05-19 20:24:49,2026-05-20 00:51:27,no,Matched pattern against known false-positive rule FP-79423; tuning request raised. Added to suppression list after approval.,IoT Device
ALT001601,Konkan Maritime Ltd,high,2026-02-12 17:13:50,2026-02-13 02:17:34,yes,Documented as benign positive; rule threshold adjusted after peer review. Closed as benign positive.,Server
ALT003455,Jupiter Aviation Control,medium,2026-04-10 17:21:02,2026-04-10 19:29:28,no,Reviewed EDR telemetry timeline; parent process traced to legitimate installer. Handed to IR team for deeper review.,Database
ALT003253,Indus Financial Services,low,2026-05-27 07:35:01,2026-05-27 13:18:57,yes,Validated certificate chain; expired intermediate replaced by infrastructure team. Closed as benign positive.,Identity Provider
ALT000087,Meridian Trust Bank,high,2026-02-11 15:36:52,2026-02-11 15:40:52,no,"checked, ok",IoT Device
ALT001423,Arcadia Defence Systems,low,2026-01-22 19:24:03,2026-01-22 22:09:03,no,Reviewed EDR telemetry timeline; parent process traced to legitimate installer. Monitoring continued for 48 hours.,Server
ALT000468,Kaveri Power Holdings,low,2026-01-25 10:03:20,2026-01-25 15:06:35,no,Validated certificate chain; expired intermediate replaced by infrastructure team. No further action required.,Firewall
ALT002607,Eastern Grid Utility,low,2026-01-29 13:27:13,2026-01-29 16:57:32,no,Blocked source 10.37.64.235 at perimeter firewall pending further investigation. Root cause documented in case notes.,Cloud Workload
ALT004426,Orissa Mining Federation,low,2026-03-13 21:44:41,2026-03-14 01:54:22,yes,Ran memory capture on HOST-4228; no injected process artefacts identified. Monitoring continued for 48 hours.,Database
ALT001506,Konkan Maritime Ltd,high,2026-03-09 02:15:45,2026-03-09 13:34:57,yes,Reviewed EDR telemetry timeline; parent process traced to legitimate installer.,Server
ALT000122,Meridian Trust Bank,low,2026-05-31 03:49:01,2026-05-31 03:50:04,no,"checked, ok",Server
ALT003390,Jupiter Aviation Control,medium,2026-03-03 23:46:49,2026-03-04 04:11:43,no,Compared hash against VirusTotal offline signature set; no detections. Root cause documented in case notes.,Database
ALT000156,Meridian Trust Bank,low,2026-06-10 14:37:55,2026-06-10 14:39:45,no,"checked, ok",Cloud Workload
ALT001867,Apex Power Grid Ltd,medium,2026-02-25 03:37:49,2026-02-25 06:20:31,no,Queried SIEM for related events across 24h window; no corroborating activity found. Monitoring continued for 48 hours.,IoT Device
ALT003570,Krishna Port Authority,medium,2026-01-24 01:10:57,2026-01-24 03:18:36,no,Reviewed privileged access logs; elevation was approved under ticket REQ-51811. Closed as benign positive.,Database
ALT001028,Arcadia Defence Systems,low,2026-05-03 15:17:40,2026-05-03 19:29:05,yes,Coordinated with network team; ACL change on HOST-3242 explains traffic shift. No further action required.,Cloud Workload
ALT000089,Meridian Trust Bank,low,2026-04-02 22:39:21,2026-04-02 22:40:42,no,n/a,Cloud Workload
ALT002151,Bharat Telecom Networks,low,2026-02-26 21:37:10,2026-02-27 03:12:54,no,Identified misconfigured scanner generating repeat alerts; owner notified. No further action required.,Endpoint
ALT003184,Indus Financial Services,medium,2026-01-09 20:01:19,,yes,Ran memory capture on HOST-8920; no injected process artefacts identified. No further action required.,Identity Provider
ALT001007,Arcadia Defence Systems,low,2026-01-22 03:22:21,2026-01-22 07:53:26,no,Contacted user jsmith via Teams; confirmed they initiated the session from Mumbai office. Root cause documented in case notes.,Cloud Workload
ALT001019,Arcadia Defence Systems,medium,2026-02-14 17:15:40,2026-02-14 19:31:44,no,Blocked source 10.15.60.108 at perimeter firewall pending further investigation. Root cause documented in case notes.,Cloud Workload
ALT004538,Pennar Cement Industries,low,2026-05-19 23:39:36,2026-05-20 05:37:04,no,Reviewed source IP 10.15.51.90 against internal threat intel; no IOC match. Monitoring continued for 48 hours.,Network Device
ALT001290,Arcadia Defence Systems,low,2026-04-16 07:12:41,2026-04-16 09:41:12,no,Coordinated with network team; ACL change on HOST-2824 explains traffic shift. Added to suppression list after approval.,Identity Provider
ALT001967,Apex Power Grid Ltd,medium,2026-04-06 13:03:20,2026-04-06 18:59:46,no,Validated certificate chain; expired intermediate replaced by infrastructure team. Handed to IR team for deeper review.,Server
ALT000335,Kaveri Power Holdings,low,2026-02-08 05:56:50,2026-02-08 09:33:43,no,n/a,Server
ALT003587,Krishna Port Authority,high,2026-06-14 13:26:41,2026-06-14 16:33:10,no,Contacted user apatel via Teams; confirmed they initiated the session from Mumbai office. Handed to IR team for deeper review.,Firewall
ALT004113,Narmada Steel Works,low,2026-01-22 23:20:56,2026-01-23 02:46:51,yes,Ran memory capture on HOST-7495; no injected process artefacts identified. Added to suppression list after approval.,IoT Device
ALT000015,Meridian Trust Bank,low,2026-06-24 18:12:47,2026-06-24 18:16:14,no,n/a,Firewall
ALT004644,Pennar Cement Industries,high,2026-02-03 17:56:54,2026-02-03 22:16:33,no,Compared hash against VirusTotal offline signature set; no detections. Ticket closed with owner sign-off.,Server
ALT000618,Nilgiri Water Authority,low,2026-05-24 09:58:37,2026-05-24 14:29:38,no,Confirmed geolocation anomaly caused by corporate VPN egress node change.,Database
ALT001187,Arcadia Defence Systems,critical,2026-05-10 01:16:17,2026-05-10 06:10:24,yes,Validated certificate chain; expired intermediate replaced by infrastructure team.,Database
ALT000806,Arcadia Defence Systems,low,2026-04-10 02:45:51,2026-04-10 07:16:32,no,Traced outbound connection to approved vendor endpoint; verified against allowlist. Monitoring continued for 48 hours.,Network Device
ALT000715,Arcadia Defence Systems,critical,2026-01-23 14:01:24,2026-01-23 17:32:08,yes,Reviewed EDR telemetry timeline; parent process traced to legitimate installer. Ticket closed with owner sign-off.,IoT Device
ALT001946,Apex Power Grid Ltd,low,2026-03-18 21:13:33,2026-03-19 00:10:30,no,Cross-referenced with change management ticket CHG-18033; scheduled maintenance window. Monitoring continued for 48 hours.,Endpoint
ALT002919,Himalayan Healthcare Network,medium,2026-03-28 04:13:56,2026-03-28 09:01:38,no,Ran memory capture on HOST-5335; no injected process artefacts identified. No further action required.,Identity Provider
ALT002423,Cauvery Logistics Corp,low,2026-04-08 09:23:12,2026-04-08 13:34:03,no,Reviewed EDR telemetry timeline; parent process traced to legitimate installer. Closed as benign positive.,IoT Device
ALT003338,Jupiter Aviation Control,medium,2026-05-07 06:22:40,2026-05-07 10:32:35,yes,"Checked DNS query history; domain registered 400+ days ago, low risk profile. Ticket closed with owner sign-off.",Cloud Workload
ALT003956,Malabar Gas Pipelines,medium,2026-03-21 21:33:11,2026-03-22 01:52:50,no,Reviewed privileged access logs; elevation was approved under ticket REQ-11179. Closed as benign positive.,Network Device
ALT001038,Arcadia Defence Systems,critical,2026-04-04 08:46:39,2026-04-04 12:47:30,yes,Coordinated with network team; ACL change on HOST-1023 explains traffic shift. No further action required.,Identity Provider
ALT001869,Apex Power Grid Ltd,low,2026-05-09 10:26:49,2026-05-09 14:07:54,no,Documented as benign positive; rule threshold adjusted after peer review. Closed as benign positive.,Identity Provider
ALT004321,Orissa Mining Federation,medium,2026-04-07 13:42:28,2026-04-07 17:01:56,no,Cross-referenced with change management ticket CHG-38777; scheduled maintenance window. Handed to IR team for deeper review.,Network Device
ALT003934,Malabar Gas Pipelines,low,2026-01-27 10:44:05,2026-01-27 13:58:41,yes,Reset credentials for mfernandes as precaution; no evidence of compromise. Root cause documented in case notes.,Firewall
ALT000708,Nilgiri Water Authority,low,2026-05-29 00:24:23,2026-05-29 03:56:47,yes,Traced outbound connection to approved vendor endpoint; verified against allowlist. Closed as benign positive.,Cloud Workload
ALT003508,Krishna Port Authority,medium,2026-02-26 16:30:25,2026-02-26 20:04:38,no,Reviewed source IP 10.25.229.45 against internal threat intel; no IOC match. No further action required.,Cloud Workload
ALT001145,Arcadia Defence Systems,low,2026-04-04 15:46:24,2026-04-04 19:47:23,no,Validated certificate chain; expired intermediate replaced by infrastructure team. Added to suppression list after approval.,Server
ALT004071,Malabar Gas Pipelines,medium,2026-02-14 23:16:10,2026-02-15 03:48:14,no,Cross-referenced with change management ticket CHG-50520; scheduled maintenance window. Root cause documented in case notes.,Endpoint
ALT004187,Narmada Steel Works,medium,2026-05-14 00:53:35,2026-05-14 04:52:18,no,Contacted user dnair via Teams; confirmed they initiated the session from Mumbai office. Handed to IR team for deeper review.,Cloud Workload
ALT004592,Pennar Cement Industries,medium,2026-06-30 16:28:12,2026-06-30 21:06:18,no,,Database
ALT000791,Arcadia Defence Systems,low,2026-06-04 07:20:17,2026-06-04 11:35:32,no,Validated certificate chain; expired intermediate replaced by infrastructure team. Added to suppression list after approval.,Database
ALT000641,Nilgiri Water Authority,medium,2026-06-10 06:06:21,2026-06-10 12:04:31,no,Reviewed EDR telemetry timeline; parent process traced to legitimate installer. Ticket closed with owner sign-off.,Identity Provider
ALT002349,Cauvery Logistics Corp,medium,2026-03-22 17:25:13,2026-03-22 20:50:52,no,Validated certificate chain; expired intermediate replaced by infrastructure team.,IoT Device
ALT001288,Arcadia Defence Systems,low,2026-05-22 09:29:50,2026-05-22 12:48:38,no,"Checked DNS query history; domain registered 400+ days ago, low risk profile. Handed to IR team for deeper review.",Database
ALT000190,Meridian Trust Bank,low,2026-03-16 05:11:38,2026-03-16 05:13:23,no,"checked, ok",Server
ALT001564,Konkan Maritime Ltd,critical,2026-02-21 05:33:41,2026-02-21 17:07:29,yes,Validated certificate chain; expired intermediate replaced by infrastructure team. Monitoring continued for 48 hours.,Server
ALT000229,Meridian Trust Bank,low,2026-04-17 10:05:31,2026-04-17 10:07:24,no,"checked, ok",Database
ALT001570,Konkan Maritime Ltd,critical,2026-01-29 11:36:17,2026-01-29 21:16:59,yes,Matched pattern against known false-positive rule FP-86166; tuning request raised. Ticket closed with owner sign-off.,Server
ALT002420,Cauvery Logistics Corp,critical,2026-04-26 18:24:36,2026-04-26 23:08:54,yes,Coordinated with network team; ACL change on HOST-7831 explains traffic shift.,Database
ALT002150,Bharat Telecom Networks,low,2026-06-02 12:38:45,2026-06-02 14:42:12,no,Matched pattern against known false-positive rule FP-47985; tuning request raised. Monitoring continued for 48 hours.,Identity Provider
ALT003686,Lakshmi Insurance Group,low,2026-05-10 12:44:38,2026-05-10 16:55:58,no,Reviewed source IP 10.55.83.242 against internal threat intel; no IOC match. Handed to IR team for deeper review.,Server
ALT002498,Eastern Grid Utility,low,2026-03-04 05:47:14,,no,Documented as benign positive; rule threshold adjusted after peer review. Handed to IR team for deeper review.,Network Device
ALT001374,Arcadia Defence Systems,medium,2026-05-23 13:36:08,2026-05-23 17:22:52,yes,Traced outbound connection to approved vendor endpoint; verified against allowlist. Added to suppression list after approval.,Firewall
ALT002757,Godavari Chemicals,medium,2026-05-08 10:06:15,2026-05-08 13:36:29,no,Traced outbound connection to approved vendor endpoint; verified against allowlist. No further action required.,Network Device
ALT002788,Godavari Chemicals,low,2026-01-24 22:42:01,2026-01-25 03:26:08,no,Verified backup job schedule; traffic volume consistent with nightly replication. Monitoring continued for 48 hours.,Endpoint
ALT003370,Jupiter Aviation Control,medium,2026-06-08 11:55:42,2026-06-08 13:59:23,no,Isolated endpoint HOST-5617 for forensic triage; full disk scan returned clean. Root cause documented in case notes.,Firewall
ALT002830,Godavari Chemicals,low,2026-05-21 10:18:11,2026-05-21 16:08:16,no,Blocked source 10.31.184.217 at perimeter firewall pending further investigation. No further action required.,Endpoint
ALT000130,Meridian Trust Bank,medium,2026-01-15 16:53:35,2026-01-15 16:54:43,no,n/a,Endpoint
ALT000464,Kaveri Power Holdings,low,2026-04-30 13:31:56,2026-04-30 17:54:15,no,Matched pattern against known false-positive rule FP-34898; tuning request raised. Handed to IR team for deeper review.,IoT Device
ALT000744,Arcadia Defence Systems,low,2026-05-24 08:35:34,2026-05-24 14:28:20,yes,Compared hash against VirusTotal offline signature set; no detections. Root cause documented in case notes.,Endpoint
ALT002386,Cauvery Logistics Corp,medium,2026-05-14 07:17:12,2026-05-14 12:59:33,no,Compared hash against VirusTotal offline signature set; no detections. Added to suppression list after approval.,Endpoint
ALT004401,Orissa Mining Federation,medium,2026-05-07 00:25:50,2026-05-07 02:26:01,no,Cross-referenced with change management ticket CHG-19891; scheduled maintenance window. Monitoring continued for 48 hours.,Network Device
ALT003515,Krishna Port Authority,low,2026-03-01 15:58:26,2026-03-01 18:21:33,no,Escalated to L2 after confirming lateral movement indicators on HOST-2974. Ticket closed with owner sign-off.,Firewall
ALT004570,Pennar Cement Industries,medium,2026-06-02 17:15:52,2026-06-02 20:51:25,no,Reviewed EDR telemetry timeline; parent process traced to legitimate installer. Root cause documented in case notes.,Identity Provider
ALT003011,Himalayan Healthcare Network,low,2026-04-30 11:38:16,2026-04-30 16:18:08,no,Compared hash against VirusTotal offline signature set; no detections. Ticket closed with owner sign-off.,Identity Provider
ALT004624,Pennar Cement Industries,medium,2026-05-31 06:11:25,2026-05-31 09:30:18,no,Reset credentials for rkumar as precaution; no evidence of compromise. Closed as benign positive.,Cloud Workload
ALT004438,Orissa Mining Federation,low,2026-05-09 15:24:02,2026-05-09 21:04:17,no,Analysed PCAP sample; payload matched benign monitoring agent heartbeat. Monitoring continued for 48 hours.,Server
ALT003945,Malabar Gas Pipelines,low,2026-01-01 12:48:42,2026-01-01 18:12:29,no,Contacted user dnair via Teams; confirmed they initiated the session from Mumbai office. Ticket closed with owner sign-off.,IoT Device
ALT000370,Kaveri Power Holdings,critical,2026-06-15 18:07:57,2026-06-15 18:10:23,no,Identified misconfigured scanner generating repeat alerts; owner notified.,Firewall
ALT002517,Eastern Grid Utility,medium,2026-03-01 03:23:13,2026-03-01 08:07:34,no,Blocked source 10.8.134.76 at perimeter firewall pending further investigation. Added to suppression list after approval.,Cloud Workload
ALT002381,Cauvery Logistics Corp,critical,2026-05-26 08:11:34,2026-05-26 11:02:35,no,Ran memory capture on HOST-8708; no injected process artefacts identified.,Identity Provider
ALT003766,Lakshmi Insurance Group,medium,2026-06-08 17:33:44,2026-06-08 22:13:52,no,Verified backup job schedule; traffic volume consistent with nightly replication. Handed to IR team for deeper review.,Firewall
ALT002529,Eastern Grid Utility,medium,2026-04-25 00:15:53,2026-04-25 05:15:15,no,Escalated to L2 after confirming lateral movement indicators on HOST-5349. Root cause documented in case notes.,IoT Device
ALT000826,Arcadia Defence Systems,medium,2026-06-04 17:24:14,2026-06-04 20:43:40,no,Reviewed privileged access logs; elevation was approved under ticket REQ-46648. Monitoring continued for 48 hours.,IoT Device
ALT004322,Orissa Mining Federation,high,2026-01-28 08:30:08,2026-01-28 11:40:40,yes,Confirmed with asset owner that HOST-2382 was undergoing patch deployment. Added to suppression list after approval.,Cloud Workload
ALT003489,Krishna Port Authority,medium,2026-02-16 23:02:13,2026-02-17 04:06:29,no,Coordinated with network team; ACL change on HOST-8316 explains traffic shift.,Server
ALT001711,Deccan Health Network,low,2026-06-25 19:05:02,2026-06-26 00:00:33,no,"checked, ok",Cloud Workload
ALT002029,Apex Power Grid Ltd,medium,2026-05-26 11:19:16,2026-05-26 15:32:24,yes,Compared hash against VirusTotal offline signature set; no detections. Ticket closed with owner sign-off.,IoT Device
ALT004121,Narmada Steel Works,low,2026-01-17 19:15:12,2026-01-17 21:30:14,yes,"Checked DNS query history; domain registered 400+ days ago, low risk profile. Handed to IR team for deeper review.",IoT Device
ALT002921,Himalayan Healthcare Network,critical,2026-03-09 23:29:42,2026-03-10 02:41:23,no,Matched pattern against known false-positive rule FP-96958; tuning request raised. Added to suppression list after approval.,IoT Device
ALT001851,Deccan Health Network,high,2026-01-11 02:49:38,2026-01-11 02:54:19,no,Queried SIEM for related events across 24h window; no corroborating activity found. No further action required.,Network Device
ALT003381,Jupiter Aviation Control,low,2026-04-10 20:23:58,2026-04-10 23:13:14,no,Queried SIEM for related events across 24h window; no corroborating activity found. Added to suppression list after approval.,Endpoint
ALT000752,Arcadia Defence Systems,high,2026-03-11 08:32:22,2026-03-11 10:38:07,no,Cross-referenced with change management ticket CHG-23863; scheduled maintenance window. Added to suppression list after approval.,Firewall
ALT003742,Lakshmi Insurance Group,low,2026-04-30 08:20:56,2026-04-30 10:28:59,no,Coordinated with network team; ACL change on HOST-4350 explains traffic shift. Closed as benign positive.,Server
ALT003627,Krishna Port Authority,low,2026-02-12 18:53:49,2026-02-12 23:12:49,no,Analysed PCAP sample; payload matched benign monitoring agent heartbeat. Root cause documented in case notes.,IoT Device
ALT004001,Malabar Gas Pipelines,medium,2026-04-28 13:37:58,2026-04-28 17:07:33,no,Identified misconfigured scanner generating repeat alerts; owner notified. Closed as benign positive.,Database
ALT002724,Godavari Chemicals,low,2026-04-01 14:39:28,2026-04-01 19:15:18,no,Escalated to L2 after confirming lateral movement indicators on HOST-2043.,Endpoint
ALT002070,Bharat Telecom Networks,medium,2026-04-14 22:49:40,2026-04-15 01:09:15,no,Coordinated with network team; ACL change on HOST-6567 explains traffic shift. Ticket closed with owner sign-off.,Identity Provider
ALT004529,Pennar Cement Industries,high,2026-06-13 15:36:20,2026-06-13 17:53:15,no,Reviewed privileged access logs; elevation was approved under ticket REQ-46479.,Server
ALT001705,Deccan Health Network,critical,2026-04-18 18:06:01,2026-04-18 18:08:09,yes,closed,Identity Provider
ALT000572,Nilgiri Water Authority,medium,2026-06-09 09:58:58,2026-06-09 15:18:20,no,Reviewed EDR telemetry timeline; parent process traced to legitimate installer. Monitoring continued for 48 hours.,Endpoint
ALT003500,Krishna Port Authority,medium,2026-06-19 00:06:59,2026-06-19 04:01:45,no,Reset credentials for rkumar as precaution; no evidence of compromise. Root cause documented in case notes.,Identity Provider
ALT002452,Cauvery Logistics Corp,low,2026-03-12 06:20:33,2026-03-12 09:37:28,no,Reviewed privileged access logs; elevation was approved under ticket REQ-85135. No further action required.,Firewall
ALT003001,Himalayan Healthcare Network,low,2026-05-24 19:30:06,2026-05-25 00:09:47,no,,Cloud Workload
ALT000240,Meridian Trust Bank,medium,2026-05-16 03:10:43,2026-05-16 03:14:37,no,"checked, ok",Server
ALT002421,Cauvery Logistics Corp,medium,2026-06-22 03:16:21,2026-06-22 05:53:18,no,Blocked source 10.42.82.17 at perimeter firewall pending further investigation. No further action required.,IoT Device
ALT000159,Meridian Trust Bank,critical,2026-02-07 23:24:23,2026-02-07 23:27:23,no,"checked, ok",Network Device
ALT002912,Himalayan Healthcare Network,low,2026-02-20 12:56:40,2026-02-20 18:34:11,yes,Compared hash against VirusTotal offline signature set; no detections. No further action required.,Firewall
ALT003759,Lakshmi Insurance Group,medium,2026-04-30 12:50:23,2026-04-30 17:36:06,no,Queried SIEM for related events across 24h window; no corroborating activity found. Added to suppression list after approval.,IoT Device
ALT000988,Arcadia Defence Systems,low,2026-03-11 23:45:19,2026-03-12 03:03:42,no,Matched pattern against known false-positive rule FP-45108; tuning request raised.,Endpoint
ALT004548,Pennar Cement Industries,medium,2026-04-03 12:05:48,2026-04-03 14:41:58,no,Confirmed with asset owner that HOST-3067 was undergoing patch deployment. Monitoring continued for 48 hours.,Identity Provider
ALT004072,Narmada Steel Works,low,2026-02-20 14:12:00,2026-02-20 16:49:45,no,Coordinated with network team; ACL change on HOST-2504 explains traffic shift. Root cause documented in case notes.,Network Device
ALT002863,Himalayan Healthcare Network,low,2026-04-22 18:15:53,2026-04-22 22:58:52,no,Confirmed with asset owner that HOST-5375 was undergoing patch deployment. Closed as benign positive.,Cloud Workload
ALT004246,Narmada Steel Works,low,2026-05-12 12:59:43,2026-05-12 18:56:20,no,Ran memory capture on HOST-4902; no injected process artefacts identified. Added to suppression list after approval.,Firewall
ALT002979,Himalayan Healthcare Network,high,2026-06-11 16:47:04,2026-06-11 20:32:25,yes,Identified misconfigured scanner generating repeat alerts; owner notified. No further action required.,Network Device
ALT002425,Cauvery Logistics Corp,medium,2026-02-18 05:15:29,2026-02-18 09:54:29,no,Matched pattern against known false-positive rule FP-15777; tuning request raised. Root cause documented in case notes.,Firewall
ALT002354,Cauvery Logistics Corp,high,2026-01-08 03:18:00,2026-01-08 06:41:37,no,,Endpoint
ALT003314,Jupiter Aviation Control,low,2026-06-17 16:27:36,2026-06-17 20:26:05,no,Isolated endpoint HOST-8409 for forensic triage; full disk scan returned clean. Ticket closed with owner sign-off.,Server
ALT000358,Kaveri Power Holdings,low,2026-02-11 17:23:07,2026-02-11 20:01:44,no,Reviewed source IP 10.7.232.145 against internal threat intel; no IOC match. Root cause documented in case notes.,IoT Device
ALT002531,Eastern Grid Utility,high,2026-03-30 03:04:37,2026-03-30 06:53:44,no,Compared hash against VirusTotal offline signature set; no detections. Added to suppression list after approval.,Server
ALT001474,Konkan Maritime Ltd,critical,2026-05-29 10:55:03,2026-05-29 22:21:55,yes,,Cloud Workload
ALT003653,Krishna Port Authority,low,2026-01-22 16:19:01,2026-01-22 20:27:25,yes,Confirmed with asset owner that HOST-2296 was undergoing patch deployment. Closed as benign positive.,Endpoint
ALT001407,Arcadia Defence Systems,critical,2026-01-04 02:24:21,2026-01-04 06:30:54,no,"Checked DNS query history; domain registered 400+ days ago, low risk profile. Root cause documented in case notes.",Server
ALT002080,Bharat Telecom Networks,low,2026-06-19 10:54:19,2026-06-19 13:52:23,no,Cross-referenced with change management ticket CHG-18621; scheduled maintenance window. Added to suppression list after approval.,IoT Device
ALT004120,Narmada Steel Works,medium,2026-02-01 02:08:06,2026-02-01 04:12:57,no,Blocked source 10.13.182.138 at perimeter firewall pending further investigation. No further action required.,Endpoint
ALT002113,Bharat Telecom Networks,low,2026-03-16 09:54:55,2026-03-16 12:10:58,no,Identified misconfigured scanner generating repeat alerts; owner notified. Root cause documented in case notes.,Network Device
ALT002904,Himalayan Healthcare Network,low,2026-05-26 18:29:03,2026-05-26 21:08:40,no,Compared hash against VirusTotal offline signature set; no detections. No further action required.,Endpoint
ALT000256,Meridian Trust Bank,high,2026-05-23 13:45:45,2026-05-23 13:50:06,no,"checked, ok",Network Device
ALT003964,Malabar Gas Pipelines,critical,2026-04-07 20:54:00,2026-04-07 23:08:22,yes,Coordinated with network team; ACL change on HOST-5388 explains traffic shift. Added to suppression list after approval.,Identity Provider
ALT002440,Cauvery Logistics Corp,low,2026-03-24 11:31:54,2026-03-24 14:28:40,no,Reset credentials for kiyer as precaution; no evidence of compromise. Ticket closed with owner sign-off.,Identity Provider
ALT000770,Arcadia Defence Systems,low,2026-04-05 19:55:39,2026-04-05 23:32:41,no,Escalated to L2 after confirming lateral movement indicators on HOST-2733. Handed to IR team for deeper review.,Identity Provider
ALT000966,Arcadia Defence Systems,low,2026-03-09 09:23:38,2026-03-09 11:56:41,no,Reset credentials for jsmith as precaution; no evidence of compromise. Root cause documented in case notes.,Identity Provider
ALT003474,Krishna Port Authority,low,2026-06-29 14:18:38,2026-06-29 17:48:26,yes,Queried SIEM for related events across 24h window; no corroborating activity found. Closed as benign positive.,Firewall
ALT000639,Nilgiri Water Authority,medium,2026-06-16 07:14:25,2026-06-16 11:31:47,yes,Reviewed privileged access logs; elevation was approved under ticket REQ-69012. Handed to IR team for deeper review.,Firewall
ALT000817,Arcadia Defence Systems,low,2026-02-28 21:09:15,2026-02-28 23:37:25,no,Reviewed privileged access logs; elevation was approved under ticket REQ-23534. Added to suppression list after approval.,IoT Device
ALT003152,Indus Financial Services,low,2026-04-27 01:27:32,2026-04-27 06:26:53,no,Analysed PCAP sample; payload matched benign monitoring agent heartbeat. Monitoring continued for 48 hours.,Endpoint
ALT001444,Arcadia Defence Systems,low,2026-02-17 08:48:18,2026-02-17 14:05:57,no,Reset credentials for dnair as precaution; no evidence of compromise. Closed as benign positive.,Database
ALT001725,Deccan Health Network,low,2026-02-24 10:37:45,2026-02-24 16:11:17,no,Matched pattern against known false-positive rule FP-55191; tuning request raised. Monitoring continued for 48 hours.,Identity Provider
ALT001425,Arcadia Defence Systems,low,2026-03-26 08:22:33,2026-03-26 11:55:49,no,,Database
ALT001492,Konkan Maritime Ltd,high,2026-04-21 23:06:22,2026-04-22 11:00:40,no,Escalated to L2 after confirming lateral movement indicators on HOST-6364. Root cause documented in case notes.,Identity Provider
ALT000863,Arcadia Defence Systems,high,2026-01-23 23:59:20,2026-01-24 05:50:18,no,Analysed PCAP sample; payload matched benign monitoring agent heartbeat. Added to suppression list after approval.,Identity Provider
ALT001914,Apex Power Grid Ltd,medium,2026-03-17 02:12:54,2026-03-17 05:33:24,no,Verified backup job schedule; traffic volume consistent with nightly replication. No further action required.,Network Device
ALT001609,Konkan Maritime Ltd,high,2026-03-19 08:24:26,2026-03-19 19:45:29,yes,,Cloud Workload
ALT000559,Nilgiri Water Authority,low,2026-02-13 01:48:58,2026-02-13 07:32:00,no,"Checked DNS query history; domain registered 400+ days ago, low risk profile. No further action required.",Identity Provider
ALT000353,Kaveri Power Holdings,high,2026-04-30 07:35:48,2026-04-30 07:37:56,no,Identified misconfigured scanner generating repeat alerts; owner notified. Added to suppression list after approval.,Server
ALT004033,Malabar Gas Pipelines,critical,2026-04-27 20:55:03,2026-04-28 02:13:59,yes,Contacted user rkumar via Teams; confirmed they initiated the session from Mumbai office.,IoT Device
ALT002647,Eastern Grid Utility,medium,2026-06-30 02:02:50,2026-06-30 04:40:42,no,Verified backup job schedule; traffic volume consistent with nightly replication. Monitoring continued for 48 hours.,Cloud Workload
ALT000851,Arcadia Defence Systems,medium,2026-03-10 15:24:01,2026-03-10 20:13:37,no,,Network Device
ALT000904,Arcadia Defence Systems,low,2026-04-21 16:27:13,2026-04-21 22:10:17,no,Cross-referenced with change management ticket CHG-51476; scheduled maintenance window. No further action required.,Cloud Workload
ALT003534,Krishna Port Authority,low,2026-04-12 16:17:32,2026-04-12 18:25:20,no,Confirmed with asset owner that HOST-6884 was undergoing patch deployment. No further action required.,Database
ALT000695,Nilgiri Water Authority,low,2026-06-09 15:06:07,2026-06-09 17:09:37,no,Isolated endpoint HOST-3794 for forensic triage; full disk scan returned clean. Ticket closed with owner sign-off.,Firewall
ALT002241,Bharat Telecom Networks,low,2026-04-19 22:16:45,2026-04-20 02:08:47,yes,Reviewed source IP 10.47.33.181 against internal threat intel; no IOC match. Closed as benign positive.,Server
ALT001688,Deccan Health Network,medium,2026-04-21 18:45:39,2026-04-21 23:04:19,no,closed,Cloud Workload
ALT003356,Jupiter Aviation Control,medium,2026-06-04 11:09:15,2026-06-04 16:27:39,no,Contacted user mfernandes via Teams; confirmed they initiated the session from Mumbai office. Ticket closed with owner sign-off.,IoT Device
ALT000834,Arcadia Defence Systems,low,2026-05-26 22:10:32,2026-05-27 00:16:28,no,Compared hash against VirusTotal offline signature set; no detections. No further action required.,Cloud Workload
ALT002754,Godavari Chemicals,low,2026-05-05 10:21:46,2026-05-05 15:11:36,yes,Traced outbound connection to approved vendor endpoint; verified against allowlist. Root cause documented in case notes.,Server
ALT002292,Cauvery Logistics Corp,medium,2026-03-18 06:12:17,2026-03-18 09:39:37,no,Identified misconfigured scanner generating repeat alerts; owner notified. Ticket closed with owner sign-off.,Firewall
ALT000135,Meridian Trust Bank,low,2026-01-27 09:20:35,2026-01-27 09:22:22,no,n/a,Database
ALT003269,Jupiter Aviation Control,low,2026-06-19 15:42:10,2026-06-19 21:08:50,yes,Contacted user apatel via Teams; confirmed they initiated the session from Mumbai office. Ticket closed with owner sign-off.,Cloud Workload
ALT002717,Godavari Chemicals,low,2026-03-16 23:22:32,2026-03-17 02:16:29,no,Ran memory capture on HOST-6967; no injected process artefacts identified. Monitoring continued for 48 hours.,Database
ALT002538,Eastern Grid Utility,low,2026-02-21 21:55:07,2026-02-22 02:37:55,no,Matched pattern against known false-positive rule FP-70390; tuning request raised.,Cloud Workload
ALT004665,Pennar Cement Industries,medium,2026-01-02 20:10:51,2026-01-02 22:41:43,yes,Matched pattern against known false-positive rule FP-68853; tuning request raised. Monitoring continued for 48 hours.,Network Device
ALT003054,Himalayan Healthcare Network,medium,2026-04-04 08:13:20,2026-04-04 11:31:41,yes,Sandbox detonation of attachment returned no malicious behaviour. No further action required.,Firewall
ALT002964,Himalayan Healthcare Network,low,2026-01-08 10:33:50,2026-01-08 14:41:15,yes,Queried SIEM for related events across 24h window; no corroborating activity found. Root cause documented in case notes.,IoT Device
ALT001861,Deccan Health Network,high,2026-04-15 01:15:43,2026-04-15 06:20:22,no,Ran memory capture on HOST-9030; no injected process artefacts identified. No further action required.,Firewall
ALT002508,Eastern Grid Utility,low,2026-05-15 18:05:33,2026-05-15 22:58:16,no,Cross-referenced with change management ticket CHG-33498; scheduled maintenance window. No further action required.,Server
ALT001920,Apex Power Grid Ltd,low,2026-02-27 13:01:08,2026-02-27 17:24:39,no,Compared hash against VirusTotal offline signature set; no detections. Closed as benign positive.,Firewall
ALT003778,Lakshmi Insurance Group,medium,2026-05-17 21:59:17,2026-05-18 03:56:44,no,Coordinated with network team; ACL change on HOST-2361 explains traffic shift. Added to suppression list after approval.,IoT Device
ALT003275,Jupiter Aviation Control,high,2026-05-15 05:37:08,2026-05-15 07:59:16,no,Coordinated with network team; ACL change on HOST-1059 explains traffic shift. Closed as benign positive.,IoT Device
ALT000759,Arcadia Defence Systems,high,2026-02-05 12:54:55,2026-02-05 15:44:21,yes,Confirmed geolocation anomaly caused by corporate VPN egress node change. Closed as benign positive.,Identity Provider
ALT004534,Pennar Cement Industries,critical,2026-06-29 13:13:54,2026-06-29 17:57:12,no,Traced outbound connection to approved vendor endpoint; verified against allowlist. Ticket closed with owner sign-off.,Endpoint
ALT003317,Jupiter Aviation Control,medium,2026-02-05 12:13:10,2026-02-05 15:30:40,yes,Blocked source 10.14.154.184 at perimeter firewall pending further investigation. Added to suppression list after approval.,Network Device
ALT002879,Himalayan Healthcare Network,low,2026-02-25 18:54:32,2026-02-25 23:55:26,no,Confirmed with asset owner that HOST-3581 was undergoing patch deployment. Root cause documented in case notes.,Cloud Workload
ALT002802,Godavari Chemicals,high,2026-04-26 14:22:02,2026-04-26 19:01:03,yes,Correlated with authentication logs for user mfernandes; prior successful VPN session confirmed. Monitoring continued for 48 hours.,Server
ALT000678,Nilgiri Water Authority,low,2026-06-21 09:33:32,2026-06-21 11:51:54,no,Compared hash against VirusTotal offline signature set; no detections. Closed as benign positive.,Database
ALT002831,Godavari Chemicals,low,2026-05-24 23:35:09,2026-05-25 03:22:09,no,Verified backup job schedule; traffic volume consistent with nightly replication.,Network Device
ALT002799,Godavari Chemicals,low,2026-03-08 14:55:07,2026-03-08 17:30:08,no,Reviewed source IP 10.42.202.240 against internal threat intel; no IOC match. Added to suppression list after approval.,Cloud Workload
ALT003322,Jupiter Aviation Control,low,2026-02-23 16:31:44,2026-02-23 22:31:20,no,Compared hash against VirusTotal offline signature set; no detections. Closed as benign positive.,Server
ALT000037,Meridian Trust Bank,medium,2026-03-07 22:59:43,2026-03-07 23:02:38,no,n/a,Identity Provider
ALT001388,Arcadia Defence Systems,low,2026-03-17 19:05:26,2026-03-17 23:09:30,no,Reset credentials for dnair as precaution; no evidence of compromise. Monitoring continued for 48 hours.,Database
ALT002107,Bharat Telecom Networks,medium,2026-06-20 01:19:06,2026-06-20 05:00:36,no,Sandbox detonation of attachment returned no malicious behaviour. Ticket closed with owner sign-off.,IoT Device
ALT001199,Arcadia Defence Systems,high,2026-02-18 20:28:24,2026-02-19 01:43:16,no,Validated certificate chain; expired intermediate replaced by infrastructure team. Monitoring continued for 48 hours.,Database
ALT002946,Himalayan Healthcare Network,low,2026-03-09 11:57:06,2026-03-09 15:13:02,no,Verified backup job schedule; traffic volume consistent with nightly replication. Monitoring continued for 48 hours.,Network Device
ALT002898,Himalayan Healthcare Network,low,2026-03-01 07:01:50,,no,Ran memory capture on HOST-1529; no injected process artefacts identified. Root cause documented in case notes.,IoT Device
ALT002435,Cauvery Logistics Corp,medium,2026-04-26 02:05:11,,no,Documented as benign positive; rule threshold adjusted after peer review. Root cause documented in case notes.,Database
ALT003208,Indus Financial Services,low,2026-04-24 13:14:13,2026-04-24 18:21:53,yes,Matched pattern against known false-positive rule FP-30327; tuning request raised. Handed to IR team for deeper review.,Firewall
ALT000548,Nilgiri Water Authority,medium,2026-01-14 00:14:43,2026-01-14 05:06:01,no,Coordinated with network team; ACL change on HOST-4120 explains traffic shift. No further action required.,Identity Provider
ALT004410,Orissa Mining Federation,low,2026-01-06 20:22:33,2026-01-07 01:48:35,no,Validated certificate chain; expired intermediate replaced by infrastructure team. Closed as benign positive.,Server
ALT004345,Orissa Mining Federation,low,2026-02-25 22:10:09,2026-02-26 00:39:06,no,Compared hash against VirusTotal offline signature set; no detections. Root cause documented in case notes.,Identity Provider
ALT000762,Arcadia Defence Systems,medium,2026-04-25 07:11:24,2026-04-25 09:53:25,no,Sandbox detonation of attachment returned no malicious behaviour. No further action required.,Firewall
ALT000474,Kaveri Power Holdings,medium,2026-06-29 02:02:36,2026-06-29 07:59:03,no,n/a,Server
ALT003436,Jupiter Aviation Control,low,2026-01-21 09:14:49,2026-01-21 14:13:11,no,Confirmed with asset owner that HOST-8031 was undergoing patch deployment. Monitoring continued for 48 hours.,Identity Provider
ALT004003,Malabar Gas Pipelines,medium,2026-02-07 04:08:37,,no,Analysed PCAP sample; payload matched benign monitoring agent heartbeat. Ticket closed with owner sign-off.,Firewall
ALT003102,Indus Financial Services,low,2026-04-10 12:36:23,2026-04-10 18:30:14,no,Reviewed source IP 10.1.39.34 against internal threat intel; no IOC match. Root cause documented in case notes.,Firewall
ALT001617,Konkan Maritime Ltd,low,2026-01-19 06:16:16,2026-01-19 17:25:22,no,Compared hash against VirusTotal offline signature set; no detections. Handed to IR team for deeper review.,Server
ALT002159,Bharat Telecom Networks,low,2026-06-25 05:16:53,2026-06-25 07:22:09,no,Reviewed privileged access logs; elevation was approved under ticket REQ-74525.,Network Device
ALT002316,Cauvery Logistics Corp,high,2026-05-22 10:05:04,2026-05-22 14:54:23,no,"Checked DNS query history; domain registered 400+ days ago, low risk profile. Monitoring continued for 48 hours.",Cloud Workload
ALT004199,Narmada Steel Works,medium,2026-06-13 05:42:42,2026-06-13 08:49:47,no,Compared hash against VirusTotal offline signature set; no detections. Monitoring continued for 48 hours.,Server
ALT004370,Orissa Mining Federation,low,2026-06-23 05:32:09,2026-06-23 08:47:28,no,Escalated to L2 after confirming lateral movement indicators on HOST-1657. Handed to IR team for deeper review.,Network Device
ALT002197,Bharat Telecom Networks,critical,2026-03-15 03:42:04,2026-03-15 08:47:22,yes,Reset credentials for dnair as precaution; no evidence of compromise. Added to suppression list after approval.,Firewall
ALT002899,Himalayan Healthcare Network,medium,2026-01-24 23:40:36,2026-01-25 04:51:43,no,Traced outbound connection to approved vendor endpoint; verified against allowlist. Handed to IR team for deeper review.,Network Device
ALT000821,Arcadia Defence Systems,low,2026-01-22 20:28:26,2026-01-23 00:13:16,yes,"Checked DNS query history; domain registered 400+ days ago, low risk profile. Closed as benign positive.",Cloud Workload
ALT001478,Konkan Maritime Ltd,low,2026-05-09 19:04:55,2026-05-10 05:06:35,no,Documented as benign positive; rule threshold adjusted after peer review. Added to suppression list after approval.,Identity Provider
ALT000051,Meridian Trust Bank,low,2026-02-18 13:54:38,2026-02-18 13:58:22,no,"checked, ok",Identity Provider
ALT001496,Konkan Maritime Ltd,medium,2026-04-15 14:52:46,,no,Correlated with authentication logs for user apatel; prior successful VPN session confirmed. Closed as benign positive.,Cloud Workload
ALT002154,Bharat Telecom Networks,low,2026-04-26 06:01:43,2026-04-26 12:01:34,no,"Checked DNS query history; domain registered 400+ days ago, low risk profile. Handed to IR team for deeper review.",Database
ALT000181,Meridian Trust Bank,high,2026-01-23 10:21:58,2026-01-23 10:24:03,no,"checked, ok",Firewall
ALT002218,Bharat Telecom Networks,medium,2026-01-13 10:17:58,2026-01-13 16:13:31,no,Matched pattern against known false-positive rule FP-17955; tuning request raised.,Cloud Workload
ALT003121,Indus Financial Services,high,2026-03-27 21:19:45,2026-03-28 00:56:46,yes,Matched pattern against known false-positive rule FP-63333; tuning request raised.,IoT Device
ALT001935,Apex Power Grid Ltd,medium,2026-02-22 03:29:22,2026-02-22 09:23:26,no,Reset credentials for mfernandes as precaution; no evidence of compromise. Handed to IR team for deeper review.,Firewall
ALT003044,Himalayan Healthcare Network,medium,2026-02-15 17:59:33,2026-02-15 23:16:02,no,"Checked DNS query history; domain registered 400+ days ago, low risk profile. Monitoring continued for 48 hours.",Endpoint
ALT001542,Konkan Maritime Ltd,medium,2026-06-24 13:02:22,2026-06-24 22:28:52,no,Traced outbound connection to approved vendor endpoint; verified against allowlist. No further action required.,Identity Provider
ALT001073,Arcadia Defence Systems,high,2026-01-10 17:15:56,2026-01-10 19:29:59,yes,Escalated to L2 after confirming lateral movement indicators on HOST-6961. Root cause documented in case notes.,Identity Provider
ALT000421,Kaveri Power Holdings,medium,2026-03-08 21:48:57,2026-03-09 02:42:36,no,n/a,Endpoint
ALT003104,Indus Financial Services,low,2026-03-26 15:26:57,,no,Confirmed geolocation anomaly caused by corporate VPN egress node change. Closed as benign positive.,Firewall
ALT003598,Krishna Port Authority,medium,2026-03-30 22:49:09,2026-03-31 03:17:35,no,Compared hash against VirusTotal offline signature set; no detections. Added to suppression list after approval.,Endpoint
ALT001671,Deccan Health Network,medium,2026-04-06 00:25:31,2026-04-06 04:32:29,no,Verified backup job schedule; traffic volume consistent with nightly replication. Handed to IR team for deeper review.,Identity Provider
ALT000225,Meridian Trust Bank,medium,2026-03-19 19:05:52,2026-03-19 19:08:43,no,n/a,Identity Provider
ALT000853,Arcadia Defence Systems,low,2026-06-10 00:37:33,2026-06-10 03:49:45,no,Reviewed EDR telemetry timeline; parent process traced to legitimate installer. No further action required.,Endpoint
ALT002172,Bharat Telecom Networks,medium,2026-05-29 11:12:29,2026-05-29 14:14:04,no,Coordinated with network team; ACL change on HOST-1007 explains traffic shift. Ticket closed with owner sign-off.,Endpoint
ALT001152,Arcadia Defence Systems,low,2026-02-11 18:35:19,2026-02-11 22:42:15,no,Coordinated with network team; ACL change on HOST-3445 explains traffic shift. No further action required.,Database
ALT000302,Kaveri Power Holdings,medium,2026-05-14 22:38:17,2026-05-15 01:10:04,no,Isolated endpoint HOST-4623 for forensic triage; full disk scan returned clean. Added to suppression list after approval.,Cloud Workload
ALT000027,Meridian Trust Bank,medium,2026-03-30 03:12:06,2026-03-30 03:14:22,no,n/a,Database
ALT000292,Kaveri Power Holdings,medium,2026-01-18 20:46:27,2026-01-19 01:02:39,no,Confirmed with asset owner that HOST-1947 was undergoing patch deployment. No further action required.,Database
ALT003039,Himalayan Healthcare Network,medium,2026-03-26 10:54:03,2026-03-26 16:06:01,no,Coordinated with network team; ACL change on HOST-2325 explains traffic shift. Added to suppression list after approval.,Firewall
ALT000518,Kaveri Power Holdings,low,2026-02-18 16:50:43,2026-02-18 20:10:48,no,Validated certificate chain; expired intermediate replaced by infrastructure team.,Cloud Workload
ALT002293,Cauvery Logistics Corp,low,2026-02-18 01:06:51,2026-02-18 04:05:36,yes,Blocked source 10.22.209.78 at perimeter firewall pending further investigation. Added to suppression list after approval.,IoT Device
ALT000983,Arcadia Defence Systems,high,2026-04-29 21:20:24,2026-04-30 01:09:16,no,Queried SIEM for related events across 24h window; no corroborating activity found. No further action required.,Identity Provider
ALT003815,Lakshmi Insurance Group,low,2026-05-24 13:38:20,2026-05-24 18:28:21,no,Reviewed source IP 10.47.177.99 against internal threat intel; no IOC match.,Server
ALT001584,Konkan Maritime Ltd,low,2026-03-20 09:50:30,2026-03-20 17:29:07,no,Reviewed EDR telemetry timeline; parent process traced to legitimate installer. No further action required.,Server
ALT002251,Bharat Telecom Networks,medium,2026-01-21 09:41:11,2026-01-21 12:19:19,yes,Identified misconfigured scanner generating repeat alerts; owner notified. Root cause documented in case notes.,Network Device
ALT002897,Himalayan Healthcare Network,medium,2026-01-15 21:16:29,2026-01-16 02:55:08,no,Correlated with authentication logs for user jsmith; prior successful VPN session confirmed. Closed as benign positive.,Database
ALT002198,Bharat Telecom Networks,low,2026-02-23 23:15:51,2026-02-24 02:12:12,no,Analysed PCAP sample; payload matched benign monitoring agent heartbeat. No further action required.,Cloud Workload
ALT000931,Arcadia Defence Systems,low,2026-05-27 02:10:02,,no,Traced outbound connection to approved vendor endpoint; verified against allowlist. Added to suppression list after approval.,Identity Provider
ALT002625,Eastern Grid Utility,medium,2026-04-27 17:32:05,2026-04-27 23:01:49,no,Isolated endpoint HOST-2560 for forensic triage; full disk scan returned clean. No further action required.,Endpoint
ALT002031,Apex Power Grid Ltd,critical,2026-05-20 19:13:23,2026-05-20 22:28:13,yes,Correlated with authentication logs for user jsmith; prior successful VPN session confirmed. Handed to IR team for deeper review.,IoT Device
ALT002155,Bharat Telecom Networks,low,2026-06-04 14:13:24,2026-06-04 18:28:26,no,Cross-referenced with change management ticket CHG-86133; scheduled maintenance window. Added to suppression list after approval.,Cloud Workload
ALT004473,Orissa Mining Federation,medium,2026-05-28 14:30:35,2026-05-28 20:18:44,no,Validated certificate chain; expired intermediate replaced by infrastructure team. Closed as benign positive.,IoT Device
ALT001774,Deccan Health Network,medium,2026-05-06 13:27:09,2026-05-06 15:47:02,no,Reviewed EDR telemetry timeline; parent process traced to legitimate installer. Monitoring continued for 48 hours.,IoT Device
ALT002696,Godavari Chemicals,low,2026-03-25 03:29:03,2026-03-25 06:34:53,no,Traced outbound connection to approved vendor endpoint; verified against allowlist. Added to suppression list after approval.,Endpoint
ALT003178,Indus Financial Services,medium,2026-01-06 13:36:51,2026-01-06 19:17:44,no,,Cloud Workload
ALT003110,Indus Financial Services,high,2026-01-26 14:54:50,2026-01-26 19:37:25,yes,Escalated to L2 after confirming lateral movement indicators on HOST-7555. Handed to IR team for deeper review.,Endpoint
ALT000946,Arcadia Defence Systems,low,2026-05-31 02:29:03,2026-05-31 07:24:44,yes,Reviewed source IP 10.38.169.2 against internal threat intel; no IOC match. No further action required.,Firewall
ALT001981,Apex Power Grid Ltd,medium,2026-06-03 08:34:04,2026-06-03 12:49:07,no,Sandbox detonation of attachment returned no malicious behaviour. Ticket closed with owner sign-off.,Database
ALT001538,Konkan Maritime Ltd,low,2026-04-18 07:03:08,2026-04-18 15:51:55,no,Identified misconfigured scanner generating repeat alerts; owner notified. Ticket closed with owner sign-off.,Cloud Workload
ALT002239,Bharat Telecom Networks,low,2026-06-29 03:13:16,2026-06-29 09:03:07,no,Confirmed geolocation anomaly caused by corporate VPN egress node change. Handed to IR team for deeper review.,Server
ALT000748,Arcadia Defence Systems,low,2026-04-11 21:02:30,2026-04-12 02:14:38,no,Reset credentials for schen as precaution; no evidence of compromise. Added to suppression list after approval.,IoT Device
ALT000819,Arcadia Defence Systems,critical,2026-03-16 15:05:03,2026-03-16 18:28:11,no,Contacted user dnair via Teams; confirmed they initiated the session from Mumbai office. Closed as benign positive.,IoT Device
ALT000073,Meridian Trust Bank,low,2026-01-14 21:37:42,2026-01-14 21:41:51,no,n/a,Firewall
ALT001316,Arcadia Defence Systems,high,2026-06-02 10:11:57,2026-06-02 16:04:36,yes,Documented as benign positive; rule threshold adjusted after peer review. Monitoring continued for 48 hours.,Network Device
ALT001899,Apex Power Grid Ltd,medium,2026-06-17 15:36:52,2026-06-17 19:56:53,no,Reviewed EDR telemetry timeline; parent process traced to legitimate installer. Root cause documented in case notes.,Endpoint
ALT001786,Deccan Health Network,low,2026-06-13 16:07:36,2026-06-13 18:19:45,no,"checked, ok",Network Device
ALT004102,Narmada Steel Works,low,2026-03-14 08:12:57,2026-03-14 13:48:48,yes,Isolated endpoint HOST-4849 for forensic triage; full disk scan returned clean.,Identity Provider
ALT003787,Lakshmi Insurance Group,medium,2026-06-28 01:23:37,2026-06-28 06:00:51,no,Reviewed source IP 10.60.138.56 against internal threat intel; no IOC match. Root cause documented in case notes.,Server
ALT003378,Jupiter Aviation Control,high,2026-01-18 19:31:59,2026-01-18 22:05:00,no,Compared hash against VirusTotal offline signature set; no detections. Root cause documented in case notes.,Network Device
ALT002096,Bharat Telecom Networks,low,2026-05-31 01:54:06,2026-05-31 06:01:24,no,Ran memory capture on HOST-8460; no injected process artefacts identified. Closed as benign positive.,Firewall
ALT002691,Godavari Chemicals,low,2026-02-21 11:01:01,2026-02-21 14:35:23,yes,Identified misconfigured scanner generating repeat alerts; owner notified. No further action required.,Endpoint
ALT003995,Malabar Gas Pipelines,medium,2026-06-13 13:10:31,2026-06-13 15:11:24,no,Isolated endpoint HOST-9634 for forensic triage; full disk scan returned clean. No further action required.,Cloud Workload
ALT000754,Arcadia Defence Systems,low,2026-06-14 06:28:27,2026-06-14 11:55:49,no,Reviewed privileged access logs; elevation was approved under ticket REQ-11432. Ticket closed with owner sign-off.,Firewall
ALT000239,Meridian Trust Bank,low,2026-05-25 21:35:54,2026-05-25 21:37:17,no,"checked, ok",Server
ALT002143,Bharat Telecom Networks,low,2026-01-14 02:17:58,2026-01-14 05:35:25,no,Confirmed with asset owner that HOST-8654 was undergoing patch deployment. Monitoring continued for 48 hours.,Endpoint
ALT000544,Nilgiri Water Authority,medium,2026-02-18 07:29:46,2026-02-18 10:02:15,no,Correlated with authentication logs for user apatel; prior successful VPN session confirmed. Handed to IR team for deeper review.,Server
ALT003896,Malabar Gas Pipelines,medium,2026-03-22 14:30:43,2026-03-22 17:20:23,no,Correlated with authentication logs for user schen; prior successful VPN session confirmed. Root cause documented in case notes.,Firewall
ALT001132,Arcadia Defence Systems,medium,2026-06-16 20:52:07,2026-06-17 01:46:32,no,Traced outbound connection to approved vendor endpoint; verified against allowlist. Ticket closed with owner sign-off.,Firewall
ALT003657,Krishna Port Authority,low,2026-05-08 05:42:24,2026-05-08 08:43:05,yes,Queried SIEM for related events across 24h window; no corroborating activity found. Ticket closed with owner sign-off.,Identity Provider
ALT001860,Deccan Health Network,low,2026-04-30 18:54:41,2026-04-30 23:05:22,no,closed,Network Device
ALT002692,Godavari Chemicals,medium,2026-03-08 08:25:06,2026-03-08 14:03:28,no,Documented as benign positive; rule threshold adjusted after peer review. Added to suppression list after approval.,Network Device
ALT000632,Nilgiri Water Authority,low,2026-05-26 04:35:08,2026-05-26 08:43:13,no,Correlated with authentication logs for user rkumar; prior successful VPN session confirmed. Added to suppression list after approval.,Network Device
ALT002456,Cauvery Logistics Corp,low,2026-02-20 20:56:30,2026-02-21 01:56:31,no,Identified misconfigured scanner generating repeat alerts; owner notified.,IoT Device
ALT000368,Kaveri Power Holdings,low,2026-04-21 18:13:52,2026-04-21 20:49:54,no,Blocked source 10.43.58.236 at perimeter firewall pending further investigation. Closed as benign positive.,Firewall
ALT001414,Arcadia Defence Systems,low,2026-05-14 07:56:23,2026-05-14 12:16:06,yes,Correlated with authentication logs for user jsmith; prior successful VPN session confirmed. Ticket closed with owner sign-off.,Cloud Workload
ALT004208,Narmada Steel Works,medium,2026-06-26 03:36:16,2026-06-26 07:47:12,no,Validated certificate chain; expired intermediate replaced by infrastructure team. Root cause documented in case notes.,IoT Device
ALT002002,Apex Power Grid Ltd,medium,2026-01-20 13:23:27,2026-01-20 17:51:06,no,Confirmed with asset owner that HOST-3741 was undergoing patch deployment. Closed as benign positive.,Identity Provider
ALT000018,Meridian Trust Bank,high,2026-03-08 16:16:37,2026-03-08 16:19:20,no,"checked, ok",Firewall
ALT001885,Apex Power Grid Ltd,low,2026-03-08 11:04:46,2026-03-08 13:50:24,yes,Coordinated with network team; ACL change on HOST-6891 explains traffic shift. Root cause documented in case notes.,IoT Device
ALT002032,Apex Power Grid Ltd,low,2026-01-04 00:03:20,2026-01-04 02:17:38,no,Reviewed EDR telemetry timeline; parent process traced to legitimate installer. Added to suppression list after approval.,Identity Provider
ALT000956,Arcadia Defence Systems,low,2026-05-21 11:44:16,2026-05-21 15:58:50,no,Identified misconfigured scanner generating repeat alerts; owner notified. No further action required.,IoT Device
ALT000576,Nilgiri Water Authority,low,2026-04-23 10:47:06,2026-04-23 16:09:48,no,Coordinated with network team; ACL change on HOST-4656 explains traffic shift. Root cause documented in case notes.,Identity Provider
ALT004024,Malabar Gas Pipelines,medium,2026-02-09 20:07:59,2026-02-10 00:27:52,no,Analysed PCAP sample; payload matched benign monitoring agent heartbeat. Root cause documented in case notes.,Identity Provider
ALT001485,Konkan Maritime Ltd,medium,2026-06-10 18:30:27,2026-06-11 05:12:14,no,Reviewed source IP 10.36.163.181 against internal threat intel; no IOC match. Handed to IR team for deeper review.,Server
ALT001499,Konkan Maritime Ltd,critical,2026-06-28 11:22:54,2026-06-28 21:31:10,yes,Reviewed source IP 10.14.6.32 against internal threat intel; no IOC match.,Cloud Workload
ALT001811,Deccan Health Network,low,2026-04-10 04:09:19,2026-04-10 07:16:24,no,closed,Database
ALT000549,Nilgiri Water Authority,low,2026-04-17 05:42:33,2026-04-17 09:50:48,no,Reset credentials for kiyer as precaution; no evidence of compromise. Monitoring continued for 48 hours.,Network Device
ALT003278,Jupiter Aviation Control,low,2026-05-28 20:21:00,2026-05-28 22:45:48,yes,Identified misconfigured scanner generating repeat alerts; owner notified.,Cloud Workload
ALT003752,Lakshmi Insurance Group,low,2026-01-20 05:17:49,2026-01-20 11:13:24,no,Analysed PCAP sample; payload matched benign monitoring agent heartbeat. Ticket closed with owner sign-off.,Server
ALT001181,Arcadia Defence Systems,medium,2026-03-29 14:27:12,2026-03-29 18:16:27,no,Matched pattern against known false-positive rule FP-58808; tuning request raised. Monitoring continued for 48 hours.,Network Device
ALT003276,Jupiter Aviation Control,low,2026-01-06 01:15:43,2026-01-06 04:45:58,yes,Queried SIEM for related events across 24h window; no corroborating activity found. Monitoring continued for 48 hours.,Cloud Workload
ALT003612,Krishna Port Authority,high,2026-04-26 13:41:30,2026-04-26 16:03:04,no,Identified misconfigured scanner generating repeat alerts; owner notified. Closed as benign positive.,Cloud Workload
ALT001933,Apex Power Grid Ltd,medium,2026-02-28 20:02:45,2026-03-01 01:24:00,no,Analysed PCAP sample; payload matched benign monitoring agent heartbeat. Ticket closed with owner sign-off.,IoT Device
ALT000832,Arcadia Defence Systems,critical,2026-06-20 10:43:29,2026-06-20 16:19:42,yes,Reviewed EDR telemetry timeline; parent process traced to legitimate installer. No further action required.,Endpoint
ALT002343,Cauvery Logistics Corp,medium,2026-05-10 14:21:00,2026-05-10 18:08:12,no,Escalated to L2 after confirming lateral movement indicators on HOST-4977. Closed as benign positive.,Identity Provider
ALT004261,Narmada Steel Works,low,2026-05-13 19:48:25,2026-05-14 00:29:13,no,,Firewall
ALT002931,Himalayan Healthcare Network,low,2026-03-10 10:44:18,2026-03-10 14:31:10,no,Escalated to L2 after confirming lateral movement indicators on HOST-3374. Monitoring continued for 48 hours.,Identity Provider
ALT000142,Meridian Trust Bank,low,2026-05-18 18:16:05,2026-05-18 18:20:00,no,"checked, ok",Network Device
ALT002008,Apex Power Grid Ltd,medium,2026-05-11 20:55:07,2026-05-12 00:54:11,no,Confirmed with asset owner that HOST-6473 was undergoing patch deployment. Root cause documented in case notes.,Server
ALT000992,Arcadia Defence Systems,low,2026-01-13 06:42:39,2026-01-13 11:03:26,no,Verified backup job schedule; traffic volume consistent with nightly replication. Ticket closed with owner sign-off.,Database
ALT003433,Jupiter Aviation Control,low,2026-01-19 11:06:25,2026-01-19 13:34:16,no,Isolated endpoint HOST-3158 for forensic triage; full disk scan returned clean.,Server
ALT004220,Narmada Steel Works,high,2026-02-05 09:45:24,2026-02-05 14:07:17,no,Matched pattern against known false-positive rule FP-45719; tuning request raised. Monitoring continued for 48 hours.,Network Device
ALT002281,Cauvery Logistics Corp,medium,2026-02-05 15:17:23,2026-02-05 17:18:59,no,Sandbox detonation of attachment returned no malicious behaviour. Ticket closed with owner sign-off.,Firewall
ALT003454,Jupiter Aviation Control,low,2026-03-21 04:13:03,2026-03-21 09:50:39,no,Cross-referenced with change management ticket CHG-54851; scheduled maintenance window. Ticket closed with owner sign-off.,Server
ALT004435,Orissa Mining Federation,medium,2026-06-25 11:04:09,2026-06-25 13:31:32,yes,Sandbox detonation of attachment returned no malicious behaviour. Added to suppression list after approval.,Firewall
ALT004229,Narmada Steel Works,high,2026-06-08 17:09:43,2026-06-08 19:35:25,yes,Identified misconfigured scanner generating repeat alerts; owner notified. Handed to IR team for deeper review.,Network Device
ALT004450,Orissa Mining Federation,high,2026-05-29 02:15:26,2026-05-29 05:48:28,yes,Queried SIEM for related events across 24h window; no corroborating activity found. Closed as benign positive.,Cloud Workload
ALT002061,Apex Power Grid Ltd,low,2026-04-21 20:28:44,2026-04-21 23:46:38,no,Reviewed EDR telemetry timeline; parent process traced to legitimate installer. Added to suppression list after approval.,Server
ALT000953,Arcadia Defence Systems,high,2026-04-15 09:27:22,2026-04-15 11:42:38,no,Escalated to L2 after confirming lateral movement indicators on HOST-1621. Added to suppression list after approval.,Network Device
ALT003901,Malabar Gas Pipelines,critical,2026-04-01 02:34:42,2026-04-01 05:56:08,no,Blocked source 10.56.215.39 at perimeter firewall pending further investigation. Ticket closed with owner sign-off.,Database
ALT003555,Krishna Port Authority,high,2026-01-03 06:24:25,2026-01-03 11:02:37,yes,Escalated to L2 after confirming lateral movement indicators on HOST-6349.,Endpoint
ALT004280,Orissa Mining Federation,low,2026-03-09 08:26:37,2026-03-09 11:54:14,no,Validated certificate chain; expired intermediate replaced by infrastructure team.,IoT Device
ALT002714,Godavari Chemicals,critical,2026-02-27 11:30:05,2026-02-27 17:28:46,yes,,Network Device
ALT002321,Cauvery Logistics Corp,medium,2026-03-28 18:28:27,2026-03-28 22:06:01,no,Identified misconfigured scanner generating repeat alerts; owner notified. Ticket closed with owner sign-off.,Identity Provider
ALT004073,Narmada Steel Works,medium,2026-02-13 08:40:23,2026-02-13 12:27:07,no,Reviewed source IP 10.54.86.147 against internal threat intel; no IOC match. Added to suppression list after approval.,IoT Device
ALT001751,Deccan Health Network,low,2026-06-17 22:51:28,2026-06-18 02:23:20,no,Validated certificate chain; expired intermediate replaced by infrastructure team. Root cause documented in case notes.,IoT Device
ALT002356,Cauvery Logistics Corp,low,2026-06-28 18:04:29,2026-06-28 21:54:03,no,Contacted user kiyer via Teams; confirmed they initiated the session from Mumbai office. Handed to IR team for deeper review.,Identity Provider
ALT001511,Konkan Maritime Ltd,critical,2026-04-27 00:10:16,2026-04-27 10:02:28,yes,Blocked source 10.28.238.113 at perimeter firewall pending further investigation. No further action required.,Cloud Workload
ALT001615,Konkan Maritime Ltd,medium,2026-03-21 07:11:57,2026-03-21 17:55:43,no,Blocked source 10.54.179.203 at perimeter firewall pending further investigation. Ticket closed with owner sign-off.,Identity Provider
ALT003218,Indus Financial Services,critical,2026-02-26 17:20:19,2026-02-26 20:58:50,yes,Cross-referenced with change management ticket CHG-16050; scheduled maintenance window. Root cause documented in case notes.,Database
ALT004089,Narmada Steel Works,low,2026-06-15 06:59:08,2026-06-15 10:22:07,no,Traced outbound connection to approved vendor endpoint; verified against allowlist. Closed as benign positive.,IoT Device
ALT002859,Godavari Chemicals,low,2026-06-04 06:27:34,2026-06-04 10:21:13,no,Verified backup job schedule; traffic volume consistent with nightly replication. Root cause documented in case notes.,Server
ALT002676,Eastern Grid Utility,low,2026-05-24 23:28:35,2026-05-25 04:20:13,no,Ran memory capture on HOST-9108; no injected process artefacts identified. Monitoring continued for 48 hours.,Cloud Workload
ALT003258,Indus Financial Services,low,2026-04-03 18:53:17,2026-04-04 00:08:06,no,Reset credentials for apatel as precaution; no evidence of compromise. No further action required.,Firewall
ALT004409,Orissa Mining Federation,low,2026-03-08 03:35:31,2026-03-08 06:39:17,no,Confirmed with asset owner that HOST-5877 was undergoing patch deployment. Ticket closed with owner sign-off.,Firewall
ALT003683,Krishna Port Authority,high,2026-06-07 21:50:20,2026-06-08 01:24:46,no,Blocked source 10.26.241.82 at perimeter firewall pending further investigation. Monitoring continued for 48 hours.,IoT Device
ALT001582,Konkan Maritime Ltd,critical,2026-05-18 23:43:02,2026-05-19 10:01:44,yes,Contacted user rkumar via Teams; confirmed they initiated the session from Mumbai office. Root cause documented in case notes.,Cloud Workload
ALT002966,Himalayan Healthcare Network,medium,2026-01-12 17:10:28,2026-01-12 22:12:27,no,Correlated with authentication logs for user schen; prior successful VPN session confirmed. Handed to IR team for deeper review.,Cloud Workload
ALT002773,Godavari Chemicals,medium,2026-05-12 08:09:36,2026-05-12 12:49:19,no,Queried SIEM for related events across 24h window; no corroborating activity found. Handed to IR team for deeper review.,Cloud Workload
ALT002620,Eastern Grid Utility,critical,2026-05-04 15:01:48,2026-05-04 19:48:35,yes,Verified backup job schedule; traffic volume consistent with nightly replication. Added to suppression list after approval.,Cloud Workload
ALT002793,Godavari Chemicals,low,2026-02-09 17:05:15,2026-02-09 20:28:42,no,Confirmed with asset owner that HOST-5429 was undergoing patch deployment. Monitoring continued for 48 hours.,Network Device
ALT000667,Nilgiri Water Authority,medium,2026-04-09 23:10:19,2026-04-10 03:49:08,no,Compared hash against VirusTotal offline signature set; no detections. Added to suppression list after approval.,Server
ALT001369,Arcadia Defence Systems,low,2026-01-14 14:11:39,2026-01-14 17:47:00,no,Validated certificate chain; expired intermediate replaced by infrastructure team.,Endpoint
ALT000456,Kaveri Power Holdings,low,2026-04-15 14:32:52,2026-04-15 17:05:15,no,n/a,Server
ALT000071,Meridian Trust Bank,low,2026-03-09 08:08:03,2026-03-09 08:11:03,no,"checked, ok",Endpoint
ALT001096,Arcadia Defence Systems,medium,2026-02-03 06:09:58,2026-02-03 11:04:15,no,Confirmed geolocation anomaly caused by corporate VPN egress node change.,Server
ALT000502,Kaveri Power Holdings,low,2026-03-22 11:45:19,2026-03-22 15:57:42,no,Correlated with authentication logs for user tgeorge; prior successful VPN session confirmed. Handed to IR team for deeper review.,Identity Provider
ALT001718,Deccan Health Network,critical,2026-06-16 03:49:45,2026-06-16 03:51:07,yes,closed,Firewall
ALT004571,Pennar Cement Industries,medium,2026-06-16 11:53:28,2026-06-16 15:30:25,no,Documented as benign positive; rule threshold adjusted after peer review. Handed to IR team for deeper review.,Cloud Workload
ALT003270,Jupiter Aviation Control,high,2026-05-09 10:09:27,2026-05-09 15:25:27,no,Confirmed geolocation anomaly caused by corporate VPN egress node change. Ticket closed with owner sign-off.,Endpoint
ALT000403,Kaveri Power Holdings,low,2026-04-08 19:02:11,2026-04-08 21:44:06,no,"Checked DNS query history; domain registered 400+ days ago, low risk profile. Monitoring continued for 48 hours.",Identity Provider
ALT004522,Pennar Cement Industries,low,2026-05-07 04:35:04,2026-05-07 09:01:27,no,Identified misconfigured scanner generating repeat alerts; owner notified. Added to suppression list after approval.,Firewall
ALT000854,Arcadia Defence Systems,high,2026-03-18 10:48:07,2026-03-18 14:57:03,no,Sandbox detonation of attachment returned no malicious behaviour. Ticket closed with owner sign-off.,Endpoint
ALT003835,Lakshmi Insurance Group,medium,2026-05-27 11:27:50,2026-05-27 14:10:05,no,Validated certificate chain; expired intermediate replaced by infrastructure team. Root cause documented in case notes.,Database
ALT000592,Nilgiri Water Authority,low,2026-06-03 15:26:35,2026-06-03 20:06:45,no,Reviewed privileged access logs; elevation was approved under ticket REQ-27277. Monitoring continued for 48 hours.,Identity Provider
ALT003724,Lakshmi Insurance Group,low,2026-02-28 00:22:42,2026-02-28 04:48:51,no,Cross-referenced with change management ticket CHG-14122; scheduled maintenance window. Closed as benign positive.,Cloud Workload
ALT000555,Nilgiri Water Authority,low,2026-01-04 13:42:48,2026-01-04 17:51:16,no,Documented as benign positive; rule threshold adjusted after peer review. Closed as benign positive.,IoT Device
ALT002662,Eastern Grid Utility,critical,2026-06-08 23:28:00,2026-06-09 04:30:31,yes,Reviewed privileged access logs; elevation was approved under ticket REQ-60747.,Server
ALT004057,Malabar Gas Pipelines,medium,2026-06-26 02:10:02,2026-06-26 05:10:15,no,Verified backup job schedule; traffic volume consistent with nightly replication. Closed as benign positive.,Firewall
ALT002324,Cauvery Logistics Corp,low,2026-01-03 14:29:05,2026-01-03 20:12:46,yes,Validated certificate chain; expired intermediate replaced by infrastructure team. Closed as benign positive.,Endpoint
ALT000432,Kaveri Power Holdings,low,2026-02-11 04:18:12,2026-02-11 06:54:58,no,Validated certificate chain; expired intermediate replaced by infrastructure team. Monitoring continued for 48 hours.,Server
ALT001376,Arcadia Defence Systems,critical,2026-03-21 23:03:46,2026-03-22 02:40:17,yes,"Checked DNS query history; domain registered 400+ days ago, low risk profile.",Network Device
ALT002040,Apex Power Grid Ltd,medium,2026-02-25 09:41:17,2026-02-25 13:39:58,no,Reset credentials for jsmith as precaution; no evidence of compromise.,IoT Device
ALT001572,Konkan Maritime Ltd,critical,2026-01-24 14:28:49,2026-01-25 02:06:09,yes,Coordinated with network team; ACL change on HOST-6828 explains traffic shift. No further action required.,Server
ALT002772,Godavari Chemicals,low,2026-04-03 11:23:14,2026-04-03 14:43:55,yes,Reset credentials for jsmith as precaution; no evidence of compromise.,Endpoint
ALT000707,Nilgiri Water Authority,low,2026-05-18 02:57:07,2026-05-18 08:10:55,no,Confirmed geolocation anomaly caused by corporate VPN egress node change. Closed as benign positive.,Server
ALT002442,Cauvery Logistics Corp,low,2026-05-02 03:27:47,2026-05-02 07:05:57,no,Reviewed EDR telemetry timeline; parent process traced to legitimate installer.,IoT Device
ALT002469,Eastern Grid Utility,low,2026-03-12 01:00:19,2026-03-12 03:25:08,no,Compared hash against VirusTotal offline signature set; no detections. Handed to IR team for deeper review.,IoT Device
ALT001599,Konkan Maritime Ltd,high,2026-02-02 17:11:00,2026-02-03 04:07:28,yes,Reviewed EDR telemetry timeline; parent process traced to legitimate installer. No further action required.,Identity Provider
ALT002826,Godavari Chemicals,low,2026-01-29 05:37:27,,no,Correlated with authentication logs for user bshah; prior successful VPN session confirmed. Root cause documented in case notes.,Server
ALT000133,Meridian Trust Bank,medium,2026-02-10 06:30:00,2026-02-10 06:32:18,no,n/a,IoT Device
ALT004638,Pennar Cement Industries,low,2026-03-24 13:01:31,2026-03-24 15:46:54,no,Compared hash against VirusTotal offline signature set; no detections. Ticket closed with owner sign-off.,Identity Provider
ALT002712,Godavari Chemicals,low,2026-05-26 08:16:43,2026-05-26 13:37:37,no,Coordinated with network team; ACL change on HOST-9002 explains traffic shift. Added to suppression list after approval.,IoT Device
ALT000333,Kaveri Power Holdings,low,2026-06-01 15:26:15,2026-06-01 17:55:05,no,reviewed,Endpoint
ALT001814,Deccan Health Network,low,2026-04-25 09:49:17,2026-04-25 15:17:48,no,closed,Cloud Workload
ALT003667,Krishna Port Authority,critical,2026-05-25 09:09:56,2026-05-25 14:15:23,yes,Reviewed source IP 10.15.159.203 against internal threat intel; no IOC match. Root cause documented in case notes.,Network Device
ALT002718,Godavari Chemicals,low,2026-05-10 15:28:46,2026-05-10 21:07:48,yes,Validated certificate chain; expired intermediate replaced by infrastructure team. Closed as benign positive.,Database
ALT001480,Konkan Maritime Ltd,high,2026-04-03 06:32:05,2026-04-03 18:10:37,yes,Identified misconfigured scanner generating repeat alerts; owner notified. Root cause documented in case notes.,Identity Provider
ALT000628,Nilgiri Water Authority,low,2026-02-15 00:22:46,2026-02-15 05:57:31,no,Identified misconfigured scanner generating repeat alerts; owner notified. Added to suppression list after approval.,Network Device
ALT001244,Arcadia Defence Systems,low,2026-05-14 07:50:11,2026-05-14 10:15:17,no,Blocked source 10.7.130.16 at perimeter firewall pending further investigation. Monitoring continued for 48 hours.,Cloud Workload
ALT000045,Meridian Trust Bank,high,2026-02-22 06:57:07,2026-02-22 06:59:13,no,n/a,IoT Device
ALT002057,Apex Power Grid Ltd,low,2026-04-30 01:02:40,2026-04-30 03:14:36,no,Queried SIEM for related events across 24h window; no corroborating activity found. Monitoring continued for 48 hours.,Network Device
ALT001702,Deccan Health Network,low,2026-01-10 09:36:54,2026-01-10 14:03:46,no,Compared hash against VirusTotal offline signature set; no detections. Added to suppression list after approval.,Endpoint
ALT000277,Meridian Trust Bank,medium,2026-05-15 21:38:05,2026-05-15 21:40:00,no,n/a,Firewall
ALT001245,Arcadia Defence Systems,low,2026-03-30 14:54:18,2026-03-30 20:17:18,no,Cross-referenced with change management ticket CHG-86852; scheduled maintenance window. Closed as benign positive.,Server
ALT004211,Narmada Steel Works,high,2026-03-21 14:50:44,2026-03-21 16:55:44,no,Confirmed geolocation anomaly caused by corporate VPN egress node change. Ticket closed with owner sign-off.,Firewall
ALT002074,Bharat Telecom Networks,medium,2026-01-26 03:23:20,2026-01-26 08:56:25,no,Documented as benign positive; rule threshold adjusted after peer review. Monitoring continued for 48 hours.,Server
ALT002954,Himalayan Healthcare Network,medium,2026-03-11 21:23:41,2026-03-12 02:51:57,no,Reviewed privileged access logs; elevation was approved under ticket REQ-40557. Handed to IR team for deeper review.,Network Device
ALT001923,Apex Power Grid Ltd,low,2026-05-15 18:59:42,2026-05-15 22:03:38,no,Ran memory capture on HOST-2573; no injected process artefacts identified. Ticket closed with owner sign-off.,Server
ALT002275,Bharat Telecom Networks,medium,2026-01-08 03:40:17,2026-01-08 09:09:50,yes,Reviewed privileged access logs; elevation was approved under ticket REQ-42266. Monitoring continued for 48 hours.,Identity Provider
ALT002467,Eastern Grid Utility,low,2026-01-18 08:52:02,2026-01-18 13:05:07,no,Sandbox detonation of attachment returned no malicious behaviour. No further action required.,Cloud Workload
ALT002020,Apex Power Grid Ltd,medium,2026-06-21 08:49:43,2026-06-21 14:02:16,yes,Queried SIEM for related events across 24h window; no corroborating activity found. Added to suppression list after approval.,Identity Provider
ALT000184,Meridian Trust Bank,high,2026-01-12 19:58:29,2026-01-12 20:01:05,no,"checked, ok",Cloud Workload
ALT003402,Jupiter Aviation Control,low,2026-02-21 19:21:04,2026-02-21 23:36:59,no,Matched pattern against known false-positive rule FP-72820; tuning request raised. Root cause documented in case notes.,Identity Provider
ALT001157,Arcadia Defence Systems,medium,2026-03-04 01:52:17,2026-03-04 04:47:22,no,Coordinated with network team; ACL change on HOST-7484 explains traffic shift. Monitoring continued for 48 hours.,Firewall
ALT001459,Arcadia Defence Systems,low,2026-01-14 23:46:07,2026-01-15 02:25:17,no,Escalated to L2 after confirming lateral movement indicators on HOST-6906.,Database
ALT003265,Jupiter Aviation Control,low,2026-03-11 08:40:28,2026-03-11 11:41:37,no,Confirmed geolocation anomaly caused by corporate VPN egress node change. Added to suppression list after approval.,IoT Device
ALT000578,Nilgiri Water Authority,low,2026-06-22 07:03:33,2026-06-22 10:04:54,no,Traced outbound connection to approved vendor endpoint; verified against allowlist. Root cause documented in case notes.,Identity Provider
ALT004304,Orissa Mining Federation,low,2026-02-01 20:24:23,2026-02-01 22:24:24,yes,Traced outbound connection to approved vendor endpoint; verified against allowlist. No further action required.,Endpoint
ALT003891,Malabar Gas Pipelines,low,2026-04-05 21:12:16,2026-04-05 23:58:53,no,Traced outbound connection to approved vendor endpoint; verified against allowlist. Root cause documented in case notes.,Network Device
ALT002603,Eastern Grid Utility,critical,2026-06-13 10:04:58,2026-06-13 14:33:13,yes,Compared hash against VirusTotal offline signature set; no detections. Handed to IR team for deeper review.,IoT Device
ALT001742,Deccan Health Network,critical,2026-05-13 08:14:48,,no,Isolated endpoint HOST-8815 for forensic triage; full disk scan returned clean. Handed to IR team for deeper review.,Server
ALT001878,Apex Power Grid Ltd,low,2026-05-11 12:30:13,2026-05-11 17:53:49,yes,Blocked source 10.60.245.69 at perimeter firewall pending further investigation. Monitoring continued for 48 hours.,Identity Provider
ALT003238,Indus Financial Services,low,2026-04-08 11:18:22,2026-04-08 14:49:07,no,Traced outbound connection to approved vendor endpoint; verified against allowlist. Monitoring continued for 48 hours.,Identity Provider
ALT002722,Godavari Chemicals,critical,2026-03-07 01:46:03,2026-03-07 06:07:07,yes,Sandbox detonation of attachment returned no malicious behaviour. Closed as benign positive.,Network Device
ALT000196,Meridian Trust Bank,critical,2026-01-21 22:23:45,2026-01-21 22:24:48,no,"checked, ok",Server
ALT001635,Konkan Maritime Ltd,medium,2026-03-29 18:08:34,2026-03-30 03:38:40,no,Isolated endpoint HOST-4861 for forensic triage; full disk scan returned clean. Monitoring continued for 48 hours.,Server
ALT004278,Orissa Mining Federation,critical,2026-05-30 09:54:42,2026-05-30 15:27:47,yes,Sandbox detonation of attachment returned no malicious behaviour. Ticket closed with owner sign-off.,Database
ALT000790,Arcadia Defence Systems,low,2026-04-27 22:54:13,2026-04-28 03:16:20,no,Ran memory capture on HOST-6748; no injected process artefacts identified. Closed as benign positive.,IoT Device
ALT000509,Kaveri Power Holdings,high,2026-05-25 23:32:17,2026-05-25 23:35:41,no,reviewed,Firewall
ALT001508,Konkan Maritime Ltd,high,2026-02-10 11:04:55,2026-02-10 22:41:54,no,Cross-referenced with change management ticket CHG-43447; scheduled maintenance window. Handed to IR team for deeper review.,Identity Provider
ALT004622,Pennar Cement Industries,low,2026-02-05 17:52:33,2026-02-05 22:05:39,no,Cross-referenced with change management ticket CHG-90996; scheduled maintenance window. Root cause documented in case notes.,Network Device
ALT004660,Pennar Cement Industries,low,2026-05-13 07:46:25,2026-05-13 13:31:28,no,Correlated with authentication logs for user nrao; prior successful VPN session confirmed. Added to suppression list after approval.,Cloud Workload
ALT002528,Eastern Grid Utility,low,2026-04-30 13:28:46,2026-04-30 15:54:02,no,Escalated to L2 after confirming lateral movement indicators on HOST-9416. Root cause documented in case notes.,Cloud Workload
ALT001979,Apex Power Grid Ltd,low,2026-06-06 10:20:47,,no,Traced outbound connection to approved vendor endpoint; verified against allowlist. Added to suppression list after approval.,Cloud Workload
ALT000443,Kaveri Power Holdings,medium,2026-03-26 06:09:05,2026-03-26 09:31:14,no,n/a,Network Device
ALT002196,Bharat Telecom Networks,low,2026-06-16 02:54:55,2026-06-16 06:10:31,no,Reviewed privileged access logs; elevation was approved under ticket REQ-15327.,Cloud Workload
ALT003094,Indus Financial Services,medium,2026-01-30 20:47:04,2026-01-31 00:25:27,no,Contacted user nrao via Teams; confirmed they initiated the session from Mumbai office.,Database
ALT000319,Kaveri Power Holdings,low,2026-01-26 12:21:00,2026-01-26 15:28:41,no,Validated certificate chain; expired intermediate replaced by infrastructure team. Added to suppression list after approval.,Database
ALT002725,Godavari Chemicals,low,2026-03-11 13:03:20,2026-03-11 18:36:12,no,Contacted user nrao via Teams; confirmed they initiated the session from Mumbai office. Handed to IR team for deeper review.,Cloud Workload
ALT003469,Krishna Port Authority,low,2026-02-08 09:45:54,2026-02-08 12:01:35,no,Coordinated with network team; ACL change on HOST-9760 explains traffic shift. Closed as benign positive.,Endpoint
ALT001186,Arcadia Defence Systems,low,2026-03-09 04:25:08,2026-03-09 08:39:23,yes,Blocked source 10.22.189.104 at perimeter firewall pending further investigation.,Database
ALT000223,Meridian Trust Bank,critical,2026-05-04 19:33:52,2026-05-04 19:36:22,no,"checked, ok",IoT Device
ALT003921,Malabar Gas Pipelines,low,2026-03-26 19:30:12,2026-03-26 21:54:18,no,Compared hash against VirusTotal offline signature set; no detections. Handed to IR team for deeper review.,Endpoint
ALT001809,Deccan Health Network,medium,2026-04-18 10:57:10,2026-04-18 14:56:04,no,"checked, ok",Cloud Workload
ALT003525,Krishna Port Authority,medium,2026-06-01 13:33:51,2026-06-01 18:09:41,no,Matched pattern against known false-positive rule FP-75670; tuning request raised.,Identity Provider
ALT002077,Bharat Telecom Networks,low,2026-05-20 12:24:09,2026-05-20 15:09:40,no,Coordinated with network team; ACL change on HOST-9533 explains traffic shift. Handed to IR team for deeper review.,Firewall
ALT003299,Jupiter Aviation Control,high,2026-01-02 08:02:18,2026-01-02 11:50:56,yes,Sandbox detonation of attachment returned no malicious behaviour.,Identity Provider
ALT000481,Kaveri Power Holdings,critical,2026-04-16 09:33:19,2026-04-16 09:35:32,no,n/a,IoT Device
ALT004500,Pennar Cement Industries,low,2026-02-02 20:48:37,2026-02-03 00:41:53,no,"Checked DNS query history; domain registered 400+ days ago, low risk profile. Root cause documented in case notes.",Endpoint
ALT004581,Pennar Cement Industries,medium,2026-04-24 11:19:10,2026-04-24 14:47:06,no,Validated certificate chain; expired intermediate replaced by infrastructure team. No further action required.,IoT Device
ALT001554,Konkan Maritime Ltd,critical,2026-05-06 12:21:13,,yes,Compared hash against VirusTotal offline signature set; no detections. Added to suppression list after approval.,Server
ALT001240,Arcadia Defence Systems,low,2026-01-25 02:42:42,2026-01-25 06:36:56,no,Confirmed geolocation anomaly caused by corporate VPN egress node change. Added to suppression list after approval.,Database
ALT000903,Arcadia Defence Systems,low,2026-04-20 21:18:19,2026-04-21 01:03:01,no,Blocked source 10.11.127.151 at perimeter firewall pending further investigation.,Firewall
ALT001144,Arcadia Defence Systems,medium,2026-01-28 05:54:33,2026-01-28 10:04:04,no,Reviewed source IP 10.9.83.106 against internal threat intel; no IOC match. Root cause documented in case notes.,Network Device
ALT001633,Konkan Maritime Ltd,critical,2026-01-03 23:26:40,2026-01-04 07:27:27,yes,Contacted user kiyer via Teams; confirmed they initiated the session from Mumbai office. Monitoring continued for 48 hours.,Identity Provider
ALT000369,Kaveri Power Holdings,low,2026-02-27 17:15:53,2026-02-27 20:40:10,no,Matched pattern against known false-positive rule FP-67152; tuning request raised. No further action required.,Network Device
ALT004536,Pennar Cement Industries,medium,2026-05-30 18:29:37,2026-05-30 23:14:05,no,"Checked DNS query history; domain registered 400+ days ago, low risk profile. Root cause documented in case notes.",Identity Provider
ALT000588,Nilgiri Water Authority,low,2026-06-01 00:14:26,2026-06-01 04:32:12,no,Reset credentials for dnair as precaution; no evidence of compromise. No further action required.,Database
ALT003561,Krishna Port Authority,high,2026-04-21 16:40:31,2026-04-21 20:10:38,no,Compared hash against VirusTotal offline signature set; no detections. Ticket closed with owner sign-off.,Firewall
ALT000364,Kaveri Power Holdings,critical,2026-04-09 15:03:54,2026-04-09 20:27:18,no,"Checked DNS query history; domain registered 400+ days ago, low risk profile. Root cause documented in case notes.",Network Device
ALT000451,Kaveri Power Holdings,medium,2026-01-13 23:59:25,2026-01-14 02:08:09,no,reviewed,Network Device
ALT001227,Arcadia Defence Systems,low,2026-01-05 13:08:30,2026-01-05 19:07:53,no,Escalated to L2 after confirming lateral movement indicators on HOST-2737. Monitoring continued for 48 hours.,Server
ALT001969,Apex Power Grid Ltd,medium,2026-04-01 12:42:05,2026-04-01 17:43:25,no,Reviewed privileged access logs; elevation was approved under ticket REQ-99565. Closed as benign positive.,Firewall
ALT004178,Narmada Steel Works,medium,2026-01-24 10:59:10,2026-01-24 16:11:58,no,Compared hash against VirusTotal offline signature set; no detections. Ticket closed with owner sign-off.,Firewall
ALT001984,Apex Power Grid Ltd,high,2026-06-14 14:48:06,2026-06-14 18:39:23,no,Reviewed privileged access logs; elevation was approved under ticket REQ-95373.,IoT Device
ALT003328,Jupiter Aviation Control,low,2026-05-27 13:11:40,2026-05-27 15:48:05,no,Documented as benign positive; rule threshold adjusted after peer review. Root cause documented in case notes.,Server
ALT004549,Pennar Cement Industries,medium,2026-01-23 08:12:15,2026-01-23 13:06:43,no,Reset credentials for bshah as precaution; no evidence of compromise. Handed to IR team for deeper review.,Database
ALT003564,Krishna Port Authority,low,2026-02-19 17:08:49,2026-02-19 22:43:50,no,Blocked source 10.6.3.226 at perimeter firewall pending further investigation.,Identity Provider
ALT003225,Indus Financial Services,low,2026-03-04 07:10:10,2026-03-04 10:46:35,no,Reviewed privileged access logs; elevation was approved under ticket REQ-55792. No further action required.,Server
ALT000930,Arcadia Defence Systems,low,2026-02-01 23:07:13,2026-02-02 01:35:08,no,Reviewed source IP 10.23.15.158 against internal threat intel; no IOC match. Closed as benign positive.,Endpoint
ALT000278,Meridian Trust Bank,high,2026-06-18 08:28:17,2026-06-18 08:32:35,no,n/a,Server
ALT000761,Arcadia Defence Systems,medium,2026-04-28 13:05:10,2026-04-28 16:08:53,no,Coordinated with network team; ACL change on HOST-3466 explains traffic shift. Added to suppression list after approval.,Cloud Workload
ALT003389,Jupiter Aviation Control,low,2026-03-03 21:52:04,2026-03-04 01:43:49,no,Reset credentials for bshah as precaution; no evidence of compromise. No further action required.,Server
ALT002033,Apex Power Grid Ltd,low,2026-03-30 18:13:55,2026-03-30 21:41:23,no,Coordinated with network team; ACL change on HOST-1381 explains traffic shift. Monitoring continued for 48 hours.,IoT Device
ALT002278,Bharat Telecom Networks,critical,2026-04-10 15:28:08,2026-04-10 19:40:32,yes,Analysed PCAP sample; payload matched benign monitoring agent heartbeat.,Identity Provider
ALT004521,Pennar Cement Industries,low,2026-03-29 05:53:49,2026-03-29 08:58:30,no,Coordinated with network team; ACL change on HOST-6151 explains traffic shift. Handed to IR team for deeper review.,Server
ALT004408,Orissa Mining Federation,low,2026-05-14 19:28:31,2026-05-14 21:57:28,no,Isolated endpoint HOST-7350 for forensic triage; full disk scan returned clean. Root cause documented in case notes.,Identity Provider
ALT004445,Orissa Mining Federation,medium,2026-06-06 12:06:42,2026-06-06 17:18:09,yes,Confirmed geolocation anomaly caused by corporate VPN egress node change. No further action required.,Cloud Workload
ALT004316,Orissa Mining Federation,medium,2026-06-14 19:54:00,2026-06-15 01:44:26,no,Verified backup job schedule; traffic volume consistent with nightly replication. Closed as benign positive.,Server
ALT001659,Konkan Maritime Ltd,high,2026-06-06 12:37:42,2026-06-06 21:49:54,yes,Sandbox detonation of attachment returned no malicious behaviour.,Cloud Workload
ALT000773,Arcadia Defence Systems,low,2026-01-17 23:41:22,2026-01-18 02:25:53,no,Correlated with authentication logs for user mfernandes; prior successful VPN session confirmed. Ticket closed with owner sign-off.,Identity Provider
ALT002616,Eastern Grid Utility,low,2026-02-21 11:51:07,2026-02-21 17:05:26,yes,Confirmed geolocation anomaly caused by corporate VPN egress node change. Monitoring continued for 48 hours.,Database
ALT003890,Malabar Gas Pipelines,low,2026-04-30 04:00:00,2026-04-30 06:18:15,no,Documented as benign positive; rule threshold adjusted after peer review. Root cause documented in case notes.,Server
ALT000212,Meridian Trust Bank,high,2026-01-23 21:30:55,2026-01-23 21:32:59,no,"checked, ok",Identity Provider
ALT004664,Pennar Cement Industries,medium,2026-01-04 15:52:37,2026-01-04 21:15:39,yes,Confirmed with asset owner that HOST-2889 was undergoing patch deployment. Monitoring continued for 48 hours.,Server
ALT000398,Kaveri Power Holdings,high,2026-02-21 00:54:21,2026-02-21 02:57:34,no,Analysed PCAP sample; payload matched benign monitoring agent heartbeat. Handed to IR team for deeper review.,Cloud Workload
ALT001888,Apex Power Grid Ltd,low,2026-02-21 03:39:04,2026-02-21 09:18:19,no,Documented as benign positive; rule threshold adjusted after peer review. Added to suppression list after approval.,Endpoint
ALT001630,Konkan Maritime Ltd,high,2026-01-14 23:01:32,2026-01-15 07:41:17,yes,Compared hash against VirusTotal offline signature set; no detections. Handed to IR team for deeper review.,Identity Provider
ALT000047,Meridian Trust Bank,low,2026-05-05 08:35:33,2026-05-05 08:39:06,no,n/a,IoT Device
ALT001827,Deccan Health Network,medium,2026-02-13 23:55:45,2026-02-14 03:02:57,no,Traced outbound connection to approved vendor endpoint; verified against allowlist. Monitoring continued for 48 hours.,Database
ALT003798,Lakshmi Insurance Group,low,2026-02-02 01:09:42,2026-02-02 06:00:11,no,Cross-referenced with change management ticket CHG-92222; scheduled maintenance window. Root cause documented in case notes.,Server
ALT003967,Malabar Gas Pipelines,medium,2026-03-12 20:51:57,2026-03-13 01:07:06,no,Coordinated with network team; ACL change on HOST-6548 explains traffic shift. No further action required.,Database
ALT001084,Arcadia Defence Systems,low,2026-02-20 05:53:50,2026-02-20 09:04:50,no,Ran memory capture on HOST-3191; no injected process artefacts identified. Monitoring continued for 48 hours.,Firewall
ALT002715,Godavari Chemicals,high,2026-04-23 07:03:34,2026-04-23 12:47:09,no,Traced outbound connection to approved vendor endpoint; verified against allowlist. Ticket closed with owner sign-off.,Identity Provider
ALT002875,Himalayan Healthcare Network,medium,2026-01-26 01:06:49,2026-01-26 06:35:12,no,Confirmed with asset owner that HOST-2748 was undergoing patch deployment. Monitoring continued for 48 hours.,Endpoint
ALT000929,Arcadia Defence Systems,medium,2026-03-23 19:02:37,2026-03-23 22:45:31,no,Blocked source 10.22.37.106 at perimeter firewall pending further investigation. Closed as benign positive.,Firewall
ALT003878,Malabar Gas Pipelines,medium,2026-01-25 09:23:51,2026-01-25 15:04:11,no,Traced outbound connection to approved vendor endpoint; verified against allowlist. No further action required.,Server
ALT003506,Krishna Port Authority,high,2026-06-08 02:36:46,2026-06-08 05:14:06,yes,Coordinated with network team; ACL change on HOST-3380 explains traffic shift. Added to suppression list after approval.,Server
ALT002338,Cauvery Logistics Corp,low,2026-03-09 23:28:14,2026-03-10 01:28:22,no,Documented as benign positive; rule threshold adjusted after peer review. Monitoring continued for 48 hours.,IoT Device
ALT002841,Godavari Chemicals,high,2026-02-28 14:29:55,2026-02-28 18:01:07,yes,Reviewed EDR telemetry timeline; parent process traced to legitimate installer. Ticket closed with owner sign-off.,Identity Provider
ALT001475,Konkan Maritime Ltd,medium,2026-04-18 00:33:03,2026-04-18 11:40:43,no,Confirmed geolocation anomaly caused by corporate VPN egress node change. Closed as benign positive.,Cloud Workload
ALT002426,Cauvery Logistics Corp,low,2026-04-10 15:49:04,2026-04-10 19:19:24,yes,Validated certificate chain; expired intermediate replaced by infrastructure team. No further action required.,Identity Provider
ALT000332,Kaveri Power Holdings,high,2026-02-07 19:26:48,2026-02-07 19:31:15,no,n/a,Firewall
ALT004142,Narmada Steel Works,high,2026-06-23 01:59:47,2026-06-23 06:25:02,no,Escalated to L2 after confirming lateral movement indicators on HOST-2859. Ticket closed with owner sign-off.,Firewall
ALT003824,Lakshmi Insurance Group,high,2026-06-01 07:08:31,2026-06-01 13:06:19,yes,Documented as benign positive; rule threshold adjusted after peer review. Added to suppression list after approval.,Cloud Workload
ALT000236,Meridian Trust Bank,medium,2026-02-09 17:48:32,2026-02-09 17:52:17,no,"checked, ok",Identity Provider
ALT002818,Godavari Chemicals,low,2026-02-20 01:55:58,2026-02-20 05:19:21,no,Sandbox detonation of attachment returned no malicious behaviour. Monitoring continued for 48 hours.,Server
ALT001960,Apex Power Grid Ltd,low,2026-06-21 00:08:06,2026-06-21 04:49:15,no,Documented as benign positive; rule threshold adjusted after peer review. Ticket closed with owner sign-off.,Endpoint
ALT001565,Konkan Maritime Ltd,medium,2026-06-07 12:34:16,2026-06-07 23:37:32,no,Isolated endpoint HOST-6244 for forensic triage; full disk scan returned clean. Handed to IR team for deeper review.,Identity Provider
ALT001553,Konkan Maritime Ltd,high,2026-01-20 20:40:19,2026-01-21 07:42:17,yes,Reviewed privileged access logs; elevation was approved under ticket REQ-50867. Monitoring continued for 48 hours.,Server
ALT000778,Arcadia Defence Systems,low,2026-06-01 13:36:07,2026-06-01 16:49:31,no,Isolated endpoint HOST-6623 for forensic triage; full disk scan returned clean. No further action required.,IoT Device
ALT001354,Arcadia Defence Systems,low,2026-05-11 18:38:42,2026-05-12 00:02:24,no,Isolated endpoint HOST-6323 for forensic triage; full disk scan returned clean.,Server
ALT003519,Krishna Port Authority,low,2026-06-29 03:48:50,2026-06-29 09:06:17,yes,Queried SIEM for related events across 24h window; no corroborating activity found.,Firewall
ALT000658,Nilgiri Water Authority,medium,2026-05-23 19:39:34,2026-05-24 00:25:55,no,Reviewed EDR telemetry timeline; parent process traced to legitimate installer. Root cause documented in case notes.,Network Device
ALT002428,Cauvery Logistics Corp,low,2026-04-27 19:50:32,2026-04-27 23:50:59,no,Blocked source 10.43.90.108 at perimeter firewall pending further investigation.,Identity Provider
ALT000375,Kaveri Power Holdings,low,2026-06-25 18:42:12,2026-06-25 23:07:10,no,Analysed PCAP sample; payload matched benign monitoring agent heartbeat.,Network Device
ALT002733,Godavari Chemicals,critical,2026-04-14 14:59:17,2026-04-14 19:05:16,yes,"Checked DNS query history; domain registered 400+ days ago, low risk profile. Closed as benign positive.",Network Device
ALT001251,Arcadia Defence Systems,low,2026-06-06 08:18:27,2026-06-06 12:35:01,no,Verified backup job schedule; traffic volume consistent with nightly replication. Monitoring continued for 48 hours.,Server
ALT002187,Bharat Telecom Networks,high,2026-04-02 00:06:22,2026-04-02 03:21:27,no,Compared hash against VirusTotal offline signature set; no detections. Closed as benign positive.,Database
ALT003994,Malabar Gas Pipelines,low,2026-04-29 19:23:55,2026-04-29 23:07:43,no,Ran memory capture on HOST-7444; no injected process artefacts identified. Ticket closed with owner sign-off.,Firewall
ALT000232,Meridian Trust Bank,medium,2026-04-12 11:07:56,2026-04-12 11:11:58,no,n/a,IoT Device
ALT004516,Pennar Cement Industries,low,2026-01-12 02:19:09,2026-01-12 05:49:40,yes,Confirmed with asset owner that HOST-7524 was undergoing patch deployment.,Identity Provider
ALT003701,Lakshmi Insurance Group,critical,2026-06-14 23:47:28,2026-06-15 05:22:54,yes,Traced outbound connection to approved vendor endpoint; verified against allowlist. Monitoring continued for 48 hours.,Cloud Workload
ALT002640,Eastern Grid Utility,critical,2026-06-03 09:01:13,2026-06-03 11:31:31,yes,Traced outbound connection to approved vendor endpoint; verified against allowlist. Root cause documented in case notes.,Server
ALT001802,Deccan Health Network,low,2026-04-29 18:40:11,2026-04-30 00:27:31,yes,Matched pattern against known false-positive rule FP-95185; tuning request raised. Handed to IR team for deeper review.,Identity Provider
ALT004556,Pennar Cement Industries,medium,2026-01-05 12:19:53,2026-01-05 17:03:30,no,Traced outbound connection to approved vendor endpoint; verified against allowlist.,Database
ALT002502,Eastern Grid Utility,high,2026-01-08 10:12:57,2026-01-08 15:48:25,no,Verified backup job schedule; traffic volume consistent with nightly replication. Monitoring continued for 48 hours.,Network Device
ALT003074,Indus Financial Services,medium,2026-06-22 02:05:26,2026-06-22 06:47:28,no,Confirmed geolocation anomaly caused by corporate VPN egress node change. Root cause documented in case notes.,Firewall
ALT004251,Narmada Steel Works,critical,2026-01-01 03:29:24,2026-01-01 06:01:58,no,Traced outbound connection to approved vendor endpoint; verified against allowlist. Ticket closed with owner sign-off.,Endpoint
ALT000602,Nilgiri Water Authority,low,2026-01-06 18:04:39,2026-01-06 23:40:46,no,Isolated endpoint HOST-2056 for forensic triage; full disk scan returned clean. Ticket closed with owner sign-off.,Database
ALT001203,Arcadia Defence Systems,low,2026-02-07 08:51:04,2026-02-07 11:39:26,no,Reviewed EDR telemetry timeline; parent process traced to legitimate installer. Handed to IR team for deeper review.,Database
ALT001231,Arcadia Defence Systems,high,2026-05-21 06:56:25,2026-05-21 12:38:50,no,Documented as benign positive; rule threshold adjusted after peer review. Added to suppression list after approval.,Firewall
ALT001978,Apex Power Grid Ltd,medium,2026-04-25 14:22:04,2026-04-25 17:09:48,no,Traced outbound connection to approved vendor endpoint; verified against allowlist. Root cause documented in case notes.,Network Device
ALT001824,Deccan Health Network,high,2026-03-16 17:30:35,2026-03-16 20:24:17,no,"checked, ok",Firewall
ALT002333,Cauvery Logistics Corp,low,2026-04-21 03:44:41,2026-04-21 09:17:07,yes,Traced outbound connection to approved vendor endpoint; verified against allowlist. Monitoring continued for 48 hours.,Firewall
ALT001602,Konkan Maritime Ltd,high,2026-04-19 07:03:24,2026-04-19 14:20:49,yes,Contacted user nrao via Teams; confirmed they initiated the session from Mumbai office. Root cause documented in case notes.,Server
ALT003210,Indus Financial Services,high,2026-04-04 01:43:59,2026-04-04 07:00:07,yes,Contacted user schen via Teams; confirmed they initiated the session from Mumbai office. Monitoring continued for 48 hours.,Endpoint
ALT000980,Arcadia Defence Systems,low,2026-05-04 16:53:34,2026-05-04 21:35:36,no,Validated certificate chain; expired intermediate replaced by infrastructure team. Ticket closed with owner sign-off.,Endpoint
ALT001842,Deccan Health Network,low,2026-01-28 01:54:26,2026-01-28 07:06:58,no,"checked, ok",Cloud Workload
ALT000257,Meridian Trust Bank,medium,2026-06-09 21:49:48,,no,n/a,Cloud Workload
ALT001621,Konkan Maritime Ltd,low,2026-02-04 01:51:38,2026-02-04 09:13:28,yes,Confirmed geolocation anomaly caused by corporate VPN egress node change. Added to suppression list after approval.,Cloud Workload
ALT003512,Krishna Port Authority,high,2026-05-29 21:47:51,2026-05-30 01:40:07,yes,Analysed PCAP sample; payload matched benign monitoring agent heartbeat. Root cause documented in case notes.,Firewall
ALT003105,Indus Financial Services,medium,2026-01-17 21:02:29,2026-01-18 02:20:21,yes,Compared hash against VirusTotal offline signature set; no detections. Root cause documented in case notes.,Firewall
ALT000519,Kaveri Power Holdings,high,2026-03-19 21:18:29,2026-03-19 21:20:10,no,Documented as benign positive; rule threshold adjusted after peer review.,Identity Provider
ALT003544,Krishna Port Authority,low,2026-05-24 11:02:13,2026-05-24 16:54:12,no,Validated certificate chain; expired intermediate replaced by infrastructure team. Monitoring continued for 48 hours.,Firewall
ALT004533,Pennar Cement Industries,medium,2026-06-26 17:54:28,2026-06-26 22:27:20,no,Confirmed with asset owner that HOST-5815 was undergoing patch deployment. Closed as benign positive.,Identity Provider
ALT003599,Krishna Port Authority,high,2026-01-29 21:10:53,2026-01-30 02:15:31,yes,Analysed PCAP sample; payload matched benign monitoring agent heartbeat. No further action required.,Database
ALT001890,Apex Power Grid Ltd,medium,2026-03-23 23:07:02,2026-03-24 01:33:51,no,Confirmed geolocation anomaly caused by corporate VPN egress node change. Added to suppression list after approval.,Cloud Workload
ALT002744,Godavari Chemicals,medium,2026-02-01 07:25:55,2026-02-01 12:39:01,no,Confirmed with asset owner that HOST-2201 was undergoing patch deployment. Ticket closed with owner sign-off.,Identity Provider
ALT003867,Malabar Gas Pipelines,low,2026-01-26 21:32:58,2026-01-27 03:12:14,yes,Blocked source 10.5.118.210 at perimeter firewall pending further investigation. Root cause documented in case notes.,Cloud Workload
ALT001643,Konkan Maritime Ltd,high,2026-06-17 06:15:48,2026-06-17 14:38:21,yes,Cross-referenced with change management ticket CHG-98460; scheduled maintenance window.,Server
ALT000285,Meridian Trust Bank,high,2026-03-28 21:35:34,2026-03-28 21:37:54,no,"checked, ok",Identity Provider
ALT003609,Krishna Port Authority,low,2026-05-28 21:12:46,2026-05-28 23:39:53,no,Analysed PCAP sample; payload matched benign monitoring agent heartbeat. Handed to IR team for deeper review.,Database
ALT004365,Orissa Mining Federation,low,2026-05-17 03:59:35,2026-05-17 06:01:18,no,Validated certificate chain; expired intermediate replaced by infrastructure team. Monitoring continued for 48 hours.,Endpoint
ALT003606,Krishna Port Authority,medium,2026-02-17 03:59:13,2026-02-17 08:02:29,no,Matched pattern against known false-positive rule FP-92484; tuning request raised. Closed as benign positive.,Network Device
ALT000910,Arcadia Defence Systems,high,2026-01-24 14:09:33,2026-01-24 20:04:36,no,Traced outbound connection to approved vendor endpoint; verified against allowlist. Closed as benign positive.,IoT Device
ALT001755,Deccan Health Network,low,2026-03-13 01:11:18,2026-03-13 06:48:37,no,"checked, ok",Server
ALT000431,Kaveri Power Holdings,high,2026-04-25 18:03:28,2026-04-25 18:04:28,no,Confirmed geolocation anomaly caused by corporate VPN egress node change. Closed as benign positive.,Firewall
ALT001847,Deccan Health Network,low,2026-01-08 23:19:23,2026-01-09 01:45:16,no,closed,Endpoint
ALT003233,Indus Financial Services,critical,2026-01-16 00:10:14,2026-01-16 05:54:21,yes,Blocked source 10.50.125.173 at perimeter firewall pending further investigation. Monitoring continued for 48 hours.,Database
ALT000147,Meridian Trust Bank,critical,2026-01-01 08:14:48,2026-01-01 08:15:55,no,n/a,Endpoint
ALT002703,Godavari Chemicals,critical,2026-05-31 01:14:14,2026-05-31 03:47:53,yes,Contacted user jsmith via Teams; confirmed they initiated the session from Mumbai office. Closed as benign positive.,Server
ALT002963,Himalayan Healthcare Network,medium,2026-01-24 08:33:31,2026-01-24 11:45:52,no,Escalated to L2 after confirming lateral movement indicators on HOST-3119. Closed as benign positive.,IoT Device
ALT004600,Pennar Cement Industries,medium,2026-06-27 14:25:53,2026-06-27 18:19:26,no,Reviewed privileged access logs; elevation was approved under ticket REQ-40597. Added to suppression list after approval.,Server
ALT000537,Nilgiri Water Authority,low,2026-04-18 19:21:20,2026-04-19 00:53:41,no,Documented as benign positive; rule threshold adjusted after peer review. Added to suppression list after approval.,Server
ALT003659,Krishna Port Authority,medium,2026-04-14 23:43:47,2026-04-15 04:02:01,no,,Server
ALT002953,Himalayan Healthcare Network,medium,2026-05-04 20:13:05,2026-05-04 23:29:59,no,Cross-referenced with change management ticket CHG-50505; scheduled maintenance window. Monitoring continued for 48 hours.,Network Device
ALT003028,Himalayan Healthcare Network,medium,2026-01-21 02:56:48,2026-01-21 06:33:22,no,"Checked DNS query history; domain registered 400+ days ago, low risk profile. Closed as benign positive.",Network Device
ALT003982,Malabar Gas Pipelines,medium,2026-04-23 20:36:23,2026-04-23 23:44:32,no,Verified backup job schedule; traffic volume consistent with nightly replication. Ticket closed with owner sign-off.,Identity Provider
ALT001636,Konkan Maritime Ltd,high,2026-05-14 09:04:32,2026-05-14 17:31:26,no,Compared hash against VirusTotal offline signature set; no detections. Root cause documented in case notes.,Cloud Workload
ALT004116,Narmada Steel Works,low,2026-05-21 18:42:51,2026-05-22 00:30:58,yes,Escalated to L2 after confirming lateral movement indicators on HOST-6807. Root cause documented in case notes.,Cloud Workload
ALT001106,Arcadia Defence Systems,high,2026-05-06 03:33:15,2026-05-06 08:32:11,yes,Reset credentials for dnair as precaution; no evidence of compromise. Ticket closed with owner sign-off.,Network Device
ALT004487,Pennar Cement Industries,low,2026-04-06 17:39:28,2026-04-06 20:32:55,no,Confirmed with asset owner that HOST-7970 was undergoing patch deployment. Monitoring continued for 48 hours.,Identity Provider
ALT004099,Narmada Steel Works,medium,2026-06-10 20:06:58,2026-06-11 02:02:44,no,Queried SIEM for related events across 24h window; no corroborating activity found.,Cloud Workload
ALT002258,Bharat Telecom Networks,low,2026-06-22 21:05:32,2026-06-22 23:20:27,no,Blocked source 10.44.227.81 at perimeter firewall pending further investigation. Added to suppression list after approval.,Cloud Workload
ALT002209,Bharat Telecom Networks,low,2026-01-08 06:41:12,2026-01-08 10:23:00,yes,Validated certificate chain; expired intermediate replaced by infrastructure team. Added to suppression list after approval.,Identity Provider
ALT003200,Indus Financial Services,critical,2026-05-08 20:02:59,2026-05-08 23:06:44,no,Reset credentials for jsmith as precaution; no evidence of compromise. Root cause documented in case notes.,Cloud Workload
ALT002668,Eastern Grid Utility,medium,2026-03-02 01:29:25,2026-03-02 06:59:02,yes,Identified misconfigured scanner generating repeat alerts; owner notified. No further action required.,Network Device
ALT004140,Narmada Steel Works,medium,2026-02-27 09:00:20,2026-02-27 11:29:28,yes,Matched pattern against known false-positive rule FP-90413; tuning request raised. Closed as benign positive.,Identity Provider
ALT001099,Arcadia Defence Systems,low,2026-05-05 04:55:55,2026-05-05 07:43:00,no,Correlated with authentication logs for user dnair; prior successful VPN session confirmed. Ticket closed with owner sign-off.,Identity Provider
ALT001092,Arcadia Defence Systems,low,2026-05-30 22:26:41,2026-05-31 02:05:47,yes,Isolated endpoint HOST-7443 for forensic triage; full disk scan returned clean.,Server
ALT001431,Arcadia Defence Systems,low,2026-03-18 23:06:51,2026-03-19 01:46:18,no,Compared hash against VirusTotal offline signature set; no detections.,Cloud Workload
ALT000676,Nilgiri Water Authority,low,2026-02-24 06:21:07,2026-02-24 12:10:38,no,Coordinated with network team; ACL change on HOST-5187 explains traffic shift. Closed as benign positive.,Server
ALT001803,Deccan Health Network,low,2026-05-04 09:12:45,2026-05-04 12:34:28,no,Isolated endpoint HOST-8426 for forensic triage; full disk scan returned clean. Handed to IR team for deeper review.,Database
ALT003477,Krishna Port Authority,critical,2026-05-02 08:43:46,2026-05-02 14:12:41,no,Cross-referenced with change management ticket CHG-91526; scheduled maintenance window. Ticket closed with owner sign-off.,Database
ALT002219,Bharat Telecom Networks,low,2026-01-10 10:40:49,2026-01-10 14:44:08,no,Confirmed geolocation anomaly caused by corporate VPN egress node change. Added to suppression list after approval.,Network Device
ALT004629,Pennar Cement Industries,high,2026-01-16 00:05:43,2026-01-16 03:54:02,yes,Reviewed privileged access logs; elevation was approved under ticket REQ-69887. Handed to IR team for deeper review.,Identity Provider
ALT003161,Indus Financial Services,low,2026-01-03 11:29:35,2026-01-03 16:18:56,no,Reviewed EDR telemetry timeline; parent process traced to legitimate installer. Ticket closed with owner sign-off.,Cloud Workload
ALT003874,Malabar Gas Pipelines,medium,2026-05-09 23:55:33,2026-05-10 03:19:51,no,Correlated with authentication logs for user bshah; prior successful VPN session confirmed. Monitoring continued for 48 hours.,Firewall
ALT002829,Godavari Chemicals,high,2026-01-06 23:05:02,2026-01-07 02:32:30,yes,Validated certificate chain; expired intermediate replaced by infrastructure team. No further action required.,Endpoint
ALT000599,Nilgiri Water Authority,low,2026-04-23 11:18:23,2026-04-23 16:33:42,no,Compared hash against VirusTotal offline signature set; no detections. No further action required.,Cloud Workload
ALT003569,Krishna Port Authority,low,2026-02-20 19:04:24,2026-02-20 23:04:42,no,Validated certificate chain; expired intermediate replaced by infrastructure team. Monitoring continued for 48 hours.,Server
ALT001336,Arcadia Defence Systems,low,2026-05-30 12:11:47,2026-05-30 17:47:57,no,Sandbox detonation of attachment returned no malicious behaviour.,Network Device
ALT003346,Jupiter Aviation Control,medium,2026-03-28 04:52:39,2026-03-28 10:00:14,no,Coordinated with network team; ACL change on HOST-8451 explains traffic shift. Closed as benign positive.,Firewall
ALT000551,Nilgiri Water Authority,medium,2026-02-16 16:14:20,2026-02-16 21:42:02,no,Identified misconfigured scanner generating repeat alerts; owner notified. Handed to IR team for deeper review.,Endpoint
ALT003131,Indus Financial Services,medium,2026-05-09 03:12:19,2026-05-09 05:19:21,no,Blocked source 10.15.99.17 at perimeter firewall pending further investigation. Closed as benign positive.,Firewall
ALT001608,Konkan Maritime Ltd,low,2026-06-06 23:36:16,2026-06-07 10:01:17,no,Escalated to L2 after confirming lateral movement indicators on HOST-4505. Root cause documented in case notes.,Cloud Workload
ALT003447,Jupiter Aviation Control,medium,2026-03-27 05:13:20,2026-03-27 10:46:23,no,Reset credentials for tgeorge as precaution; no evidence of compromise. No further action required.,Database
ALT001683,Deccan Health Network,low,2026-01-29 10:44:28,,no,Blocked source 10.19.243.210 at perimeter firewall pending further investigation. Root cause documented in case notes.,Firewall
ALT003305,Jupiter Aviation Control,medium,2026-01-23 21:48:38,2026-01-24 00:28:03,no,Reviewed privileged access logs; elevation was approved under ticket REQ-90093. No further action required.,IoT Device
ALT002301,Cauvery Logistics Corp,low,2026-05-08 14:08:35,2026-05-08 18:43:35,no,Blocked source 10.40.143.207 at perimeter firewall pending further investigation.,Firewall
ALT002552,Eastern Grid Utility,critical,2026-02-12 09:30:29,2026-02-12 12:51:01,no,Contacted user mfernandes via Teams; confirmed they initiated the session from Mumbai office. Ticket closed with owner sign-off.,IoT Device
ALT004106,Narmada Steel Works,high,2026-03-19 20:06:45,2026-03-20 00:00:19,yes,Confirmed geolocation anomaly caused by corporate VPN egress node change. Closed as benign positive.,Endpoint
ALT001021,Arcadia Defence Systems,medium,2026-02-25 05:56:02,2026-02-25 08:38:08,no,Confirmed with asset owner that HOST-4023 was undergoing patch deployment.,Network Device
ALT003294,Jupiter Aviation Control,medium,2026-01-25 11:23:56,2026-01-25 15:24:19,yes,Isolated endpoint HOST-4872 for forensic triage; full disk scan returned clean. Closed as benign positive.,Cloud Workload
ALT002627,Eastern Grid Utility,low,2026-05-09 09:32:16,2026-05-09 13:43:47,no,Isolated endpoint HOST-6517 for forensic triage; full disk scan returned clean. Root cause documented in case notes.,Firewall
ALT003412,Jupiter Aviation Control,low,2026-01-26 05:35:49,2026-01-26 07:38:42,no,"Checked DNS query history; domain registered 400+ days ago, low risk profile. Ticket closed with owner sign-off.",Cloud Workload
ALT002784,Godavari Chemicals,low,2026-03-04 10:43:52,2026-03-04 15:35:53,yes,Correlated with authentication logs for user kiyer; prior successful VPN session confirmed. Ticket closed with owner sign-off.,Network Device
ALT003329,Jupiter Aviation Control,low,2026-06-21 17:16:03,2026-06-21 19:52:29,yes,Validated certificate chain; expired intermediate replaced by infrastructure team. Root cause documented in case notes.,Server
ALT001079,Arcadia Defence Systems,high,2026-02-05 08:51:21,2026-02-05 13:13:08,no,Compared hash against VirusTotal offline signature set; no detections.,Network Device
ALT002419,Cauvery Logistics Corp,medium,2026-01-14 07:28:05,2026-01-14 11:05:45,yes,Queried SIEM for related events across 24h window; no corroborating activity found.,Firewall
ALT004471,Orissa Mining Federation,medium,2026-04-17 11:48:57,2026-04-17 17:45:56,no,Isolated endpoint HOST-9636 for forensic triage; full disk scan returned clean.,Network Device
ALT001216,Arcadia Defence Systems,medium,2026-02-25 12:39:03,2026-02-25 18:03:08,no,Documented as benign positive; rule threshold adjusted after peer review. Root cause documented in case notes.,Server
ALT002987,Himalayan Healthcare Network,low,2026-03-04 14:29:36,2026-03-04 17:33:27,no,Verified backup job schedule; traffic volume consistent with nightly replication. No further action required.,Database
ALT000993,Arcadia Defence Systems,low,2026-06-22 14:15:51,2026-06-22 19:59:30,yes,Documented as benign positive; rule threshold adjusted after peer review. Added to suppression list after approval.,Endpoint
ALT000525,Kaveri Power Holdings,high,2026-03-27 21:27:54,2026-03-27 21:32:42,no,Identified misconfigured scanner generating repeat alerts; owner notified. No further action required.,Network Device
ALT004483,Pennar Cement Industries,low,2026-01-26 20:02:44,,no,,Server
ALT002727,Godavari Chemicals,low,2026-05-08 12:42:32,2026-05-08 17:51:43,no,,Network Device
ALT001078,Arcadia Defence Systems,medium,2026-05-23 01:55:00,,no,Escalated to L2 after confirming lateral movement indicators on HOST-7067. Root cause documented in case notes.,Database
ALT001211,Arcadia Defence Systems,medium,2026-04-22 10:40:02,2026-04-22 14:59:51,yes,Matched pattern against known false-positive rule FP-20606; tuning request raised. No further action required.,Server
ALT000824,Arcadia Defence Systems,low,2026-04-05 09:20:25,2026-04-05 12:06:57,no,Reset credentials for dnair as precaution; no evidence of compromise. Ticket closed with owner sign-off.,Firewall
ALT002439,Cauvery Logistics Corp,low,2026-01-28 10:01:14,2026-01-28 13:44:48,yes,Reviewed privileged access logs; elevation was approved under ticket REQ-61945. Handed to IR team for deeper review.,Server
ALT001306,Arcadia Defence Systems,low,2026-04-16 10:06:57,2026-04-16 13:02:59,yes,Correlated with authentication logs for user jsmith; prior successful VPN session confirmed. Added to suppression list after approval.,Cloud Workload
ALT000571,Nilgiri Water Authority,low,2026-01-30 17:32:30,2026-01-30 22:54:13,no,"Checked DNS query history; domain registered 400+ days ago, low risk profile. Added to suppression list after approval.",Identity Provider
ALT004526,Pennar Cement Industries,medium,2026-03-26 02:27:04,2026-03-26 04:29:28,yes,Documented as benign positive; rule threshold adjusted after peer review. Handed to IR team for deeper review.,Network Device
ALT004150,Narmada Steel Works,medium,2026-06-15 18:26:51,2026-06-15 23:54:10,no,Confirmed geolocation anomaly caused by corporate VPN egress node change. Handed to IR team for deeper review.,Firewall
ALT001780,Deccan Health Network,low,2026-02-13 06:07:25,2026-02-13 11:14:20,no,Sandbox detonation of attachment returned no malicious behaviour.,IoT Device
ALT003600,Krishna Port Authority,low,2026-02-08 03:39:38,2026-02-08 09:28:02,yes,Reset credentials for tgeorge as precaution; no evidence of compromise.,Endpoint
ALT000725,Arcadia Defence Systems,low,2026-02-07 05:02:08,2026-02-07 07:53:38,no,Confirmed with asset owner that HOST-5370 was undergoing patch deployment. Monitoring continued for 48 hours.,Network Device
ALT003249,Indus Financial Services,low,2026-03-23 21:54:52,2026-03-24 03:51:45,no,Reviewed privileged access logs; elevation was approved under ticket REQ-22064. Added to suppression list after approval.,Database
ALT004424,Orissa Mining Federation,medium,2026-03-31 05:17:51,2026-03-31 08:34:16,no,Confirmed geolocation anomaly caused by corporate VPN egress node change. No further action required.,Firewall
ALT000699,Nilgiri Water Authority,low,2026-01-16 23:42:24,2026-01-17 02:21:39,no,Queried SIEM for related events across 24h window; no corroborating activity found. Added to suppression list after approval.,Firewall
ALT001831,Deccan Health Network,medium,2026-01-29 01:30:02,2026-01-29 05:56:56,no,"checked, ok",IoT Device
ALT003851,Lakshmi Insurance Group,medium,2026-01-22 15:24:15,2026-01-22 19:45:34,no,Isolated endpoint HOST-4384 for forensic triage; full disk scan returned clean.,Database
ALT003584,Krishna Port Authority,low,2026-03-23 21:35:30,2026-03-24 00:53:11,no,Reviewed privileged access logs; elevation was approved under ticket REQ-14889. Root cause documented in case notes.,Endpoint
ALT003591,Krishna Port Authority,medium,2026-04-20 13:17:21,2026-04-20 17:33:12,no,Confirmed with asset owner that HOST-6771 was undergoing patch deployment. Monitoring continued for 48 hours.,IoT Device
ALT000296,Kaveri Power Holdings,high,2026-03-07 19:42:07,2026-03-07 19:46:20,no,Sandbox detonation of attachment returned no malicious behaviour. Root cause documented in case notes.,Endpoint
ALT000194,Meridian Trust Bank,high,2026-01-09 11:54:39,2026-01-09 11:55:38,no,n/a,Database
ALT001043,Arcadia Defence Systems,high,2026-04-20 00:01:13,2026-04-20 05:29:31,yes,Confirmed geolocation anomaly caused by corporate VPN egress node change. Ticket closed with owner sign-off.,Firewall
ALT002922,Himalayan Healthcare Network,low,2026-02-23 17:28:57,2026-02-23 21:05:28,no,Blocked source 10.3.214.239 at perimeter firewall pending further investigation. Root cause documented in case notes.,Server
ALT001943,Apex Power Grid Ltd,medium,2026-04-25 15:34:12,2026-04-25 18:31:18,no,Escalated to L2 after confirming lateral movement indicators on HOST-5459. Ticket closed with owner sign-off.,Network Device
ALT004602,Pennar Cement Industries,high,2026-04-11 18:13:50,2026-04-11 23:26:51,no,Reviewed source IP 10.38.62.207 against internal threat intel; no IOC match. No further action required.,Cloud Workload
ALT003652,Krishna Port Authority,low,2026-05-30 05:31:18,2026-05-30 09:31:14,no,Analysed PCAP sample; payload matched benign monitoring agent heartbeat. Added to suppression list after approval.,Cloud Workload
ALT003069,Himalayan Healthcare Network,critical,2026-01-22 12:45:23,2026-01-22 15:14:16,yes,Escalated to L2 after confirming lateral movement indicators on HOST-4946. Ticket closed with owner sign-off.,Database
ALT001891,Apex Power Grid Ltd,medium,2026-03-14 04:06:37,2026-03-14 06:14:12,no,Compared hash against VirusTotal offline signature set; no detections. Monitoring continued for 48 hours.,Network Device
ALT003550,Krishna Port Authority,low,2026-03-02 15:00:27,2026-03-02 19:19:19,no,Analysed PCAP sample; payload matched benign monitoring agent heartbeat. Ticket closed with owner sign-off.,Endpoint
ALT001695,Deccan Health Network,medium,2026-05-03 01:04:19,2026-05-03 04:59:23,no,closed,Network Device
ALT003491,Krishna Port Authority,high,2026-05-13 21:17:52,2026-05-13 23:42:34,yes,Analysed PCAP sample; payload matched benign monitoring agent heartbeat. Handed to IR team for deeper review.,Endpoint
ALT002530,Eastern Grid Utility,medium,2026-03-17 11:46:13,2026-03-17 16:30:24,no,Reviewed privileged access logs; elevation was approved under ticket REQ-54585.,IoT Device
ALT001668,Deccan Health Network,low,2026-03-17 17:33:34,2026-03-17 20:53:26,no,Correlated with authentication logs for user kiyer; prior successful VPN session confirmed. Ticket closed with owner sign-off.,Database
ALT001947,Apex Power Grid Ltd,medium,2026-05-18 21:46:20,2026-05-19 01:48:28,no,"Checked DNS query history; domain registered 400+ days ago, low risk profile. No further action required.",Endpoint
ALT001934,Apex Power Grid Ltd,low,2026-01-19 08:13:55,2026-01-19 10:21:07,no,Cross-referenced with change management ticket CHG-40542; scheduled maintenance window. Ticket closed with owner sign-off.,Database
ALT001048,Arcadia Defence Systems,medium,2026-04-22 02:40:24,2026-04-22 05:39:35,yes,Ran memory capture on HOST-1144; no injected process artefacts identified. No further action required.,Firewall
ALT003201,Indus Financial Services,low,2026-01-15 23:16:41,2026-01-16 02:40:53,no,Sandbox detonation of attachment returned no malicious behaviour. Ticket closed with owner sign-off.,Cloud Workload
ALT004013,Malabar Gas Pipelines,medium,2026-02-22 06:40:26,2026-02-22 09:31:30,yes,Reset credentials for apatel as precaution; no evidence of compromise. No further action required.,Server
ALT003203,Indus Financial Services,low,2026-03-17 09:13:28,2026-03-17 13:13:48,no,Cross-referenced with change management ticket CHG-68892; scheduled maintenance window. Added to suppression list after approval.,Server
ALT003060,Himalayan Healthcare Network,critical,2026-06-04 20:02:10,2026-06-04 22:30:35,no,Escalated to L2 after confirming lateral movement indicators on HOST-1195. Handed to IR team for deeper review.,Firewall
ALT002268,Bharat Telecom Networks,low,2026-04-06 02:57:19,2026-04-06 05:51:23,no,Verified backup job schedule; traffic volume consistent with nightly replication. No further action required.,Cloud Workload
ALT000601,Nilgiri Water Authority,medium,2026-04-16 19:20:03,2026-04-17 00:31:33,no,"Checked DNS query history; domain registered 400+ days ago, low risk profile. No further action required.",Cloud Workload
ALT002410,Cauvery Logistics Corp,low,2026-05-11 09:37:03,2026-05-11 13:48:11,no,Reviewed privileged access logs; elevation was approved under ticket REQ-43080.,Server
ALT002460,Cauvery Logistics Corp,low,2026-06-05 23:04:25,2026-06-06 01:20:25,no,Cross-referenced with change management ticket CHG-89089; scheduled maintenance window. Ticket closed with owner sign-off.,Cloud Workload
ALT004189,Narmada Steel Works,low,2026-03-23 01:53:40,2026-03-23 06:42:11,no,Documented as benign positive; rule threshold adjusted after peer review. Closed as benign positive.,Identity Provider
ALT001305,Arcadia Defence Systems,low,2026-04-14 04:31:24,2026-04-14 10:12:02,no,Cross-referenced with change management ticket CHG-45135; scheduled maintenance window. No further action required.,Endpoint
ALT000391,Kaveri Power Holdings,critical,2026-03-07 14:32:58,2026-03-07 16:45:00,no,n/a,Database
ALT000883,Arcadia Defence Systems,low,2026-01-01 21:55:15,2026-01-02 03:13:01,no,Confirmed geolocation anomaly caused by corporate VPN egress node change. Ticket closed with owner sign-off.,Cloud Workload
ALT000019,Meridian Trust Bank,medium,2026-05-18 13:13:23,2026-05-18 13:17:10,no,n/a,Identity Provider
ALT001131,Arcadia Defence Systems,critical,2026-01-18 06:21:54,2026-01-18 12:17:50,yes,Reviewed source IP 10.5.53.226 against internal threat intel; no IOC match. Handed to IR team for deeper review.,Database
ALT002549,Eastern Grid Utility,medium,2026-02-08 16:54:10,2026-02-08 21:02:06,no,Escalated to L2 after confirming lateral movement indicators on HOST-2770. Added to suppression list after approval.,Server
ALT003199,Indus Financial Services,low,2026-03-30 14:51:51,2026-03-30 20:13:29,no,Queried SIEM for related events across 24h window; no corroborating activity found. Monitoring continued for 48 hours.,Network Device
ALT003765,Lakshmi Insurance Group,low,2026-05-25 19:52:27,2026-05-26 00:26:43,no,Identified misconfigured scanner generating repeat alerts; owner notified. Closed as benign positive.,Server
ALT004081,Narmada Steel Works,medium,2026-06-21 09:15:27,,yes,Identified misconfigured scanner generating repeat alerts; owner notified. Ticket closed with owner sign-off.,Identity Provider
ALT004063,Malabar Gas Pipelines,low,2026-03-14 10:10:59,2026-03-14 15:14:05,yes,Contacted user rkumar via Teams; confirmed they initiated the session from Mumbai office. Added to suppression list after approval.,IoT Device
ALT000462,Kaveri Power Holdings,medium,2026-03-27 19:34:03,2026-03-27 22:33:30,no,Coordinated with network team; ACL change on HOST-5035 explains traffic shift.,Identity Provider
ALT004138,Narmada Steel Works,high,2026-02-22 23:31:19,2026-02-23 05:01:40,yes,Blocked source 10.45.46.191 at perimeter firewall pending further investigation. Root cause documented in case notes.,Cloud Workload
ALT003799,Lakshmi Insurance Group,high,2026-04-26 20:59:26,2026-04-27 02:18:18,no,Contacted user rkumar via Teams; confirmed they initiated the session from Mumbai office. Handed to IR team for deeper review.,Server
ALT001272,Arcadia Defence Systems,medium,2026-02-05 21:40:27,2026-02-06 00:48:03,yes,Contacted user nrao via Teams; confirmed they initiated the session from Mumbai office. Handed to IR team for deeper review.,Identity Provider
ALT000685,Nilgiri Water Authority,low,2026-05-05 14:26:22,2026-05-05 16:46:21,no,Matched pattern against known false-positive rule FP-49311; tuning request raised. Monitoring continued for 48 hours.,Server
ALT003604,Krishna Port Authority,medium,2026-05-09 22:57:54,2026-05-10 04:11:03,no,Validated certificate chain; expired intermediate replaced by infrastructure team. Closed as benign positive.,Server
ALT003340,Jupiter Aviation Control,high,2026-05-18 13:39:04,2026-05-18 15:40:07,yes,Validated certificate chain; expired intermediate replaced by infrastructure team.,IoT Device
ALT002160,Bharat Telecom Networks,medium,2026-06-28 02:58:50,,no,Documented as benign positive; rule threshold adjusted after peer review. Ticket closed with owner sign-off.,Server
ALT000972,Arcadia Defence Systems,low,2026-03-01 18:45:31,2026-03-01 23:25:57,no,Verified backup job schedule; traffic volume consistent with nightly replication. Added to suppression list after approval.,Firewall
ALT000287,Kaveri Power Holdings,medium,2026-06-02 08:22:23,2026-06-02 12:36:19,no,Reviewed source IP 10.5.186.100 against internal threat intel; no IOC match. Handed to IR team for deeper review.,Network Device
ALT002980,Himalayan Healthcare Network,high,2026-04-04 12:39:58,2026-04-04 18:34:43,yes,,Cloud Workload
ALT000543,Nilgiri Water Authority,medium,2026-01-02 14:43:35,2026-01-02 20:03:49,no,Verified backup job schedule; traffic volume consistent with nightly replication. No further action required.,Endpoint
ALT002101,Bharat Telecom Networks,low,2026-03-20 12:24:43,2026-03-20 17:44:18,no,Reset credentials for schen as precaution; no evidence of compromise.,Cloud Workload
ALT003620,Krishna Port Authority,medium,2026-05-04 02:21:55,2026-05-04 06:59:23,yes,Reviewed source IP 10.57.190.117 against internal threat intel; no IOC match. Ticket closed with owner sign-off.,Cloud Workload
ALT001561,Konkan Maritime Ltd,low,2026-04-02 13:53:36,2026-04-03 01:44:38,yes,Ran memory capture on HOST-2558; no injected process artefacts identified. Monitoring continued for 48 hours.,Cloud Workload
ALT003421,Jupiter Aviation Control,low,2026-04-26 13:48:35,2026-04-26 16:52:50,no,Correlated with authentication logs for user jsmith; prior successful VPN session confirmed. Monitoring continued for 48 hours.,Network Device
ALT001317,Arcadia Defence Systems,low,2026-02-17 18:52:53,2026-02-17 22:54:25,no,Confirmed with asset owner that HOST-5957 was undergoing patch deployment. Root cause documented in case notes.,Server
ALT003124,Indus Financial Services,medium,2026-02-16 09:56:00,2026-02-16 12:27:51,no,Analysed PCAP sample; payload matched benign monitoring agent heartbeat. Monitoring continued for 48 hours.,Network Device
ALT001782,Deccan Health Network,medium,2026-01-28 11:44:38,2026-01-28 15:50:32,yes,closed,Firewall
ALT002050,Apex Power Grid Ltd,medium,2026-04-30 17:05:58,2026-04-30 21:57:08,no,Reviewed privileged access logs; elevation was approved under ticket REQ-10150. No further action required.,Identity Provider
ALT003123,Indus Financial Services,high,2026-06-10 09:06:21,2026-06-10 13:26:59,yes,Sandbox detonation of attachment returned no malicious behaviour. Root cause documented in case notes.,Firewall
ALT004560,Pennar Cement Industries,high,2026-05-29 10:16:20,2026-05-29 12:56:09,yes,Identified misconfigured scanner generating repeat alerts; owner notified. Root cause documented in case notes.,IoT Device
ALT002483,Eastern Grid Utility,low,2026-01-14 17:54:44,2026-01-14 20:24:32,no,Reset credentials for kiyer as precaution; no evidence of compromise. No further action required.,Identity Provider
ALT003877,Malabar Gas Pipelines,low,2026-06-13 17:22:18,2026-06-13 20:08:40,no,Sandbox detonation of attachment returned no malicious behaviour. Root cause documented in case notes.,Endpoint
ALT002871,Himalayan Healthcare Network,low,2026-01-25 01:21:34,2026-01-25 07:01:07,no,Isolated endpoint HOST-2131 for forensic triage; full disk scan returned clean. No further action required.,Database
ALT004184,Narmada Steel Works,medium,2026-05-30 17:56:25,2026-05-30 21:50:48,yes,Reviewed source IP 10.20.214.163 against internal threat intel; no IOC match. Added to suppression list after approval.,Server
ALT003401,Jupiter Aviation Control,low,2026-05-02 15:29:13,2026-05-02 19:35:17,no,Correlated with authentication logs for user schen; prior successful VPN session confirmed. Handed to IR team for deeper review.,Endpoint
ALT001148,Arcadia Defence Systems,low,2026-06-03 03:26:18,2026-06-03 06:56:20,no,Escalated to L2 after confirming lateral movement indicators on HOST-4584. No further action required.,Database
ALT001294,Arcadia Defence Systems,high,2026-04-02 03:13:20,2026-04-02 09:00:24,yes,Queried SIEM for related events across 24h window; no corroborating activity found. Root cause documented in case notes.,Identity Provider
ALT003893,Malabar Gas Pipelines,medium,2026-04-09 18:48:11,2026-04-09 21:10:48,no,Analysed PCAP sample; payload matched benign monitoring agent heartbeat. Handed to IR team for deeper review.,Network Device
ALT002801,Godavari Chemicals,medium,2026-03-10 17:23:22,2026-03-10 22:09:32,no,Confirmed geolocation anomaly caused by corporate VPN egress node change. Closed as benign positive.,Cloud Workload
ALT003113,Indus Financial Services,medium,2026-02-25 00:04:28,2026-02-25 03:37:15,no,"Checked DNS query history; domain registered 400+ days ago, low risk profile. Ticket closed with owner sign-off.",Endpoint
ALT004628,Pennar Cement Industries,medium,2026-04-16 02:59:15,2026-04-16 07:47:37,no,Identified misconfigured scanner generating repeat alerts; owner notified. Root cause documented in case notes.,Identity Provider
ALT000579,Nilgiri Water Authority,medium,2026-05-25 00:21:05,2026-05-25 04:28:15,no,Ran memory capture on HOST-7292; no injected process artefacts identified. Handed to IR team for deeper review.,Identity Provider
ALT003377,Jupiter Aviation Control,medium,2026-05-10 21:13:11,2026-05-11 01:47:23,no,Ran memory capture on HOST-6004; no injected process artefacts identified.,Firewall
ALT001897,Apex Power Grid Ltd,low,2026-06-05 08:24:06,2026-06-05 13:55:23,no,Contacted user rkumar via Teams; confirmed they initiated the session from Mumbai office. Added to suppression list after approval.,Cloud Workload
ALT002466,Eastern Grid Utility,medium,2026-05-09 19:49:58,2026-05-10 00:40:00,no,Cross-referenced with change management ticket CHG-49111; scheduled maintenance window. Root cause documented in case notes.,Firewall
ALT003120,Indus Financial Services,medium,2026-02-17 22:53:12,2026-02-18 01:55:08,no,Traced outbound connection to approved vendor endpoint; verified against allowlist. Added to suppression list after approval.,Identity Provider
ALT004434,Orissa Mining Federation,low,2026-04-08 00:40:38,2026-04-08 05:34:41,no,Reviewed source IP 10.43.158.60 against internal threat intel; no IOC match. Monitoring continued for 48 hours.,Server
ALT000032,Meridian Trust Bank,medium,2026-03-02 08:36:50,2026-03-02 08:39:18,no,n/a,IoT Device
ALT000945,Arcadia Defence Systems,high,2026-03-21 10:42:31,2026-03-21 14:47:16,no,Identified misconfigured scanner generating repeat alerts; owner notified. Handed to IR team for deeper review.,Endpoint
ALT001524,Konkan Maritime Ltd,low,2026-06-24 23:21:16,2026-06-25 07:19:01,no,Coordinated with network team; ACL change on HOST-9623 explains traffic shift.,Identity Provider
ALT004005,Malabar Gas Pipelines,low,2026-05-20 20:03:33,2026-05-20 22:58:12,no,Verified backup job schedule; traffic volume consistent with nightly replication. Closed as benign positive.,Firewall
ALT002368,Cauvery Logistics Corp,low,2026-04-07 09:37:47,2026-04-07 15:25:35,yes,Verified backup job schedule; traffic volume consistent with nightly replication.,Endpoint
ALT001912,Apex Power Grid Ltd,low,2026-06-14 09:16:58,2026-06-14 13:33:17,no,Isolated endpoint HOST-6906 for forensic triage; full disk scan returned clean. Monitoring continued for 48 hours.,Cloud Workload
ALT002240,Bharat Telecom Networks,low,2026-02-24 04:43:37,2026-02-24 07:26:24,no,Cross-referenced with change management ticket CHG-99065; scheduled maintenance window. Handed to IR team for deeper review.,Identity Provider
ALT000248,Meridian Trust Bank,high,2026-03-26 00:30:58,2026-03-26 00:31:47,no,n/a,Identity Provider
ALT001550,Konkan Maritime Ltd,high,2026-01-26 04:03:32,2026-01-26 13:44:12,yes,"Checked DNS query history; domain registered 400+ days ago, low risk profile. Root cause documented in case notes.",Server
ALT002004,Apex Power Grid Ltd,medium,2026-01-24 18:34:18,2026-01-24 23:33:42,no,"Checked DNS query history; domain registered 400+ days ago, low risk profile. Root cause documented in case notes.",Endpoint
ALT004350,Orissa Mining Federation,medium,2026-02-11 08:30:21,2026-02-11 14:10:39,no,Verified backup job schedule; traffic volume consistent with nightly replication. Monitoring continued for 48 hours.,Identity Provider
ALT004331,Orissa Mining Federation,low,2026-01-11 09:10:50,2026-01-11 12:33:18,yes,Isolated endpoint HOST-2288 for forensic triage; full disk scan returned clean. Root cause documented in case notes.,Database
ALT004340,Orissa Mining Federation,medium,2026-05-06 13:32:09,2026-05-06 15:57:51,no,Confirmed with asset owner that HOST-1095 was undergoing patch deployment. Ticket closed with owner sign-off.,Network Device
ALT000645,Nilgiri Water Authority,low,2026-01-19 03:09:14,2026-01-19 07:12:08,no,Confirmed geolocation anomaly caused by corporate VPN egress node change. Handed to IR team for deeper review.,Database
ALT001959,Apex Power Grid Ltd,medium,2026-06-03 21:13:35,2026-06-04 01:39:07,no,Compared hash against VirusTotal offline signature set; no detections.,Firewall
ALT001517,Konkan Maritime Ltd,high,2026-05-22 02:32:20,2026-05-22 12:36:41,no,Matched pattern against known false-positive rule FP-81554; tuning request raised. Handed to IR team for deeper review.,Identity Provider
ALT002673,Eastern Grid Utility,low,2026-04-09 18:10:20,2026-04-09 21:17:42,no,Confirmed with asset owner that HOST-9422 was undergoing patch deployment. Ticket closed with owner sign-off.,Firewall
ALT002149,Bharat Telecom Networks,medium,2026-02-06 10:50:59,2026-02-06 16:39:15,yes,"Checked DNS query history; domain registered 400+ days ago, low risk profile. No further action required.",Server
ALT001035,Arcadia Defence Systems,critical,2026-01-14 07:16:57,2026-01-14 10:20:55,yes,Isolated endpoint HOST-3249 for forensic triage; full disk scan returned clean. Added to suppression list after approval.,Firewall
ALT004050,Malabar Gas Pipelines,high,2026-03-27 11:00:11,2026-03-27 14:19:08,no,Reset credentials for rkumar as precaution; no evidence of compromise. No further action required.,Network Device
ALT003315,Jupiter Aviation Control,high,2026-01-02 02:01:49,2026-01-02 04:24:45,yes,Reviewed EDR telemetry timeline; parent process traced to legitimate installer. Ticket closed with owner sign-off.,Cloud Workload
ALT002880,Himalayan Healthcare Network,low,2026-04-15 10:46:18,2026-04-15 16:07:23,no,,Database
ALT000107,Meridian Trust Bank,low,2026-04-17 17:40:25,2026-04-17 17:44:59,no,"checked, ok",Network Device
ALT003747,Lakshmi Insurance Group,low,2026-04-22 10:00:02,2026-04-22 13:32:01,no,Confirmed with asset owner that HOST-7726 was undergoing patch deployment. Added to suppression list after approval.,Firewall
ALT000847,Arcadia Defence Systems,low,2026-03-02 06:05:25,2026-03-02 08:18:11,no,Matched pattern against known false-positive rule FP-95260; tuning request raised. Handed to IR team for deeper review.,Network Device
ALT004282,Orissa Mining Federation,medium,2026-02-22 10:15:54,2026-02-22 12:30:40,yes,Coordinated with network team; ACL change on HOST-8171 explains traffic shift. Monitoring continued for 48 hours.,Server
ALT003790,Lakshmi Insurance Group,medium,2026-05-15 17:06:32,2026-05-15 19:36:31,no,Queried SIEM for related events across 24h window; no corroborating activity found. Monitoring continued for 48 hours.,Network Device
ALT002923,Himalayan Healthcare Network,low,2026-03-14 23:58:45,2026-03-15 05:57:52,no,Cross-referenced with change management ticket CHG-56929; scheduled maintenance window. Handed to IR team for deeper review.,Network Device
ALT002557,Eastern Grid Utility,low,2026-03-06 22:06:42,2026-03-07 01:20:49,yes,Correlated with authentication logs for user jsmith; prior successful VPN session confirmed. Root cause documented in case notes.,Server
ALT003740,Lakshmi Insurance Group,medium,2026-05-28 09:43:20,2026-05-28 14:49:28,no,Analysed PCAP sample; payload matched benign monitoring agent heartbeat. Closed as benign positive.,Cloud Workload
ALT001473,Konkan Maritime Ltd,medium,2026-04-08 03:10:13,2026-04-08 12:05:24,no,Ran memory capture on HOST-4271; no injected process artefacts identified. Handed to IR team for deeper review.,Identity Provider
ALT003219,Indus Financial Services,medium,2026-01-02 06:56:03,2026-01-02 11:30:26,no,Identified misconfigured scanner generating repeat alerts; owner notified. No further action required.,Firewall
ALT000106,Meridian Trust Bank,low,2026-04-04 20:49:55,2026-04-04 20:54:01,no,n/a,Network Device
ALT004427,Orissa Mining Federation,low,2026-03-25 17:31:51,2026-03-25 21:23:11,no,Correlated with authentication logs for user dnair; prior successful VPN session confirmed. Root cause documented in case notes.,Cloud Workload
ALT001168,Arcadia Defence Systems,high,2026-03-07 01:10:28,2026-03-07 05:02:00,no,Matched pattern against known false-positive rule FP-72851; tuning request raised. Added to suppression list after approval.,Database
ALT002697,Godavari Chemicals,critical,2026-02-09 20:34:13,2026-02-10 01:58:40,yes,Reset credentials for nrao as precaution; no evidence of compromise. Ticket closed with owner sign-off.,Database
ALT000342,Kaveri Power Holdings,low,2026-04-04 10:46:14,2026-04-04 16:22:57,no,Blocked source 10.39.231.219 at perimeter firewall pending further investigation. Ticket closed with owner sign-off.,Endpoint
ALT003480,Krishna Port Authority,low,2026-02-28 16:57:57,2026-02-28 21:36:20,yes,Queried SIEM for related events across 24h window; no corroborating activity found. No further action required.,Firewall
ALT002592,Eastern Grid Utility,low,2026-04-29 01:11:58,2026-04-29 05:04:45,no,Cross-referenced with change management ticket CHG-35081; scheduled maintenance window. Added to suppression list after approval.,Cloud Workload
ALT004232,Narmada Steel Works,low,2026-02-16 09:23:46,2026-02-16 12:17:38,no,Traced outbound connection to approved vendor endpoint; verified against allowlist.,Endpoint
ALT001818,Deccan Health Network,critical,2026-05-09 12:32:26,2026-05-09 15:04:22,no,Reviewed EDR telemetry timeline; parent process traced to legitimate installer. Ticket closed with owner sign-off.,Firewall
ALT001314,Arcadia Defence Systems,medium,2026-03-06 13:37:20,2026-03-06 19:21:20,no,Documented as benign positive; rule threshold adjusted after peer review. Closed as benign positive.,Server
ALT004568,Pennar Cement Industries,medium,2026-03-20 07:15:10,2026-03-20 11:06:47,no,Blocked source 10.52.190.234 at perimeter firewall pending further investigation. Monitoring continued for 48 hours.,Database
ALT002488,Eastern Grid Utility,low,2026-05-28 16:47:19,2026-05-28 19:10:22,no,Verified backup job schedule; traffic volume consistent with nightly replication. Root cause documented in case notes.,Endpoint
ALT002884,Himalayan Healthcare Network,low,2026-06-20 03:51:42,,no,"Checked DNS query history; domain registered 400+ days ago, low risk profile. Root cause documented in case notes.",Endpoint
ALT002936,Himalayan Healthcare Network,medium,2026-06-03 06:28:55,2026-06-03 09:29:08,no,Sandbox detonation of attachment returned no malicious behaviour.,Database
ALT002852,Godavari Chemicals,medium,2026-04-07 12:55:52,2026-04-07 14:56:54,no,Identified misconfigured scanner generating repeat alerts; owner notified. Root cause documented in case notes.,Server
ALT003458,Jupiter Aviation Control,low,2026-05-23 04:11:24,2026-05-23 08:49:39,no,Escalated to L2 after confirming lateral movement indicators on HOST-3355. Ticket closed with owner sign-off.,Database
ALT001149,Arcadia Defence Systems,low,2026-06-25 20:02:13,2026-06-25 22:05:45,no,Sandbox detonation of attachment returned no malicious behaviour. Monitoring continued for 48 hours.,Network Device
ALT000035,Meridian Trust Bank,low,2026-04-14 04:28:14,2026-04-14 04:30:20,no,n/a,Firewall
ALT001270,Arcadia Defence Systems,low,2026-02-16 23:21:03,2026-02-17 03:57:27,no,,Firewall
ALT004414,Orissa Mining Federation,high,2026-03-26 00:45:21,,yes,Blocked source 10.21.191.174 at perimeter firewall pending further investigation. Handed to IR team for deeper review.,Database
ALT003354,Jupiter Aviation Control,low,2026-03-08 02:48:39,2026-03-08 05:09:41,no,Coordinated with network team; ACL change on HOST-9882 explains traffic shift. Root cause documented in case notes.,Database
ALT001721,Deccan Health Network,low,2026-05-04 15:29:28,2026-05-04 20:23:38,no,Identified misconfigured scanner generating repeat alerts; owner notified. Monitoring continued for 48 hours.,Firewall
ALT003217,Indus Financial Services,low,2026-02-23 19:24:44,2026-02-23 22:17:52,no,Traced outbound connection to approved vendor endpoint; verified against allowlist. Monitoring continued for 48 hours.,Endpoint
ALT003182,Indus Financial Services,high,2026-03-18 07:28:05,2026-03-18 12:41:44,yes,Confirmed with asset owner that HOST-1460 was undergoing patch deployment.,Firewall
ALT000858,Arcadia Defence Systems,medium,2026-05-18 14:40:44,2026-05-18 18:05:13,no,Reviewed EDR telemetry timeline; parent process traced to legitimate installer.,Database
ALT001002,Arcadia Defence Systems,medium,2026-02-02 02:58:35,2026-02-02 05:18:15,no,Validated certificate chain; expired intermediate replaced by infrastructure team. Added to suppression list after approval.,Endpoint
ALT003991,Malabar Gas Pipelines,low,2026-01-19 14:28:35,2026-01-19 19:31:03,no,Reviewed privileged access logs; elevation was approved under ticket REQ-49950. No further action required.,Endpoint
ALT001611,Konkan Maritime Ltd,low,2026-04-11 01:51:03,2026-04-11 09:22:41,no,Compared hash against VirusTotal offline signature set; no detections. No further action required.,Identity Provider
ALT002128,Bharat Telecom Networks,high,2026-01-10 22:39:45,2026-01-11 03:40:04,yes,Queried SIEM for related events across 24h window; no corroborating activity found. Added to suppression list after approval.,Firewall
ALT000219,Meridian Trust Bank,low,2026-05-09 20:32:22,2026-05-09 20:35:53,no,n/a,Database
ALT002215,Bharat Telecom Networks,low,2026-01-21 14:17:44,2026-01-21 17:51:42,no,Analysed PCAP sample; payload matched benign monitoring agent heartbeat. Closed as benign positive.,Network Device
ALT003495,Krishna Port Authority,low,2026-03-05 20:50:15,2026-03-06 02:06:47,no,Verified backup job schedule; traffic volume consistent with nightly replication. Added to suppression list after approval.,Database
ALT002590,Eastern Grid Utility,low,2026-01-18 00:39:15,,no,Matched pattern against known false-positive rule FP-26487; tuning request raised. Monitoring continued for 48 hours.,Server
ALT000270,Meridian Trust Bank,medium,2026-06-10 14:44:32,2026-06-10 14:47:52,no,n/a,IoT Device
ALT000482,Kaveri Power Holdings,medium,2026-02-09 08:32:55,2026-02-09 12:35:17,no,Matched pattern against known false-positive rule FP-18858; tuning request raised. Added to suppression list after approval.,Cloud Workload
ALT001887,Apex Power Grid Ltd,medium,2026-01-12 19:57:05,2026-01-13 00:57:13,no,Ran memory capture on HOST-9572; no injected process artefacts identified.,Endpoint
ALT001065,Arcadia Defence Systems,medium,2026-06-24 04:12:19,2026-06-24 08:31:35,no,Confirmed with asset owner that HOST-8188 was undergoing patch deployment. Ticket closed with owner sign-off.,Identity Provider
ALT003026,Himalayan Healthcare Network,medium,2026-01-09 09:46:52,2026-01-09 15:21:32,no,Cross-referenced with change management ticket CHG-16479; scheduled maintenance window. Added to suppression list after approval.,Database
ALT003908,Malabar Gas Pipelines,medium,2026-06-19 15:33:32,2026-06-19 18:56:24,no,Reviewed EDR telemetry timeline; parent process traced to legitimate installer. Added to suppression list after approval.,IoT Device
ALT004243,Narmada Steel Works,low,2026-02-09 04:46:49,2026-02-09 07:09:16,no,Blocked source 10.42.235.250 at perimeter firewall pending further investigation. Monitoring continued for 48 hours.,IoT Device
ALT001379,Arcadia Defence Systems,medium,2026-04-21 02:02:10,2026-04-21 05:28:50,no,Validated certificate chain; expired intermediate replaced by infrastructure team.,Endpoint
ALT000885,Arcadia Defence Systems,low,2026-03-03 18:08:43,2026-03-03 22:15:34,no,Reviewed source IP 10.56.3.23 against internal threat intel; no IOC match. Closed as benign positive.,IoT Device
ALT003018,Himalayan Healthcare Network,low,2026-01-21 14:13:41,,no,Coordinated with network team; ACL change on HOST-9435 explains traffic shift. Ticket closed with owner sign-off.,IoT Device
ALT001469,Arcadia Defence Systems,low,2026-03-07 16:21:06,2026-03-07 20:59:28,no,Coordinated with network team; ACL change on HOST-3889 explains traffic shift. Added to suppression list after approval.,Firewall
ALT000629,Nilgiri Water Authority,low,2026-06-03 04:58:10,2026-06-03 10:05:25,no,Traced outbound connection to approved vendor endpoint; verified against allowlist. Handed to IR team for deeper review.,Cloud Workload
ALT001268,Arcadia Defence Systems,medium,2026-06-05 16:26:12,2026-06-05 20:12:05,no,Reviewed EDR telemetry timeline; parent process traced to legitimate installer. Ticket closed with owner sign-off.,IoT Device
ALT004406,Orissa Mining Federation,low,2026-04-06 10:47:47,2026-04-06 14:46:28,no,Compared hash against VirusTotal offline signature set; no detections. Monitoring continued for 48 hours.,IoT Device
ALT003548,Krishna Port Authority,low,2026-01-06 22:10:09,2026-01-07 03:19:33,no,Compared hash against VirusTotal offline signature set; no detections. Handed to IR team for deeper review.,Network Device
ALT004656,Pennar Cement Industries,low,2026-06-12 15:56:57,2026-06-12 19:20:16,no,Contacted user kiyer via Teams; confirmed they initiated the session from Mumbai office. Root cause documented in case notes.,Cloud Workload
ALT003831,Lakshmi Insurance Group,low,2026-05-24 11:53:29,2026-05-24 17:46:17,no,Analysed PCAP sample; payload matched benign monitoring agent heartbeat. Closed as benign positive.,Endpoint
ALT000351,Kaveri Power Holdings,critical,2026-04-01 11:20:54,2026-04-01 13:58:26,no,n/a,Firewall
ALT001223,Arcadia Defence Systems,low,2026-04-21 18:12:31,2026-04-21 21:03:18,no,"Checked DNS query history; domain registered 400+ days ago, low risk profile. Root cause documented in case notes.",Cloud Workload
ALT001789,Deccan Health Network,medium,2026-04-01 17:19:04,2026-04-01 20:28:31,no,closed,Endpoint
ALT004540,Pennar Cement Industries,medium,2026-04-03 14:18:37,2026-04-03 16:38:05,no,Analysed PCAP sample; payload matched benign monitoring agent heartbeat. Handed to IR team for deeper review.,IoT Device
ALT000723,Arcadia Defence Systems,low,2026-01-19 22:17:04,2026-01-20 00:37:03,no,Compared hash against VirusTotal offline signature set; no detections. Root cause documented in case notes.,Cloud Workload
ALT000200,Meridian Trust Bank,low,2026-01-05 15:39:13,2026-01-05 15:39:59,no,"checked, ok",Identity Provider
ALT004491,Pennar Cement Industries,high,2026-04-24 05:01:10,2026-04-24 08:44:21,yes,Identified misconfigured scanner generating repeat alerts; owner notified. Root cause documented in case notes.,IoT Device
ALT001930,Apex Power Grid Ltd,medium,2026-02-27 03:34:32,2026-02-27 06:35:17,no,Confirmed with asset owner that HOST-3008 was undergoing patch deployment.,Network Device
ALT002617,Eastern Grid Utility,medium,2026-03-06 21:56:05,2026-03-07 02:56:38,no,Escalated to L2 after confirming lateral movement indicators on HOST-8228. Added to suppression list after approval.,Identity Provider
ALT000104,Meridian Trust Bank,low,2026-01-20 15:00:05,2026-01-20 15:04:30,no,n/a,Server
ALT001006,Arcadia Defence Systems,low,2026-05-04 06:35:43,2026-05-04 12:13:42,no,Identified misconfigured scanner generating repeat alerts; owner notified. Ticket closed with owner sign-off.,Identity Provider
ALT000967,Arcadia Defence Systems,low,2026-03-14 06:53:58,2026-03-14 12:07:08,no,Escalated to L2 after confirming lateral movement indicators on HOST-5203. Root cause documented in case notes.,Network Device
ALT003288,Jupiter Aviation Control,medium,2026-04-16 01:07:34,2026-04-16 04:40:03,no,Reviewed privileged access logs; elevation was approved under ticket REQ-57324. Monitoring continued for 48 hours.,Firewall
ALT004094,Narmada Steel Works,medium,2026-06-13 12:16:49,2026-06-13 16:00:02,no,Validated certificate chain; expired intermediate replaced by infrastructure team.,Endpoint
ALT002244,Bharat Telecom Networks,low,2026-02-27 04:11:34,2026-02-27 07:56:08,no,Matched pattern against known false-positive rule FP-23183; tuning request raised. Added to suppression list after approval.,Identity Provider
ALT000563,Nilgiri Water Authority,low,2026-01-01 04:40:48,2026-01-01 10:28:08,yes,Verified backup job schedule; traffic volume consistent with nightly replication. Added to suppression list after approval.,IoT Device
ALT000779,Arcadia Defence Systems,critical,2026-01-06 17:13:42,2026-01-06 19:49:33,no,Correlated with authentication logs for user kiyer; prior successful VPN session confirmed. Ticket closed with owner sign-off.,IoT Device
ALT000028,Meridian Trust Bank,medium,2026-06-24 11:46:45,2026-06-24 11:48:36,no,"checked, ok",Identity Provider
ALT004242,Narmada Steel Works,low,2026-04-08 01:02:10,2026-04-08 06:41:10,yes,,Endpoint
ALT002393,Cauvery Logistics Corp,medium,2026-01-05 23:45:33,2026-01-06 01:55:00,no,Escalated to L2 after confirming lateral movement indicators on HOST-9500. Closed as benign positive.,Database
ALT001765,Deccan Health Network,medium,2026-03-26 01:27:48,2026-03-26 03:51:25,no,"checked, ok",Network Device
ALT002512,Eastern Grid Utility,high,2026-01-01 11:50:48,2026-01-01 16:52:43,no,Confirmed with asset owner that HOST-3081 was undergoing patch deployment. No further action required.,Identity Provider
ALT003915,Malabar Gas Pipelines,low,2026-01-03 22:05:25,2026-01-04 02:49:03,no,Reviewed privileged access logs; elevation was approved under ticket REQ-43339. Added to suppression list after approval.,IoT Device
ALT003642,Krishna Port Authority,low,2026-06-17 22:30:54,2026-06-18 01:27:21,yes,Blocked source 10.8.231.147 at perimeter firewall pending further investigation. Added to suppression list after approval.,Server
ALT002994,Himalayan Healthcare Network,medium,2026-05-02 09:23:32,2026-05-02 14:45:37,no,Analysed PCAP sample; payload matched benign monitoring agent heartbeat. Closed as benign positive.,Firewall
ALT000116,Meridian Trust Bank,high,2026-03-10 21:23:05,2026-03-10 21:27:44,no,n/a,Cloud Workload
ALT000862,Arcadia Defence Systems,high,2026-02-10 11:15:46,2026-02-10 16:48:02,no,"Checked DNS query history; domain registered 400+ days ago, low risk profile. Ticket closed with owner sign-off.",Server
ALT004203,Narmada Steel Works,low,2026-05-05 13:19:25,2026-05-05 17:31:18,no,Sandbox detonation of attachment returned no malicious behaviour. Handed to IR team for deeper review.,Network Device
ALT004193,Narmada Steel Works,low,2026-01-11 01:52:57,2026-01-11 05:57:14,yes,Confirmed with asset owner that HOST-1001 was undergoing patch deployment. Closed as benign positive.,Identity Provider
ALT003931,Malabar Gas Pipelines,low,2026-01-11 14:45:46,2026-01-11 19:52:06,no,Reviewed source IP 10.45.244.10 against internal threat intel; no IOC match. No further action required.,IoT Device
ALT002807,Godavari Chemicals,medium,2026-05-28 04:05:42,2026-05-28 08:31:33,no,Blocked source 10.53.29.107 at perimeter firewall pending further investigation.,Network Device
ALT003020,Himalayan Healthcare Network,low,2026-02-03 08:08:15,2026-02-03 13:57:30,no,,Endpoint
ALT002357,Cauvery Logistics Corp,critical,2026-01-14 01:32:42,2026-01-14 04:56:39,yes,Isolated endpoint HOST-7304 for forensic triage; full disk scan returned clean. Root cause documented in case notes.,Endpoint
ALT000469,Kaveri Power Holdings,critical,2026-02-08 07:17:09,2026-02-08 07:20:50,no,n/a,Endpoint
ALT004191,Narmada Steel Works,low,2026-01-09 00:30:30,2026-01-09 05:59:01,no,Confirmed with asset owner that HOST-8062 was undergoing patch deployment. No further action required.,Cloud Workload
ALT001692,Deccan Health Network,medium,2026-04-25 09:45:57,2026-04-25 11:47:54,no,Analysed PCAP sample; payload matched benign monitoring agent heartbeat. Root cause documented in case notes.,IoT Device
ALT002007,Apex Power Grid Ltd,medium,2026-06-22 04:38:47,2026-06-22 07:32:01,no,Documented as benign positive; rule threshold adjusted after peer review. No further action required.,Network Device
ALT001650,Konkan Maritime Ltd,medium,2026-05-29 06:45:40,2026-05-29 14:46:48,no,Reviewed source IP 10.37.237.54 against internal threat intel; no IOC match. Root cause documented in case notes.,Server
ALT001189,Arcadia Defence Systems,low,2026-04-20 12:21:13,2026-04-20 14:50:10,no,Blocked source 10.14.16.163 at perimeter firewall pending further investigation. Root cause documented in case notes.,Endpoint
ALT002870,Himalayan Healthcare Network,medium,2026-01-06 06:01:56,2026-01-06 10:32:04,yes,Sandbox detonation of attachment returned no malicious behaviour.,Firewall
ALT000217,Meridian Trust Bank,high,2026-06-19 04:04:31,2026-06-19 04:06:07,no,"checked, ok",IoT Device
ALT003913,Malabar Gas Pipelines,high,2026-05-15 20:17:58,2026-05-15 22:28:04,no,Ran memory capture on HOST-3404; no injected process artefacts identified. No further action required.,Identity Provider
ALT000305,Kaveri Power Holdings,medium,2026-03-14 12:45:43,2026-03-14 16:48:48,no,Identified misconfigured scanner generating repeat alerts; owner notified. Monitoring continued for 48 hours.,Cloud Workload
ALT002484,Eastern Grid Utility,critical,2026-05-18 03:18:17,2026-05-18 08:23:25,yes,Blocked source 10.49.62.160 at perimeter firewall pending further investigation. Handed to IR team for deeper review.,Identity Provider
ALT003033,Himalayan Healthcare Network,medium,2026-05-22 03:04:59,2026-05-22 08:59:29,no,Documented as benign positive; rule threshold adjusted after peer review.,Endpoint
ALT002553,Eastern Grid Utility,high,2026-01-12 05:25:34,2026-01-12 09:14:52,no,Identified misconfigured scanner generating repeat alerts; owner notified. Monitoring continued for 48 hours.,Server
ALT000627,Nilgiri Water Authority,low,2026-05-27 02:29:02,2026-05-27 06:22:23,no,Reset credentials for nrao as precaution; no evidence of compromise. Closed as benign positive.,Network Device
ALT000936,Arcadia Defence Systems,critical,2026-01-12 14:43:04,2026-01-12 20:29:31,yes,,Server
ALT000985,Arcadia Defence Systems,low,2026-05-10 12:55:43,2026-05-10 15:00:35,no,,Server
ALT004146,Narmada Steel Works,medium,2026-01-07 12:12:27,2026-01-07 16:48:17,no,Blocked source 10.18.233.150 at perimeter firewall pending further investigation. Closed as benign positive.,IoT Device
ALT001838,Deccan Health Network,high,2026-03-16 02:13:20,2026-03-16 07:46:40,yes,Queried SIEM for related events across 24h window; no corroborating activity found. No further action required.,Cloud Workload
ALT001328,Arcadia Defence Systems,high,2026-04-03 16:23:38,,no,Identified misconfigured scanner generating repeat alerts; owner notified.,Server
ALT004353,Orissa Mining Federation,low,2026-02-22 15:26:26,2026-02-22 17:33:44,no,Reviewed EDR telemetry timeline; parent process traced to legitimate installer.,Endpoint
ALT004118,Narmada Steel Works,critical,2026-03-25 01:55:56,2026-03-25 07:17:34,no,Matched pattern against known false-positive rule FP-32197; tuning request raised.,Server
ALT003459,Jupiter Aviation Control,low,2026-02-10 09:29:42,2026-02-10 14:33:43,no,Verified backup job schedule; traffic volume consistent with nightly replication. Added to suppression list after approval.,IoT Device
ALT003916,Malabar Gas Pipelines,high,2026-03-15 10:06:38,2026-03-15 14:43:25,yes,Matched pattern against known false-positive rule FP-47304; tuning request raised. Closed as benign positive.,Endpoint
ALT004580,Pennar Cement Industries,critical,2026-06-04 12:23:08,2026-06-04 15:00:42,yes,Confirmed geolocation anomaly caused by corporate VPN egress node change.,Firewall
ALT000419,Kaveri Power Holdings,critical,2026-06-30 05:19:48,2026-06-30 05:21:49,no,Verified backup job schedule; traffic volume consistent with nightly replication. No further action required.,Network Device
ALT004334,Orissa Mining Federation,medium,2026-06-01 12:14:31,2026-06-01 16:30:30,no,Sandbox detonation of attachment returned no malicious behaviour. Monitoring continued for 48 hours.,Identity Provider
ALT003129,Indus Financial Services,low,2026-04-06 13:30:34,2026-04-06 17:54:25,no,Correlated with authentication logs for user dnair; prior successful VPN session confirmed.,Cloud Workload
ALT001003,Arcadia Defence Systems,medium,2026-02-04 06:37:59,2026-02-04 09:26:40,no,Sandbox detonation of attachment returned no malicious behaviour. Added to suppression list after approval.,Firewall
ALT000340,Kaveri Power Holdings,medium,2026-02-06 18:44:39,2026-02-06 21:08:55,no,n/a,Endpoint
ALT000620,Nilgiri Water Authority,low,2026-06-01 01:13:01,2026-06-01 03:14:00,no,Traced outbound connection to approved vendor endpoint; verified against allowlist.,IoT Device
ALT002045,Apex Power Grid Ltd,medium,2026-01-15 18:46:13,2026-01-15 22:13:17,no,Confirmed geolocation anomaly caused by corporate VPN egress node change. Closed as benign positive.,IoT Device
ALT001212,Arcadia Defence Systems,low,2026-01-30 13:11:30,2026-01-30 16:33:23,no,Documented as benign positive; rule threshold adjusted after peer review. Closed as benign positive.,Network Device
ALT002257,Bharat Telecom Networks,medium,2026-03-29 01:41:52,2026-03-29 06:17:46,no,Sandbox detonation of attachment returned no malicious behaviour. Closed as benign positive.,Cloud Workload
ALT004017,Malabar Gas Pipelines,medium,2026-03-31 22:09:07,2026-04-01 03:09:08,no,Confirmed geolocation anomaly caused by corporate VPN egress node change. Closed as benign positive.,Server
ALT003677,Krishna Port Authority,high,2026-05-13 04:22:45,2026-05-13 06:22:50,no,Blocked source 10.1.59.75 at perimeter firewall pending further investigation. Added to suppression list after approval.,IoT Device
ALT003590,Krishna Port Authority,low,2026-02-15 11:58:51,2026-02-15 14:01:18,yes,Analysed PCAP sample; payload matched benign monitoring agent heartbeat. Ticket closed with owner sign-off.,Database
ALT001393,Arcadia Defence Systems,low,2026-04-20 04:13:41,2026-04-20 06:25:31,no,Cross-referenced with change management ticket CHG-96775; scheduled maintenance window. Ticket closed with owner sign-off.,Firewall
ALT003880,Malabar Gas Pipelines,medium,2026-01-15 03:42:22,2026-01-15 07:36:42,no,Identified misconfigured scanner generating repeat alerts; owner notified. Handed to IR team for deeper review.,IoT Device
ALT003805,Lakshmi Insurance Group,high,2026-04-25 11:45:37,2026-04-25 15:32:10,yes,Correlated with authentication logs for user kiyer; prior successful VPN session confirmed. Handed to IR team for deeper review.,IoT Device
ALT001982,Apex Power Grid Ltd,high,2026-02-03 19:54:30,2026-02-04 00:57:17,no,Escalated to L2 after confirming lateral movement indicators on HOST-2778.,Database
ALT000749,Arcadia Defence Systems,high,2026-02-12 07:57:02,2026-02-12 12:35:07,no,Traced outbound connection to approved vendor endpoint; verified against allowlist. Added to suppression list after approval.,Cloud Workload
ALT004031,Malabar Gas Pipelines,low,2026-02-17 05:54:36,2026-02-17 11:42:44,no,Reviewed EDR telemetry timeline; parent process traced to legitimate installer.,Server
ALT003126,Indus Financial Services,low,2026-04-25 19:09:04,2026-04-25 23:32:01,no,Queried SIEM for related events across 24h window; no corroborating activity found. Ticket closed with owner sign-off.,Network Device
ALT004631,Pennar Cement Industries,low,2026-02-12 23:26:06,2026-02-13 02:22:57,yes,Escalated to L2 after confirming lateral movement indicators on HOST-1116.,Cloud Workload
ALT001001,Arcadia Defence Systems,low,2026-01-24 10:39:24,2026-01-24 14:18:33,yes,Matched pattern against known false-positive rule FP-48086; tuning request raised. Root cause documented in case notes.,Firewall
ALT001560,Konkan Maritime Ltd,low,2026-03-11 04:13:14,2026-03-11 13:59:51,no,Analysed PCAP sample; payload matched benign monitoring agent heartbeat. Ticket closed with owner sign-off.,Server
ALT003010,Himalayan Healthcare Network,low,2026-02-19 08:08:28,2026-02-19 12:10:10,no,Blocked source 10.13.3.185 at perimeter firewall pending further investigation. No further action required.,Server
ALT000617,Nilgiri Water Authority,medium,2026-02-09 15:24:43,2026-02-09 19:33:14,no,Escalated to L2 after confirming lateral movement indicators on HOST-5022. Ticket closed with owner sign-off.,Network Device
ALT004141,Narmada Steel Works,medium,2026-06-27 10:09:02,2026-06-27 13:50:24,no,Correlated with authentication logs for user mfernandes; prior successful VPN session confirmed. Added to suppression list after approval.,Firewall
ALT002304,Cauvery Logistics Corp,low,2026-05-07 02:41:32,2026-05-07 05:42:27,yes,Verified backup job schedule; traffic volume consistent with nightly replication. Monitoring continued for 48 hours.,Identity Provider
ALT002087,Bharat Telecom Networks,low,2026-01-02 10:21:39,2026-01-02 16:15:15,no,,Server
ALT004162,Narmada Steel Works,low,2026-06-20 22:24:08,2026-06-21 01:29:38,no,Reviewed privileged access logs; elevation was approved under ticket REQ-95046. Closed as benign positive.,Server
ALT002103,Bharat Telecom Networks,low,2026-02-03 07:15:17,2026-02-03 09:42:39,no,Traced outbound connection to approved vendor endpoint; verified against allowlist. Monitoring continued for 48 hours.,IoT Device
ALT003257,Indus Financial Services,low,2026-06-10 15:40:21,2026-06-10 19:40:15,no,Contacted user apatel via Teams; confirmed they initiated the session from Mumbai office. Added to suppression list after approval.,Database
ALT004400,Orissa Mining Federation,medium,2026-03-11 10:06:04,2026-03-11 12:07:01,no,Blocked source 10.7.97.61 at perimeter firewall pending further investigation. Handed to IR team for deeper review.,Identity Provider
ALT003195,Indus Financial Services,medium,2026-03-27 04:10:30,2026-03-27 10:01:07,no,Coordinated with network team; ACL change on HOST-6288 explains traffic shift. Closed as benign positive.,Firewall
ALT002068,Bharat Telecom Networks,low,2026-03-04 11:06:18,2026-03-04 16:31:07,yes,Matched pattern against known false-positive rule FP-97287; tuning request raised. Handed to IR team for deeper review.,Database
ALT001515,Konkan Maritime Ltd,critical,2026-02-27 02:35:15,2026-02-27 11:29:54,yes,,Identity Provider
ALT004587,Pennar Cement Industries,low,2026-05-20 18:33:21,2026-05-20 22:36:48,no,Confirmed geolocation anomaly caused by corporate VPN egress node change.,Cloud Workload
ALT002342,Cauvery Logistics Corp,high,2026-04-11 21:20:45,2026-04-12 02:38:19,yes,Reviewed EDR telemetry timeline; parent process traced to legitimate installer. Ticket closed with owner sign-off.,Server
ALT000504,Kaveri Power Holdings,critical,2026-05-12 19:56:34,2026-05-12 19:59:17,no,Documented as benign positive; rule threshold adjusted after peer review. Monitoring continued for 48 hours.,IoT Device
ALT002888,Himalayan Healthcare Network,medium,2026-04-15 03:20:48,2026-04-15 05:38:34,no,Isolated endpoint HOST-4704 for forensic triage; full disk scan returned clean.,Database
ALT000646,Nilgiri Water Authority,low,2026-06-10 09:51:26,2026-06-10 12:35:24,no,Confirmed with asset owner that HOST-4374 was undergoing patch deployment. No further action required.,Database
ALT002693,Godavari Chemicals,low,2026-05-13 12:16:59,2026-05-13 14:29:40,yes,Reviewed source IP 10.29.5.7 against internal threat intel; no IOC match.,Server
ALT000126,Meridian Trust Bank,medium,2026-03-24 07:19:02,2026-03-24 07:20:04,no,"checked, ok",Server
ALT002479,Eastern Grid Utility,high,2026-04-15 10:16:03,2026-04-15 14:15:12,no,Identified misconfigured scanner generating repeat alerts; owner notified. Closed as benign positive.,Endpoint
ALT003134,Indus Financial Services,low,2026-04-19 11:52:16,2026-04-19 16:27:22,yes,Compared hash against VirusTotal offline signature set; no detections. Closed as benign positive.,Firewall
ALT002496,Eastern Grid Utility,high,2026-01-08 23:20:56,2026-01-09 03:03:48,no,Correlated with authentication logs for user schen; prior successful VPN session confirmed.,Cloud Workload
ALT002824,Godavari Chemicals,low,2026-04-20 03:11:40,2026-04-20 05:17:46,no,Reviewed EDR telemetry timeline; parent process traced to legitimate installer. Ticket closed with owner sign-off.,Endpoint
ALT003551,Krishna Port Authority,high,2026-04-05 20:28:30,2026-04-06 00:34:41,no,Identified misconfigured scanner generating repeat alerts; owner notified. Handed to IR team for deeper review.,Identity Provider
ALT000284,Meridian Trust Bank,medium,2026-02-24 07:36:23,2026-02-24 07:38:06,no,"checked, ok",Database
ALT004607,Pennar Cement Industries,low,2026-01-01 02:06:25,2026-01-01 04:47:00,no,Coordinated with network team; ACL change on HOST-5252 explains traffic shift. Handed to IR team for deeper review.,Server
ALT003707,Lakshmi Insurance Group,medium,2026-04-30 11:12:12,2026-04-30 13:43:02,no,"Checked DNS query history; domain registered 400+ days ago, low risk profile. Monitoring continued for 48 hours.",Network Device
ALT001025,Arcadia Defence Systems,high,2026-02-12 14:37:45,2026-02-12 19:43:41,no,Cross-referenced with change management ticket CHG-60732; scheduled maintenance window. Handed to IR team for deeper review.,Endpoint
ALT001748,Deccan Health Network,low,2026-01-29 03:06:59,2026-01-29 08:16:54,yes,"checked, ok",Network Device
ALT001076,Arcadia Defence Systems,low,2026-01-20 06:55:20,2026-01-20 10:21:09,no,Escalated to L2 after confirming lateral movement indicators on HOST-1300. Handed to IR team for deeper review.,IoT Device
ALT000488,Kaveri Power Holdings,low,2026-01-08 07:57:56,2026-01-08 13:02:09,no,Queried SIEM for related events across 24h window; no corroborating activity found. Added to suppression list after approval.,Server
ALT001434,Arcadia Defence Systems,low,2026-02-18 15:18:43,2026-02-18 20:06:49,no,Documented as benign positive; rule threshold adjusted after peer review. Ticket closed with owner sign-off.,Cloud Workload
ALT000522,Kaveri Power Holdings,low,2026-04-08 13:26:24,2026-04-08 15:30:23,no,Ran memory capture on HOST-1909; no injected process artefacts identified. Closed as benign positive.,Endpoint
ALT001465,Arcadia Defence Systems,low,2026-02-18 04:00:32,2026-02-18 07:11:51,no,Coordinated with network team; ACL change on HOST-4522 explains traffic shift. Handed to IR team for deeper review.,Endpoint
ALT001909,Apex Power Grid Ltd,low,2026-05-18 18:12:33,2026-05-18 20:49:50,no,Matched pattern against known false-positive rule FP-21693; tuning request raised. No further action required.,Firewall
ALT000890,Arcadia Defence Systems,medium,2026-05-11 21:18:46,2026-05-12 03:11:11,no,Reviewed privileged access logs; elevation was approved under ticket REQ-55564. Monitoring continued for 48 hours.,Endpoint
ALT002141,Bharat Telecom Networks,low,2026-05-18 20:28:56,2026-05-19 00:03:52,no,Reviewed source IP 10.28.99.220 against internal threat intel; no IOC match. Added to suppression list after approval.,Firewall
ALT004176,Narmada Steel Works,low,2026-05-21 22:42:22,2026-05-22 03:22:08,yes,Verified backup job schedule; traffic volume consistent with nightly replication. Handed to IR team for deeper review.,Network Device
ALT003616,Krishna Port Authority,low,2026-02-23 07:49:08,2026-02-23 10:56:37,no,Identified misconfigured scanner generating repeat alerts; owner notified. Closed as benign positive.,Firewall
ALT003202,Indus Financial Services,low,2026-03-08 20:20:27,2026-03-08 23:16:19,no,Validated certificate chain; expired intermediate replaced by infrastructure team. Ticket closed with owner sign-off.,Server
ALT003379,Jupiter Aviation Control,medium,2026-03-30 15:41:34,,no,Sandbox detonation of attachment returned no malicious behaviour. Handed to IR team for deeper review.,Server
ALT001787,Deccan Health Network,low,2026-05-23 01:16:21,2026-05-23 05:12:57,no,"checked, ok",IoT Device
ALT000354,Kaveri Power Holdings,medium,2026-06-24 12:54:29,2026-06-24 16:13:40,no,Traced outbound connection to approved vendor endpoint; verified against allowlist.,Endpoint
ALT000589,Nilgiri Water Authority,low,2026-04-15 08:02:35,2026-04-15 11:24:06,no,Reset credentials for apatel as precaution; no evidence of compromise. Closed as benign positive.,Firewall
ALT001548,Konkan Maritime Ltd,high,2026-01-15 14:57:04,2026-01-16 00:06:17,yes,Contacted user kiyer via Teams; confirmed they initiated the session from Mumbai office. Ticket closed with owner sign-off.,Cloud Workload
ALT000175,Meridian Trust Bank,low,2026-04-24 19:31:13,2026-04-24 19:34:28,no,n/a,Network Device
ALT001965,Apex Power Grid Ltd,medium,2026-01-13 01:04:20,2026-01-13 06:21:55,no,Validated certificate chain; expired intermediate replaced by infrastructure team. Ticket closed with owner sign-off.,Server
ALT001238,Arcadia Defence Systems,medium,2026-06-06 03:36:52,2026-06-06 06:55:17,no,Reviewed privileged access logs; elevation was approved under ticket REQ-67347. Handed to IR team for deeper review.,Identity Provider
ALT000697,Nilgiri Water Authority,low,2026-05-29 16:48:09,2026-05-29 20:51:47,yes,Isolated endpoint HOST-3759 for forensic triage; full disk scan returned clean. Root cause documented in case notes.,Database
ALT003979,Malabar Gas Pipelines,critical,2026-03-27 23:12:24,2026-03-28 02:03:18,no,Contacted user apatel via Teams; confirmed they initiated the session from Mumbai office. No further action required.,Endpoint
ALT004286,Orissa Mining Federation,high,2026-01-19 06:58:20,2026-01-19 09:59:55,yes,Reviewed EDR telemetry timeline; parent process traced to legitimate installer. Closed as benign positive.,Network Device
ALT002695,Godavari Chemicals,high,2026-04-21 23:46:03,2026-04-22 05:34:20,yes,Correlated with authentication logs for user tgeorge; prior successful VPN session confirmed. Monitoring continued for 48 hours.,Endpoint
ALT004437,Orissa Mining Federation,low,2026-04-12 21:16:12,2026-04-13 03:03:38,no,Ran memory capture on HOST-9752; no injected process artefacts identified. Ticket closed with owner sign-off.,Network Device
ALT002507,Eastern Grid Utility,low,2026-01-30 03:22:26,2026-01-30 07:38:45,no,Validated certificate chain; expired intermediate replaced by infrastructure team.,Cloud Workload
ALT002708,Godavari Chemicals,low,2026-05-04 12:09:27,2026-05-04 16:02:45,no,Correlated with authentication logs for user bshah; prior successful VPN session confirmed. Ticket closed with owner sign-off.,Database
ALT001563,Konkan Maritime Ltd,critical,2026-02-23 01:28:54,2026-02-23 09:56:40,yes,Sandbox detonation of attachment returned no malicious behaviour.,Identity Provider
ALT001698,Deccan Health Network,high,2026-02-14 13:31:12,2026-02-14 13:32:41,no,Confirmed with asset owner that HOST-7310 was undergoing patch deployment. Added to suppression list after approval.,Network Device
ALT000871,Arcadia Defence Systems,high,2026-05-27 23:30:59,2026-05-28 04:54:39,no,Documented as benign positive; rule threshold adjusted after peer review. No further action required.,Database
ALT004157,Narmada Steel Works,low,2026-03-23 16:28:45,2026-03-23 21:52:13,no,Escalated to L2 after confirming lateral movement indicators on HOST-7607. Monitoring continued for 48 hours.,Server
ALT000132,Meridian Trust Bank,high,2026-03-11 02:11:25,2026-03-11 02:15:24,no,n/a,Identity Provider
ALT002823,Godavari Chemicals,low,2026-05-06 15:58:36,2026-05-06 18:00:16,yes,Contacted user rkumar via Teams; confirmed they initiated the session from Mumbai office. Ticket closed with owner sign-off.,Database
ALT001235,Arcadia Defence Systems,low,2026-03-07 20:03:43,2026-03-08 00:55:32,no,Isolated endpoint HOST-3904 for forensic triage; full disk scan returned clean. Monitoring continued for 48 hours.,Endpoint
ALT002350,Cauvery Logistics Corp,low,2026-04-17 05:06:20,2026-04-17 08:09:46,yes,Coordinated with network team; ACL change on HOST-9681 explains traffic shift.,Endpoint
ALT000507,Kaveri Power Holdings,medium,2026-04-21 12:43:29,2026-04-21 14:59:01,yes,Verified backup job schedule; traffic volume consistent with nightly replication. Ticket closed with owner sign-off.,Network Device
ALT001398,Arcadia Defence Systems,medium,2026-04-11 22:24:05,2026-04-12 02:17:43,no,Compared hash against VirusTotal offline signature set; no detections. Closed as benign positive.,Cloud Workload
ALT003302,Jupiter Aviation Control,low,2026-06-19 22:47:17,2026-06-20 04:32:49,no,Queried SIEM for related events across 24h window; no corroborating activity found. Root cause documented in case notes.,Identity Provider
ALT002934,Himalayan Healthcare Network,low,2026-06-26 13:36:48,2026-06-26 16:56:15,no,Matched pattern against known false-positive rule FP-51533; tuning request raised. Added to suppression list after approval.,Endpoint
ALT001777,Deccan Health Network,high,2026-01-11 02:01:06,2026-01-11 06:34:36,yes,closed,Firewall
ALT001086,Arcadia Defence Systems,low,2026-01-04 19:07:58,2026-01-04 23:51:57,yes,Isolated endpoint HOST-7727 for forensic triage; full disk scan returned clean. No further action required.,Database
ALT003709,Lakshmi Insurance Group,low,2026-01-01 20:32:20,2026-01-01 23:08:38,no,Contacted user mfernandes via Teams; confirmed they initiated the session from Mumbai office. Handed to IR team for deeper review.,Server
ALT002019,Apex Power Grid Ltd,low,2026-05-10 13:00:20,2026-05-10 18:02:06,no,"Checked DNS query history; domain registered 400+ days ago, low risk profile. Monitoring continued for 48 hours.",Firewall
ALT003290,Jupiter Aviation Control,medium,2026-04-14 01:36:35,2026-04-14 05:57:03,no,Blocked source 10.58.235.12 at perimeter firewall pending further investigation.,Identity Provider
ALT000191,Meridian Trust Bank,low,2026-02-06 23:10:58,2026-02-06 23:15:34,no,n/a,Firewall
ALT002094,Bharat Telecom Networks,low,2026-04-03 02:08:03,2026-04-03 05:48:24,no,Traced outbound connection to approved vendor endpoint; verified against allowlist. Root cause documented in case notes.,Cloud Workload
ALT002847,Godavari Chemicals,low,2026-04-01 05:14:02,2026-04-01 09:40:26,yes,Blocked source 10.55.51.153 at perimeter firewall pending further investigation. No further action required.,Identity Provider
ALT002148,Bharat Telecom Networks,low,2026-06-25 01:46:40,2026-06-25 07:33:46,no,Confirmed with asset owner that HOST-9823 was undergoing patch deployment. Root cause documented in case notes.,Firewall
ALT004301,Orissa Mining Federation,low,2026-04-17 14:17:01,2026-04-17 16:37:47,no,Sandbox detonation of attachment returned no malicious behaviour. Root cause documented in case notes.,Identity Provider
ALT004541,Pennar Cement Industries,medium,2026-06-16 05:03:54,2026-06-16 08:38:13,no,Escalated to L2 after confirming lateral movement indicators on HOST-4458. Handed to IR team for deeper review.,Firewall
ALT001470,Arcadia Defence Systems,critical,2026-04-02 04:08:51,2026-04-02 06:52:50,yes,Blocked source 10.38.179.91 at perimeter firewall pending further investigation. Closed as benign positive.,Server
ALT004422,Orissa Mining Federation,medium,2026-05-16 09:11:38,2026-05-16 12:52:50,no,Contacted user kiyer via Teams; confirmed they initiated the session from Mumbai office.,Endpoint
ALT001254,Arcadia Defence Systems,critical,2026-01-20 20:32:47,2026-01-21 01:51:45,yes,Escalated to L2 after confirming lateral movement indicators on HOST-4657. Handed to IR team for deeper review.,Firewall
ALT002952,Himalayan Healthcare Network,medium,2026-06-10 02:25:21,2026-06-10 06:21:56,no,Reviewed privileged access logs; elevation was approved under ticket REQ-45613. Handed to IR team for deeper review.,IoT Device
ALT001656,Konkan Maritime Ltd,high,2026-03-31 10:37:39,2026-03-31 19:05:26,yes,Reviewed EDR telemetry timeline; parent process traced to legitimate installer.,Server
ALT004139,Narmada Steel Works,medium,2026-02-05 09:05:26,2026-02-05 14:45:59,no,Traced outbound connection to approved vendor endpoint; verified against allowlist. Root cause documented in case notes.,Cloud Workload
ALT000774,Arcadia Defence Systems,low,2026-05-04 01:17:21,2026-05-04 03:38:40,no,Traced outbound connection to approved vendor endpoint; verified against allowlist. Added to suppression list after approval.,IoT Device
ALT002989,Himalayan Healthcare Network,low,2026-04-03 19:52:45,2026-04-03 23:20:52,no,Cross-referenced with change management ticket CHG-55162; scheduled maintenance window. No further action required.,Database
ALT001377,Arcadia Defence Systems,high,2026-02-10 18:13:01,2026-02-10 21:30:13,yes,Cross-referenced with change management ticket CHG-33460; scheduled maintenance window. Root cause documented in case notes.,Network Device
ALT003571,Krishna Port Authority,medium,2026-05-03 05:21:25,2026-05-03 08:54:37,no,Reviewed EDR telemetry timeline; parent process traced to legitimate installer. Monitoring continued for 48 hours.,Server
ALT000374,Kaveri Power Holdings,medium,2026-03-30 20:09:49,2026-03-30 22:53:07,no,Validated certificate chain; expired intermediate replaced by infrastructure team. Added to suppression list after approval.,Server
ALT004317,Orissa Mining Federation,low,2026-02-14 18:04:34,2026-02-14 23:22:48,no,"Checked DNS query history; domain registered 400+ days ago, low risk profile. Monitoring continued for 48 hours.",Server
ALT003045,Himalayan Healthcare Network,high,2026-04-12 16:48:58,2026-04-12 22:10:46,no,Matched pattern against known false-positive rule FP-14724; tuning request raised. Monitoring continued for 48 hours.,Server
ALT004552,Pennar Cement Industries,low,2026-03-22 09:16:23,2026-03-22 11:45:21,no,Traced outbound connection to approved vendor endpoint; verified against allowlist. Added to suppression list after approval.,Identity Provider
ALT002554,Eastern Grid Utility,medium,2026-03-08 20:04:21,2026-03-09 01:04:36,no,Matched pattern against known false-positive rule FP-75096; tuning request raised. Ticket closed with owner sign-off.,Identity Provider
ALT000937,Arcadia Defence Systems,low,2026-02-06 22:30:24,2026-02-07 02:03:42,no,Correlated with authentication logs for user rkumar; prior successful VPN session confirmed. Root cause documented in case notes.,Database
ALT002177,Bharat Telecom Networks,low,2026-01-29 03:28:47,2026-01-29 07:45:10,yes,Isolated endpoint HOST-2678 for forensic triage; full disk scan returned clean. Root cause documented in case notes.,Endpoint
ALT003624,Krishna Port Authority,low,2026-04-29 22:10:57,2026-04-30 03:52:28,no,Reset credentials for mfernandes as precaution; no evidence of compromise. Root cause documented in case notes.,Database
ALT003056,Himalayan Healthcare Network,low,2026-05-31 20:35:01,2026-05-31 22:44:25,yes,"Checked DNS query history; domain registered 400+ days ago, low risk profile. No further action required.",Cloud Workload
ALT001997,Apex Power Grid Ltd,low,2026-01-12 08:12:09,2026-01-12 12:39:02,no,Confirmed geolocation anomaly caused by corporate VPN egress node change. Ticket closed with owner sign-off.,Identity Provider
ALT001162,Arcadia Defence Systems,critical,2026-06-07 22:47:19,2026-06-08 01:44:11,yes,Confirmed geolocation anomaly caused by corporate VPN egress node change. Handed to IR team for deeper review.,Server
ALT003063,Himalayan Healthcare Network,medium,2026-03-03 21:14:57,2026-03-04 02:26:11,no,Matched pattern against known false-positive rule FP-92901; tuning request raised. Closed as benign positive.,Firewall
ALT001799,Deccan Health Network,low,2026-04-03 01:20:01,2026-04-03 07:06:23,no,Analysed PCAP sample; payload matched benign monitoring agent heartbeat. Handed to IR team for deeper review.,Endpoint
ALT000935,Arcadia Defence Systems,low,2026-03-20 21:54:30,2026-03-21 02:39:23,yes,Traced outbound connection to approved vendor endpoint; verified against allowlist. No further action required.,Database
ALT000961,Arcadia Defence Systems,low,2026-06-18 02:49:34,2026-06-18 08:17:53,no,Correlated with authentication logs for user nrao; prior successful VPN session confirmed.,Endpoint
ALT000383,Kaveri Power Holdings,critical,2026-01-15 20:55:13,2026-01-16 01:08:27,no,Queried SIEM for related events across 24h window; no corroborating activity found. Closed as benign positive.,Database
ALT000205,Meridian Trust Bank,medium,2026-05-09 00:31:25,2026-05-09 00:35:50,no,n/a,Server
ALT003133,Indus Financial Services,medium,2026-06-24 01:22:14,2026-06-24 07:15:55,no,Cross-referenced with change management ticket CHG-50930; scheduled maintenance window. Monitoring continued for 48 hours.,Endpoint
ALT000227,Meridian Trust Bank,low,2026-03-26 11:50:25,2026-03-26 11:54:54,no,"checked, ok",Endpoint
ALT000055,Meridian Trust Bank,critical,2026-05-20 14:35:13,2026-05-20 14:39:47,no,n/a,Database
ALT003565,Krishna Port Authority,low,2026-02-07 02:48:04,2026-02-07 07:56:12,no,Compared hash against VirusTotal offline signature set; no detections. Added to suppression list after approval.,Database
ALT004362,Orissa Mining Federation,low,2026-03-04 00:03:03,,no,"Checked DNS query history; domain registered 400+ days ago, low risk profile. Handed to IR team for deeper review.",IoT Device
ALT003279,Jupiter Aviation Control,medium,2026-02-23 03:55:04,2026-02-23 06:17:00,no,Contacted user schen via Teams; confirmed they initiated the session from Mumbai office.,Identity Provider
ALT002284,Cauvery Logistics Corp,medium,2026-01-10 04:58:16,2026-01-10 09:15:52,no,Queried SIEM for related events across 24h window; no corroborating activity found. Ticket closed with owner sign-off.,Server
ALT004149,Narmada Steel Works,high,2026-06-13 06:19:02,2026-06-13 12:08:56,no,Analysed PCAP sample; payload matched benign monitoring agent heartbeat. Monitoring continued for 48 hours.,Endpoint
ALT004166,Narmada Steel Works,low,2026-05-01 13:48:00,2026-05-01 18:18:31,no,Ran memory capture on HOST-3614; no injected process artefacts identified. Handed to IR team for deeper review.,Cloud Workload
ALT002838,Godavari Chemicals,medium,2026-01-07 21:20:54,2026-01-08 00:23:30,no,Reset credentials for dnair as precaution; no evidence of compromise. Ticket closed with owner sign-off.,Server
ALT003800,Lakshmi Insurance Group,low,2026-02-07 20:32:51,2026-02-08 01:07:43,no,,Server
ALT001855,Deccan Health Network,low,2026-06-30 08:40:24,2026-06-30 13:27:33,no,closed,Network Device
ALT003861,Lakshmi Insurance Group,low,2026-05-27 19:08:36,2026-05-27 21:26:16,no,Verified backup job schedule; traffic volume consistent with nightly replication. Closed as benign positive.,Firewall
ALT002542,Eastern Grid Utility,low,2026-04-02 15:55:45,2026-04-02 19:08:52,no,Confirmed geolocation anomaly caused by corporate VPN egress node change.,Cloud Workload
ALT000467,Kaveri Power Holdings,low,2026-06-05 08:12:42,,no,reviewed,Identity Provider
ALT003215,Indus Financial Services,medium,2026-06-19 00:10:44,,no,Ran memory capture on HOST-5439; no injected process artefacts identified. Closed as benign positive.,Firewall
ALT000631,Nilgiri Water Authority,low,2026-04-26 07:02:18,2026-04-26 11:20:52,no,Blocked source 10.13.99.10 at perimeter firewall pending further investigation. Closed as benign positive.,Database
ALT002170,Bharat Telecom Networks,medium,2026-02-07 03:45:10,2026-02-07 07:02:55,no,Reviewed EDR telemetry timeline; parent process traced to legitimate installer. Handed to IR team for deeper review.,Firewall
ALT000336,Kaveri Power Holdings,low,2026-03-09 06:40:55,2026-03-09 10:39:49,no,reviewed,Server
ALT000165,Meridian Trust Bank,high,2026-05-17 21:53:01,2026-05-17 21:56:55,no,"checked, ok",Network Device
ALT003540,Krishna Port Authority,low,2026-03-12 12:20:22,2026-03-12 16:27:54,no,Reviewed privileged access logs; elevation was approved under ticket REQ-40226.,Server
ALT001531,Konkan Maritime Ltd,critical,2026-03-29 12:14:05,2026-03-29 20:50:38,yes,Reviewed source IP 10.38.120.232 against internal threat intel; no IOC match. Added to suppression list after approval.,Server
ALT003996,Malabar Gas Pipelines,medium,2026-06-15 09:44:00,,no,Matched pattern against known false-positive rule FP-21141; tuning request raised. Closed as benign positive.,Server
ALT001951,Apex Power Grid Ltd,low,2026-01-11 02:27:38,2026-01-11 05:55:26,no,Sandbox detonation of attachment returned no malicious behaviour. Closed as benign positive.,IoT Device
ALT003371,Jupiter Aviation Control,medium,2026-02-18 02:01:22,2026-02-18 05:14:04,no,Correlated with authentication logs for user bshah; prior successful VPN session confirmed. No further action required.,Server
ALT000029,Meridian Trust Bank,medium,2026-01-03 12:40:18,2026-01-03 12:42:50,no,"checked, ok",Database
ALT003361,Jupiter Aviation Control,critical,2026-05-15 23:00:29,2026-05-16 02:41:42,no,Isolated endpoint HOST-1914 for forensic triage; full disk scan returned clean. Added to suppression list after approval.,Firewall
ALT002721,Godavari Chemicals,low,2026-05-22 18:12:32,2026-05-22 21:37:52,no,Reviewed EDR telemetry timeline; parent process traced to legitimate installer. Monitoring continued for 48 hours.,Firewall
ALT003484,Krishna Port Authority,high,2026-02-20 04:37:04,2026-02-20 07:49:12,no,Ran memory capture on HOST-4376; no injected process artefacts identified. Handed to IR team for deeper review.,Endpoint
ALT000261,Meridian Trust Bank,high,2026-02-08 04:06:55,2026-02-08 04:10:04,yes,n/a,Server
ALT004496,Pennar Cement Industries,medium,2026-06-18 23:57:46,2026-06-19 02:40:46,yes,Identified misconfigured scanner generating repeat alerts; owner notified. Ticket closed with owner sign-off.,Cloud Workload
ALT001614,Konkan Maritime Ltd,critical,2026-05-27 00:04:06,2026-05-27 08:49:43,yes,"Checked DNS query history; domain registered 400+ days ago, low risk profile. Monitoring continued for 48 hours.",Server
ALT001437,Arcadia Defence Systems,medium,2026-01-05 19:44:19,2026-01-05 22:46:21,no,"Checked DNS query history; domain registered 400+ days ago, low risk profile. Handed to IR team for deeper review.",Network Device
ALT001713,Deccan Health Network,low,2026-06-22 16:21:47,2026-06-22 21:54:41,no,Confirmed geolocation anomaly caused by corporate VPN egress node change. Closed as benign positive.,Network Device
ALT001198,Arcadia Defence Systems,low,2026-05-18 06:43:52,2026-05-18 09:32:10,no,Matched pattern against known false-positive rule FP-13654; tuning request raised. Closed as benign positive.,Identity Provider
ALT002413,Cauvery Logistics Corp,medium,2026-06-19 12:03:46,2026-06-19 15:44:26,yes,"Checked DNS query history; domain registered 400+ days ago, low risk profile. No further action required.",Database
ALT001689,Deccan Health Network,medium,2026-05-23 22:19:13,2026-05-24 00:35:19,no,"checked, ok",Database
ALT001992,Apex Power Grid Ltd,medium,2026-03-04 05:03:19,2026-03-04 08:08:33,no,Reviewed EDR telemetry timeline; parent process traced to legitimate installer. Monitoring continued for 48 hours.,Network Device
ALT004509,Pennar Cement Industries,medium,2026-02-11 14:11:46,,no,Cross-referenced with change management ticket CHG-95352; scheduled maintenance window. Monitoring continued for 48 hours.,Cloud Workload
ALT003939,Malabar Gas Pipelines,critical,2026-01-06 08:10:52,2026-01-06 13:35:00,yes,Identified misconfigured scanner generating repeat alerts; owner notified. Handed to IR team for deeper review.,Identity Provider
ALT002948,Himalayan Healthcare Network,low,2026-04-15 05:48:14,2026-04-15 10:03:49,no,Traced outbound connection to approved vendor endpoint; verified against allowlist. Monitoring continued for 48 hours.,Network Device
ALT004336,Orissa Mining Federation,medium,2026-02-22 02:03:01,2026-02-22 07:07:50,no,Contacted user bshah via Teams; confirmed they initiated the session from Mumbai office. Ticket closed with owner sign-off.,Server
ALT001313,Arcadia Defence Systems,high,2026-04-22 14:06:53,2026-04-22 18:22:33,no,Sandbox detonation of attachment returned no malicious behaviour.,IoT Device
ALT003702,Lakshmi Insurance Group,medium,2026-03-29 17:46:59,2026-03-29 20:03:35,no,Correlated with authentication logs for user kiyer; prior successful VPN session confirmed.,Endpoint
ALT004494,Pennar Cement Industries,low,2026-05-25 06:31:31,2026-05-25 12:25:25,yes,Blocked source 10.26.39.93 at perimeter firewall pending further investigation. Closed as benign positive.,Identity Provider
ALT003415,Jupiter Aviation Control,low,2026-04-06 00:02:55,2026-04-06 05:44:33,no,Ran memory capture on HOST-5946; no injected process artefacts identified. Handed to IR team for deeper review.,Identity Provider
ALT001287,Arcadia Defence Systems,low,2026-03-05 23:44:31,2026-03-06 04:44:31,yes,Reviewed source IP 10.24.183.68 against internal threat intel; no IOC match.,Database
ALT002791,Godavari Chemicals,low,2026-03-12 01:00:19,2026-03-12 03:34:37,no,Confirmed geolocation anomaly caused by corporate VPN egress node change. Monitoring continued for 48 hours.,Network Device
ALT003673,Krishna Port Authority,high,2026-02-17 04:51:51,,yes,Confirmed geolocation anomaly caused by corporate VPN egress node change. Ticket closed with owner sign-off.,Cloud Workload
ALT003588,Krishna Port Authority,medium,2026-02-19 11:26:39,2026-02-19 17:24:54,no,Reviewed privileged access logs; elevation was approved under ticket REQ-24313. Closed as benign positive.,Endpoint
ALT001456,Arcadia Defence Systems,medium,2026-01-05 18:50:09,2026-01-06 00:06:13,no,Reviewed privileged access logs; elevation was approved under ticket REQ-85803. Root cause documented in case notes.,Firewall
ALT004046,Malabar Gas Pipelines,high,2026-05-01 23:16:46,2026-05-02 02:12:13,no,Documented as benign positive; rule threshold adjusted after peer review.,Firewall
ALT002437,Cauvery Logistics Corp,high,2026-04-03 12:33:54,2026-04-03 17:50:30,no,Documented as benign positive; rule threshold adjusted after peer review. Monitoring continued for 48 hours.,Firewall
ALT001276,Arcadia Defence Systems,medium,2026-04-01 23:41:32,2026-04-02 02:17:17,yes,Contacted user jsmith via Teams; confirmed they initiated the session from Mumbai office. Ticket closed with owner sign-off.,Database
ALT004104,Narmada Steel Works,low,2026-06-06 02:02:40,2026-06-06 07:08:33,yes,Verified backup job schedule; traffic volume consistent with nightly replication. Handed to IR team for deeper review.,Network Device
ALT004332,Orissa Mining Federation,low,2026-04-17 10:48:51,2026-04-17 13:15:29,no,Sandbox detonation of attachment returned no malicious behaviour. Closed as benign positive.,Endpoint
ALT002532,Eastern Grid Utility,low,2026-05-02 02:35:11,2026-05-02 04:47:56,yes,Matched pattern against known false-positive rule FP-25149; tuning request raised.,Server
ALT002017,Apex Power Grid Ltd,low,2026-05-31 06:05:40,2026-05-31 08:15:00,yes,Documented as benign positive; rule threshold adjusted after peer review. Root cause documented in case notes.,Identity Provider
ALT004091,Narmada Steel Works,low,2026-02-12 01:41:06,2026-02-12 04:36:51,no,Reviewed EDR telemetry timeline; parent process traced to legitimate installer. Ticket closed with owner sign-off.,Database
ALT002577,Eastern Grid Utility,high,2026-03-12 21:24:07,2026-03-13 01:16:15,yes,Identified misconfigured scanner generating repeat alerts; owner notified. Added to suppression list after approval.,Cloud Workload
ALT002127,Bharat Telecom Networks,low,2026-05-28 09:17:13,2026-05-28 11:42:57,no,Confirmed with asset owner that HOST-6769 was undergoing patch deployment. No further action required.,Firewall
ALT004443,Orissa Mining Federation,high,2026-04-12 19:06:39,2026-04-13 00:04:24,no,Confirmed geolocation anomaly caused by corporate VPN egress node change.,IoT Device
ALT003682,Krishna Port Authority,high,2026-04-16 07:17:40,2026-04-16 09:21:44,no,Confirmed geolocation anomaly caused by corporate VPN egress node change. Handed to IR team for deeper review.,Server
ALT000675,Nilgiri Water Authority,medium,2026-05-30 09:41:40,2026-05-30 15:34:30,no,Reviewed source IP 10.33.127.104 against internal threat intel; no IOC match.,Server
ALT000355,Kaveri Power Holdings,medium,2026-05-09 23:33:01,2026-05-10 03:55:54,no,Confirmed with asset owner that HOST-3635 was undergoing patch deployment. Ticket closed with owner sign-off.,Server
ALT001370,Arcadia Defence Systems,low,2026-01-31 01:01:24,2026-01-31 04:16:00,no,Identified misconfigured scanner generating repeat alerts; owner notified. Closed as benign positive.,IoT Device
ALT004161,Narmada Steel Works,high,2026-04-04 18:02:05,2026-04-04 23:57:48,no,Cross-referenced with change management ticket CHG-16356; scheduled maintenance window. Monitoring continued for 48 hours.,Database
ALT003733,Lakshmi Insurance Group,high,2026-06-30 06:51:45,2026-06-30 11:28:33,yes,Traced outbound connection to approved vendor endpoint; verified against allowlist. Monitoring continued for 48 hours.,Endpoint
ALT004233,Narmada Steel Works,high,2026-03-22 06:06:05,2026-03-22 11:23:13,no,Correlated with authentication logs for user dnair; prior successful VPN session confirmed. No further action required.,Network Device
ALT001248,Arcadia Defence Systems,low,2026-03-27 12:09:10,2026-03-27 18:05:48,no,Matched pattern against known false-positive rule FP-28911; tuning request raised. No further action required.,Server
ALT000975,Arcadia Defence Systems,low,2026-06-09 10:17:08,2026-06-09 12:51:23,no,Identified misconfigured scanner generating repeat alerts; owner notified. Monitoring continued for 48 hours.,Cloud Workload
ALT004653,Pennar Cement Industries,medium,2026-01-05 22:01:00,2026-01-06 00:26:38,yes,Isolated endpoint HOST-8258 for forensic triage; full disk scan returned clean. Added to suppression list after approval.,Identity Provider
ALT004023,Malabar Gas Pipelines,low,2026-02-04 19:23:53,2026-02-05 01:07:11,no,Matched pattern against known false-positive rule FP-58897; tuning request raised. Added to suppression list after approval.,Endpoint
ALT002578,Eastern Grid Utility,medium,2026-03-11 19:29:27,2026-03-11 22:58:58,yes,Identified misconfigured scanner generating repeat alerts; owner notified. Ticket closed with owner sign-off.,Identity Provider
ALT000164,Meridian Trust Bank,medium,2026-06-19 15:44:43,2026-06-19 15:46:51,no,"checked, ok",Database
ALT000418,Kaveri Power Holdings,medium,2026-03-15 03:40:26,2026-03-15 07:13:39,no,reviewed,Network Device
ALT003369,Jupiter Aviation Control,high,2026-04-05 10:20:59,2026-04-05 15:52:36,yes,Reset credentials for rkumar as precaution; no evidence of compromise.,Endpoint
ALT003030,Himalayan Healthcare Network,critical,2026-04-19 17:29:58,2026-04-19 21:46:11,no,Traced outbound connection to approved vendor endpoint; verified against allowlist. No further action required.,IoT Device
ALT002153,Bharat Telecom Networks,medium,2026-02-11 06:16:31,,yes,Analysed PCAP sample; payload matched benign monitoring agent heartbeat. No further action required.,Endpoint
ALT001905,Apex Power Grid Ltd,medium,2026-01-07 21:13:54,2026-01-08 00:35:38,no,Reviewed EDR telemetry timeline; parent process traced to legitimate installer. Handed to IR team for deeper review.,Database
ALT001972,Apex Power Grid Ltd,high,2026-01-13 10:45:53,2026-01-13 15:47:22,no,Contacted user tgeorge via Teams; confirmed they initiated the session from Mumbai office. Handed to IR team for deeper review.,Endpoint
ALT001694,Deccan Health Network,high,2026-06-14 03:00:11,2026-06-14 06:04:43,no,Reviewed privileged access logs; elevation was approved under ticket REQ-59488. Monitoring continued for 48 hours.,Server
ALT002064,Apex Power Grid Ltd,medium,2026-06-26 12:05:35,2026-06-26 16:19:47,no,Sandbox detonation of attachment returned no malicious behaviour.,Identity Provider
ALT001875,Apex Power Grid Ltd,medium,2026-04-17 10:30:19,2026-04-17 16:21:46,no,Reviewed source IP 10.13.47.42 against internal threat intel; no IOC match. Monitoring continued for 48 hours.,Cloud Workload
ALT000686,Nilgiri Water Authority,medium,2026-04-25 08:01:25,2026-04-25 12:43:16,no,Reviewed source IP 10.21.246.24 against internal threat intel; no IOC match. No further action required.,IoT Device
ALT001285,Arcadia Defence Systems,medium,2026-02-22 21:39:33,2026-02-23 01:15:38,no,Ran memory capture on HOST-6170; no injected process artefacts identified. Added to suppression list after approval.,IoT Device
ALT000048,Meridian Trust Bank,low,2026-06-20 01:03:40,2026-06-20 01:07:08,no,"checked, ok",Database
ALT003535,Krishna Port Authority,high,2026-02-25 03:50:52,2026-02-25 06:49:06,no,Isolated endpoint HOST-6712 for forensic triage; full disk scan returned clean. No further action required.,Firewall
ALT002211,Bharat Telecom Networks,medium,2026-04-20 21:35:33,2026-04-21 01:23:30,no,Coordinated with network team; ACL change on HOST-1211 explains traffic shift. No further action required.,Network Device
ALT003226,Indus Financial Services,low,2026-03-23 01:19:38,2026-03-23 04:27:31,no,Matched pattern against known false-positive rule FP-29898; tuning request raised. Ticket closed with owner sign-off.,Firewall
ALT002282,Cauvery Logistics Corp,medium,2026-02-18 04:07:03,2026-02-18 09:17:36,yes,Escalated to L2 after confirming lateral movement indicators on HOST-3402. Monitoring continued for 48 hours.,Endpoint
ALT000942,Arcadia Defence Systems,medium,2026-06-09 15:28:08,2026-06-09 19:42:04,yes,Validated certificate chain; expired intermediate replaced by infrastructure team.,IoT Device
ALT003661,Krishna Port Authority,high,2026-04-20 06:29:28,2026-04-20 12:14:43,yes,Cross-referenced with change management ticket CHG-35379; scheduled maintenance window. Closed as benign positive.,Endpoint
ALT002346,Cauvery Logistics Corp,low,2026-02-17 20:56:13,2026-02-18 02:28:39,no,Reviewed EDR telemetry timeline; parent process traced to legitimate installer. Ticket closed with owner sign-off.,Identity Provider
ALT004182,Narmada Steel Works,medium,2026-01-14 13:20:12,2026-01-14 17:15:30,no,Contacted user tgeorge via Teams; confirmed they initiated the session from Mumbai office. Root cause documented in case notes.,Network Device
ALT003167,Indus Financial Services,low,2026-06-25 10:11:08,2026-06-25 14:49:47,yes,Sandbox detonation of attachment returned no malicious behaviour. Ticket closed with owner sign-off.,IoT Device
ALT002950,Himalayan Healthcare Network,low,2026-02-08 12:08:46,2026-02-08 17:11:19,no,Reviewed privileged access logs; elevation was approved under ticket REQ-89795. Ticket closed with owner sign-off.,Network Device
ALT003793,Lakshmi Insurance Group,medium,2026-01-10 19:54:39,2026-01-11 01:28:28,no,Ran memory capture on HOST-3209; no injected process artefacts identified. Root cause documented in case notes.,Database
ALT000535,Saraswati Rail Network,medium,2026-01-17 11:21:22,2026-01-17 14:14:46,no,Compared hash against VirusTotal offline signature set; no detections. Ticket closed with owner sign-off.,Endpoint
ALT002728,Godavari Chemicals,low,2026-04-23 08:46:48,,yes,Confirmed geolocation anomaly caused by corporate VPN egress node change. Ticket closed with owner sign-off.,Firewall
ALT004096,Narmada Steel Works,medium,2026-02-04 18:36:44,,no,Analysed PCAP sample; payload matched benign monitoring agent heartbeat. Monitoring continued for 48 hours.,Firewall
ALT002561,Eastern Grid Utility,medium,2026-04-24 10:28:29,2026-04-24 13:21:17,no,Confirmed with asset owner that HOST-5286 was undergoing patch deployment. Added to suppression list after approval.,Identity Provider
ALT002308,Cauvery Logistics Corp,low,2026-05-03 01:07:38,2026-05-03 03:28:42,no,Blocked source 10.33.3.67 at perimeter firewall pending further investigation. Added to suppression list after approval.,IoT Device
ALT000382,Kaveri Power Holdings,critical,2026-01-07 08:00:59,2026-01-07 13:14:29,yes,n/a,Identity Provider
ALT003872,Malabar Gas Pipelines,medium,2026-03-15 20:51:00,2026-03-16 02:50:23,no,Sandbox detonation of attachment returned no malicious behaviour. Root cause documented in case notes.,IoT Device
ALT003191,Indus Financial Services,medium,2026-06-06 07:51:10,2026-06-06 12:51:13,no,Cross-referenced with change management ticket CHG-54724; scheduled maintenance window. Added to suppression list after approval.,Identity Provider
ALT001922,Apex Power Grid Ltd,low,2026-03-02 08:23:33,2026-03-02 12:51:04,no,Ran memory capture on HOST-5021; no injected process artefacts identified. Root cause documented in case notes.,Network Device
ALT003078,Indus Financial Services,high,2026-06-08 05:04:14,2026-06-08 07:46:08,yes,Confirmed with asset owner that HOST-9306 was undergoing patch deployment.,Firewall
ALT003662,Krishna Port Authority,high,2026-03-13 12:43:13,2026-03-13 15:14:07,no,Sandbox detonation of attachment returned no malicious behaviour. Handed to IR team for deeper review.,Firewall
ALT001129,Arcadia Defence Systems,medium,2026-05-23 17:34:41,2026-05-23 20:42:40,no,Verified backup job schedule; traffic volume consistent with nightly replication. Ticket closed with owner sign-off.,Network Device
ALT001361,Arcadia Defence Systems,low,2026-05-24 05:47:35,2026-05-24 09:27:37,no,Confirmed geolocation anomaly caused by corporate VPN egress node change. Handed to IR team for deeper review.,Server
ALT002237,Bharat Telecom Networks,high,2026-02-19 10:23:27,2026-02-19 12:23:56,no,Traced outbound connection to approved vendor endpoint; verified against allowlist. Ticket closed with owner sign-off.,Identity Provider
ALT003984,Malabar Gas Pipelines,critical,2026-03-14 20:10:26,2026-03-14 23:49:56,yes,Confirmed geolocation anomaly caused by corporate VPN egress node change. Handed to IR team for deeper review.,Firewall
ALT000804,Arcadia Defence Systems,high,2026-06-22 21:54:56,2026-06-23 02:44:14,no,Analysed PCAP sample; payload matched benign monitoring agent heartbeat. Added to suppression list after approval.,Firewall
ALT003419,Jupiter Aviation Control,low,2026-05-02 14:26:33,2026-05-02 16:34:09,no,Validated certificate chain; expired intermediate replaced by infrastructure team.,Database
ALT001826,Deccan Health Network,medium,2026-05-26 12:23:11,2026-05-26 16:31:02,no,Identified misconfigured scanner generating repeat alerts; owner notified. Closed as benign positive.,Network Device
ALT003062,Himalayan Healthcare Network,low,2026-05-02 22:34:43,2026-05-03 01:20:58,no,Escalated to L2 after confirming lateral movement indicators on HOST-6789. Ticket closed with owner sign-off.,Database
ALT000050,Meridian Trust Bank,high,2026-04-11 00:02:38,2026-04-11 00:05:45,no,n/a,Firewall
ALT004265,Narmada Steel Works,low,2026-01-01 12:00:56,2026-01-01 14:41:57,no,Queried SIEM for related events across 24h window; no corroborating activity found. Handed to IR team for deeper review.,Network Device
ALT001840,Deccan Health Network,high,2026-06-30 04:43:08,2026-06-30 10:37:27,yes,closed,Endpoint
ALT003427,Jupiter Aviation Control,medium,2026-06-29 02:35:31,2026-06-29 08:01:31,no,Blocked source 10.49.154.186 at perimeter firewall pending further investigation. Root cause documented in case notes.,Identity Provider
ALT004546,Pennar Cement Industries,medium,2026-05-06 17:42:45,2026-05-06 23:26:07,no,Contacted user mfernandes via Teams; confirmed they initiated the session from Mumbai office. Ticket closed with owner sign-off.,Endpoint
ALT002751,Godavari Chemicals,low,2026-02-16 04:22:33,2026-02-16 09:04:43,no,Matched pattern against known false-positive rule FP-35737; tuning request raised. Monitoring continued for 48 hours.,Database
ALT004451,Orissa Mining Federation,low,2026-03-01 06:54:32,2026-03-01 12:44:39,no,Matched pattern against known false-positive rule FP-50251; tuning request raised. Ticket closed with owner sign-off.,Endpoint
ALT003809,Lakshmi Insurance Group,low,2026-04-28 16:28:37,2026-04-28 20:42:37,no,Cross-referenced with change management ticket CHG-31284; scheduled maintenance window. No further action required.,Server
ALT001714,Deccan Health Network,low,2026-01-22 09:24:06,2026-01-22 11:47:28,no,closed,Network Device
ALT001326,Arcadia Defence Systems,high,2026-03-08 22:21:51,2026-03-09 03:17:15,yes,Matched pattern against known false-positive rule FP-82429; tuning request raised.,Database
ALT003467,Krishna Port Authority,medium,2026-05-12 20:12:51,2026-05-12 23:19:04,no,Documented as benign positive; rule threshold adjusted after peer review. Monitoring continued for 48 hours.,Identity Provider
ALT003866,Malabar Gas Pipelines,low,2026-04-26 15:07:15,2026-04-26 20:11:56,yes,Isolated endpoint HOST-8036 for forensic triage; full disk scan returned clean. Closed as benign positive.,Network Device
ALT001194,Arcadia Defence Systems,medium,2026-05-18 07:53:46,2026-05-18 12:18:02,no,Contacted user rkumar via Teams; confirmed they initiated the session from Mumbai office. No further action required.,Database
ALT001678,Deccan Health Network,medium,2026-04-17 22:40:34,2026-04-18 03:40:59,no,Reset credentials for jsmith as precaution; no evidence of compromise. Closed as benign positive.,Endpoint
ALT002916,Himalayan Healthcare Network,low,2026-05-17 21:23:15,2026-05-18 00:18:39,no,Reset credentials for bshah as precaution; no evidence of compromise. Monitoring continued for 48 hours.,IoT Device
ALT001569,Konkan Maritime Ltd,high,2026-05-01 11:01:54,2026-05-01 19:31:16,yes,Coordinated with network team; ACL change on HOST-4204 explains traffic shift. Monitoring continued for 48 hours.,Identity Provider
ALT002117,Bharat Telecom Networks,low,2026-01-24 09:14:28,2026-01-24 14:55:33,no,Identified misconfigured scanner generating repeat alerts; owner notified. Added to suppression list after approval.,Network Device
ALT002195,Bharat Telecom Networks,low,2026-03-08 05:28:07,2026-03-08 11:09:45,no,Contacted user tgeorge via Teams; confirmed they initiated the session from Mumbai office. Handed to IR team for deeper review.,IoT Device
ALT004583,Pennar Cement Industries,low,2026-03-13 14:28:17,2026-03-13 17:25:38,no,Coordinated with network team; ACL change on HOST-2454 explains traffic shift. Added to suppression list after approval.,Database
ALT001463,Arcadia Defence Systems,low,2026-01-07 05:41:31,2026-01-07 09:27:17,no,Blocked source 10.55.125.90 at perimeter firewall pending further investigation. Root cause documented in case notes.,Cloud Workload
ALT001505,Konkan Maritime Ltd,medium,2026-05-08 19:37:56,2026-05-09 04:57:20,yes,Reviewed EDR telemetry timeline; parent process traced to legitimate installer. Handed to IR team for deeper review.,Cloud Workload
ALT003965,Malabar Gas Pipelines,medium,2026-06-24 03:58:44,2026-06-24 07:29:32,no,Compared hash against VirusTotal offline signature set; no detections. Closed as benign positive.,Network Device
ALT003716,Lakshmi Insurance Group,low,2026-05-14 07:42:31,2026-05-14 12:57:57,no,Cross-referenced with change management ticket CHG-64785; scheduled maintenance window. Closed as benign positive.,Server
ALT000125,Meridian Trust Bank,high,2026-02-13 00:45:18,2026-02-13 00:48:03,no,n/a,IoT Device
ALT001408,Arcadia Defence Systems,low,2026-05-07 23:37:03,2026-05-08 04:21:24,no,Validated certificate chain; expired intermediate replaced by infrastructure team. Monitoring continued for 48 hours.,Endpoint
ALT001801,Deccan Health Network,medium,2026-02-08 21:58:09,,no,Coordinated with network team; ACL change on HOST-3184 explains traffic shift. Closed as benign positive.,IoT Device
ALT002224,Bharat Telecom Networks,low,2026-03-31 11:50:00,2026-03-31 16:15:38,no,Matched pattern against known false-positive rule FP-78541; tuning request raised. Ticket closed with owner sign-off.,Network Device
ALT001266,Arcadia Defence Systems,low,2026-04-14 01:10:51,2026-04-14 04:58:33,no,Reset credentials for apatel as precaution; no evidence of compromise. Handed to IR team for deeper review.,Server
ALT001184,Arcadia Defence Systems,critical,2026-03-12 02:51:55,2026-03-12 07:23:58,yes,Reset credentials for tgeorge as precaution; no evidence of compromise. Added to suppression list after approval.,IoT Device
ALT003741,Lakshmi Insurance Group,low,2026-01-25 08:56:34,2026-01-25 12:09:05,no,Matched pattern against known false-positive rule FP-81076; tuning request raised. Handed to IR team for deeper review.,Endpoint
ALT004294,Orissa Mining Federation,high,2026-05-26 10:18:57,2026-05-26 13:39:08,no,Identified misconfigured scanner generating repeat alerts; owner notified. Handed to IR team for deeper review.,IoT Device
ALT001103,Arcadia Defence Systems,medium,2026-06-14 15:02:39,2026-06-14 17:46:45,no,Sandbox detonation of attachment returned no malicious behaviour. Handed to IR team for deeper review.,Network Device
ALT004058,Malabar Gas Pipelines,medium,2026-04-21 02:41:28,2026-04-21 08:28:05,no,Compared hash against VirusTotal offline signature set; no detections. Root cause documented in case notes.,IoT Device
ALT000901,Arcadia Defence Systems,low,2026-06-27 04:18:35,2026-06-27 08:26:49,no,Verified backup job schedule; traffic volume consistent with nightly replication. Ticket closed with owner sign-off.,Database
ALT004453,Orissa Mining Federation,low,2026-03-27 19:45:31,2026-03-27 22:06:29,no,Traced outbound connection to approved vendor endpoint; verified against allowlist.,IoT Device
ALT000634,Nilgiri Water Authority,low,2026-04-01 13:34:19,2026-04-01 18:03:47,no,Confirmed geolocation anomaly caused by corporate VPN egress node change. Handed to IR team for deeper review.,Server
ALT000680,Nilgiri Water Authority,low,2026-05-17 21:48:01,2026-05-18 03:29:07,no,Correlated with authentication logs for user schen; prior successful VPN session confirmed. Closed as benign positive.,Cloud Workload
ALT000994,Arcadia Defence Systems,high,2026-01-11 06:12:18,2026-01-11 11:18:29,no,Isolated endpoint HOST-9696 for forensic triage; full disk scan returned clean. Monitoring continued for 48 hours.,Network Device
ALT002700,Godavari Chemicals,low,2026-03-24 10:58:38,2026-03-24 15:45:54,yes,,Server
ALT001928,Apex Power Grid Ltd,low,2026-04-12 19:21:10,2026-04-12 23:52:51,no,Identified misconfigured scanner generating repeat alerts; owner notified. Ticket closed with owner sign-off.,Network Device
ALT004240,Narmada Steel Works,low,2026-03-06 14:03:11,2026-03-06 19:49:34,no,Documented as benign positive; rule threshold adjusted after peer review. Closed as benign positive.,Firewall
ALT000947,Arcadia Defence Systems,medium,2026-01-22 10:50:35,2026-01-22 13:24:29,no,Contacted user rkumar via Teams; confirmed they initiated the session from Mumbai office. Closed as benign positive.,Cloud Workload
ALT001486,Konkan Maritime Ltd,medium,2026-04-20 03:44:14,2026-04-20 14:00:01,yes,Cross-referenced with change management ticket CHG-18164; scheduled maintenance window. No further action required.,Identity Provider
ALT002613,Eastern Grid Utility,medium,2026-02-20 22:03:33,2026-02-21 03:02:35,no,Queried SIEM for related events across 24h window; no corroborating activity found. Monitoring continued for 48 hours.,Endpoint
ALT002591,Eastern Grid Utility,medium,2026-03-25 19:45:31,2026-03-25 22:38:35,no,Ran memory capture on HOST-4239; no injected process artefacts identified. Root cause documented in case notes.,Firewall
ALT002939,Himalayan Healthcare Network,low,2026-02-09 15:05:59,2026-02-09 19:30:34,no,Correlated with authentication logs for user kiyer; prior successful VPN session confirmed. No further action required.,Database
ALT000078,Meridian Trust Bank,critical,2026-06-08 23:43:21,2026-06-08 23:46:51,no,n/a,Cloud Workload
ALT000784,Arcadia Defence Systems,low,2026-01-20 11:14:31,2026-01-20 14:14:37,yes,Reviewed EDR telemetry timeline; parent process traced to legitimate installer. No further action required.,Cloud Workload
ALT004428,Orissa Mining Federation,low,2026-05-12 13:10:35,2026-05-12 19:04:44,yes,Reviewed source IP 10.39.84.179 against internal threat intel; no IOC match.,Server
ALT002344,Cauvery Logistics Corp,low,2026-06-14 17:11:17,2026-06-14 20:24:13,no,Queried SIEM for related events across 24h window; no corroborating activity found. Root cause documented in case notes.,IoT Device
ALT002730,Godavari Chemicals,low,2026-05-24 02:55:20,2026-05-24 05:02:24,no,Validated certificate chain; expired intermediate replaced by infrastructure team. Monitoring continued for 48 hours.,Firewall
ALT002656,Eastern Grid Utility,low,2026-05-08 06:52:40,2026-05-08 11:41:42,no,Correlated with authentication logs for user nrao; prior successful VPN session confirmed. Monitoring continued for 48 hours.,IoT Device
ALT001487,Konkan Maritime Ltd,high,2026-03-21 10:10:41,2026-03-21 20:43:26,yes,Traced outbound connection to approved vendor endpoint; verified against allowlist.,Cloud Workload
ALT003634,Krishna Port Authority,high,2026-03-05 05:21:17,2026-03-05 09:07:41,no,Identified misconfigured scanner generating repeat alerts; owner notified. Root cause documented in case notes.,Server
ALT002063,Apex Power Grid Ltd,medium,2026-02-14 05:20:42,2026-02-14 08:29:51,no,Ran memory capture on HOST-8323; no injected process artefacts identified. Closed as benign positive.,Firewall
ALT001333,Arcadia Defence Systems,low,2026-03-18 15:15:32,2026-03-18 20:56:35,no,Identified misconfigured scanner generating repeat alerts; owner notified. Monitoring continued for 48 hours.,Identity Provider
ALT000648,Nilgiri Water Authority,low,2026-06-17 18:26:10,2026-06-18 00:11:25,no,Confirmed with asset owner that HOST-5136 was undergoing patch deployment. No further action required.,Database
ALT000062,Meridian Trust Bank,medium,2026-01-11 19:43:32,2026-01-11 19:47:03,no,"checked, ok",Firewall
ALT001178,Arcadia Defence Systems,low,2026-05-21 16:30:38,2026-05-21 19:07:18,no,Confirmed with asset owner that HOST-3235 was undergoing patch deployment. Closed as benign positive.,IoT Device
ALT001638,Konkan Maritime Ltd,low,2026-01-31 21:40:40,2026-02-01 05:51:10,no,Reviewed EDR telemetry timeline; parent process traced to legitimate installer. Added to suppression list after approval.,Server
ALT000805,Arcadia Defence Systems,medium,2026-05-28 01:49:40,2026-05-28 05:29:02,no,Reviewed source IP 10.15.90.190 against internal threat intel; no IOC match. Root cause documented in case notes.,Endpoint
ALT000097,Meridian Trust Bank,medium,2026-06-14 09:20:38,2026-06-14 09:24:29,no,n/a,Server
ALT003937,Malabar Gas Pipelines,high,2026-06-04 00:17:33,2026-06-04 03:31:36,no,Cross-referenced with change management ticket CHG-50725; scheduled maintenance window. Monitoring continued for 48 hours.,Database
ALT001757,Deccan Health Network,high,2026-04-13 03:11:48,2026-04-13 03:15:32,no,Identified misconfigured scanner generating repeat alerts; owner notified. Handed to IR team for deeper review.,Database
ALT004186,Narmada Steel Works,critical,2026-02-18 14:48:32,2026-02-18 18:09:15,yes,Documented as benign positive; rule threshold adjusted after peer review. Handed to IR team for deeper review.,Identity Provider
ALT000113,Meridian Trust Bank,medium,2026-04-15 07:10:17,2026-04-15 07:11:16,no,n/a,Cloud Workload
ALT002220,Bharat Telecom Networks,medium,2026-01-09 16:28:23,2026-01-09 20:55:12,no,Escalated to L2 after confirming lateral movement indicators on HOST-7367. Monitoring continued for 48 hours.,IoT Device
ALT004573,Pennar Cement Industries,critical,2026-05-12 20:54:44,2026-05-13 01:49:41,no,Matched pattern against known false-positive rule FP-12183; tuning request raised. Root cause documented in case notes.,Server
ALT002006,Apex Power Grid Ltd,low,2026-05-06 04:02:40,2026-05-06 08:23:39,no,Isolated endpoint HOST-8992 for forensic triage; full disk scan returned clean. Handed to IR team for deeper review.,Cloud Workload
ALT004621,Pennar Cement Industries,critical,2026-06-10 20:50:01,2026-06-11 01:25:49,yes,,Server
ALT004657,Pennar Cement Industries,high,2026-06-08 04:51:42,2026-06-08 07:06:18,yes,Verified backup job schedule; traffic volume consistent with nightly replication. Closed as benign positive.,Identity Provider
ALT001805,Deccan Health Network,medium,2026-05-08 09:03:08,2026-05-08 13:25:49,no,Escalated to L2 after confirming lateral movement indicators on HOST-4104. Ticket closed with owner sign-off.,Identity Provider
ALT003149,Indus Financial Services,medium,2026-03-17 07:27:38,2026-03-17 11:34:38,no,Documented as benign positive; rule threshold adjusted after peer review. Ticket closed with owner sign-off.,Endpoint
ALT000820,Arcadia Defence Systems,low,2026-05-05 08:35:23,2026-05-05 13:56:17,no,Confirmed with asset owner that HOST-2157 was undergoing patch deployment. Ticket closed with owner sign-off.,Network Device
ALT002504,Eastern Grid Utility,low,2026-05-24 07:42:44,2026-05-24 12:25:41,no,Isolated endpoint HOST-6929 for forensic triage; full disk scan returned clean. Root cause documented in case notes.,Cloud Workload
ALT003301,Jupiter Aviation Control,low,2026-06-04 09:03:54,2026-06-04 14:36:38,no,Verified backup job schedule; traffic volume consistent with nightly replication. Added to suppression list after approval.,Cloud Workload
ALT000182,Meridian Trust Bank,critical,2026-02-24 21:14:21,2026-02-24 21:15:42,no,"checked, ok",Database
ALT000949,Arcadia Defence Systems,high,2026-01-03 13:02:55,2026-01-03 18:10:05,yes,Traced outbound connection to approved vendor endpoint; verified against allowlist.,IoT Device
ALT001817,Deccan Health Network,low,2026-02-09 15:36:49,2026-02-09 18:59:37,no,closed,Firewall
ALT000439,Kaveri Power Holdings,medium,2026-02-14 21:05:41,2026-02-15 00:25:59,no,n/a,Cloud Workload
ALT000294,Kaveri Power Holdings,low,2026-06-07 02:55:47,2026-06-07 05:11:05,no,reviewed,Database
ALT004503,Pennar Cement Industries,medium,2026-05-12 00:26:21,2026-05-12 03:43:15,no,"Checked DNS query history; domain registered 400+ days ago, low risk profile. Added to suppression list after approval.",Identity Provider
ALT000981,Arcadia Defence Systems,medium,2026-06-23 13:32:13,2026-06-23 16:42:02,no,,Database
ALT003879,Malabar Gas Pipelines,low,2026-04-29 00:29:20,2026-04-29 05:58:21,no,Compared hash against VirusTotal offline signature set; no detections. Monitoring continued for 48 hours.,Database
ALT002459,Cauvery Logistics Corp,medium,2026-05-10 17:46:38,2026-05-10 22:31:32,no,Documented as benign positive; rule threshold adjusted after peer review.,Firewall
ALT003703,Lakshmi Insurance Group,critical,2026-06-09 18:50:23,2026-06-09 23:07:46,yes,Traced outbound connection to approved vendor endpoint; verified against allowlist.,Firewall
ALT001672,Deccan Health Network,low,2026-03-12 08:40:52,2026-03-12 12:00:50,no,"checked, ok",Server
ALT004154,Narmada Steel Works,low,2026-01-27 19:13:37,2026-01-28 00:06:56,no,Cross-referenced with change management ticket CHG-20524; scheduled maintenance window. Root cause documented in case notes.,Server
ALT004105,Narmada Steel Works,low,2026-05-02 23:15:02,2026-05-03 01:20:34,yes,Reviewed privileged access logs; elevation was approved under ticket REQ-75797. Ticket closed with owner sign-off.,Endpoint
ALT003498,Krishna Port Authority,low,2026-04-28 16:24:17,2026-04-28 20:21:14,no,Matched pattern against known false-positive rule FP-14416; tuning request raised. No further action required.,Endpoint
ALT003678,Krishna Port Authority,low,2026-01-18 07:00:03,2026-01-18 11:36:40,no,Reviewed privileged access logs; elevation was approved under ticket REQ-68463. Monitoring continued for 48 hours.,Cloud Workload
ALT002611,Eastern Grid Utility,low,2026-04-03 12:20:06,2026-04-03 14:58:03,no,Ran memory capture on HOST-8049; no injected process artefacts identified. Added to suppression list after approval.,Endpoint
ALT002745,Godavari Chemicals,medium,2026-05-22 09:08:46,,yes,Correlated with authentication logs for user mfernandes; prior successful VPN session confirmed. Closed as benign positive.,Server
ALT001970,Apex Power Grid Ltd,high,2026-04-08 17:02:58,2026-04-08 21:19:40,yes,Confirmed with asset owner that HOST-3143 was undergoing patch deployment. Handed to IR team for deeper review.,Database
ALT003589,Krishna Port Authority,low,2026-06-22 19:55:51,2026-06-23 01:07:10,no,,IoT Device
ALT004252,Narmada Steel Works,low,2026-03-25 05:28:59,2026-03-25 11:19:40,no,Reviewed source IP 10.21.225.188 against internal threat intel; no IOC match. No further action required.,Network Device
ALT002981,Himalayan Healthcare Network,medium,2026-05-11 17:26:51,2026-05-11 21:11:45,no,,Firewall
ALT002518,Eastern Grid Utility,high,2026-06-17 21:15:00,2026-06-18 00:41:16,no,Sandbox detonation of attachment returned no malicious behaviour. No further action required.,Firewall
ALT001346,Arcadia Defence Systems,high,2026-04-19 22:49:32,2026-04-20 04:32:50,yes,Documented as benign positive; rule threshold adjusted after peer review. Ticket closed with owner sign-off.,Endpoint
ALT001927,Apex Power Grid Ltd,low,2026-05-12 15:57:59,2026-05-12 19:50:36,no,Cross-referenced with change management ticket CHG-67167; scheduled maintenance window. Monitoring continued for 48 hours.,Identity Provider
ALT003494,Krishna Port Authority,low,2026-06-19 07:16:11,2026-06-19 12:33:00,no,Queried SIEM for related events across 24h window; no corroborating activity found. Added to suppression list after approval.,Identity Provider
ALT003610,Krishna Port Authority,low,2026-04-18 01:45:45,2026-04-18 04:16:35,no,Identified misconfigured scanner generating repeat alerts; owner notified. Ticket closed with owner sign-off.,Endpoint
ALT001143,Arcadia Defence Systems,low,2026-05-12 21:52:36,2026-05-13 03:51:38,no,Blocked source 10.50.34.220 at perimeter firewall pending further investigation. Closed as benign positive.,Server
ALT003592,Krishna Port Authority,low,2026-04-02 10:01:51,2026-04-02 14:48:27,no,Matched pattern against known false-positive rule FP-26122; tuning request raised. No further action required.,Identity Provider
ALT001562,Konkan Maritime Ltd,high,2026-06-04 02:31:21,2026-06-04 13:03:58,yes,Blocked source 10.51.197.218 at perimeter firewall pending further investigation. Root cause documented in case notes.,Cloud Workload
ALT004625,Pennar Cement Industries,high,2026-01-17 03:29:25,2026-01-17 08:41:31,no,Identified misconfigured scanner generating repeat alerts; owner notified. Root cause documented in case notes.,IoT Device
ALT001197,Arcadia Defence Systems,medium,2026-04-27 14:28:59,2026-04-27 16:32:17,no,Confirmed with asset owner that HOST-1097 was undergoing patch deployment. Handed to IR team for deeper review.,Database
ALT002933,Himalayan Healthcare Network,medium,2026-01-24 02:53:16,,no,Reviewed source IP 10.49.212.217 against internal threat intel; no IOC match. No further action required.,Network Device
ALT002632,Eastern Grid Utility,medium,2026-03-04 07:22:58,2026-03-04 12:10:40,no,Verified backup job schedule; traffic volume consistent with nightly replication. Monitoring continued for 48 hours.,Network Device
ALT002365,Cauvery Logistics Corp,high,2026-05-07 04:10:12,2026-05-07 08:13:44,no,Isolated endpoint HOST-3876 for forensic triage; full disk scan returned clean. No further action required.,Cloud Workload
ALT002404,Cauvery Logistics Corp,low,2026-01-18 01:46:34,2026-01-18 05:59:58,no,Confirmed geolocation anomaly caused by corporate VPN egress node change. Handed to IR team for deeper review.,Cloud Workload
ALT002993,Himalayan Healthcare Network,low,2026-01-12 23:41:58,2026-01-13 02:58:55,no,,Network Device
ALT004256,Narmada Steel Works,low,2026-05-20 12:27:21,2026-05-20 16:27:34,no,Compared hash against VirusTotal offline signature set; no detections.,Network Device
ALT002339,Cauvery Logistics Corp,low,2026-03-23 19:00:00,2026-03-23 22:58:23,no,Coordinated with network team; ACL change on HOST-6370 explains traffic shift. Root cause documented in case notes.,Identity Provider
ALT004513,Pennar Cement Industries,low,2026-03-12 04:55:42,,no,Matched pattern against known false-positive rule FP-14566; tuning request raised. Root cause documented in case notes.,Server
ALT004480,Pennar Cement Industries,low,2026-03-07 16:05:37,2026-03-07 21:17:34,no,Confirmed with asset owner that HOST-9556 was undergoing patch deployment. No further action required.,Network Device
ALT003722,Lakshmi Insurance Group,medium,2026-04-28 07:21:04,2026-04-28 11:10:59,yes,Isolated endpoint HOST-3651 for forensic triage; full disk scan returned clean. No further action required.,Network Device
ALT003085,Indus Financial Services,medium,2026-04-15 02:24:21,2026-04-15 06:12:07,yes,"Checked DNS query history; domain registered 400+ days ago, low risk profile. Monitoring continued for 48 hours.",IoT Device
ALT001502,Konkan Maritime Ltd,medium,2026-04-30 08:52:08,2026-04-30 19:47:24,no,Reset credentials for tgeorge as precaution; no evidence of compromise. Root cause documented in case notes.,Cloud Workload
ALT003559,Krishna Port Authority,low,2026-06-20 13:13:31,2026-06-20 15:22:15,no,Documented as benign positive; rule threshold adjusted after peer review. Handed to IR team for deeper review.,Network Device
ALT003460,Jupiter Aviation Control,low,2026-02-27 02:45:01,2026-02-27 07:03:33,no,Compared hash against VirusTotal offline signature set; no detections. Added to suppression list after approval.,Cloud Workload
ALT003243,Indus Financial Services,low,2026-01-25 11:33:22,2026-01-25 14:45:17,no,Reset credentials for bshah as precaution; no evidence of compromise. Handed to IR team for deeper review.,IoT Device
ALT002584,Eastern Grid Utility,medium,2026-05-25 05:44:22,2026-05-25 09:30:46,no,Confirmed geolocation anomaly caused by corporate VPN egress node change. Monitoring continued for 48 hours.,Cloud Workload
ALT000591,Nilgiri Water Authority,low,2026-04-18 09:21:46,2026-04-18 13:22:09,no,"Checked DNS query history; domain registered 400+ days ago, low risk profile.",Database
ALT000297,Kaveri Power Holdings,medium,2026-04-20 12:30:33,2026-04-20 15:47:05,no,Reviewed privileged access logs; elevation was approved under ticket REQ-39779. Added to suppression list after approval.,IoT Device
ALT001732,Deccan Health Network,high,2026-06-09 09:51:10,2026-06-09 14:59:42,no,Compared hash against VirusTotal offline signature set; no detections. No further action required.,Database
ALT004476,Orissa Mining Federation,low,2026-01-20 09:28:35,2026-01-20 13:24:22,no,Reviewed privileged access logs; elevation was approved under ticket REQ-38916. Closed as benign positive.,Server
ALT001274,Arcadia Defence Systems,low,2026-06-01 19:13:21,2026-06-02 01:03:36,no,Sandbox detonation of attachment returned no malicious behaviour. Closed as benign positive.,Firewall
ALT001365,Arcadia Defence Systems,low,2026-03-12 19:36:38,2026-03-12 23:16:02,no,,Endpoint
ALT000665,Nilgiri Water Authority,medium,2026-03-22 04:02:12,2026-03-22 07:55:25,no,Confirmed geolocation anomaly caused by corporate VPN egress node change. Root cause documented in case notes.,Identity Provider
ALT004257,Narmada Steel Works,medium,2026-02-22 14:48:33,2026-02-22 17:21:07,no,Escalated to L2 after confirming lateral movement indicators on HOST-4488. Monitoring continued for 48 hours.,Server
ALT002203,Bharat Telecom Networks,medium,2026-06-12 03:53:02,,yes,Compared hash against VirusTotal offline signature set; no detections. No further action required.,Endpoint
ALT003448,Jupiter Aviation Control,low,2026-03-18 11:56:34,2026-03-18 16:06:14,no,Confirmed geolocation anomaly caused by corporate VPN egress node change. Handed to IR team for deeper review.,Database
ALT002896,Himalayan Healthcare Network,low,2026-06-09 19:52:34,2026-06-09 22:18:40,no,Reset credentials for schen as precaution; no evidence of compromise. No further action required.,Server
ALT002509,Eastern Grid Utility,low,2026-05-08 19:43:54,2026-05-08 22:08:06,no,Reviewed source IP 10.42.137.145 against internal threat intel; no IOC match.,Firewall
ALT003224,Indus Financial Services,low,2026-01-18 07:22:22,2026-01-18 10:00:26,no,Analysed PCAP sample; payload matched benign monitoring agent heartbeat. Added to suppression list after approval.,IoT Device
ALT003089,Indus Financial Services,medium,2026-02-16 01:28:35,2026-02-16 04:48:52,no,"Checked DNS query history; domain registered 400+ days ago, low risk profile. Handed to IR team for deeper review.",Database
ALT002614,Eastern Grid Utility,medium,2026-04-23 07:10:32,2026-04-23 09:45:31,yes,Ran memory capture on HOST-9014; no injected process artefacts identified. Ticket closed with owner sign-off.,Server
ALT003391,Jupiter Aviation Control,low,2026-01-30 10:52:30,2026-01-30 13:47:52,no,Confirmed with asset owner that HOST-2316 was undergoing patch deployment. Ticket closed with owner sign-off.,Database
ALT001521,Konkan Maritime Ltd,low,2026-01-24 23:10:16,2026-01-25 09:42:25,no,Reviewed privileged access logs; elevation was approved under ticket REQ-91282. Monitoring continued for 48 hours.,Identity Provider
ALT001417,Arcadia Defence Systems,critical,2026-02-03 00:07:36,2026-02-03 02:41:43,yes,,Endpoint
ALT003281,Jupiter Aviation Control,critical,2026-04-27 09:42:21,2026-04-27 12:01:16,no,Contacted user schen via Teams; confirmed they initiated the session from Mumbai office. Monitoring continued for 48 hours.,Database
ALT000796,Arcadia Defence Systems,medium,2026-01-11 02:11:37,2026-01-11 04:29:21,no,Reviewed EDR telemetry timeline; parent process traced to legitimate installer. Root cause documented in case notes.,IoT Device
ALT001938,Apex Power Grid Ltd,medium,2026-01-24 02:24:22,2026-01-24 07:40:33,yes,Confirmed with asset owner that HOST-8637 was undergoing patch deployment.,Cloud Workload
ALT001359,Arcadia Defence Systems,high,2026-06-08 07:56:10,2026-06-08 10:33:59,yes,Analysed PCAP sample; payload matched benign monitoring agent heartbeat. Handed to IR team for deeper review.,Network Device
ALT004559,Pennar Cement Industries,low,2026-02-18 08:13:50,2026-02-18 10:46:08,no,Verified backup job schedule; traffic volume consistent with nightly replication. Monitoring continued for 48 hours.,Cloud Workload
ALT003442,Jupiter Aviation Control,medium,2026-02-16 17:25:52,2026-02-16 23:09:57,yes,Analysed PCAP sample; payload matched benign monitoring agent heartbeat. Closed as benign positive.,Server
ALT003728,Lakshmi Insurance Group,critical,2026-03-26 21:48:17,2026-03-27 03:35:52,yes,Escalated to L2 after confirming lateral movement indicators on HOST-3190. No further action required.,Server
ALT001879,Apex Power Grid Ltd,low,2026-03-24 22:11:58,2026-03-25 02:36:04,no,Traced outbound connection to approved vendor endpoint; verified against allowlist. Root cause documented in case notes.,Database
ALT000154,Meridian Trust Bank,medium,2026-04-30 08:44:04,2026-04-30 08:46:20,no,"checked, ok",Network Device
ALT001255,Arcadia Defence Systems,low,2026-05-07 07:27:23,2026-05-07 09:29:06,yes,Cross-referenced with change management ticket CHG-83156; scheduled maintenance window. No further action required.,Network Device
ALT002634,Eastern Grid Utility,low,2026-01-13 00:59:38,2026-01-13 04:17:07,no,Contacted user schen via Teams; confirmed they initiated the session from Mumbai office. Handed to IR team for deeper review.,Identity Provider
ALT002120,Bharat Telecom Networks,low,2026-01-03 09:27:45,2026-01-03 13:02:00,no,Escalated to L2 after confirming lateral movement indicators on HOST-4804. Handed to IR team for deeper review.,Firewall
ALT000852,Arcadia Defence Systems,medium,2026-06-27 23:23:03,2026-06-28 04:03:53,no,Ran memory capture on HOST-9214; no injected process artefacts identified. Monitoring continued for 48 hours.,Network Device
ALT000246,Meridian Trust Bank,low,2026-04-26 06:32:05,2026-04-26 06:36:29,no,n/a,Server
ALT004224,Narmada Steel Works,medium,2026-06-15 05:32:03,2026-06-15 09:51:34,yes,Compared hash against VirusTotal offline signature set; no detections. Handed to IR team for deeper review.,Firewall
ALT000503,Kaveri Power Holdings,low,2026-06-29 04:36:15,2026-06-29 08:06:29,no,Documented as benign positive; rule threshold adjusted after peer review. Ticket closed with owner sign-off.,Network Device
ALT002594,Eastern Grid Utility,medium,2026-05-15 23:23:29,2026-05-16 04:07:45,no,Coordinated with network team; ACL change on HOST-4049 explains traffic shift. Closed as benign positive.,Endpoint
ALT001111,Arcadia Defence Systems,critical,2026-02-19 04:59:48,2026-02-19 07:59:28,yes,Correlated with authentication logs for user bshah; prior successful VPN session confirmed.,Network Device
ALT001843,Deccan Health Network,low,2026-02-06 16:11:03,,no,Reviewed EDR telemetry timeline; parent process traced to legitimate installer. Ticket closed with owner sign-off.,Cloud Workload
ALT001063,Arcadia Defence Systems,critical,2026-02-03 22:17:48,2026-02-04 03:53:27,no,Confirmed with asset owner that HOST-7932 was undergoing patch deployment. Added to suppression list after approval.,Database
ALT001541,Konkan Maritime Ltd,medium,2026-01-25 05:56:10,2026-01-25 18:02:39,no,"Checked DNS query history; domain registered 400+ days ago, low risk profile. Added to suppression list after approval.",Cloud Workload
ALT000661,Nilgiri Water Authority,medium,2026-04-01 13:46:07,2026-04-01 17:34:45,no,Correlated with authentication logs for user rkumar; prior successful VPN session confirmed. No further action required.,Database
ALT001537,Konkan Maritime Ltd,low,2026-03-04 06:33:51,2026-03-04 14:14:48,yes,Confirmed with asset owner that HOST-7750 was undergoing patch deployment. Closed as benign positive.,Cloud Workload
ALT003493,Krishna Port Authority,high,2026-06-06 19:54:45,2026-06-06 22:36:00,yes,Reviewed privileged access logs; elevation was approved under ticket REQ-15088. Added to suppression list after approval.,Database
ALT002118,Bharat Telecom Networks,low,2026-03-13 01:07:12,2026-03-13 03:59:52,no,Compared hash against VirusTotal offline signature set; no detections.,Endpoint
ALT003422,Jupiter Aviation Control,high,2026-01-15 09:01:07,2026-01-15 13:01:48,no,Sandbox detonation of attachment returned no malicious behaviour.,Network Device
ALT001069,Arcadia Defence Systems,high,2026-04-01 15:17:01,2026-04-01 19:48:48,yes,Correlated with authentication logs for user bshah; prior successful VPN session confirmed. Ticket closed with owner sign-off.,Identity Provider
ALT004230,Narmada Steel Works,low,2026-02-20 09:19:28,2026-02-20 15:12:18,no,Reset credentials for apatel as precaution; no evidence of compromise. Ticket closed with owner sign-off.,Identity Provider
ALT002161,Bharat Telecom Networks,low,2026-04-29 20:53:50,2026-04-30 00:45:11,no,Ran memory capture on HOST-3285; no injected process artefacts identified. Added to suppression list after approval.,Cloud Workload
ALT000582,Nilgiri Water Authority,low,2026-04-04 16:09:57,2026-04-04 21:55:21,no,Reviewed source IP 10.7.180.72 against internal threat intel; no IOC match. Added to suppression list after approval.,Cloud Workload
ALT003712,Lakshmi Insurance Group,medium,2026-05-09 03:48:57,2026-05-09 09:47:13,yes,Validated certificate chain; expired intermediate replaced by infrastructure team. Closed as benign positive.,Endpoint
ALT004095,Narmada Steel Works,critical,2026-02-23 13:45:31,2026-02-23 16:27:24,no,Documented as benign positive; rule threshold adjusted after peer review. No further action required.,Server
ALT000691,Nilgiri Water Authority,low,2026-01-06 18:11:22,,no,Contacted user rkumar via Teams; confirmed they initiated the session from Mumbai office. Added to suppression list after approval.,Network Device
ALT000619,Nilgiri Water Authority,low,2026-01-06 19:01:58,2026-01-06 23:36:02,no,"Checked DNS query history; domain registered 400+ days ago, low risk profile. Root cause documented in case notes.",Endpoint
ALT001660,Konkan Maritime Ltd,medium,2026-04-25 18:54:23,2026-04-26 04:52:34,yes,"Checked DNS query history; domain registered 400+ days ago, low risk profile. Handed to IR team for deeper review.",Server
ALT002247,Bharat Telecom Networks,critical,2026-02-01 17:16:03,2026-02-01 20:02:17,no,Cross-referenced with change management ticket CHG-80508; scheduled maintenance window. Handed to IR team for deeper review.,Cloud Workload
ALT002485,Eastern Grid Utility,low,2026-03-08 09:40:00,2026-03-08 12:04:31,no,Reviewed privileged access logs; elevation was approved under ticket REQ-62244. Added to suppression list after approval.,Endpoint
ALT003330,Jupiter Aviation Control,medium,2026-02-12 04:38:08,2026-02-12 06:39:35,yes,Reset credentials for rkumar as precaution; no evidence of compromise. Added to suppression list after approval.,Network Device
ALT001788,Deccan Health Network,low,2026-04-12 05:14:02,2026-04-12 10:38:33,no,closed,Firewall
ALT000732,Arcadia Defence Systems,medium,2026-01-29 16:07:42,2026-01-29 20:16:37,no,Matched pattern against known false-positive rule FP-59487; tuning request raised. Closed as benign positive.,Cloud Workload
ALT001464,Arcadia Defence Systems,medium,2026-05-09 14:58:19,2026-05-09 17:58:55,no,Coordinated with network team; ACL change on HOST-6273 explains traffic shift. Root cause documented in case notes.,Firewall
ALT003789,Lakshmi Insurance Group,medium,2026-01-16 03:38:23,2026-01-16 05:42:42,no,Identified misconfigured scanner generating repeat alerts; owner notified. No further action required.,Identity Provider
ALT002119,Bharat Telecom Networks,low,2026-04-02 15:01:21,2026-04-02 18:38:03,no,Documented as benign positive; rule threshold adjusted after peer review.,Server
ALT001040,Arcadia Defence Systems,high,2026-01-20 02:24:56,2026-01-20 06:02:54,yes,Identified misconfigured scanner generating repeat alerts; owner notified.,Network Device
ALT000692,Nilgiri Water Authority,medium,2026-06-24 01:56:54,2026-06-24 05:01:04,no,Documented as benign positive; rule threshold adjusted after peer review. Ticket closed with owner sign-off.,Server
ALT001544,Konkan Maritime Ltd,low,2026-02-21 07:59:36,2026-02-21 16:11:23,no,Correlated with authentication logs for user nrao; prior successful VPN session confirmed. No further action required.,Cloud Workload
ALT004263,Narmada Steel Works,medium,2026-02-04 01:16:09,2026-02-04 06:27:20,yes,Ran memory capture on HOST-6995; no injected process artefacts identified. Closed as benign positive.,Firewall
ALT002523,Eastern Grid Utility,medium,2026-02-26 09:00:00,2026-02-26 13:51:38,no,Analysed PCAP sample; payload matched benign monitoring agent heartbeat. Ticket closed with owner sign-off.,Endpoint
ALT000231,Meridian Trust Bank,high,2026-05-20 02:35:01,2026-05-20 02:38:26,no,n/a,Cloud Workload
ALT001241,Arcadia Defence Systems,low,2026-05-25 06:29:08,2026-05-25 12:06:53,no,Sandbox detonation of attachment returned no malicious behaviour. No further action required.,Endpoint
ALT002872,Himalayan Healthcare Network,low,2026-01-26 05:19:15,2026-01-26 11:00:19,no,Validated certificate chain; expired intermediate replaced by infrastructure team. Root cause documented in case notes.,Endpoint
ALT000498,Kaveri Power Holdings,high,2026-03-17 20:35:14,2026-03-17 20:39:44,no,Contacted user apatel via Teams; confirmed they initiated the session from Mumbai office. Added to suppression list after approval.,Database
ALT000968,Arcadia Defence Systems,high,2026-06-02 07:56:35,2026-06-02 11:50:54,no,Verified backup job schedule; traffic volume consistent with nightly replication. Closed as benign positive.,Cloud Workload
ALT004459,Orissa Mining Federation,low,2026-01-03 10:32:08,2026-01-03 15:48:40,no,Isolated endpoint HOST-2016 for forensic triage; full disk scan returned clean. Root cause documented in case notes.,IoT Device
ALT004100,Narmada Steel Works,medium,2026-04-28 20:57:56,2026-04-29 00:21:48,no,Queried SIEM for related events across 24h window; no corroborating activity found. Root cause documented in case notes.,Server
ALT004082,Narmada Steel Works,low,2026-03-05 19:26:30,2026-03-06 00:22:04,no,Identified misconfigured scanner generating repeat alerts; owner notified. Ticket closed with owner sign-off.,Cloud Workload
ALT004074,Narmada Steel Works,medium,2026-02-09 17:08:50,2026-02-09 22:57:04,yes,Ran memory capture on HOST-9288; no injected process artefacts identified. Monitoring continued for 48 hours.,IoT Device
ALT002959,Himalayan Healthcare Network,low,2026-06-02 19:34:11,2026-06-02 23:56:45,no,Escalated to L2 after confirming lateral movement indicators on HOST-9458. No further action required.,Database
ALT002208,Bharat Telecom Networks,low,2026-03-18 06:38:00,2026-03-18 09:52:11,no,Reviewed source IP 10.31.90.80 against internal threat intel; no IOC match. Root cause documented in case notes.,Network Device
ALT000561,Nilgiri Water Authority,low,2026-03-16 15:31:03,2026-03-16 17:36:51,no,Ran memory capture on HOST-7745; no injected process artefacts identified. Handed to IR team for deeper review.,Firewall
ALT001976,Apex Power Grid Ltd,low,2026-05-22 21:05:34,2026-05-22 23:18:49,yes,Confirmed with asset owner that HOST-2098 was undergoing patch deployment. No further action required.,Identity Provider
ALT004398,Orissa Mining Federation,low,2026-01-16 01:46:50,2026-01-16 06:47:55,no,Cross-referenced with change management ticket CHG-40228; scheduled maintenance window.,IoT Device
ALT003826,Lakshmi Insurance Group,high,2026-03-27 05:27:00,2026-03-27 10:16:34,no,Identified misconfigured scanner generating repeat alerts; owner notified. Handed to IR team for deeper review.,Identity Provider
ALT003950,Malabar Gas Pipelines,medium,2026-05-25 20:06:33,2026-05-25 22:11:28,yes,Reset credentials for dnair as precaution; no evidence of compromise.,Endpoint
ALT000276,Meridian Trust Bank,medium,2026-01-28 18:41:57,2026-01-28 18:43:10,no,n/a,IoT Device
ALT001008,Arcadia Defence Systems,low,2026-06-25 01:57:27,2026-06-25 07:52:06,no,Correlated with authentication logs for user dnair; prior successful VPN session confirmed. Ticket closed with owner sign-off.,Server
ALT003917,Malabar Gas Pipelines,low,2026-05-28 13:15:33,2026-05-28 15:57:15,no,Correlated with authentication logs for user dnair; prior successful VPN session confirmed.,Network Device
ALT002759,Godavari Chemicals,low,2026-01-25 02:33:44,2026-01-25 06:41:41,yes,Reviewed source IP 10.45.203.56 against internal threat intel; no IOC match. Added to suppression list after approval.,Cloud Workload
ALT002628,Eastern Grid Utility,medium,2026-05-15 13:48:56,2026-05-15 19:08:39,no,Reset credentials for kiyer as precaution; no evidence of compromise. Handed to IR team for deeper review.,Identity Provider
ALT002165,Bharat Telecom Networks,low,2026-01-10 01:26:29,2026-01-10 07:21:48,no,Validated certificate chain; expired intermediate replaced by infrastructure team. Handed to IR team for deeper review.,IoT Device
ALT002690,Godavari Chemicals,low,2026-02-19 09:22:38,2026-02-19 13:08:22,no,Correlated with authentication logs for user kiyer; prior successful VPN session confirmed. Added to suppression list after approval.,Database
ALT001592,Konkan Maritime Ltd,high,2026-03-04 22:29:39,2026-03-05 09:29:51,yes,Documented as benign positive; rule threshold adjusted after peer review. Ticket closed with owner sign-off.,Cloud Workload
ALT004667,Pennar Cement Industries,low,2026-05-16 23:24:46,2026-05-17 04:33:13,no,Reviewed EDR telemetry timeline; parent process traced to legitimate installer. Ticket closed with owner sign-off.,IoT Device
ALT002624,Eastern Grid Utility,low,2026-06-25 12:59:45,2026-06-25 17:32:00,no,Isolated endpoint HOST-3772 for forensic triage; full disk scan returned clean. Ticket closed with owner sign-off.,Identity Provider
ALT000207,Meridian Trust Bank,low,2026-01-29 07:06:10,2026-01-29 07:07:36,no,"checked, ok",Firewall
ALT001535,Konkan Maritime Ltd,high,2026-03-20 17:16:31,2026-03-21 03:37:30,no,Cross-referenced with change management ticket CHG-74145; scheduled maintenance window. Added to suppression list after approval.,Server
ALT002687,Godavari Chemicals,high,2026-01-25 01:10:00,2026-01-25 05:24:23,yes,Contacted user mfernandes via Teams; confirmed they initiated the session from Mumbai office. Added to suppression list after approval.,IoT Device
ALT001813,Deccan Health Network,low,2026-04-30 18:58:45,2026-04-30 22:07:24,no,Reviewed source IP 10.5.29.21 against internal threat intel; no IOC match. Ticket closed with owner sign-off.,Endpoint
ALT004134,Narmada Steel Works,medium,2026-03-11 14:41:35,2026-03-11 19:38:41,no,Blocked source 10.53.92.204 at perimeter firewall pending further investigation. Root cause documented in case notes.,Firewall
ALT002917,Himalayan Healthcare Network,low,2026-06-22 06:49:34,2026-06-22 10:09:13,yes,Matched pattern against known false-positive rule FP-48264; tuning request raised. No further action required.,Firewall
ALT004512,Pennar Cement Industries,low,2026-05-30 03:01:16,2026-05-30 07:10:13,no,Reviewed privileged access logs; elevation was approved under ticket REQ-67996. Monitoring continued for 48 hours.,Identity Provider
ALT002764,Godavari Chemicals,high,2026-05-14 03:59:08,2026-05-14 09:34:42,yes,Identified misconfigured scanner generating repeat alerts; owner notified. Monitoring continued for 48 hours.,Server
ALT003909,Malabar Gas Pipelines,medium,2026-05-08 11:06:38,2026-05-08 16:48:45,no,Ran memory capture on HOST-4731; no injected process artefacts identified. Added to suppression list after approval.,Identity Provider
ALT003859,Lakshmi Insurance Group,low,2026-04-18 17:23:14,2026-04-18 19:37:07,no,Reviewed EDR telemetry timeline; parent process traced to legitimate installer. No further action required.,Database
ALT002319,Cauvery Logistics Corp,medium,2026-03-04 15:44:29,2026-03-04 21:03:45,no,Matched pattern against known false-positive rule FP-41180; tuning request raised. Monitoring continued for 48 hours.,IoT Device
ALT000751,Arcadia Defence Systems,high,2026-06-22 02:56:41,2026-06-22 05:19:07,yes,Contacted user mfernandes via Teams; confirmed they initiated the session from Mumbai office. Handed to IR team for deeper review.,Database
ALT000605,Nilgiri Water Authority,medium,2026-06-22 05:40:57,2026-06-22 09:42:15,no,Identified misconfigured scanner generating repeat alerts; owner notified. No further action required.,Network Device
ALT002474,Eastern Grid Utility,low,2026-01-09 23:37:36,2026-01-10 03:44:05,no,Correlated with authentication logs for user bshah; prior successful VPN session confirmed. Handed to IR team for deeper review.,Firewall
ALT000407,Kaveri Power Holdings,medium,2026-03-25 17:32:17,2026-03-25 21:44:05,no,Matched pattern against known false-positive rule FP-24558; tuning request raised. Monitoring continued for 48 hours.,Database
ALT003898,Malabar Gas Pipelines,low,2026-02-10 17:36:33,2026-02-10 23:11:37,no,Traced outbound connection to approved vendor endpoint; verified against allowlist. Handed to IR team for deeper review.,IoT Device
ALT002176,Bharat Telecom Networks,medium,2026-03-10 14:06:20,2026-03-10 17:17:01,no,Identified misconfigured scanner generating repeat alerts; owner notified. No further action required.,Database
ALT004103,Narmada Steel Works,medium,2026-06-14 05:57:51,2026-06-14 08:55:30,yes,Traced outbound connection to approved vendor endpoint; verified against allowlist. Handed to IR team for deeper review.,Firewall
ALT000341,Kaveri Power Holdings,medium,2026-04-10 18:23:53,2026-04-10 22:24:36,no,Sandbox detonation of attachment returned no malicious behaviour. Monitoring continued for 48 hours.,IoT Device
ALT002214,Bharat Telecom Networks,medium,2026-01-13 12:38:41,2026-01-13 15:58:48,no,Sandbox detonation of attachment returned no malicious behaviour. Closed as benign positive.,Server
ALT000512,Kaveri Power Holdings,high,2026-06-14 15:26:09,2026-06-14 15:30:35,no,n/a,IoT Device
ALT003919,Malabar Gas Pipelines,high,2026-05-15 17:20:03,2026-05-15 22:38:25,no,Cross-referenced with change management ticket CHG-96621; scheduled maintenance window. Handed to IR team for deeper review.,Network Device
ALT002913,Himalayan Healthcare Network,low,2026-02-27 14:49:24,2026-02-27 17:18:44,no,Identified misconfigured scanner generating repeat alerts; owner notified. Root cause documented in case notes.,Firewall
ALT000640,Nilgiri Water Authority,medium,2026-02-27 11:19:13,2026-02-27 17:10:06,no,Matched pattern against known false-positive rule FP-35796; tuning request raised. Added to suppression list after approval.,Endpoint
ALT002810,Godavari Chemicals,high,2026-02-18 06:50:21,2026-02-18 10:21:42,yes,Cross-referenced with change management ticket CHG-92033; scheduled maintenance window. Monitoring continued for 48 hours.,Identity Provider
ALT004661,Pennar Cement Industries,medium,2026-02-14 21:42:30,2026-02-15 03:29:11,no,Blocked source 10.20.194.44 at perimeter firewall pending further investigation. No further action required.,Firewall
ALT003405,Jupiter Aviation Control,medium,2026-04-15 03:49:02,2026-04-15 08:34:17,no,Contacted user rkumar via Teams; confirmed they initiated the session from Mumbai office. Handed to IR team for deeper review.,Firewall
ALT001146,Arcadia Defence Systems,medium,2026-02-08 09:41:40,2026-02-08 12:55:31,yes,Compared hash against VirusTotal offline signature set; no detections. Root cause documented in case notes.,Firewall
ALT002500,Eastern Grid Utility,critical,2026-03-01 05:14:31,2026-03-01 09:22:55,yes,Correlated with authentication logs for user bshah; prior successful VPN session confirmed. Root cause documented in case notes.,IoT Device
ALT000982,Arcadia Defence Systems,medium,2026-05-08 04:48:24,2026-05-08 07:01:37,no,Verified backup job schedule; traffic volume consistent with nightly replication. Handed to IR team for deeper review.,Network Device
ALT004486,Pennar Cement Industries,medium,2026-01-28 05:07:18,2026-01-28 09:17:52,no,Confirmed with asset owner that HOST-6879 was undergoing patch deployment. Added to suppression list after approval.,Firewall
ALT000390,Kaveri Power Holdings,low,2026-04-14 18:06:36,2026-04-14 22:50:01,no,Confirmed geolocation anomaly caused by corporate VPN egress node change. Monitoring continued for 48 hours.,Server
ALT001308,Arcadia Defence Systems,low,2026-01-22 10:30:09,2026-01-22 13:53:18,no,Reviewed privileged access logs; elevation was approved under ticket REQ-39374. No further action required.,Endpoint
ALT001915,Apex Power Grid Ltd,low,2026-01-14 01:07:37,2026-01-14 04:03:08,yes,Compared hash against VirusTotal offline signature set; no detections. Monitoring continued for 48 hours.,Database
ALT003339,Jupiter Aviation Control,medium,2026-06-25 06:41:51,2026-06-25 09:07:10,no,Analysed PCAP sample; payload matched benign monitoring agent heartbeat. Ticket closed with owner sign-off.,Database
ALT002851,Godavari Chemicals,low,2026-06-09 14:55:07,2026-06-09 19:05:41,no,Cross-referenced with change management ticket CHG-35029; scheduled maintenance window. Handed to IR team for deeper review.,Network Device
ALT001829,Deccan Health Network,low,2026-06-19 10:34:20,2026-06-19 15:49:37,no,Reviewed source IP 10.33.219.20 against internal threat intel; no IOC match. Added to suppression list after approval.,Firewall
ALT002137,Bharat Telecom Networks,low,2026-06-09 19:59:01,2026-06-09 22:07:30,no,Reviewed source IP 10.2.33.77 against internal threat intel; no IOC match. Added to suppression list after approval.,Firewall
ALT001759,Deccan Health Network,medium,2026-02-21 02:23:34,2026-02-21 07:26:26,no,"Checked DNS query history; domain registered 400+ days ago, low risk profile. Handed to IR team for deeper review.",Identity Provider
ALT001876,Apex Power Grid Ltd,low,2026-03-23 18:53:31,2026-03-23 23:26:01,no,Analysed PCAP sample; payload matched benign monitoring agent heartbeat. Monitoring continued for 48 hours.,Database
ALT004253,Narmada Steel Works,medium,2026-06-05 17:52:43,2026-06-05 23:03:38,no,Isolated endpoint HOST-1914 for forensic triage; full disk scan returned clean. Closed as benign positive.,IoT Device
ALT002464,Cauvery Logistics Corp,medium,2026-06-19 12:22:33,2026-06-19 15:44:59,no,Compared hash against VirusTotal offline signature set; no detections. Handed to IR team for deeper review.,IoT Device
ALT001606,Konkan Maritime Ltd,low,2026-01-10 04:31:11,2026-01-10 15:35:38,no,Validated certificate chain; expired intermediate replaced by infrastructure team. Handed to IR team for deeper review.,Server
ALT002306,Cauvery Logistics Corp,medium,2026-03-05 00:46:19,2026-03-05 03:20:52,no,Analysed PCAP sample; payload matched benign monitoring agent heartbeat.,Database
ALT000542,Nilgiri Water Authority,medium,2026-03-04 22:46:53,2026-03-05 02:46:44,no,Validated certificate chain; expired intermediate replaced by infrastructure team. Ticket closed with owner sign-off.,Server
ALT003907,Malabar Gas Pipelines,low,2026-01-10 06:50:46,2026-01-10 12:40:24,no,Identified misconfigured scanner generating repeat alerts; owner notified.,Identity Provider
ALT001325,Arcadia Defence Systems,medium,2026-01-06 23:30:26,2026-01-07 03:12:54,yes,,Endpoint
ALT003784,Lakshmi Insurance Group,high,2026-02-12 04:01:39,2026-02-12 08:28:23,no,Escalated to L2 after confirming lateral movement indicators on HOST-6890. Closed as benign positive.,Database
ALT004643,Pennar Cement Industries,medium,2026-03-31 23:10:57,2026-04-01 03:02:11,no,Reviewed privileged access logs; elevation was approved under ticket REQ-95880.,Endpoint
ALT002398,Cauvery Logistics Corp,critical,2026-02-20 16:55:30,2026-02-20 19:59:20,no,Escalated to L2 after confirming lateral movement indicators on HOST-4846. No further action required.,Cloud Workload
ALT002056,Apex Power Grid Ltd,high,2026-02-23 07:46:43,2026-02-23 11:06:34,yes,Confirmed with asset owner that HOST-3253 was undergoing patch deployment. Monitoring continued for 48 hours.,Identity Provider
ALT003093,Indus Financial Services,medium,2026-05-10 01:56:29,2026-05-10 05:45:15,no,Reviewed source IP 10.18.197.41 against internal threat intel; no IOC match. Root cause documented in case notes.,Endpoint
ALT000209,Meridian Trust Bank,high,2026-02-23 22:50:09,2026-02-23 22:50:59,no,n/a,IoT Device
ALT001849,Deccan Health Network,high,2026-06-07 16:50:00,2026-06-07 19:17:38,no,Identified misconfigured scanner generating repeat alerts; owner notified. Monitoring continued for 48 hours.,Database
ALT002999,Himalayan Healthcare Network,medium,2026-06-23 05:05:50,2026-06-23 07:33:29,no,Confirmed geolocation anomaly caused by corporate VPN egress node change. Root cause documented in case notes.,Network Device
ALT003082,Indus Financial Services,medium,2026-01-13 04:00:40,2026-01-13 06:43:57,no,Reset credentials for jsmith as precaution; no evidence of compromise. No further action required.,Identity Provider
ALT004115,Narmada Steel Works,low,2026-01-07 02:31:40,2026-01-07 04:47:17,no,Blocked source 10.30.160.221 at perimeter firewall pending further investigation. Root cause documented in case notes.,IoT Device
ALT000669,Nilgiri Water Authority,medium,2026-02-18 10:55:33,2026-02-18 12:59:41,no,Documented as benign positive; rule threshold adjusted after peer review. Added to suppression list after approval.,Database
ALT001778,Deccan Health Network,low,2026-04-03 18:54:57,2026-04-03 23:13:43,no,closed,Endpoint
ALT003068,Himalayan Healthcare Network,low,2026-06-05 17:49:53,2026-06-05 20:40:58,no,Confirmed geolocation anomaly caused by corporate VPN egress node change. Handed to IR team for deeper review.,Firewall
ALT002213,Bharat Telecom Networks,high,2026-01-23 03:03:55,2026-01-23 08:50:45,yes,Confirmed geolocation anomaly caused by corporate VPN egress node change. Monitoring continued for 48 hours.,IoT Device
ALT003725,Lakshmi Insurance Group,medium,2026-01-04 03:17:19,2026-01-04 06:39:39,no,Isolated endpoint HOST-3684 for forensic triage; full disk scan returned clean. No further action required.,Endpoint
ALT001900,Apex Power Grid Ltd,low,2026-06-05 07:26:23,2026-06-05 12:32:41,yes,Confirmed geolocation anomaly caused by corporate VPN egress node change. Root cause documented in case notes.,Database
ALT000320,Kaveri Power Holdings,low,2026-04-24 21:31:50,2026-04-25 01:45:40,no,Reviewed EDR telemetry timeline; parent process traced to legitimate installer. Added to suppression list after approval.,Server
ALT002221,Bharat Telecom Networks,low,2026-02-14 10:37:46,2026-02-14 13:08:09,no,Isolated endpoint HOST-1284 for forensic triage; full disk scan returned clean. Added to suppression list after approval.,Server
ALT002363,Cauvery Logistics Corp,critical,2026-02-13 14:46:42,2026-02-13 17:45:43,no,Confirmed geolocation anomaly caused by corporate VPN egress node change. Monitoring continued for 48 hours.,Endpoint
ALT002271,Bharat Telecom Networks,medium,2026-06-09 00:39:06,2026-06-09 03:09:34,yes,Traced outbound connection to approved vendor endpoint; verified against allowlist.,Server
ALT001196,Arcadia Defence Systems,high,2026-06-19 22:27:04,2026-06-20 01:55:48,yes,Sandbox detonation of attachment returned no malicious behaviour. Root cause documented in case notes.,IoT Device
ALT004472,Orissa Mining Federation,high,2026-06-08 06:15:09,2026-06-08 12:13:44,yes,Matched pattern against known false-positive rule FP-81831; tuning request raised. Handed to IR team for deeper review.,Database
ALT004659,Pennar Cement Industries,low,2026-01-05 09:46:44,2026-01-05 15:08:23,no,Queried SIEM for related events across 24h window; no corroborating activity found. Added to suppression list after approval.,IoT Device
ALT000247,Meridian Trust Bank,low,2026-04-02 03:25:19,2026-04-02 03:29:42,no,n/a,Identity Provider
ALT003091,Indus Financial Services,low,2026-02-26 07:59:40,2026-02-26 13:36:39,no,Reset credentials for schen as precaution; no evidence of compromise. Closed as benign positive.,Server
ALT003942,Malabar Gas Pipelines,medium,2026-02-21 08:54:50,2026-02-21 14:02:14,no,Analysed PCAP sample; payload matched benign monitoring agent heartbeat. Monitoring continued for 48 hours.,Network Device
ALT003852,Lakshmi Insurance Group,low,2026-05-30 09:53:12,2026-05-30 14:40:28,no,Identified misconfigured scanner generating repeat alerts; owner notified. No further action required.,Cloud Workload
ALT003111,Indus Financial Services,low,2026-06-20 03:33:09,2026-06-20 08:28:13,no,Reviewed source IP 10.60.139.105 against internal threat intel; no IOC match. No further action required.,IoT Device
ALT001892,Apex Power Grid Ltd,low,2026-03-11 02:46:33,2026-03-11 07:52:23,no,Identified misconfigured scanner generating repeat alerts; owner notified. Ticket closed with owner sign-off.,Identity Provider
ALT003705,Lakshmi Insurance Group,low,2026-03-06 16:32:12,2026-03-06 21:45:50,no,Blocked source 10.32.188.138 at perimeter firewall pending further investigation. Root cause documented in case notes.,Network Device
ALT000324,Kaveri Power Holdings,low,2026-01-17 21:29:50,2026-01-18 03:12:26,no,n/a,Identity Provider
ALT002028,Apex Power Grid Ltd,critical,2026-02-23 15:16:04,2026-02-23 18:44:25,yes,Matched pattern against known false-positive rule FP-69833; tuning request raised. Monitoring continued for 48 hours.,Network Device
ALT002097,Bharat Telecom Networks,medium,2026-06-28 09:05:11,2026-06-28 14:19:04,no,Verified backup job schedule; traffic volume consistent with nightly replication. Closed as benign positive.,Database
ALT000343,Kaveri Power Holdings,high,2026-03-31 11:06:25,2026-03-31 14:16:02,yes,Confirmed geolocation anomaly caused by corporate VPN egress node change. Monitoring continued for 48 hours.,Identity Provider
ALT001937,Apex Power Grid Ltd,low,2026-03-26 14:45:06,2026-03-26 18:42:51,no,Blocked source 10.41.27.121 at perimeter firewall pending further investigation. No further action required.,Server
ALT003516,Krishna Port Authority,low,2026-06-04 13:46:05,2026-06-04 17:09:44,no,Escalated to L2 after confirming lateral movement indicators on HOST-3331. Monitoring continued for 48 hours.,Cloud Workload
ALT003316,Jupiter Aviation Control,low,2026-03-27 19:29:15,2026-03-28 00:32:12,no,Contacted user nrao via Teams; confirmed they initiated the session from Mumbai office. Ticket closed with owner sign-off.,Cloud Workload
ALT000450,Kaveri Power Holdings,medium,2026-03-22 18:32:29,2026-03-22 22:29:40,no,Analysed PCAP sample; payload matched benign monitoring agent heartbeat. Ticket closed with owner sign-off.,Identity Provider
ALT001085,Arcadia Defence Systems,high,2026-06-24 17:23:07,2026-06-24 21:39:44,yes,Reviewed source IP 10.12.57.110 against internal threat intel; no IOC match. Ticket closed with owner sign-off.,Server
ALT002533,Eastern Grid Utility,low,2026-06-07 04:22:40,2026-06-07 06:33:38,yes,Matched pattern against known false-positive rule FP-61405; tuning request raised. Monitoring continued for 48 hours.,Network Device
ALT003839,Lakshmi Insurance Group,high,2026-06-21 02:13:12,2026-06-21 08:04:42,no,Reviewed EDR telemetry timeline; parent process traced to legitimate installer. Added to suppression list after approval.,Endpoint
ALT003723,Lakshmi Insurance Group,low,2026-06-22 23:29:10,2026-06-23 02:50:36,no,Correlated with authentication logs for user jsmith; prior successful VPN session confirmed. Root cause documented in case notes.,Cloud Workload
ALT000510,Kaveri Power Holdings,high,2026-04-08 05:06:22,2026-04-08 05:08:52,yes,reviewed,IoT Device
ALT003035,Himalayan Healthcare Network,low,2026-06-23 00:15:30,2026-06-23 05:31:13,no,Sandbox detonation of attachment returned no malicious behaviour. Ticket closed with owner sign-off.,Database
ALT003061,Himalayan Healthcare Network,low,2026-05-22 11:27:36,2026-05-22 16:26:35,no,Reviewed privileged access logs; elevation was approved under ticket REQ-98246. Monitoring continued for 48 hours.,IoT Device
ALT003948,Malabar Gas Pipelines,low,2026-01-09 09:46:28,2026-01-09 14:42:48,no,Documented as benign positive; rule threshold adjusted after peer review. Ticket closed with owner sign-off.,Endpoint
ALT000171,Meridian Trust Bank,critical,2026-01-02 11:57:41,2026-01-02 11:58:50,no,"checked, ok",Cloud Workload
ALT004615,Pennar Cement Industries,low,2026-04-21 22:11:29,2026-04-22 02:06:52,no,Blocked source 10.13.104.87 at perimeter firewall pending further investigation. Added to suppression list after approval.,Firewall
ALT000426,Kaveri Power Holdings,high,2026-02-04 07:49:19,2026-02-04 12:57:45,no,Contacted user bshah via Teams; confirmed they initiated the session from Mumbai office. Root cause documented in case notes.,Identity Provider
ALT004101,Narmada Steel Works,low,2026-01-18 06:28:55,2026-01-18 11:20:01,no,Confirmed with asset owner that HOST-9330 was undergoing patch deployment. Added to suppression list after approval.,Endpoint
ALT001171,Arcadia Defence Systems,low,2026-06-03 12:10:00,2026-06-03 15:07:02,no,Coordinated with network team; ACL change on HOST-6355 explains traffic shift. No further action required.,Server
ALT001127,Arcadia Defence Systems,low,2026-02-22 17:28:54,2026-02-22 22:33:30,no,Confirmed geolocation anomaly caused by corporate VPN egress node change. Closed as benign positive.,Firewall
ALT004060,Malabar Gas Pipelines,critical,2026-02-23 07:35:18,2026-02-23 10:42:18,no,Cross-referenced with change management ticket CHG-35905; scheduled maintenance window. Handed to IR team for deeper review.,Network Device
ALT000624,Nilgiri Water Authority,low,2026-01-05 19:20:21,2026-01-06 00:52:18,no,Validated certificate chain; expired intermediate replaced by infrastructure team. No further action required.,Server
ALT003514,Krishna Port Authority,low,2026-04-14 14:37:40,2026-04-14 19:16:12,no,Reviewed source IP 10.7.175.188 against internal threat intel; no IOC match. Monitoring continued for 48 hours.,Server
ALT003637,Krishna Port Authority,low,2026-05-01 07:46:00,2026-05-01 09:50:24,no,Ran memory capture on HOST-4534; no injected process artefacts identified. Closed as benign positive.,IoT Device
ALT004349,Orissa Mining Federation,low,2026-03-07 19:17:36,2026-03-07 21:40:13,no,Reviewed privileged access logs; elevation was approved under ticket REQ-50516. Root cause documented in case notes.,IoT Device
ALT003418,Jupiter Aviation Control,medium,2026-01-11 22:05:02,2026-01-12 01:40:40,no,"Checked DNS query history; domain registered 400+ days ago, low risk profile.",Endpoint
ALT001549,Konkan Maritime Ltd,low,2026-06-23 21:20:21,2026-06-24 06:17:35,yes,Coordinated with network team; ACL change on HOST-7357 explains traffic shift.,Identity Provider
ALT003331,Jupiter Aviation Control,medium,2026-01-22 21:40:20,2026-01-23 01:50:06,no,Queried SIEM for related events across 24h window; no corroborating activity found. No further action required.,Identity Provider
ALT000642,Nilgiri Water Authority,low,2026-02-18 08:54:53,2026-02-18 14:48:04,no,Analysed PCAP sample; payload matched benign monitoring agent heartbeat. No further action required.,Network Device
ALT003207,Indus Financial Services,medium,2026-03-31 04:04:00,2026-03-31 06:17:54,no,,Firewall
ALT003708,Lakshmi Insurance Group,critical,2026-01-19 02:33:02,2026-01-19 04:51:41,yes,Ran memory capture on HOST-6812; no injected process artefacts identified. Ticket closed with owner sign-off.,Network Device
ALT002644,Eastern Grid Utility,low,2026-02-17 16:09:45,2026-02-17 19:18:47,no,"Checked DNS query history; domain registered 400+ days ago, low risk profile. Handed to IR team for deeper review.",Identity Provider
ALT004281,Orissa Mining Federation,low,2026-02-11 09:17:33,2026-02-11 15:12:03,yes,Sandbox detonation of attachment returned no malicious behaviour. No further action required.,Endpoint
ALT002800,Godavari Chemicals,low,2026-06-04 18:12:09,2026-06-04 20:28:33,no,Cross-referenced with change management ticket CHG-59009; scheduled maintenance window. Ticket closed with owner sign-off.,Identity Provider
ALT003694,Lakshmi Insurance Group,low,2026-05-23 14:52:44,2026-05-23 18:52:45,no,,Network Device
ALT000547,Nilgiri Water Authority,low,2026-06-13 09:58:27,2026-06-13 13:43:13,no,Correlated with authentication logs for user kiyer; prior successful VPN session confirmed. Closed as benign positive.,Database
ALT003849,Lakshmi Insurance Group,low,2026-03-16 00:29:19,2026-03-16 03:20:44,no,Cross-referenced with change management ticket CHG-33731; scheduled maintenance window. Root cause documented in case notes.,Database
ALT002023,Apex Power Grid Ltd,critical,2026-05-05 02:23:44,2026-05-05 04:31:26,no,,Identity Provider
ALT001723,Deccan Health Network,low,2026-03-15 10:44:49,2026-03-15 13:25:14,no,"checked, ok",Server
ALT000091,Meridian Trust Bank,high,2026-02-18 15:51:37,2026-02-18 15:56:00,no,"checked, ok",Server
ALT003756,Lakshmi Insurance Group,low,2026-04-14 09:15:58,2026-04-14 14:05:35,no,Matched pattern against known false-positive rule FP-51936; tuning request raised.,Network Device
ALT003954,Malabar Gas Pipelines,low,2026-02-09 08:26:17,2026-02-09 13:37:32,no,Coordinated with network team; ACL change on HOST-7439 explains traffic shift. Ticket closed with owner sign-off.,Server
ALT003775,Lakshmi Insurance Group,low,2026-06-28 01:50:13,2026-06-28 06:05:03,no,Matched pattern against known false-positive rule FP-48044; tuning request raised.,IoT Device
ALT004164,Narmada Steel Works,medium,2026-06-09 04:29:17,2026-06-09 09:48:06,no,Analysed PCAP sample; payload matched benign monitoring agent heartbeat. No further action required.,Firewall
ALT004022,Malabar Gas Pipelines,low,2026-05-11 17:15:57,2026-05-11 22:16:03,no,Contacted user tgeorge via Teams; confirmed they initiated the session from Mumbai office. No further action required.,Network Device
ALT002290,Cauvery Logistics Corp,medium,2026-04-17 01:14:58,2026-04-17 03:21:45,no,Analysed PCAP sample; payload matched benign monitoring agent heartbeat. Closed as benign positive.,Server
ALT003547,Krishna Port Authority,medium,2026-06-13 20:22:12,2026-06-14 02:17:55,no,Cross-referenced with change management ticket CHG-24525; scheduled maintenance window. Ticket closed with owner sign-off.,Identity Provider
ALT001201,Arcadia Defence Systems,high,2026-05-29 15:28:23,2026-05-29 20:16:37,yes,Analysed PCAP sample; payload matched benign monitoring agent heartbeat. No further action required.,Identity Provider
ALT001298,Arcadia Defence Systems,low,2026-02-22 14:40:41,2026-02-22 17:50:25,no,Reviewed EDR telemetry timeline; parent process traced to legitimate installer. Root cause documented in case notes.,Cloud Workload
ALT003840,Lakshmi Insurance Group,low,2026-04-10 15:24:18,2026-04-10 21:00:07,no,Reviewed privileged access logs; elevation was approved under ticket REQ-22046. Closed as benign positive.,Firewall
ALT000230,Meridian Trust Bank,critical,2026-06-23 17:20:02,2026-06-23 17:23:39,no,n/a,Database
ALT002465,Cauvery Logistics Corp,high,2026-04-15 04:00:48,2026-04-15 09:55:55,no,Reviewed privileged access logs; elevation was approved under ticket REQ-59544. Handed to IR team for deeper review.,Server
ALT002399,Cauvery Logistics Corp,low,2026-02-13 12:40:02,2026-02-13 15:45:07,no,Blocked source 10.3.96.180 at perimeter firewall pending further investigation. Closed as benign positive.,Server
ALT001304,Arcadia Defence Systems,medium,2026-01-16 14:30:22,2026-01-16 18:54:02,no,Cross-referenced with change management ticket CHG-74270; scheduled maintenance window. Handed to IR team for deeper review.,Identity Provider
ALT001758,Deccan Health Network,medium,2026-02-11 03:16:40,2026-02-11 06:04:45,no,Matched pattern against known false-positive rule FP-34070; tuning request raised. Monitoring continued for 48 hours.,Identity Provider
ALT003926,Malabar Gas Pipelines,low,2026-03-24 08:22:19,2026-03-24 12:00:02,no,Blocked source 10.35.73.35 at perimeter firewall pending further investigation. Root cause documented in case notes.,Cloud Workload
ALT002601,Eastern Grid Utility,high,2026-06-19 16:15:45,2026-06-19 19:20:23,no,Correlated with authentication logs for user bshah; prior successful VPN session confirmed. Handed to IR team for deeper review.,Endpoint
ALT003713,Lakshmi Insurance Group,medium,2026-01-08 07:43:48,2026-01-08 11:29:43,no,Confirmed with asset owner that HOST-2945 was undergoing patch deployment. Ticket closed with owner sign-off.,Server
ALT000309,Kaveri Power Holdings,medium,2026-04-28 00:52:57,2026-04-28 05:23:20,no,n/a,Endpoint
ALT003049,Himalayan Healthcare Network,low,2026-02-24 03:08:23,2026-02-24 06:43:58,no,Analysed PCAP sample; payload matched benign monitoring agent heartbeat. Closed as benign positive.,Database
ALT002489,Eastern Grid Utility,low,2026-02-20 07:43:30,2026-02-20 10:23:58,no,Correlated with authentication logs for user schen; prior successful VPN session confirmed.,Firewall
ALT001745,Deccan Health Network,low,2026-02-16 05:41:55,2026-02-16 09:49:23,no,Correlated with authentication logs for user jsmith; prior successful VPN session confirmed. Ticket closed with owner sign-off.,Identity Provider
ALT000376,Kaveri Power Holdings,critical,2026-04-12 20:33:09,2026-04-12 20:35:10,no,Escalated to L2 after confirming lateral movement indicators on HOST-2972. Ticket closed with owner sign-off.,Cloud Workload
ALT000923,Arcadia Defence Systems,medium,2026-03-21 22:31:25,2026-03-22 01:49:36,no,Confirmed with asset owner that HOST-9111 was undergoing patch deployment. Root cause documented in case notes.,Cloud Workload
ALT001114,Arcadia Defence Systems,medium,2026-01-21 05:57:32,2026-01-21 10:13:40,no,Sandbox detonation of attachment returned no malicious behaviour.,Network Device
ALT004076,Narmada Steel Works,low,2026-06-08 01:22:21,2026-06-08 03:46:25,no,Coordinated with network team; ACL change on HOST-5700 explains traffic shift. Closed as benign positive.,Endpoint
ALT004575,Pennar Cement Industries,medium,2026-01-05 12:53:02,2026-01-05 15:55:02,no,Validated certificate chain; expired intermediate replaced by infrastructure team.,Cloud Workload
ALT003263,Indus Financial Services,low,2026-05-21 09:16:33,2026-05-21 12:44:38,no,Cross-referenced with change management ticket CHG-75860; scheduled maintenance window. Closed as benign positive.,Firewall
ALT002256,Bharat Telecom Networks,critical,2026-02-12 12:07:23,2026-02-12 16:58:45,yes,Identified misconfigured scanner generating repeat alerts; owner notified. Root cause documented in case notes.,Database
ALT003983,Malabar Gas Pipelines,low,2026-05-10 13:36:55,2026-05-10 19:24:57,no,Correlated with authentication logs for user dnair; prior successful VPN session confirmed. Handed to IR team for deeper review.,Endpoint
ALT003473,Krishna Port Authority,medium,2026-03-08 01:06:49,2026-03-08 06:26:03,no,Analysed PCAP sample; payload matched benign monitoring agent heartbeat. Ticket closed with owner sign-off.,Cloud Workload
ALT001716,Deccan Health Network,medium,2026-01-30 06:15:34,,no,closed,Database
ALT003900,Malabar Gas Pipelines,high,2026-05-16 13:07:11,2026-05-16 17:10:09,no,Reviewed privileged access logs; elevation was approved under ticket REQ-69253. Added to suppression list after approval.,IoT Device
ALT003138,Indus Financial Services,low,2026-02-13 23:09:44,2026-02-14 02:38:05,no,Confirmed with asset owner that HOST-5163 was undergoing patch deployment. Root cause documented in case notes.,Server
ALT003193,Indus Financial Services,critical,2026-02-10 19:05:10,2026-02-10 23:20:22,yes,Coordinated with network team; ACL change on HOST-9615 explains traffic shift. Ticket closed with owner sign-off.,IoT Device
ALT000371,Kaveri Power Holdings,low,2026-01-22 18:45:59,2026-01-23 00:45:54,no,reviewed,Database
ALT003486,Krishna Port Authority,low,2026-05-06 18:17:18,2026-05-06 21:59:01,no,Blocked source 10.8.90.139 at perimeter firewall pending further investigation. Monitoring continued for 48 hours.,Firewall
ALT001352,Arcadia Defence Systems,medium,2026-02-08 17:26:29,2026-02-08 19:51:44,no,Escalated to L2 after confirming lateral movement indicators on HOST-4156. Ticket closed with owner sign-off.,IoT Device
ALT001828,Deccan Health Network,medium,2026-06-02 07:55:48,2026-06-02 11:48:30,yes,Coordinated with network team; ACL change on HOST-2188 explains traffic shift. Root cause documented in case notes.,IoT Device
ALT001215,Arcadia Defence Systems,low,2026-01-06 01:56:01,2026-01-06 06:06:56,no,"Checked DNS query history; domain registered 400+ days ago, low risk profile. Added to suppression list after approval.",Endpoint
ALT002248,Bharat Telecom Networks,critical,2026-03-17 20:50:17,2026-03-18 00:16:31,yes,Escalated to L2 after confirming lateral movement indicators on HOST-8169. Ticket closed with owner sign-off.,Server
ALT000243,Meridian Trust Bank,low,2026-02-14 21:50:55,2026-02-14 21:52:04,no,"checked, ok",Server
ALT004395,Orissa Mining Federation,low,2026-01-04 13:09:52,2026-01-04 16:53:03,no,Traced outbound connection to approved vendor endpoint; verified against allowlist. Handed to IR team for deeper review.,Database
ALT001358,Arcadia Defence Systems,high,2026-06-03 13:10:01,2026-06-03 16:43:13,yes,Isolated endpoint HOST-1000 for forensic triage; full disk scan returned clean. Root cause documented in case notes.,Cloud Workload
ALT000321,Kaveri Power Holdings,medium,2026-05-21 06:30:27,2026-05-21 09:08:42,no,reviewed,Server
ALT000915,Arcadia Defence Systems,high,2026-02-08 10:03:13,2026-02-08 14:03:58,no,Analysed PCAP sample; payload matched benign monitoring agent heartbeat. Monitoring continued for 48 hours.,Database
ALT000177,Meridian Trust Bank,medium,2026-03-23 14:05:32,2026-03-23 14:06:39,no,"checked, ok",Endpoint
ALT003349,Jupiter Aviation Control,low,2026-06-17 18:17:33,2026-06-17 22:09:02,no,Matched pattern against known false-positive rule FP-30440; tuning request raised. Added to suppression list after approval.,Cloud Workload
ALT003643,Krishna Port Authority,low,2026-02-09 19:58:39,2026-02-10 00:04:47,yes,Ran memory capture on HOST-1431; no injected process artefacts identified. Root cause documented in case notes.,Cloud Workload
ALT000178,Meridian Trust Bank,medium,2026-03-12 17:06:21,2026-03-12 17:07:50,no,"checked, ok",Database
ALT001409,Arcadia Defence Systems,medium,2026-04-27 23:22:42,2026-04-28 03:09:09,no,Validated certificate chain; expired intermediate replaced by infrastructure team. Root cause documented in case notes.,Cloud Workload
ALT002359,Cauvery Logistics Corp,low,2026-06-18 12:28:05,2026-06-18 18:01:01,no,Confirmed geolocation anomaly caused by corporate VPN egress node change. Monitoring continued for 48 hours.,Firewall
ALT003608,Krishna Port Authority,high,2026-05-02 04:50:34,2026-05-02 09:55:16,no,Contacted user jsmith via Teams; confirmed they initiated the session from Mumbai office. Root cause documented in case notes.,Database
ALT000987,Arcadia Defence Systems,low,2026-01-19 07:55:23,2026-01-19 13:48:32,yes,Compared hash against VirusTotal offline signature set; no detections. Closed as benign positive.,Network Device
ALT001525,Konkan Maritime Ltd,low,2026-01-06 09:30:53,2026-01-06 20:19:02,no,Coordinated with network team; ACL change on HOST-6782 explains traffic shift. Ticket closed with owner sign-off.,Server
ALT001850,Deccan Health Network,high,2026-04-28 03:41:02,2026-04-28 08:02:00,no,Reset credentials for schen as precaution; no evidence of compromise. Added to suppression list after approval.,Server
ALT004335,Orissa Mining Federation,low,2026-02-20 16:04:48,2026-02-20 19:19:37,no,Traced outbound connection to approved vendor endpoint; verified against allowlist. Monitoring continued for 48 hours.,Cloud Workload
ALT003335,Jupiter Aviation Control,high,2026-04-16 14:30:56,2026-04-16 18:51:01,no,Identified misconfigured scanner generating repeat alerts; owner notified. Ticket closed with owner sign-off.,Server
ALT000900,Arcadia Defence Systems,low,2026-03-30 21:16:05,2026-03-31 03:08:56,no,Reviewed source IP 10.8.77.20 against internal threat intel; no IOC match. No further action required.,Cloud Workload
ALT000262,Meridian Trust Bank,high,2026-06-19 12:48:25,2026-06-19 12:52:33,no,n/a,Firewall
ALT002379,Cauvery Logistics Corp,high,2026-04-03 12:53:00,2026-04-03 16:20:14,yes,Blocked source 10.15.24.73 at perimeter firewall pending further investigation. Monitoring continued for 48 hours.,Database
ALT001418,Arcadia Defence Systems,low,2026-06-01 11:47:28,2026-06-01 14:44:27,no,Confirmed with asset owner that HOST-4580 was undergoing patch deployment. Ticket closed with owner sign-off.,Identity Provider
ALT001395,Arcadia Defence Systems,high,2026-06-04 17:45:28,2026-06-04 21:37:13,yes,Matched pattern against known false-positive rule FP-87395; tuning request raised. Ticket closed with owner sign-off.,Cloud Workload
ALT004404,Orissa Mining Federation,critical,2026-03-20 16:40:55,2026-03-20 22:39:34,no,Verified backup job schedule; traffic volume consistent with nightly replication. Root cause documented in case notes.,Identity Provider
ALT004185,Narmada Steel Works,medium,2026-06-11 00:10:05,2026-06-11 06:01:23,no,Contacted user mfernandes via Teams; confirmed they initiated the session from Mumbai office. Ticket closed with owner sign-off.,Identity Provider
ALT000202,Meridian Trust Bank,high,2026-01-05 10:49:38,2026-01-05 10:54:10,yes,"checked, ok",Endpoint
ALT002458,Cauvery Logistics Corp,critical,2026-02-09 09:21:40,2026-02-09 14:27:46,yes,Reviewed privileged access logs; elevation was approved under ticket REQ-15172.,Cloud Workload
ALT004346,Orissa Mining Federation,high,2026-01-29 04:38:40,2026-01-29 09:54:26,no,Coordinated with network team; ACL change on HOST-8402 explains traffic shift. Closed as benign positive.,Endpoint
ALT001066,Arcadia Defence Systems,low,2026-02-28 06:22:10,2026-02-28 11:35:34,no,Cross-referenced with change management ticket CHG-21009; scheduled maintenance window. Monitoring continued for 48 hours.,IoT Device
ALT003262,Indus Financial Services,medium,2026-04-09 02:07:17,2026-04-09 06:59:46,no,Ran memory capture on HOST-7634; no injected process artefacts identified. Closed as benign positive.,Endpoint
ALT000679,Nilgiri Water Authority,medium,2026-05-05 23:57:05,2026-05-06 02:29:09,no,Analysed PCAP sample; payload matched benign monitoring agent heartbeat.,Firewall
ALT004492,Pennar Cement Industries,medium,2026-04-18 09:44:49,2026-04-18 14:19:25,no,Escalated to L2 after confirming lateral movement indicators on HOST-8722. Closed as benign positive.,Endpoint
ALT002138,Bharat Telecom Networks,low,2026-02-25 22:40:31,2026-02-26 04:21:50,no,Reset credentials for tgeorge as precaution; no evidence of compromise. Monitoring continued for 48 hours.,Identity Provider
ALT002654,Eastern Grid Utility,low,2026-03-21 00:59:49,2026-03-21 05:17:05,yes,Identified misconfigured scanner generating repeat alerts; owner notified. Handed to IR team for deeper review.,Endpoint
ALT001373,Arcadia Defence Systems,medium,2026-04-07 04:49:25,2026-04-07 06:59:50,no,Compared hash against VirusTotal offline signature set; no detections. Added to suppression list after approval.,Network Device
ALT003868,Malabar Gas Pipelines,critical,2026-03-15 03:15:22,2026-03-15 06:48:36,yes,,Database
ALT001493,Konkan Maritime Ltd,medium,2026-01-26 16:12:49,2026-01-27 02:01:48,yes,Queried SIEM for related events across 24h window; no corroborating activity found. Added to suppression list after approval.,Cloud Workload
ALT000814,Arcadia Defence Systems,low,2026-05-30 02:41:57,2026-05-30 07:06:57,yes,"Checked DNS query history; domain registered 400+ days ago, low risk profile. Handed to IR team for deeper review.",Endpoint
ALT002786,Godavari Chemicals,low,2026-04-28 08:54:42,2026-04-28 12:19:18,no,Isolated endpoint HOST-6310 for forensic triage; full disk scan returned clean. Ticket closed with owner sign-off.,Firewall
ALT001667,Deccan Health Network,high,2026-06-30 07:14:00,2026-06-30 10:24:34,no,Queried SIEM for related events across 24h window; no corroborating activity found. Root cause documented in case notes.,Database
ALT004030,Malabar Gas Pipelines,low,2026-04-08 16:21:10,2026-04-08 18:49:11,no,Coordinated with network team; ACL change on HOST-2757 explains traffic shift. Ticket closed with owner sign-off.,Network Device
ALT000948,Arcadia Defence Systems,critical,2026-03-21 23:30:11,2026-03-22 05:06:41,yes,Compared hash against VirusTotal offline signature set; no detections. Closed as benign positive.,Cloud Workload
ALT003757,Lakshmi Insurance Group,low,2026-04-04 17:16:49,2026-04-04 21:12:09,no,Cross-referenced with change management ticket CHG-93529; scheduled maintenance window.,Cloud Workload
ALT004455,Orissa Mining Federation,low,2026-04-11 00:29:33,2026-04-11 05:10:01,no,Validated certificate chain; expired intermediate replaced by infrastructure team.,Endpoint
ALT001383,Arcadia Defence Systems,low,2026-02-12 20:38:47,2026-02-13 02:10:17,no,Traced outbound connection to approved vendor endpoint; verified against allowlist. Ticket closed with owner sign-off.,Firewall
ALT002633,Eastern Grid Utility,medium,2026-03-15 07:16:09,,no,Isolated endpoint HOST-9235 for forensic triage; full disk scan returned clean. No further action required.,Network Device
ALT002862,Godavari Chemicals,low,2026-01-21 05:50:11,2026-01-21 09:43:27,no,Documented as benign positive; rule threshold adjusted after peer review. Root cause documented in case notes.,Database
ALT000082,Meridian Trust Bank,low,2026-04-14 01:37:15,2026-04-14 01:38:33,no,n/a,Database
ALT003483,Krishna Port Authority,critical,2026-02-02 18:00:24,2026-02-02 20:22:30,yes,Coordinated with network team; ACL change on HOST-4370 explains traffic shift. Monitoring continued for 48 hours.,Identity Provider
ALT002882,Himalayan Healthcare Network,low,2026-03-31 06:52:44,2026-03-31 08:57:39,no,Correlated with authentication logs for user bshah; prior successful VPN session confirmed. Root cause documented in case notes.,Cloud Workload
ALT004360,Orissa Mining Federation,high,2026-01-31 22:41:28,2026-02-01 02:19:01,yes,Confirmed with asset owner that HOST-2890 was undergoing patch deployment. Handed to IR team for deeper review.,Endpoint
ALT002457,Cauvery Logistics Corp,low,2026-03-30 20:52:54,2026-03-30 23:50:41,no,Validated certificate chain; expired intermediate replaced by infrastructure team. Monitoring continued for 48 hours.,IoT Device
ALT003174,Indus Financial Services,low,2026-02-17 19:17:00,2026-02-17 22:33:25,no,Matched pattern against known false-positive rule FP-65945; tuning request raised. Monitoring continued for 48 hours.,Identity Provider
ALT003513,Krishna Port Authority,medium,2026-06-22 04:45:06,2026-06-22 09:16:56,no,Contacted user rkumar via Teams; confirmed they initiated the session from Mumbai office. Handed to IR team for deeper review.,Server
ALT003009,Himalayan Healthcare Network,low,2026-05-08 04:22:23,2026-05-08 07:16:58,yes,Matched pattern against known false-positive rule FP-38174; tuning request raised. Root cause documented in case notes.,Identity Provider
ALT000950,Arcadia Defence Systems,critical,2026-04-04 15:17:09,2026-04-04 20:03:21,yes,Escalated to L2 after confirming lateral movement indicators on HOST-8463.,Identity Provider
ALT000921,Arcadia Defence Systems,low,2026-04-19 10:26:39,2026-04-19 13:23:31,no,Documented as benign positive; rule threshold adjusted after peer review. Ticket closed with owner sign-off.,IoT Device
ALT003971,Malabar Gas Pipelines,high,2026-02-01 08:59:42,2026-02-01 12:18:58,yes,Ran memory capture on HOST-7325; no injected process artefacts identified.,Cloud Workload
ALT003978,Malabar Gas Pipelines,medium,2026-02-17 10:35:08,2026-02-17 13:16:33,no,Traced outbound connection to approved vendor endpoint; verified against allowlist.,Identity Provider
ALT003333,Jupiter Aviation Control,low,2026-05-30 11:05:52,2026-05-30 16:20:00,no,Ran memory capture on HOST-9471; no injected process artefacts identified. Root cause documented in case notes.,Network Device
ALT004291,Orissa Mining Federation,critical,2026-01-09 19:07:23,2026-01-10 00:45:45,yes,Traced outbound connection to approved vendor endpoint; verified against allowlist. Monitoring continued for 48 hours.,Cloud Workload
ALT002355,Cauvery Logistics Corp,medium,2026-05-07 05:49:17,2026-05-07 08:58:32,no,Correlated with authentication logs for user tgeorge; prior successful VPN session confirmed.,Network Device
ALT001420,Arcadia Defence Systems,low,2026-04-10 22:59:01,2026-04-11 01:15:43,no,Validated certificate chain; expired intermediate replaced by infrastructure team. Handed to IR team for deeper review.,Cloud Workload
ALT001089,Arcadia Defence Systems,low,2026-02-21 09:45:04,2026-02-21 14:16:41,no,,Firewall
ALT000151,Meridian Trust Bank,low,2026-06-10 09:45:28,2026-06-10 09:47:03,no,"checked, ok",Network Device
ALT001770,Deccan Health Network,low,2026-02-11 09:29:49,2026-02-11 12:06:20,no,Confirmed geolocation anomaly caused by corporate VPN egress node change. No further action required.,IoT Device
ALT001164,Arcadia Defence Systems,low,2026-01-17 02:17:26,2026-01-17 07:22:42,no,Reviewed EDR telemetry timeline; parent process traced to legitimate installer. Root cause documented in case notes.,Server
ALT000974,Arcadia Defence Systems,high,2026-05-15 01:48:46,2026-05-15 06:24:06,yes,Queried SIEM for related events across 24h window; no corroborating activity found. No further action required.,IoT Device
ALT002411,Cauvery Logistics Corp,low,2026-03-23 08:39:51,2026-03-23 11:23:37,no,Sandbox detonation of attachment returned no malicious behaviour.,Network Device
ALT001037,Arcadia Defence Systems,low,2026-05-23 04:34:50,2026-05-23 09:16:52,no,Compared hash against VirusTotal offline signature set; no detections. Monitoring continued for 48 hours.,Network Device
ALT001605,Konkan Maritime Ltd,medium,2026-04-13 06:30:11,2026-04-13 16:46:01,yes,Reviewed source IP 10.10.234.75 against internal threat intel; no IOC match. No further action required.,Identity Provider
ALT002874,Himalayan Healthcare Network,medium,2026-06-12 21:47:27,2026-06-13 02:08:49,no,Escalated to L2 after confirming lateral movement indicators on HOST-7485. No further action required.,Endpoint
ALT001310,Arcadia Defence Systems,medium,2026-06-09 18:12:39,2026-06-09 23:59:09,no,Reviewed privileged access logs; elevation was approved under ticket REQ-83408. Closed as benign positive.,Identity Provider
ALT002570,Eastern Grid Utility,low,2026-05-19 12:14:08,2026-05-19 14:18:10,yes,Isolated endpoint HOST-1401 for forensic triage; full disk scan returned clean. Root cause documented in case notes.,Firewall
ALT004180,Narmada Steel Works,low,2026-05-18 19:26:44,2026-05-18 22:43:17,no,Isolated endpoint HOST-7349 for forensic triage; full disk scan returned clean. Ticket closed with owner sign-off.,Cloud Workload
ALT001049,Arcadia Defence Systems,critical,2026-02-18 20:26:59,2026-02-18 22:29:50,no,Isolated endpoint HOST-9426 for forensic triage; full disk scan returned clean. Monitoring continued for 48 hours.,Network Device
ALT004456,Orissa Mining Federation,low,2026-02-14 14:51:48,2026-02-14 19:15:46,no,Reviewed privileged access logs; elevation was approved under ticket REQ-69559. Ticket closed with owner sign-off.,Endpoint
ALT000162,Meridian Trust Bank,high,2026-01-09 04:02:35,2026-01-09 04:04:06,no,n/a,Cloud Workload
ALT000677,Nilgiri Water Authority,low,2026-04-26 07:11:40,2026-04-26 10:03:36,no,Verified backup job schedule; traffic volume consistent with nightly replication. Root cause documented in case notes.,Cloud Workload
ALT003090,Indus Financial Services,medium,2026-04-08 17:06:38,2026-04-08 19:32:29,no,Verified backup job schedule; traffic volume consistent with nightly replication. Handed to IR team for deeper review.,Server
ALT004148,Narmada Steel Works,low,2026-02-06 14:43:08,2026-02-06 19:21:51,no,Escalated to L2 after confirming lateral movement indicators on HOST-6405. Ticket closed with owner sign-off.,Database
ALT000077,Meridian Trust Bank,low,2026-02-25 12:59:13,2026-02-25 13:03:23,no,"checked, ok",Endpoint
ALT002193,Bharat Telecom Networks,low,2026-01-20 07:02:13,2026-01-20 13:00:02,no,Validated certificate chain; expired intermediate replaced by infrastructure team. No further action required.,IoT Device
ALT003214,Indus Financial Services,high,2026-03-31 20:00:28,2026-04-01 00:54:11,no,,Server
ALT003883,Malabar Gas Pipelines,high,2026-06-19 11:27:20,2026-06-19 14:53:55,yes,Verified backup job schedule; traffic volume consistent with nightly replication. Closed as benign positive.,Identity Provider
ALT001810,Deccan Health Network,medium,2026-03-24 08:18:57,2026-03-24 10:54:46,no,Isolated endpoint HOST-5911 for forensic triage; full disk scan returned clean. Root cause documented in case notes.,Server
ALT003821,Lakshmi Insurance Group,low,2026-05-10 18:12:46,2026-05-10 22:19:25,no,Contacted user dnair via Teams; confirmed they initiated the session from Mumbai office. Closed as benign positive.,Endpoint
ALT002260,Bharat Telecom Networks,medium,2026-01-29 05:07:01,2026-01-29 10:49:48,no,Queried SIEM for related events across 24h window; no corroborating activity found. No further action required.,Database
ALT000290,Kaveri Power Holdings,medium,2026-05-27 08:33:14,2026-05-27 11:15:22,no,Compared hash against VirusTotal offline signature set; no detections. Monitoring continued for 48 hours.,Server
ALT003687,Lakshmi Insurance Group,high,2026-01-13 15:32:37,2026-01-13 20:43:29,yes,Traced outbound connection to approved vendor endpoint; verified against allowlist. Added to suppression list after approval.,Network Device
ALT001004,Arcadia Defence Systems,high,2026-01-08 19:18:56,2026-01-08 21:36:16,no,Compared hash against VirusTotal offline signature set; no detections.,Server
ALT004598,Pennar Cement Industries,high,2026-04-26 23:29:04,2026-04-27 04:30:05,yes,Compared hash against VirusTotal offline signature set; no detections. Root cause documented in case notes.,Server
ALT000085,Meridian Trust Bank,low,2026-05-14 12:41:29,2026-05-14 12:44:27,no,n/a,Cloud Workload
ALT004531,Pennar Cement Industries,low,2026-04-11 06:00:07,2026-04-11 10:53:12,no,Isolated endpoint HOST-7023 for forensic triage; full disk scan returned clean. Handed to IR team for deeper review.,Cloud Workload
ALT002499,Eastern Grid Utility,low,2026-04-12 22:36:05,2026-04-13 03:23:40,no,Confirmed with asset owner that HOST-8190 was undergoing patch deployment. Added to suppression list after approval.,Network Device
ALT000729,Arcadia Defence Systems,low,2026-05-24 00:48:39,2026-05-24 06:31:16,no,Validated certificate chain; expired intermediate replaced by infrastructure team. Ticket closed with owner sign-off.,IoT Device
ALT001119,Arcadia Defence Systems,medium,2026-01-26 08:17:20,2026-01-26 13:43:07,no,Documented as benign positive; rule threshold adjusted after peer review. Closed as benign positive.,Identity Provider
ALT000084,Meridian Trust Bank,low,2026-02-20 09:48:49,2026-02-20 09:51:16,no,"checked, ok",Database
ALT003236,Indus Financial Services,low,2026-06-27 07:24:19,2026-06-27 11:16:40,no,Reviewed privileged access logs; elevation was approved under ticket REQ-80653. No further action required.,Endpoint
ALT000259,Meridian Trust Bank,medium,2026-02-15 15:46:30,2026-02-15 15:49:11,no,"checked, ok",Endpoint
ALT003865,Lakshmi Insurance Group,medium,2026-03-15 11:16:11,2026-03-15 14:44:03,no,Compared hash against VirusTotal offline signature set; no detections.,Server
ALT001988,Apex Power Grid Ltd,low,2026-01-16 18:57:58,,no,Confirmed with asset owner that HOST-9141 was undergoing patch deployment. Ticket closed with owner sign-off.,Endpoint
ALT000610,Nilgiri Water Authority,low,2026-04-25 17:25:14,2026-04-25 19:32:14,yes,Sandbox detonation of attachment returned no malicious behaviour.,Cloud Workload
ALT000068,Meridian Trust Bank,low,2026-02-03 03:16:39,2026-02-03 03:19:16,no,n/a,Identity Provider
ALT000114,Meridian Trust Bank,medium,2026-06-11 09:55:13,2026-06-11 09:59:15,no,"checked, ok",Network Device
ALT002520,Eastern Grid Utility,low,2026-01-07 16:43:02,2026-01-07 19:03:07,yes,"Checked DNS query history; domain registered 400+ days ago, low risk profile. Handed to IR team for deeper review.",Cloud Workload
ALT001427,Arcadia Defence Systems,medium,2026-04-06 10:27:45,2026-04-06 15:06:25,no,Verified backup job schedule; traffic volume consistent with nightly replication. Ticket closed with owner sign-off.,Identity Provider
ALT004662,Pennar Cement Industries,low,2026-04-04 00:27:41,2026-04-04 04:40:11,no,Matched pattern against known false-positive rule FP-27710; tuning request raised. Ticket closed with owner sign-off.,Server
ALT000158,Meridian Trust Bank,medium,2026-02-22 19:39:14,2026-02-22 19:42:22,no,n/a,Endpoint
ALT002173,Bharat Telecom Networks,medium,2026-04-20 01:06:32,2026-04-20 06:16:31,yes,Analysed PCAP sample; payload matched benign monitoring agent heartbeat. Added to suppression list after approval.,Network Device
ALT002302,Cauvery Logistics Corp,low,2026-06-20 00:40:14,2026-06-20 04:13:35,no,Confirmed geolocation anomaly caused by corporate VPN egress node change. Closed as benign positive.,Server
ALT001746,Deccan Health Network,medium,2026-05-09 07:51:21,2026-05-09 11:00:43,no,Confirmed with asset owner that HOST-1299 was undergoing patch deployment. No further action required.,Identity Provider
ALT004124,Narmada Steel Works,medium,2026-04-27 12:46:46,2026-04-27 17:40:41,no,Blocked source 10.19.201.109 at perimeter firewall pending further investigation. Monitoring continued for 48 hours.,Endpoint
ALT000063,Meridian Trust Bank,low,2026-06-30 12:29:33,2026-06-30 12:33:30,no,n/a,Server
ALT000693,Nilgiri Water Authority,low,2026-04-09 13:06:11,2026-04-09 18:58:24,no,Contacted user apatel via Teams; confirmed they initiated the session from Mumbai office. No further action required.,Identity Provider
ALT001339,Arcadia Defence Systems,high,2026-06-02 22:07:32,2026-06-03 03:24:50,yes,Ran memory capture on HOST-9125; no injected process artefacts identified. Closed as benign positive.,Server
ALT001479,Konkan Maritime Ltd,critical,2026-06-23 13:02:28,2026-06-23 23:25:53,yes,Verified backup job schedule; traffic volume consistent with nightly replication. Monitoring continued for 48 hours.,Server
ALT002747,Godavari Chemicals,medium,2026-03-08 19:13:11,2026-03-09 01:12:26,yes,Escalated to L2 after confirming lateral movement indicators on HOST-4511. Ticket closed with owner sign-off.,Firewall
ALT001167,Arcadia Defence Systems,critical,2026-01-20 07:39:59,2026-01-20 11:15:04,yes,Documented as benign positive; rule threshold adjusted after peer review. Handed to IR team for deeper review.,Server
ALT004342,Orissa Mining Federation,medium,2026-02-14 12:19:12,2026-02-14 17:27:53,no,Reset credentials for nrao as precaution; no evidence of compromise. Monitoring continued for 48 hours.,Identity Provider
ALT003171,Indus Financial Services,high,2026-03-22 02:23:04,2026-03-22 07:44:22,no,Compared hash against VirusTotal offline signature set; no detections. No further action required.,IoT Device
ALT000724,Arcadia Defence Systems,high,2026-01-13 08:38:03,2026-01-13 13:48:38,yes,Reviewed EDR telemetry timeline; parent process traced to legitimate installer. Root cause documented in case notes.,Server
ALT003002,Himalayan Healthcare Network,low,2026-06-29 15:18:25,2026-06-29 17:55:13,no,Reviewed privileged access logs; elevation was approved under ticket REQ-61359. Monitoring continued for 48 hours.,Endpoint
ALT001156,Arcadia Defence Systems,low,2026-05-24 20:24:09,2026-05-24 22:28:16,no,Traced outbound connection to approved vendor endpoint; verified against allowlist. Handed to IR team for deeper review.,Cloud Workload
ALT004508,Pennar Cement Industries,critical,2026-02-11 01:17:47,2026-02-11 04:48:32,yes,Matched pattern against known false-positive rule FP-92965; tuning request raised. Handed to IR team for deeper review.,Firewall
ALT000120,Meridian Trust Bank,low,2026-06-17 11:04:30,2026-06-17 11:07:44,no,n/a,Cloud Workload
ALT004078,Narmada Steel Works,low,2026-04-23 23:33:10,2026-04-24 01:35:05,no,Blocked source 10.20.11.218 at perimeter firewall pending further investigation. Root cause documented in case notes.,Endpoint
ALT001533,Konkan Maritime Ltd,medium,2026-01-16 11:12:56,2026-01-16 18:41:38,no,"Checked DNS query history; domain registered 400+ days ago, low risk profile. Closed as benign positive.",Server
ALT002126,Bharat Telecom Networks,low,2026-01-26 08:13:33,2026-01-26 13:14:20,no,Reviewed privileged access logs; elevation was approved under ticket REQ-75237. Monitoring continued for 48 hours.,Network Device
ALT000408,Kaveri Power Holdings,high,2026-06-24 13:04:38,2026-06-24 16:16:10,no,Ran memory capture on HOST-4771; no injected process artefacts identified. No further action required.,Network Device
ALT002926,Himalayan Healthcare Network,low,2026-03-12 22:19:32,2026-03-13 04:15:54,no,Reviewed source IP 10.3.27.130 against internal threat intel; no IOC match. No further action required.,Cloud Workload
ALT001023,Arcadia Defence Systems,low,2026-04-17 06:07:32,2026-04-17 08:26:53,no,Traced outbound connection to approved vendor endpoint; verified against allowlist.,Network Device
ALT000491,Kaveri Power Holdings,low,2026-02-03 18:39:35,2026-02-03 22:13:18,no,Reset credentials for nrao as precaution; no evidence of compromise. No further action required.,Identity Provider
ALT000737,Arcadia Defence Systems,low,2026-04-11 07:34:09,2026-04-11 13:06:10,no,Cross-referenced with change management ticket CHG-52025; scheduled maintenance window. Ticket closed with owner sign-off.,Firewall
ALT004268,Orissa Mining Federation,low,2026-04-30 04:16:09,2026-04-30 06:50:59,no,Queried SIEM for related events across 24h window; no corroborating activity found. Handed to IR team for deeper review.,IoT Device
ALT004431,Orissa Mining Federation,low,2026-03-28 02:56:56,2026-03-28 06:05:53,no,Confirmed with asset owner that HOST-2420 was undergoing patch deployment.,Cloud Workload
ALT004290,Orissa Mining Federation,medium,2026-05-31 00:25:14,2026-05-31 03:06:23,yes,"Checked DNS query history; domain registered 400+ days ago, low risk profile. Added to suppression list after approval.",Firewall
ALT001042,Arcadia Defence Systems,low,2026-02-23 12:06:40,2026-02-23 15:23:33,no,Matched pattern against known false-positive rule FP-84396; tuning request raised. Ticket closed with owner sign-off.,Database
ALT000850,Arcadia Defence Systems,low,2026-02-14 23:19:15,2026-02-15 04:49:19,no,Coordinated with network team; ACL change on HOST-7080 explains traffic shift. Monitoring continued for 48 hours.,Endpoint
ALT000816,Arcadia Defence Systems,low,2026-02-15 02:45:20,2026-02-15 07:01:13,no,Escalated to L2 after confirming lateral movement indicators on HOST-4305. Root cause documented in case notes.,Cloud Workload
ALT001322,Arcadia Defence Systems,low,2026-03-23 01:05:13,2026-03-23 06:23:08,no,Matched pattern against known false-positive rule FP-94529; tuning request raised. Ticket closed with owner sign-off.,Database
ALT004111,Narmada Steel Works,low,2026-04-20 14:44:36,2026-04-20 17:51:02,no,Contacted user bshah via Teams; confirmed they initiated the session from Mumbai office. Root cause documented in case notes.,Server
ALT004042,Malabar Gas Pipelines,medium,2026-02-14 04:16:46,2026-02-14 09:31:41,no,Identified misconfigured scanner generating repeat alerts; owner notified. Handed to IR team for deeper review.,Network Device
ALT002674,Eastern Grid Utility,medium,2026-03-18 21:02:42,2026-03-19 01:26:15,no,Queried SIEM for related events across 24h window; no corroborating activity found.,Database
ALT003806,Lakshmi Insurance Group,low,2026-05-09 22:57:27,2026-05-10 03:50:22,yes,Cross-referenced with change management ticket CHG-53097; scheduled maintenance window. Ticket closed with owner sign-off.,Cloud Workload
ALT002982,Himalayan Healthcare Network,low,2026-05-15 10:26:11,2026-05-15 15:23:07,no,Confirmed geolocation anomaly caused by corporate VPN egress node change. Monitoring continued for 48 hours.,IoT Device
ALT001552,Konkan Maritime Ltd,low,2026-04-22 16:41:37,2026-04-23 01:50:38,yes,Reset credentials for schen as precaution; no evidence of compromise. No further action required.,Identity Provider
ALT002809,Godavari Chemicals,critical,2026-01-28 21:50:19,2026-01-29 00:20:50,yes,Correlated with authentication logs for user rkumar; prior successful VPN session confirmed. Handed to IR team for deeper review.,Identity Provider
ALT004442,Orissa Mining Federation,medium,2026-03-06 00:09:53,2026-03-06 05:03:03,no,"Checked DNS query history; domain registered 400+ days ago, low risk profile. Root cause documented in case notes.",Database
ALT001399,Arcadia Defence Systems,high,2026-01-14 02:01:07,2026-01-14 05:32:10,yes,Sandbox detonation of attachment returned no malicious behaviour. Ticket closed with owner sign-off.,Cloud Workload
ALT003300,Jupiter Aviation Control,low,2026-04-17 03:27:58,2026-04-17 08:24:53,no,Ran memory capture on HOST-7405; no injected process artefacts identified. Ticket closed with owner sign-off.,Server
ALT002593,Eastern Grid Utility,low,2026-02-06 00:58:44,2026-02-06 06:27:20,no,Compared hash against VirusTotal offline signature set; no detections. Monitoring continued for 48 hours.,Identity Provider
ALT001712,Deccan Health Network,medium,2026-03-23 21:19:20,2026-03-24 00:19:51,yes,closed,Network Device
ALT004439,Orissa Mining Federation,medium,2026-02-13 18:09:36,2026-02-13 20:58:33,no,Confirmed geolocation anomaly caused by corporate VPN egress node change. Handed to IR team for deeper review.,IoT Device
ALT002086,Bharat Telecom Networks,medium,2026-05-24 13:09:41,2026-05-24 17:35:23,no,Correlated with authentication logs for user jsmith; prior successful VPN session confirmed. Monitoring continued for 48 hours.,Endpoint
ALT002495,Eastern Grid Utility,low,2026-05-13 17:21:42,2026-05-13 22:09:06,no,Queried SIEM for related events across 24h window; no corroborating activity found. No further action required.,Endpoint
ALT000580,Nilgiri Water Authority,low,2026-01-24 19:36:04,2026-01-25 00:47:25,no,"Checked DNS query history; domain registered 400+ days ago, low risk profile. Root cause documented in case notes.",Identity Provider
ALT003128,Indus Financial Services,high,2026-03-29 08:28:26,2026-03-29 13:54:47,yes,Confirmed with asset owner that HOST-7388 was undergoing patch deployment. Added to suppression list after approval.,Network Device
ALT003008,Himalayan Healthcare Network,low,2026-01-11 02:42:42,2026-01-11 07:03:32,no,Contacted user dnair via Teams; confirmed they initiated the session from Mumbai office. Root cause documented in case notes.,Endpoint
ALT000031,Meridian Trust Bank,low,2026-03-07 00:48:12,2026-03-07 00:52:02,no,n/a,Endpoint
ALT004266,Narmada Steel Works,medium,2026-06-02 02:48:37,2026-06-02 07:52:16,no,Ran memory capture on HOST-2367; no injected process artefacts identified. No further action required.,Network Device
ALT003773,Lakshmi Insurance Group,low,2026-02-11 06:20:04,2026-02-11 12:13:58,no,Contacted user kiyer via Teams; confirmed they initiated the session from Mumbai office. Added to suppression list after approval.,IoT Device
ALT003075,Indus Financial Services,critical,2026-01-14 04:51:29,2026-01-14 09:04:55,yes,Reviewed source IP 10.12.123.138 against internal threat intel; no IOC match. No further action required.,Firewall
ALT002279,Cauvery Logistics Corp,low,2026-02-19 04:38:35,2026-02-19 07:06:36,no,Isolated endpoint HOST-5114 for forensic triage; full disk scan returned clean. Handed to IR team for deeper review.,IoT Device
ALT003567,Krishna Port Authority,low,2026-02-07 01:05:10,2026-02-07 04:51:34,no,Confirmed with asset owner that HOST-7702 was undergoing patch deployment. Handed to IR team for deeper review.,Identity Provider
ALT002506,Eastern Grid Utility,low,2026-06-27 04:28:57,2026-06-27 07:37:29,no,Coordinated with network team; ACL change on HOST-2851 explains traffic shift. Ticket closed with owner sign-off.,Firewall
ALT000888,Arcadia Defence Systems,high,2026-01-02 09:13:37,2026-01-02 13:06:30,yes,,Identity Provider
ALT003904,Malabar Gas Pipelines,medium,2026-01-06 10:45:11,2026-01-06 14:57:55,no,Blocked source 10.3.62.112 at perimeter firewall pending further investigation.,IoT Device
ALT001720,Deccan Health Network,low,2026-06-04 15:51:14,2026-06-04 19:05:19,no,"checked, ok",Firewall
ALT002729,Godavari Chemicals,low,2026-02-25 13:31:10,2026-02-25 19:19:25,no,Ran memory capture on HOST-8204; no injected process artefacts identified. Root cause documented in case notes.,Endpoint
ALT002840,Godavari Chemicals,high,2026-01-26 14:15:44,2026-01-26 18:53:55,yes,Sandbox detonation of attachment returned no malicious behaviour. Root cause documented in case notes.,Server
ALT000389,Kaveri Power Holdings,medium,2026-03-28 02:28:54,,no,reviewed,Firewall
ALT002305,Cauvery Logistics Corp,medium,2026-03-06 06:06:28,2026-03-06 08:48:32,no,Blocked source 10.40.109.188 at perimeter firewall pending further investigation. Handed to IR team for deeper review.,IoT Device
ALT004337,Orissa Mining Federation,medium,2026-01-09 00:21:27,2026-01-09 03:35:34,no,Documented as benign positive; rule threshold adjusted after peer review. No further action required.,Database
ALT003485,Krishna Port Authority,low,2026-02-19 11:07:12,2026-02-19 14:02:25,no,Reset credentials for nrao as precaution; no evidence of compromise. No further action required.,Network Device
ALT002951,Himalayan Healthcare Network,high,2026-03-20 03:11:04,2026-03-20 08:47:20,yes,Reviewed EDR telemetry timeline; parent process traced to legitimate installer. Ticket closed with owner sign-off.,Firewall
ALT002866,Himalayan Healthcare Network,low,2026-01-27 09:58:50,2026-01-27 14:36:57,yes,Correlated with authentication logs for user dnair; prior successful VPN session confirmed. Added to suppression list after approval.,Cloud Workload
ALT003461,Jupiter Aviation Control,high,2026-03-17 22:43:36,2026-03-18 01:32:16,yes,Sandbox detonation of attachment returned no malicious behaviour. Handed to IR team for deeper review.,Firewall
ALT004279,Orissa Mining Federation,medium,2026-02-11 15:19:30,2026-02-11 19:18:03,yes,Matched pattern against known false-positive rule FP-17145; tuning request raised. Handed to IR team for deeper review.,Firewall
ALT001961,Apex Power Grid Ltd,high,2026-06-13 10:00:54,2026-06-13 15:28:16,no,Analysed PCAP sample; payload matched benign monitoring agent heartbeat. Monitoring continued for 48 hours.,IoT Device
ALT003234,Indus Financial Services,high,2026-05-11 18:27:39,2026-05-11 23:21:28,yes,Compared hash against VirusTotal offline signature set; no detections. Root cause documented in case notes.,IoT Device
ALT002743,Godavari Chemicals,high,2026-01-21 05:33:55,2026-01-21 08:49:41,no,Correlated with authentication logs for user jsmith; prior successful VPN session confirmed. Ticket closed with owner sign-off.,IoT Device
ALT001821,Deccan Health Network,low,2026-06-15 14:35:58,2026-06-15 19:41:38,no,"checked, ok",IoT Device
ALT002816,Godavari Chemicals,high,2026-01-30 11:47:04,2026-01-30 17:35:31,yes,Reviewed EDR telemetry timeline; parent process traced to legitimate installer. Root cause documented in case notes.,Identity Provider
ALT000957,Arcadia Defence Systems,high,2026-04-25 08:58:25,2026-04-25 11:07:36,yes,Contacted user rkumar via Teams; confirmed they initiated the session from Mumbai office.,Endpoint
ALT000568,Nilgiri Water Authority,medium,2026-06-19 14:03:01,2026-06-19 17:18:42,no,Compared hash against VirusTotal offline signature set; no detections. Monitoring continued for 48 hours.,IoT Device
ALT003641,Krishna Port Authority,low,2026-05-21 02:35:37,2026-05-21 06:48:26,no,"Checked DNS query history; domain registered 400+ days ago, low risk profile. Handed to IR team for deeper review.",Cloud Workload
ALT001447,Arcadia Defence Systems,medium,2026-04-29 12:28:09,2026-04-29 16:40:16,no,Reviewed privileged access logs; elevation was approved under ticket REQ-52506. Monitoring continued for 48 hours.,Database
ALT001176,Arcadia Defence Systems,medium,2026-02-13 08:49:22,2026-02-13 12:34:05,no,Cross-referenced with change management ticket CHG-90135; scheduled maintenance window. Monitoring continued for 48 hours.,Endpoint
ALT000387,Kaveri Power Holdings,low,2026-03-24 02:16:26,2026-03-24 07:52:57,no,Contacted user mfernandes via Teams; confirmed they initiated the session from Mumbai office. Monitoring continued for 48 hours.,Cloud Workload
ALT002164,Bharat Telecom Networks,medium,2026-06-27 08:22:39,2026-06-27 12:34:11,no,Escalated to L2 after confirming lateral movement indicators on HOST-6173. Monitoring continued for 48 hours.,IoT Device
ALT003420,Jupiter Aviation Control,low,2026-01-24 13:54:20,2026-01-24 16:27:19,yes,Reviewed privileged access logs; elevation was approved under ticket REQ-77128. Closed as benign positive.,IoT Device
ALT002162,Bharat Telecom Networks,high,2026-06-29 18:00:10,2026-06-29 23:13:15,yes,Isolated endpoint HOST-8931 for forensic triage; full disk scan returned clean.,Firewall
ALT002836,Godavari Chemicals,low,2026-03-13 22:28:23,2026-03-14 03:41:06,no,Reviewed source IP 10.46.79.212 against internal threat intel; no IOC match. Root cause documented in case notes.,Server
ALT000823,Arcadia Defence Systems,low,2026-03-21 12:22:58,2026-03-21 14:54:01,no,Identified misconfigured scanner generating repeat alerts; owner notified. Monitoring continued for 48 hours.,Cloud Workload
ALT004093,Narmada Steel Works,low,2026-01-15 19:51:27,2026-01-16 01:27:37,no,Queried SIEM for related events across 24h window; no corroborating activity found.,Cloud Workload
ALT003685,Lakshmi Insurance Group,low,2026-06-07 06:30:02,2026-06-07 10:34:39,no,Analysed PCAP sample; payload matched benign monitoring agent heartbeat. Root cause documented in case notes.,Server
ALT004312,Orissa Mining Federation,low,2026-01-08 14:37:39,2026-01-08 18:51:24,no,Queried SIEM for related events across 24h window; no corroborating activity found. No further action required.,Network Device
ALT004127,Narmada Steel Works,low,2026-01-27 00:20:43,2026-01-27 04:48:44,no,Coordinated with network team; ACL change on HOST-8622 explains traffic shift. Added to suppression list after approval.,Database
ALT003522,Krishna Port Authority,low,2026-03-11 10:47:43,2026-03-11 13:25:11,no,Queried SIEM for related events across 24h window; no corroborating activity found.,Cloud Workload
ALT004108,Narmada Steel Works,low,2026-05-20 12:46:42,2026-05-20 15:00:24,no,Blocked source 10.51.52.203 at perimeter firewall pending further investigation. Added to suppression list after approval.,Cloud Workload
ALT001910,Apex Power Grid Ltd,high,2026-01-27 23:41:34,2026-01-28 01:45:51,no,Confirmed with asset owner that HOST-4067 was undergoing patch deployment. No further action required.,Identity Provider
ALT004578,Pennar Cement Industries,critical,2026-05-15 21:01:58,2026-05-16 00:05:14,yes,Contacted user mfernandes via Teams; confirmed they initiated the session from Mumbai office. Root cause documented in case notes.,Firewall
ALT001953,Apex Power Grid Ltd,low,2026-02-28 07:58:05,2026-02-28 11:01:11,no,Confirmed with asset owner that HOST-8010 was undergoing patch deployment. Root cause documented in case notes.,IoT Device
ALT000603,Nilgiri Water Authority,medium,2026-01-11 22:29:46,2026-01-12 00:33:52,no,Identified misconfigured scanner generating repeat alerts; owner notified.,Identity Provider
ALT001442,Arcadia Defence Systems,medium,2026-01-07 01:10:31,2026-01-07 07:00:05,yes,Contacted user apatel via Teams; confirmed they initiated the session from Mumbai office. Handed to IR team for deeper review.,Database
ALT002049,Apex Power Grid Ltd,medium,2026-01-21 14:03:24,2026-01-21 16:56:46,no,,Network Device
ALT002191,Bharat Telecom Networks,low,2026-02-20 07:36:40,2026-02-20 13:33:24,yes,"Checked DNS query history; domain registered 400+ days ago, low risk profile.",Firewall
ALT001170,Arcadia Defence Systems,low,2026-02-21 04:09:19,2026-02-21 06:35:52,no,Matched pattern against known false-positive rule FP-82825; tuning request raised. Root cause documented in case notes.,Database
ALT003749,Lakshmi Insurance Group,low,2026-05-24 20:35:16,2026-05-25 00:08:40,no,Isolated endpoint HOST-2533 for forensic triage; full disk scan returned clean. Ticket closed with owner sign-off.,IoT Device
ALT000802,Arcadia Defence Systems,medium,2026-05-14 14:45:57,2026-05-14 19:49:26,no,Confirmed geolocation anomaly caused by corporate VPN egress node change. Handed to IR team for deeper review.,Identity Provider
ALT003568,Krishna Port Authority,low,2026-02-02 05:44:26,2026-02-02 09:54:59,no,Compared hash against VirusTotal offline signature set; no detections. Root cause documented in case notes.,Server
ALT001341,Arcadia Defence Systems,medium,2026-04-12 23:34:41,2026-04-13 02:52:15,no,Reset credentials for rkumar as precaution; no evidence of compromise. Handed to IR team for deeper review.,IoT Device
ALT003438,Jupiter Aviation Control,low,2026-04-19 19:32:21,2026-04-20 00:39:49,no,Traced outbound connection to approved vendor endpoint; verified against allowlist. Root cause documented in case notes.,Database
ALT000424,Kaveri Power Holdings,medium,2026-04-19 00:56:17,2026-04-19 03:02:16,no,Reviewed EDR telemetry timeline; parent process traced to legitimate installer. Handed to IR team for deeper review.,Server
ALT002932,Himalayan Healthcare Network,high,2026-01-07 14:49:48,2026-01-07 19:28:35,yes,Contacted user schen via Teams; confirmed they initiated the session from Mumbai office. Handed to IR team for deeper review.,Server
ALT004276,Orissa Mining Federation,medium,2026-03-01 09:38:28,2026-03-01 15:20:34,no,,Cloud Workload
ALT002972,Himalayan Healthcare Network,medium,2026-05-27 21:51:15,2026-05-28 00:53:33,no,Traced outbound connection to approved vendor endpoint; verified against allowlist. Monitoring continued for 48 hours.,Database
ALT003838,Lakshmi Insurance Group,low,2026-02-04 13:56:48,2026-02-04 19:37:33,no,Confirmed geolocation anomaly caused by corporate VPN egress node change. Added to suppression list after approval.,Firewall
ALT003439,Jupiter Aviation Control,low,2026-06-19 04:04:24,2026-06-19 06:59:48,no,Traced outbound connection to approved vendor endpoint; verified against allowlist. Added to suppression list after approval.,Network Device
ALT003007,Himalayan Healthcare Network,medium,2026-03-07 11:37:24,2026-03-07 15:11:07,no,Ran memory capture on HOST-3284; no injected process artefacts identified. Ticket closed with owner sign-off.,Database
ALT001871,Apex Power Grid Ltd,low,2026-02-27 22:29:49,2026-02-28 03:23:24,yes,Reviewed EDR telemetry timeline; parent process traced to legitimate installer.,Database
ALT002058,Apex Power Grid Ltd,medium,2026-01-24 18:49:55,2026-01-24 21:47:31,no,Analysed PCAP sample; payload matched benign monitoring agent heartbeat. Added to suppression list after approval.,IoT Device
ALT003987,Malabar Gas Pipelines,low,2026-05-01 11:20:07,2026-05-01 15:09:45,no,Isolated endpoint HOST-3542 for forensic triage; full disk scan returned clean.,Cloud Workload
ALT001072,Arcadia Defence Systems,low,2026-06-28 09:15:32,2026-06-28 12:15:16,no,Reset credentials for nrao as precaution; no evidence of compromise. Closed as benign positive.,Identity Provider
ALT002686,Eastern Grid Utility,low,2026-05-13 09:42:00,2026-05-13 13:17:16,no,Queried SIEM for related events across 24h window; no corroborating activity found. No further action required.,Network Device
ALT002152,Bharat Telecom Networks,high,2026-02-03 02:04:06,2026-02-03 05:18:29,no,Reviewed privileged access logs; elevation was approved under ticket REQ-10934. Closed as benign positive.,Server
ALT002527,Eastern Grid Utility,medium,2026-04-04 03:50:27,2026-04-04 06:13:40,no,Reviewed privileged access logs; elevation was approved under ticket REQ-39189. Monitoring continued for 48 hours.,IoT Device
ALT002563,Eastern Grid Utility,low,2026-01-12 22:59:28,2026-01-13 01:16:24,no,Sandbox detonation of attachment returned no malicious behaviour. Added to suppression list after approval.,Server
ALT002414,Cauvery Logistics Corp,high,2026-03-02 04:22:12,2026-03-02 08:32:46,no,Queried SIEM for related events across 24h window; no corroborating activity found. Root cause documented in case notes.,Cloud Workload
ALT000593,Nilgiri Water Authority,low,2026-06-02 17:41:41,2026-06-02 21:18:44,no,Coordinated with network team; ACL change on HOST-7975 explains traffic shift. Ticket closed with owner sign-off.,IoT Device
ALT003313,Jupiter Aviation Control,medium,2026-02-03 10:22:41,2026-02-03 13:23:44,no,Reset credentials for apatel as precaution; no evidence of compromise. No further action required.,Database
ALT004641,Pennar Cement Industries,low,2026-05-14 01:02:46,2026-05-14 04:59:29,no,"Checked DNS query history; domain registered 400+ days ago, low risk profile. Added to suppression list after approval.",Network Device
ALT001263,Arcadia Defence Systems,high,2026-05-25 23:19:52,2026-05-26 02:55:58,yes,Compared hash against VirusTotal offline signature set; no detections. Added to suppression list after approval.,Cloud Workload
ALT000709,Nilgiri Water Authority,low,2026-03-09 07:03:46,2026-03-09 12:13:09,no,Analysed PCAP sample; payload matched benign monitoring agent heartbeat. No further action required.,Endpoint
ALT003906,Malabar Gas Pipelines,high,2026-03-01 13:21:20,2026-03-01 17:27:54,yes,Queried SIEM for related events across 24h window; no corroborating activity found.,Endpoint
ALT002541,Eastern Grid Utility,low,2026-03-22 06:33:39,2026-03-22 08:52:21,no,Reviewed source IP 10.25.95.170 against internal threat intel; no IOC match. No further action required.,Endpoint
ALT003699,Lakshmi Insurance Group,low,2026-06-29 11:46:17,2026-06-29 14:17:44,no,Contacted user tgeorge via Teams; confirmed they initiated the session from Mumbai office. Root cause documented in case notes.,IoT Device
ALT002468,Eastern Grid Utility,low,2026-06-16 00:03:50,2026-06-16 05:50:36,no,Verified backup job schedule; traffic volume consistent with nightly replication. Ticket closed with owner sign-off.,Network Device
ALT003325,Jupiter Aviation Control,high,2026-04-10 10:56:59,2026-04-10 14:20:52,no,Queried SIEM for related events across 24h window; no corroborating activity found. Handed to IR team for deeper review.,Firewall
ALT002494,Eastern Grid Utility,low,2026-04-23 14:03:55,2026-04-23 16:41:22,no,Escalated to L2 after confirming lateral movement indicators on HOST-4917. Ticket closed with owner sign-off.,Firewall
ALT001010,Arcadia Defence Systems,medium,2026-05-23 03:55:06,2026-05-23 05:58:04,no,Analysed PCAP sample; payload matched benign monitoring agent heartbeat. Added to suppression list after approval.,IoT Device
ALT004493,Pennar Cement Industries,low,2026-01-11 19:03:24,2026-01-11 22:57:41,no,Ran memory capture on HOST-2686; no injected process artefacts identified. Ticket closed with owner sign-off.,Network Device
ALT002842,Godavari Chemicals,high,2026-06-11 19:33:47,2026-06-11 22:30:50,no,Reviewed EDR telemetry timeline; parent process traced to legitimate installer. Handed to IR team for deeper review.,Identity Provider
ALT004307,Orissa Mining Federation,low,2026-02-25 01:31:09,,no,Analysed PCAP sample; payload matched benign monitoring agent heartbeat.,Server
ALT002574,Eastern Grid Utility,high,2026-03-02 09:34:02,2026-03-02 13:07:47,yes,Confirmed with asset owner that HOST-2780 was undergoing patch deployment. Added to suppression list after approval.,Network Device
ALT002451,Cauvery Logistics Corp,low,2026-06-19 17:08:10,2026-06-19 19:36:18,yes,Traced outbound connection to approved vendor endpoint; verified against allowlist. Root cause documented in case notes.,Network Device
ALT001491,Konkan Maritime Ltd,high,2026-06-21 13:43:31,,no,Compared hash against VirusTotal offline signature set; no detections. Ticket closed with owner sign-off.,Identity Provider
ALT002985,Himalayan Healthcare Network,high,2026-02-22 16:00:31,2026-02-22 18:20:43,yes,Compared hash against VirusTotal offline signature set; no detections.,Cloud Workload
ALT002100,Bharat Telecom Networks,medium,2026-03-26 01:25:39,2026-03-26 04:13:29,no,Coordinated with network team; ACL change on HOST-6630 explains traffic shift. Handed to IR team for deeper review.,IoT Device
ALT003944,Malabar Gas Pipelines,medium,2026-04-21 00:43:13,2026-04-21 03:49:58,no,Documented as benign positive; rule threshold adjusted after peer review. Root cause documented in case notes.,Network Device
ALT002026,Apex Power Grid Ltd,low,2026-01-29 06:19:48,2026-01-29 10:58:02,no,Validated certificate chain; expired intermediate replaced by infrastructure team. No further action required.,IoT Device
ALT002446,Cauvery Logistics Corp,low,2026-03-03 21:13:58,2026-03-03 23:54:52,no,Reviewed source IP 10.50.81.207 against internal threat intel; no IOC match. Added to suppression list after approval.,Cloud Workload
ALT001422,Arcadia Defence Systems,medium,2026-06-28 03:27:08,2026-06-28 07:00:34,no,Analysed PCAP sample; payload matched benign monitoring agent heartbeat. Closed as benign positive.,Database
ALT000532,Saraswati Rail Network,medium,2026-04-16 04:38:05,2026-04-16 10:34:12,no,Reviewed EDR telemetry timeline; parent process traced to legitimate installer. Ticket closed with owner sign-off.,Endpoint
ALT004289,Orissa Mining Federation,low,2026-04-09 16:04:57,2026-04-09 19:29:50,no,Validated certificate chain; expired intermediate replaced by infrastructure team. Root cause documented in case notes.,Cloud Workload
ALT002232,Bharat Telecom Networks,low,2026-06-24 06:11:14,2026-06-24 12:02:19,no,Confirmed geolocation anomaly caused by corporate VPN egress node change. Ticket closed with owner sign-off.,Identity Provider
ALT004069,Malabar Gas Pipelines,low,2026-05-03 22:32:45,2026-05-04 02:04:05,no,Contacted user tgeorge via Teams; confirmed they initiated the session from Mumbai office. Root cause documented in case notes.,Identity Provider
ALT001645,Konkan Maritime Ltd,low,2026-01-19 10:50:49,2026-01-19 19:34:56,yes,Correlated with authentication logs for user nrao; prior successful VPN session confirmed. Closed as benign positive.,Cloud Workload
ALT003351,Jupiter Aviation Control,low,2026-03-15 10:47:25,2026-03-15 16:42:05,no,Blocked source 10.37.63.217 at perimeter firewall pending further investigation. No further action required.,IoT Device
ALT002336,Cauvery Logistics Corp,low,2026-05-02 22:42:41,2026-05-03 03:02:49,no,Reviewed privileged access logs; elevation was approved under ticket REQ-30836. Ticket closed with owner sign-off.,Firewall
ALT000328,Kaveri Power Holdings,low,2026-06-06 15:12:51,2026-06-06 20:36:43,no,Analysed PCAP sample; payload matched benign monitoring agent heartbeat. Root cause documented in case notes.,Firewall
ALT000785,Arcadia Defence Systems,low,2026-03-11 23:46:10,2026-03-12 02:31:33,no,Documented as benign positive; rule threshold adjusted after peer review. Ticket closed with owner sign-off.,IoT Device
ALT003373,Jupiter Aviation Control,medium,2026-02-09 03:47:07,2026-02-09 06:40:53,no,Reviewed source IP 10.3.117.139 against internal threat intel; no IOC match. Closed as benign positive.,Endpoint
ALT000562,Nilgiri Water Authority,low,2026-06-18 12:40:26,2026-06-18 16:08:05,yes,Reviewed source IP 10.45.97.42 against internal threat intel; no IOC match. No further action required.,Cloud Workload
ALT003231,Indus Financial Services,low,2026-06-29 22:46:12,,no,Reviewed EDR telemetry timeline; parent process traced to legitimate installer.,Database
ALT000731,Arcadia Defence Systems,low,2026-05-16 07:52:49,2026-05-16 11:16:32,no,"Checked DNS query history; domain registered 400+ days ago, low risk profile. No further action required.",Identity Provider
ALT004544,Pennar Cement Industries,medium,2026-04-12 20:04:55,2026-04-13 00:30:03,no,Queried SIEM for related events across 24h window; no corroborating activity found. Root cause documented in case notes.,IoT Device
ALT002030,Apex Power Grid Ltd,low,2026-05-15 01:36:29,2026-05-15 04:04:28,yes,Analysed PCAP sample; payload matched benign monitoring agent heartbeat. Ticket closed with owner sign-off.,Firewall
ALT004039,Malabar Gas Pipelines,low,2026-02-06 03:58:59,2026-02-06 06:27:39,no,Blocked source 10.1.72.170 at perimeter firewall pending further investigation. Ticket closed with owner sign-off.,Server
ALT002102,Bharat Telecom Networks,low,2026-04-28 05:55:14,2026-04-28 10:51:52,no,Confirmed geolocation anomaly caused by corporate VPN egress node change. No further action required.,Endpoint
ALT002136,Bharat Telecom Networks,low,2026-04-15 04:05:57,2026-04-15 09:39:49,yes,Confirmed geolocation anomaly caused by corporate VPN egress node change.,Server
ALT002760,Godavari Chemicals,high,2026-02-07 07:35:19,2026-02-07 10:55:58,no,Cross-referenced with change management ticket CHG-82872; scheduled maintenance window. No further action required.,Database
ALT002130,Bharat Telecom Networks,low,2026-06-21 22:40:30,2026-06-22 04:08:31,yes,Reset credentials for dnair as precaution; no evidence of compromise. Monitoring continued for 48 hours.,Database
ALT003511,Krishna Port Authority,medium,2026-06-25 11:31:28,2026-06-25 16:54:07,no,Traced outbound connection to approved vendor endpoint; verified against allowlist. Handed to IR team for deeper review.,Server
ALT002083,Bharat Telecom Networks,medium,2026-06-15 09:28:58,2026-06-15 12:26:02,no,Compared hash against VirusTotal offline signature set; no detections. Monitoring continued for 48 hours.,Database
ALT003383,Jupiter Aviation Control,low,2026-04-24 09:38:11,2026-04-24 12:22:52,no,Cross-referenced with change management ticket CHG-50275; scheduled maintenance window. Root cause documented in case notes.,Database
ALT003894,Malabar Gas Pipelines,medium,2026-01-26 11:27:45,2026-01-26 16:21:02,no,Validated certificate chain; expired intermediate replaced by infrastructure team. Closed as benign positive.,Server
ALT003431,Jupiter Aviation Control,low,2026-04-30 08:25:50,2026-04-30 10:27:39,no,Confirmed geolocation anomaly caused by corporate VPN egress node change. No further action required.,Cloud Workload
ALT004201,Narmada Steel Works,low,2026-03-02 13:50:01,2026-03-02 16:37:54,yes,Correlated with authentication logs for user kiyer; prior successful VPN session confirmed. No further action required.,Endpoint
ALT000485,Kaveri Power Holdings,critical,2026-01-24 04:27:28,2026-01-24 04:31:02,yes,Blocked source 10.24.236.160 at perimeter firewall pending further investigation. No further action required.,IoT Device
ALT004618,Pennar Cement Industries,critical,2026-02-08 07:27:38,2026-02-08 13:17:57,yes,Blocked source 10.32.209.158 at perimeter firewall pending further investigation. Closed as benign positive.,Server
ALT000625,Nilgiri Water Authority,medium,2026-06-09 02:09:29,2026-06-09 06:29:26,no,Compared hash against VirusTotal offline signature set; no detections.,Cloud Workload
ALT002038,Apex Power Grid Ltd,low,2026-06-08 09:29:27,2026-06-08 13:03:09,no,Matched pattern against known false-positive rule FP-44892; tuning request raised. Monitoring continued for 48 hours.,IoT Device
ALT004393,Orissa Mining Federation,high,2026-06-24 14:36:43,2026-06-24 19:18:38,no,Coordinated with network team; ACL change on HOST-1854 explains traffic shift. Added to suppression list after approval.,Cloud Workload
ALT000891,Arcadia Defence Systems,medium,2026-01-09 23:32:20,2026-01-10 05:15:45,yes,"Checked DNS query history; domain registered 400+ days ago, low risk profile. Ticket closed with owner sign-off.",Identity Provider
ALT001027,Arcadia Defence Systems,low,2026-06-20 06:10:21,2026-06-20 09:44:05,no,Reviewed privileged access logs; elevation was approved under ticket REQ-38853. Handed to IR team for deeper review.,Server
ALT003266,Jupiter Aviation Control,medium,2026-03-15 15:03:46,2026-03-15 18:06:29,yes,Correlated with authentication logs for user mfernandes; prior successful VPN session confirmed. Handed to IR team for deeper review.,Firewall
ALT001410,Arcadia Defence Systems,low,2026-01-14 00:36:36,2026-01-14 06:25:12,no,Traced outbound connection to approved vendor endpoint; verified against allowlist. No further action required.,Identity Provider
ALT003601,Krishna Port Authority,low,2026-03-22 08:38:24,2026-03-22 12:17:53,no,Validated certificate chain; expired intermediate replaced by infrastructure team. No further action required.,IoT Device
ALT002845,Godavari Chemicals,low,2026-03-20 13:01:47,2026-03-20 17:39:24,yes,Sandbox detonation of attachment returned no malicious behaviour. Closed as benign positive.,Database
ALT001737,Deccan Health Network,medium,2026-02-11 13:34:16,2026-02-11 16:42:26,no,closed,Database
ALT001731,Deccan Health Network,low,2026-06-14 19:01:00,2026-06-14 23:02:42,no,Blocked source 10.40.193.177 at perimeter firewall pending further investigation. Ticket closed with owner sign-off.,IoT Device
ALT002819,Godavari Chemicals,medium,2026-01-02 13:32:32,2026-01-02 17:18:04,no,Traced outbound connection to approved vendor endpoint; verified against allowlist. Monitoring continued for 48 hours.,Firewall
ALT000848,Arcadia Defence Systems,low,2026-05-20 00:22:08,2026-05-20 05:18:01,no,Analysed PCAP sample; payload matched benign monitoring agent heartbeat. Root cause documented in case notes.,Database
ALT001403,Arcadia Defence Systems,low,2026-03-31 04:25:11,2026-03-31 09:53:38,no,"Checked DNS query history; domain registered 400+ days ago, low risk profile. Root cause documented in case notes.",Server
ALT003597,Krishna Port Authority,low,2026-01-27 08:08:54,2026-01-27 10:26:18,no,"Checked DNS query history; domain registered 400+ days ago, low risk profile.",Cloud Workload
ALT001632,Konkan Maritime Ltd,medium,2026-02-18 20:41:51,2026-02-19 05:08:48,no,Confirmed with asset owner that HOST-6507 was undergoing patch deployment. Root cause documented in case notes.,Cloud Workload
ALT001945,Apex Power Grid Ltd,low,2026-04-25 13:20:35,2026-04-25 17:21:09,no,Correlated with authentication logs for user nrao; prior successful VPN session confirmed. Added to suppression list after approval.,Endpoint
ALT001406,Arcadia Defence Systems,high,2026-05-20 05:04:10,2026-05-20 07:09:44,no,Sandbox detonation of attachment returned no malicious behaviour. Added to suppression list after approval.,Network Device
ALT004305,Orissa Mining Federation,low,2026-02-07 22:10:23,2026-02-08 02:31:08,no,Analysed PCAP sample; payload matched benign monitoring agent heartbeat. Added to suppression list after approval.,Cloud Workload
ALT000907,Arcadia Defence Systems,low,2026-05-08 00:59:52,2026-05-08 05:40:56,no,Compared hash against VirusTotal offline signature set; no detections.,Firewall
ALT001221,Arcadia Defence Systems,critical,2026-05-08 10:42:17,2026-05-08 16:01:20,yes,Verified backup job schedule; traffic volume consistent with nightly replication. Closed as benign positive.,Database
ALT003645,Krishna Port Authority,low,2026-06-13 18:21:45,2026-06-13 20:51:13,no,Reviewed privileged access logs; elevation was approved under ticket REQ-99008.,Firewall
ALT000609,Nilgiri Water Authority,low,2026-03-21 05:04:57,2026-03-21 10:17:26,no,Analysed PCAP sample; payload matched benign monitoring agent heartbeat. Added to suppression list after approval.,Cloud Workload
ALT002853,Godavari Chemicals,low,2026-04-13 21:43:19,2026-04-14 03:21:28,no,Sandbox detonation of attachment returned no malicious behaviour. No further action required.,Identity Provider
ALT004528,Pennar Cement Industries,low,2026-01-22 01:27:39,2026-01-22 05:21:00,no,Reviewed privileged access logs; elevation was approved under ticket REQ-34767. Monitoring continued for 48 hours.,Database
ALT002860,Godavari Chemicals,low,2026-02-13 19:43:09,2026-02-13 21:51:43,no,Verified backup job schedule; traffic volume consistent with nightly replication. Added to suppression list after approval.,Network Device
ALT001773,Deccan Health Network,low,2026-03-13 08:30:35,2026-03-13 13:39:13,no,"checked, ok",Firewall
ALT003482,Krishna Port Authority,low,2026-02-20 11:18:06,2026-02-20 17:13:28,no,Validated certificate chain; expired intermediate replaced by infrastructure team. Handed to IR team for deeper review.,IoT Device
ALT002960,Himalayan Healthcare Network,high,2026-01-31 10:34:24,2026-01-31 13:20:06,yes,Confirmed geolocation anomaly caused by corporate VPN egress node change. Root cause documented in case notes.,Network Device
ALT004374,Orissa Mining Federation,low,2026-06-25 00:55:52,2026-06-25 06:14:28,yes,Confirmed geolocation anomaly caused by corporate VPN egress node change. Handed to IR team for deeper review.,Firewall
ALT000005,Meridian Trust Bank,critical,2026-01-01 04:58:54,2026-01-01 05:03:05,no,"checked, ok",Cloud Workload
ALT000295,Kaveri Power Holdings,medium,2026-06-18 11:42:30,2026-06-18 15:49:22,no,Analysed PCAP sample; payload matched benign monitoring agent heartbeat. Monitoring continued for 48 hours.,Network Device
ALT004632,Pennar Cement Industries,medium,2026-03-16 23:18:50,2026-03-17 04:27:49,no,Blocked source 10.12.132.178 at perimeter firewall pending further investigation. Root cause documented in case notes.,Database
ALT004053,Malabar Gas Pipelines,medium,2026-01-12 13:15:21,2026-01-12 15:41:46,no,Verified backup job schedule; traffic volume consistent with nightly replication. No further action required.,Cloud Workload
ALT003504,Krishna Port Authority,low,2026-06-11 06:14:40,2026-06-11 09:46:21,no,Identified misconfigured scanner generating repeat alerts; owner notified.,Cloud Workload
ALT004666,Pennar Cement Industries,medium,2026-05-28 09:45:47,2026-05-28 14:13:05,no,Escalated to L2 after confirming lateral movement indicators on HOST-9207. Monitoring continued for 48 hours.,Firewall
ALT002774,Godavari Chemicals,low,2026-06-26 11:01:36,2026-06-26 13:32:31,no,Traced outbound connection to approved vendor endpoint; verified against allowlist. Handed to IR team for deeper review.,Cloud Workload
ALT002288,Cauvery Logistics Corp,high,2026-01-25 03:35:04,2026-01-25 09:18:51,no,Identified misconfigured scanner generating repeat alerts; owner notified. Monitoring continued for 48 hours.,Network Device
ALT002391,Cauvery Logistics Corp,low,2026-02-23 14:42:11,2026-02-23 19:01:33,no,Identified misconfigured scanner generating repeat alerts; owner notified. Root cause documented in case notes.,Cloud Workload
ALT004047,Malabar Gas Pipelines,low,2026-05-12 10:12:51,2026-05-12 13:32:46,yes,Validated certificate chain; expired intermediate replaced by infrastructure team. Root cause documented in case notes.,Network Device
ALT003070,Himalayan Healthcare Network,medium,2026-02-13 00:57:20,2026-02-13 06:12:29,no,"Checked DNS query history; domain registered 400+ days ago, low risk profile. No further action required.",Server
ALT000743,Arcadia Defence Systems,low,2026-03-05 15:25:00,2026-03-05 19:56:23,no,Reset credentials for rkumar as precaution; no evidence of compromise. Added to suppression list after approval.,Cloud Workload
ALT003695,Lakshmi Insurance Group,medium,2026-03-20 23:19:39,2026-03-21 01:21:29,no,Matched pattern against known false-positive rule FP-83495; tuning request raised. Ticket closed with owner sign-off.,IoT Device
ALT000327,Kaveri Power Holdings,low,2026-06-09 09:39:48,2026-06-09 12:13:14,no,Confirmed with asset owner that HOST-5328 was undergoing patch deployment. Handed to IR team for deeper review.,Firewall
ALT003770,Lakshmi Insurance Group,medium,2026-06-10 01:11:38,2026-06-10 07:04:05,no,Correlated with authentication logs for user kiyer; prior successful VPN session confirmed. Handed to IR team for deeper review.,Server
ALT002639,Eastern Grid Utility,medium,2026-01-30 11:27:29,2026-01-30 14:47:41,no,Cross-referenced with change management ticket CHG-30556; scheduled maintenance window. Closed as benign positive.,IoT Device
ALT003611,Krishna Port Authority,high,2026-02-09 22:54:23,2026-02-10 01:20:22,no,Escalated to L2 after confirming lateral movement indicators on HOST-3092. No further action required.,Endpoint
ALT000696,Nilgiri Water Authority,low,2026-05-10 07:42:13,2026-05-10 12:22:45,no,Confirmed geolocation anomaly caused by corporate VPN egress node change. Root cause documented in case notes.,Server
ALT000782,Arcadia Defence Systems,medium,2026-01-31 17:54:27,2026-01-31 23:32:35,no,Correlated with authentication logs for user dnair; prior successful VPN session confirmed.,IoT Device
ALT000722,Arcadia Defence Systems,low,2026-04-27 23:33:31,2026-04-28 03:05:02,no,Isolated endpoint HOST-9798 for forensic triage; full disk scan returned clean. Handed to IR team for deeper review.,IoT Device
ALT002047,Apex Power Grid Ltd,high,2026-05-23 13:27:13,2026-05-23 18:56:52,no,Validated certificate chain; expired intermediate replaced by infrastructure team. Handed to IR team for deeper review.,Cloud Workload
ALT000586,Nilgiri Water Authority,medium,2026-02-20 20:01:55,2026-02-20 22:05:41,yes,Reviewed EDR telemetry timeline; parent process traced to legitimate installer. Monitoring continued for 48 hours.,Cloud Workload
ALT002856,Godavari Chemicals,high,2026-06-17 08:02:09,2026-06-17 10:27:44,no,Coordinated with network team; ACL change on HOST-1350 explains traffic shift. Monitoring continued for 48 hours.,IoT Device
ALT003688,Lakshmi Insurance Group,high,2026-04-27 16:24:33,2026-04-27 19:22:01,no,Correlated with authentication logs for user rkumar; prior successful VPN session confirmed. Monitoring continued for 48 hours.,Network Device
ALT001353,Arcadia Defence Systems,high,2026-03-20 14:43:11,2026-03-20 18:05:11,no,Queried SIEM for related events across 24h window; no corroborating activity found. Handed to IR team for deeper review.,Identity Provider
ALT002775,Godavari Chemicals,low,2026-04-23 22:18:33,2026-04-24 00:32:16,no,Analysed PCAP sample; payload matched benign monitoring agent heartbeat. Root cause documented in case notes.,Firewall
ALT000608,Nilgiri Water Authority,low,2026-05-01 06:08:02,2026-05-01 08:20:34,no,Reviewed source IP 10.25.50.248 against internal threat intel; no IOC match. Monitoring continued for 48 hours.,Cloud Workload
ALT000865,Arcadia Defence Systems,medium,2026-01-12 04:59:12,2026-01-12 08:28:05,no,Ran memory capture on HOST-7549; no injected process artefacts identified. Handed to IR team for deeper review.,IoT Device
ALT000141,Meridian Trust Bank,medium,2026-04-13 23:08:03,2026-04-13 23:09:00,no,n/a,IoT Device
ALT003244,Indus Financial Services,low,2026-03-03 08:06:42,2026-03-03 11:42:22,no,Correlated with authentication logs for user rkumar; prior successful VPN session confirmed.,Identity Provider
ALT003250,Indus Financial Services,low,2026-04-30 18:51:22,,no,Verified backup job schedule; traffic volume consistent with nightly replication. Monitoring continued for 48 hours.,Network Device
ALT003523,Krishna Port Authority,high,2026-01-02 02:34:36,2026-01-02 06:58:20,no,Sandbox detonation of attachment returned no malicious behaviour. No further action required.,Server
ALT001249,Arcadia Defence Systems,low,2026-01-22 04:35:20,2026-01-22 08:06:52,no,Documented as benign positive; rule threshold adjusted after peer review. No further action required.,Firewall
ALT002367,Cauvery Logistics Corp,high,2026-04-03 18:30:42,2026-04-03 23:37:09,no,Identified misconfigured scanner generating repeat alerts; owner notified. Ticket closed with owner sign-off.,Server
ALT002337,Cauvery Logistics Corp,critical,2026-03-14 00:29:28,2026-03-14 06:06:42,yes,Contacted user tgeorge via Teams; confirmed they initiated the session from Mumbai office. Ticket closed with owner sign-off.,Network Device
ALT001536,Konkan Maritime Ltd,low,2026-05-18 00:51:29,2026-05-18 10:53:21,no,Correlated with authentication logs for user nrao; prior successful VPN session confirmed. Added to suppression list after approval.,Server
ALT000100,Meridian Trust Bank,low,2026-01-04 22:18:27,2026-01-04 22:19:53,no,"checked, ok",Network Device
ALT002477,Eastern Grid Utility,low,2026-01-25 13:45:23,2026-01-25 17:00:51,no,Matched pattern against known false-positive rule FP-67730; tuning request raised. No further action required.,Cloud Workload
ALT000455,Kaveri Power Holdings,medium,2026-03-13 19:32:51,2026-03-14 00:52:38,no,reviewed,Endpoint
ALT000984,Arcadia Defence Systems,low,2026-03-08 20:10:21,2026-03-09 01:10:51,no,Documented as benign positive; rule threshold adjusted after peer review. Ticket closed with owner sign-off.,Identity Provider
ALT003714,Lakshmi Insurance Group,high,2026-04-21 11:18:28,2026-04-21 14:25:51,yes,Matched pattern against known false-positive rule FP-94265; tuning request raised. Ticket closed with owner sign-off.,Cloud Workload
ALT000137,Meridian Trust Bank,low,2026-01-31 13:45:16,,no,"checked, ok",Server
ALT004562,Pennar Cement Industries,high,2026-04-25 19:03:48,2026-04-25 23:00:54,no,Validated certificate chain; expired intermediate replaced by infrastructure team. No further action required.,IoT Device
ALT001516,Konkan Maritime Ltd,high,2026-06-18 05:52:33,2026-06-18 16:57:07,yes,Confirmed with asset owner that HOST-5729 was undergoing patch deployment. Added to suppression list after approval.,Server
ALT002487,Eastern Grid Utility,high,2026-06-22 00:52:52,2026-06-22 04:57:59,yes,Compared hash against VirusTotal offline signature set; no detections. Root cause documented in case notes.,Database
ALT001219,Arcadia Defence Systems,low,2026-05-27 08:14:20,2026-05-27 12:54:01,no,Confirmed geolocation anomaly caused by corporate VPN egress node change. Handed to IR team for deeper review.,Cloud Workload
ALT001020,Arcadia Defence Systems,medium,2026-05-01 11:00:03,2026-05-01 16:02:51,no,Blocked source 10.60.190.244 at perimeter firewall pending further investigation. Added to suppression list after approval.,Identity Provider
ALT002562,Eastern Grid Utility,low,2026-05-01 18:20:03,2026-05-01 22:14:58,no,Contacted user schen via Teams; confirmed they initiated the session from Mumbai office. Added to suppression list after approval.,Identity Provider
ALT000606,Nilgiri Water Authority,low,2026-02-21 22:11:56,,no,Coordinated with network team; ACL change on HOST-2887 explains traffic shift. Ticket closed with owner sign-off.,Database
ALT003501,Krishna Port Authority,medium,2026-03-05 02:45:46,2026-03-05 05:19:15,no,Escalated to L2 after confirming lateral movement indicators on HOST-3248. Added to suppression list after approval.,Endpoint
ALT000747,Arcadia Defence Systems,medium,2026-05-19 13:59:10,2026-05-19 16:37:00,no,Confirmed geolocation anomaly caused by corporate VPN egress node change. Ticket closed with owner sign-off.,Cloud Workload
ALT003626,Krishna Port Authority,low,2026-06-20 18:02:15,2026-06-20 22:35:27,yes,Blocked source 10.41.25.226 at perimeter firewall pending further investigation. Monitoring continued for 48 hours.,Server
ALT003055,Himalayan Healthcare Network,medium,2026-02-16 12:50:42,2026-02-16 15:55:46,no,Compared hash against VirusTotal offline signature set; no detections. Added to suppression list after approval.,IoT Device
ALT001217,Arcadia Defence Systems,low,2026-03-14 02:19:39,2026-03-14 05:18:57,no,Reset credentials for bshah as precaution; no evidence of compromise.,Firewall
ALT001319,Arcadia Defence Systems,medium,2026-04-24 05:49:53,2026-04-24 07:51:22,no,Traced outbound connection to approved vendor endpoint; verified against allowlist. Monitoring continued for 48 hours.,Network Device
ALT002911,Himalayan Healthcare Network,low,2026-04-22 20:50:34,2026-04-22 23:55:59,no,Matched pattern against known false-positive rule FP-19108; tuning request raised. Handed to IR team for deeper review.,Server
ALT002783,Godavari Chemicals,critical,2026-04-23 01:46:20,2026-04-23 05:20:57,yes,Correlated with authentication logs for user rkumar; prior successful VPN session confirmed. Root cause documented in case notes.,Server
ALT001281,Arcadia Defence Systems,low,2026-03-04 05:05:23,2026-03-04 09:58:41,no,Blocked source 10.7.18.171 at perimeter firewall pending further investigation.,Firewall
ALT000780,Arcadia Defence Systems,medium,2026-05-09 09:39:06,2026-05-09 12:33:21,no,Contacted user schen via Teams; confirmed they initiated the session from Mumbai office.,Database
ALT003408,Jupiter Aviation Control,high,2026-01-25 23:52:35,2026-01-26 03:12:37,no,Cross-referenced with change management ticket CHG-11838; scheduled maintenance window. Monitoring continued for 48 hours.,Server
ALT001776,Deccan Health Network,high,2026-06-02 05:30:41,2026-06-02 10:51:33,no,closed,Firewall
ALT003492,Krishna Port Authority,low,2026-03-25 06:14:32,2026-03-25 08:23:02,no,Reset credentials for tgeorge as precaution; no evidence of compromise. Monitoring continued for 48 hours.,Firewall
ALT000954,Arcadia Defence Systems,medium,2026-01-14 22:19:19,2026-01-15 03:36:33,yes,,Database
ALT003785,Lakshmi Insurance Group,medium,2026-01-08 11:55:49,2026-01-08 13:56:03,no,Ran memory capture on HOST-5433; no injected process artefacts identified. No further action required.,Endpoint
ALT002580,Eastern Grid Utility,medium,2026-03-18 15:13:39,2026-03-18 20:28:53,no,Ran memory capture on HOST-9982; no injected process artefacts identified. No further action required.,Identity Provider
ALT000797,Arcadia Defence Systems,low,2026-02-03 20:50:42,2026-02-04 00:43:53,yes,Identified misconfigured scanner generating repeat alerts; owner notified. Added to suppression list after approval.,Server
ALT003406,Jupiter Aviation Control,critical,2026-01-02 06:07:33,2026-01-02 11:46:47,yes,Matched pattern against known false-positive rule FP-57967; tuning request raised. Ticket closed with owner sign-off.,Database
ALT002858,Godavari Chemicals,low,2026-01-27 22:29:39,2026-01-28 02:10:05,no,Confirmed geolocation anomaly caused by corporate VPN egress node change. Closed as benign positive.,Firewall
ALT003949,Malabar Gas Pipelines,low,2026-06-05 21:34:19,2026-06-06 00:15:22,no,Analysed PCAP sample; payload matched benign monitoring agent heartbeat.,Server
ALT004608,Pennar Cement Industries,low,2026-05-22 14:31:27,2026-05-22 19:25:54,yes,Sandbox detonation of attachment returned no malicious behaviour. Handed to IR team for deeper review.,Firewall
ALT002188,Bharat Telecom Networks,low,2026-04-25 16:22:23,2026-04-25 21:33:47,no,Isolated endpoint HOST-3452 for forensic triage; full disk scan returned clean. Ticket closed with owner sign-off.,Endpoint
ALT004235,Narmada Steel Works,low,2026-02-12 12:36:45,2026-02-12 18:03:36,no,Blocked source 10.31.74.64 at perimeter firewall pending further investigation. Ticket closed with owner sign-off.,Server
ALT004527,Pennar Cement Industries,low,2026-06-16 09:02:41,2026-06-16 12:38:46,no,Verified backup job schedule; traffic volume consistent with nightly replication. Ticket closed with owner sign-off.,Database
ALT002602,Eastern Grid Utility,medium,2026-06-29 06:36:18,2026-06-29 09:51:47,no,Ran memory capture on HOST-9820; no injected process artefacts identified. Handed to IR team for deeper review.,IoT Device
ALT003396,Jupiter Aviation Control,low,2026-04-14 04:13:25,2026-04-14 06:25:31,no,Ran memory capture on HOST-9987; no injected process artefacts identified.,IoT Device
ALT001807,Deccan Health Network,high,2026-03-24 11:32:46,2026-03-24 13:45:01,yes,Verified backup job schedule; traffic volume consistent with nightly replication. Monitoring continued for 48 hours.,Network Device
ALT003347,Jupiter Aviation Control,low,2026-06-11 05:13:44,2026-06-11 08:40:46,no,Blocked source 10.31.156.44 at perimeter firewall pending further investigation. Ticket closed with owner sign-off.,Database
ALT000755,Arcadia Defence Systems,high,2026-05-08 04:36:44,2026-05-08 07:29:43,no,Validated certificate chain; expired intermediate replaced by infrastructure team. Root cause documented in case notes.,Server
ALT003526,Krishna Port Authority,low,2026-01-16 05:59:13,2026-01-16 11:41:29,yes,Confirmed geolocation anomaly caused by corporate VPN egress node change. Handed to IR team for deeper review.,Database
ALT001999,Apex Power Grid Ltd,low,2026-03-31 18:00:32,2026-03-31 22:21:43,no,"Checked DNS query history; domain registered 400+ days ago, low risk profile. No further action required.",Firewall
ALT000061,Meridian Trust Bank,medium,2026-05-13 08:40:10,2026-05-13 08:42:16,no,n/a,IoT Device
ALT001781,Deccan Health Network,medium,2026-05-04 04:56:36,2026-05-04 07:37:37,no,Reset credentials for kiyer as precaution; no evidence of compromise. Root cause documented in case notes.,Endpoint
ALT000896,Arcadia Defence Systems,low,2026-04-01 06:16:00,2026-04-01 10:07:38,no,Matched pattern against known false-positive rule FP-80777; tuning request raised. Added to suppression list after approval.,Identity Provider
ALT003581,Krishna Port Authority,medium,2026-06-20 00:34:07,2026-06-20 02:53:11,no,Ran memory capture on HOST-3348; no injected process artefacts identified. Root cause documented in case notes.,Cloud Workload
ALT002582,Eastern Grid Utility,medium,2026-04-01 00:37:37,2026-04-01 04:59:20,no,Correlated with authentication logs for user mfernandes; prior successful VPN session confirmed. Root cause documented in case notes.,Endpoint
ALT004135,Narmada Steel Works,low,2026-04-20 14:32:25,2026-04-20 18:37:26,no,Reviewed EDR telemetry timeline; parent process traced to legitimate installer.,Cloud Workload
ALT004029,Malabar Gas Pipelines,low,2026-05-10 13:30:06,2026-05-10 18:05:14,no,Documented as benign positive; rule threshold adjusted after peer review. Ticket closed with owner sign-off.,Cloud Workload
ALT002186,Bharat Telecom Networks,medium,2026-05-26 10:26:51,2026-05-26 13:14:13,yes,Cross-referenced with change management ticket CHG-96475; scheduled maintenance window.,Cloud Workload
ALT003654,Krishna Port Authority,critical,2026-03-15 08:25:51,2026-03-15 13:04:40,yes,Ran memory capture on HOST-1310; no injected process artefacts identified. Root cause documented in case notes.,Endpoint
ALT002010,Apex Power Grid Ltd,low,2026-03-30 19:00:18,2026-03-30 23:58:41,no,Coordinated with network team; ACL change on HOST-2834 explains traffic shift. Monitoring continued for 48 hours.,Server
ALT003386,Jupiter Aviation Control,medium,2026-04-22 21:21:06,2026-04-23 03:18:27,no,Coordinated with network team; ACL change on HOST-4323 explains traffic shift. Added to suppression list after approval.,Server
ALT003432,Jupiter Aviation Control,medium,2026-03-29 16:55:39,2026-03-29 20:20:38,no,Analysed PCAP sample; payload matched benign monitoring agent heartbeat. No further action required.,Firewall
ALT002839,Godavari Chemicals,critical,2026-03-13 15:59:25,2026-03-13 18:31:28,yes,Cross-referenced with change management ticket CHG-66064; scheduled maintenance window.,Cloud Workload
ALT003524,Krishna Port Authority,critical,2026-01-16 20:12:50,2026-01-17 01:23:32,yes,Contacted user jsmith via Teams; confirmed they initiated the session from Mumbai office.,Database
ALT002362,Cauvery Logistics Corp,low,2026-01-09 03:32:33,,no,Correlated with authentication logs for user apatel; prior successful VPN session confirmed. No further action required.,IoT Device
ALT000495,Kaveri Power Holdings,medium,2026-05-04 11:09:35,2026-05-04 14:40:01,no,"Checked DNS query history; domain registered 400+ days ago, low risk profile. Handed to IR team for deeper review.",IoT Device
ALT002037,Apex Power Grid Ltd,medium,2026-05-11 05:39:58,2026-05-11 08:53:47,no,,Identity Provider
ALT003228,Indus Financial Services,low,2026-06-02 19:33:16,2026-06-02 21:34:39,no,Confirmed geolocation anomaly caused by corporate VPN egress node change. No further action required.,Cloud Workload
ALT003453,Jupiter Aviation Control,low,2026-04-30 03:08:17,2026-04-30 08:57:50,no,Reviewed privileged access logs; elevation was approved under ticket REQ-92865. Added to suppression list after approval.,Endpoint
ALT001122,Arcadia Defence Systems,low,2026-02-19 14:18:16,2026-02-19 18:45:18,no,Escalated to L2 after confirming lateral movement indicators on HOST-8725. Ticket closed with owner sign-off.,Cloud Workload
ALT003176,Indus Financial Services,low,2026-06-24 01:07:51,2026-06-24 04:28:57,no,Contacted user jsmith via Teams; confirmed they initiated the session from Mumbai office. Closed as benign positive.,Cloud Workload
ALT004415,Orissa Mining Federation,medium,2026-05-15 02:07:32,2026-05-15 05:52:36,no,Cross-referenced with change management ticket CHG-50369; scheduled maintenance window. Added to suppression list after approval.,Network Device
ALT002756,Godavari Chemicals,high,2026-01-16 08:51:44,2026-01-16 13:40:17,no,Correlated with authentication logs for user apatel; prior successful VPN session confirmed.,IoT Device
ALT004595,Pennar Cement Industries,low,2026-06-05 15:27:16,2026-06-05 21:02:16,no,Traced outbound connection to approved vendor endpoint; verified against allowlist. No further action required.,Firewall
ALT001443,Arcadia Defence Systems,medium,2026-06-25 15:39:55,2026-06-25 18:20:37,yes,Matched pattern against known false-positive rule FP-41082; tuning request raised. Closed as benign positive.,Cloud Workload
ALT001607,Konkan Maritime Ltd,medium,2026-06-19 02:17:17,2026-06-19 09:30:39,yes,Identified misconfigured scanner generating repeat alerts; owner notified. Added to suppression list after approval.,Server
ALT001823,Deccan Health Network,medium,2026-06-18 15:42:59,2026-06-18 20:00:38,no,"checked, ok",Cloud Workload
ALT003820,Lakshmi Insurance Group,low,2026-04-28 12:08:35,2026-04-28 17:43:49,no,Blocked source 10.23.189.2 at perimeter firewall pending further investigation. No further action required.,Cloud Workload
ALT003079,Indus Financial Services,medium,2026-03-29 09:31:28,2026-03-29 14:18:55,no,Contacted user apatel via Teams; confirmed they initiated the session from Mumbai office. Handed to IR team for deeper review.,Endpoint
ALT002942,Himalayan Healthcare Network,high,2026-03-28 00:08:02,2026-03-28 04:55:38,yes,Confirmed with asset owner that HOST-7232 was undergoing patch deployment.,Database
ALT000673,Nilgiri Water Authority,medium,2026-05-29 17:16:27,2026-05-29 20:14:46,no,Queried SIEM for related events across 24h window; no corroborating activity found. Closed as benign positive.,Network Device
ALT003802,Lakshmi Insurance Group,medium,2026-01-21 19:17:59,2026-01-21 23:15:19,no,Sandbox detonation of attachment returned no malicious behaviour. Monitoring continued for 48 hours.,Server
ALT000938,Arcadia Defence Systems,medium,2026-05-25 01:18:40,2026-05-25 04:50:51,yes,Escalated to L2 after confirming lateral movement indicators on HOST-9928. Ticket closed with owner sign-off.,Network Device
ALT004133,Narmada Steel Works,low,2026-01-11 06:20:45,2026-01-11 09:05:47,no,Analysed PCAP sample; payload matched benign monitoring agent heartbeat. Closed as benign positive.,Identity Provider
ALT000046,Meridian Trust Bank,high,2026-01-26 10:23:27,2026-01-26 10:24:17,no,n/a,Cloud Workload
ALT004040,Malabar Gas Pipelines,low,2026-03-13 14:30:15,2026-03-13 17:38:10,yes,Reviewed source IP 10.10.201.32 against internal threat intel; no IOC match. Closed as benign positive.,Server
ALT000346,Kaveri Power Holdings,low,2026-01-08 19:13:55,2026-01-08 21:53:57,no,Compared hash against VirusTotal offline signature set; no detections. Added to suppression list after approval.,Identity Provider
ALT002121,Bharat Telecom Networks,medium,2026-06-01 13:09:42,2026-06-01 16:29:29,no,Validated certificate chain; expired intermediate replaced by infrastructure team. Added to suppression list after approval.,Endpoint
ALT000185,Meridian Trust Bank,high,2026-06-09 00:58:54,2026-06-09 01:00:12,no,n/a,Server
ALT000621,Nilgiri Water Authority,low,2026-01-13 04:56:11,2026-01-13 09:52:44,no,Ran memory capture on HOST-8552; no injected process artefacts identified. Closed as benign positive.,Endpoint
ALT000435,Kaveri Power Holdings,low,2026-04-03 15:29:41,2026-04-03 19:59:33,no,reviewed,Identity Provider
ALT002575,Eastern Grid Utility,low,2026-05-09 09:34:29,,no,Confirmed geolocation anomaly caused by corporate VPN egress node change. Monitoring continued for 48 hours.,Identity Provider
ALT000812,Arcadia Defence Systems,medium,2026-02-27 11:41:40,2026-02-27 13:51:02,no,Matched pattern against known false-positive rule FP-34597; tuning request raised. Added to suppression list after approval.,Server
ALT003478,Krishna Port Authority,low,2026-03-15 01:37:00,2026-03-15 03:52:25,no,Matched pattern against known false-positive rule FP-36371; tuning request raised. Monitoring continued for 48 hours.,Identity Provider
ALT000241,Meridian Trust Bank,high,2026-01-30 07:26:48,2026-01-30 07:29:01,no,"checked, ok",Identity Provider
ALT001059,Arcadia Defence Systems,low,2026-03-23 08:30:21,2026-03-23 12:31:13,no,Sandbox detonation of attachment returned no malicious behaviour. Monitoring continued for 48 hours.,Endpoint
ALT000969,Arcadia Defence Systems,low,2026-05-18 22:07:26,2026-05-19 00:56:04,no,Contacted user rkumar via Teams; confirmed they initiated the session from Mumbai office. Monitoring continued for 48 hours.,Firewall
ALT000552,Nilgiri Water Authority,low,2026-05-15 01:26:23,2026-05-15 05:08:53,no,Cross-referenced with change management ticket CHG-37206; scheduled maintenance window. Handed to IR team for deeper review.,Server
ALT003932,Malabar Gas Pipelines,low,2026-06-14 10:46:56,2026-06-14 13:52:44,yes,Isolated endpoint HOST-7196 for forensic triage; full disk scan returned clean. Ticket closed with owner sign-off.,Firewall
ALT000208,Meridian Trust Bank,medium,2026-06-28 22:26:35,2026-06-28 22:31:07,no,n/a,Cloud Workload
ALT001283,Arcadia Defence Systems,low,2026-05-04 00:06:03,2026-05-04 02:08:09,no,Sandbox detonation of attachment returned no malicious behaviour. Added to suppression list after approval.,IoT Device
ALT003172,Indus Financial Services,low,2026-01-23 10:15:20,2026-01-23 12:16:48,no,Queried SIEM for related events across 24h window; no corroborating activity found.,Firewall
ALT000513,Kaveri Power Holdings,low,2026-03-04 21:28:08,2026-03-05 00:03:33,no,Verified backup job schedule; traffic volume consistent with nightly replication. Handed to IR team for deeper review.,Database
ALT000153,Meridian Trust Bank,medium,2026-02-16 06:45:04,2026-02-16 06:47:50,no,n/a,Endpoint
ALT000683,Nilgiri Water Authority,medium,2026-01-20 02:40:42,2026-01-20 07:47:35,yes,"Checked DNS query history; domain registered 400+ days ago, low risk profile. Root cause documented in case notes.",IoT Device
ALT000794,Arcadia Defence Systems,medium,2026-02-02 23:57:22,2026-02-03 05:29:24,no,Verified backup job schedule; traffic volume consistent with nightly replication. Closed as benign positive.,IoT Device
ALT004019,Malabar Gas Pipelines,medium,2026-05-26 03:20:45,2026-05-26 07:35:31,no,Reviewed EDR telemetry timeline; parent process traced to legitimate installer. Handed to IR team for deeper review.,Database
ALT001457,Arcadia Defence Systems,low,2026-03-03 07:49:01,2026-03-03 11:01:46,yes,Contacted user tgeorge via Teams; confirmed they initiated the session from Mumbai office. Ticket closed with owner sign-off.,IoT Device
ALT002179,Bharat Telecom Networks,low,2026-02-13 19:18:16,2026-02-14 00:54:09,no,Reviewed source IP 10.16.81.132 against internal threat intel; no IOC match. No further action required.,Network Device
ALT001190,Arcadia Defence Systems,medium,2026-05-15 02:06:37,2026-05-15 04:43:23,no,"Checked DNS query history; domain registered 400+ days ago, low risk profile. No further action required.",Network Device
ALT002433,Cauvery Logistics Corp,low,2026-03-25 05:47:39,2026-03-25 07:50:12,no,Reviewed source IP 10.51.90.250 against internal threat intel; no IOC match. Monitoring continued for 48 hours.,Server
ALT003004,Himalayan Healthcare Network,medium,2026-06-19 10:16:19,2026-06-19 12:56:54,no,Validated certificate chain; expired intermediate replaced by infrastructure team. Added to suppression list after approval.,Network Device
ALT001208,Arcadia Defence Systems,low,2026-05-14 05:27:36,2026-05-14 08:16:23,no,"Checked DNS query history; domain registered 400+ days ago, low risk profile. Root cause documented in case notes.",Endpoint
ALT003691,Lakshmi Insurance Group,low,2026-04-24 18:13:30,2026-04-24 23:45:29,no,,Network Device
ALT004355,Orissa Mining Federation,medium,2026-03-02 12:27:13,2026-03-02 17:40:17,no,Identified misconfigured scanner generating repeat alerts; owner notified. No further action required.,Database
ALT003912,Malabar Gas Pipelines,medium,2026-03-06 04:00:02,2026-03-06 09:22:59,no,Sandbox detonation of attachment returned no malicious behaviour. Closed as benign positive.,Server
ALT002168,Bharat Telecom Networks,critical,2026-03-11 11:58:14,2026-03-11 17:19:44,yes,Queried SIEM for related events across 24h window; no corroborating activity found. Added to suppression list after approval.,Server
ALT001627,Konkan Maritime Ltd,medium,2026-05-29 18:05:07,2026-05-30 01:55:39,no,"Checked DNS query history; domain registered 400+ days ago, low risk profile. Monitoring continued for 48 hours.",Server
ALT001484,Konkan Maritime Ltd,low,2026-04-07 04:48:48,2026-04-07 14:31:21,no,Escalated to L2 after confirming lateral movement indicators on HOST-3034. Closed as benign positive.,Cloud Workload
ALT002431,Cauvery Logistics Corp,low,2026-02-01 10:55:52,2026-02-01 16:34:18,yes,Matched pattern against known false-positive rule FP-17538; tuning request raised.,Identity Provider
ALT001724,Deccan Health Network,low,2026-06-21 17:42:28,2026-06-21 21:16:27,no,Reset credentials for bshah as precaution; no evidence of compromise. Monitoring continued for 48 hours.,Server
ALT001345,Arcadia Defence Systems,high,2026-05-25 07:55:10,2026-05-25 12:48:25,yes,Sandbox detonation of attachment returned no malicious behaviour. Closed as benign positive.,Database
ALT004378,Orissa Mining Federation,high,2026-05-09 10:49:21,2026-05-09 15:34:52,no,Documented as benign positive; rule threshold adjusted after peer review. Root cause documented in case notes.,Identity Provider
ALT003363,Jupiter Aviation Control,medium,2026-05-26 09:25:15,2026-05-26 12:44:32,no,Sandbox detonation of attachment returned no malicious behaviour. Closed as benign positive.,Endpoint
ALT000768,Arcadia Defence Systems,low,2026-02-13 14:37:33,2026-02-13 17:56:58,no,Contacted user bshah via Teams; confirmed they initiated the session from Mumbai office. Monitoring continued for 48 hours.,Endpoint
ALT001229,Arcadia Defence Systems,high,2026-01-06 22:17:34,2026-01-07 03:03:55,no,Reviewed source IP 10.42.88.31 against internal threat intel; no IOC match. Ticket closed with owner sign-off.,Endpoint
ALT001222,Arcadia Defence Systems,high,2026-05-15 20:35:20,2026-05-16 01:22:37,no,Analysed PCAP sample; payload matched benign monitoring agent heartbeat.,Database
ALT003446,Jupiter Aviation Control,medium,2026-02-19 18:40:20,2026-02-19 22:02:35,no,Ran memory capture on HOST-4436; no injected process artefacts identified. Root cause documented in case notes.,Firewall
ALT002318,Cauvery Logistics Corp,low,2026-06-06 08:08:39,2026-06-06 10:55:45,yes,Reset credentials for dnair as precaution; no evidence of compromise. Handed to IR team for deeper review.,Network Device
ALT004034,Malabar Gas Pipelines,high,2026-06-13 14:00:51,2026-06-13 18:27:24,no,Confirmed with asset owner that HOST-1858 was undergoing patch deployment. Ticket closed with owner sign-off.,Network Device
ALT003165,Indus Financial Services,low,2026-04-04 05:30:49,2026-04-04 07:36:10,no,Documented as benign positive; rule threshold adjusted after peer review. Ticket closed with owner sign-off.,IoT Device
ALT003443,Jupiter Aviation Control,low,2026-06-16 19:54:39,2026-06-16 23:59:17,no,Reviewed source IP 10.24.24.103 against internal threat intel; no IOC match. Root cause documented in case notes.,Server
ALT001832,Deccan Health Network,low,2026-02-05 17:06:00,2026-02-05 22:00:41,no,closed,IoT Device
ALT000252,Meridian Trust Bank,high,2026-01-02 11:09:07,2026-01-02 11:11:28,no,n/a,Cloud Workload
ALT003321,Jupiter Aviation Control,low,2026-04-14 13:25:42,2026-04-14 17:02:58,no,Confirmed with asset owner that HOST-8713 was undergoing patch deployment. Closed as benign positive.,Cloud Workload
ALT000694,Nilgiri Water Authority,low,2026-02-27 08:06:43,2026-02-27 10:21:35,no,Reviewed privileged access logs; elevation was approved under ticket REQ-37175. Closed as benign positive.,Network Device
ALT003230,Indus Financial Services,low,2026-04-06 21:32:34,2026-04-07 01:39:48,no,Confirmed with asset owner that HOST-5436 was undergoing patch deployment. Root cause documented in case notes.,IoT Device
ALT000222,Meridian Trust Bank,medium,2026-05-15 10:58:06,2026-05-15 11:01:36,no,"checked, ok",Firewall
ALT002022,Apex Power Grid Ltd,critical,2026-01-02 20:09:43,2026-01-03 01:45:04,no,Identified misconfigured scanner generating repeat alerts; owner notified. Root cause documented in case notes.,Firewall
ALT001292,Arcadia Defence Systems,high,2026-04-02 21:10:12,2026-04-03 02:56:28,yes,Confirmed with asset owner that HOST-4162 was undergoing patch deployment. Closed as benign positive.,Firewall
ALT003112,Indus Financial Services,low,2026-06-09 15:37:50,2026-06-09 18:43:02,no,Coordinated with network team; ACL change on HOST-2349 explains traffic shift. Closed as benign positive.,Database
ALT001036,Arcadia Defence Systems,low,2026-03-31 00:55:50,2026-03-31 04:58:38,no,Correlated with authentication logs for user mfernandes; prior successful VPN session confirmed. Monitoring continued for 48 hours.,IoT Device
ALT004045,Malabar Gas Pipelines,low,2026-01-28 01:34:26,2026-01-28 04:00:46,no,Reviewed EDR telemetry timeline; parent process traced to legitimate installer. Root cause documented in case notes.,Cloud Workload
ALT000660,Nilgiri Water Authority,low,2026-02-15 22:07:18,2026-02-16 00:24:25,no,Correlated with authentication logs for user dnair; prior successful VPN session confirmed. No further action required.,Database
ALT000473,Kaveri Power Holdings,high,2026-03-13 22:43:03,2026-03-13 22:45:01,no,Correlated with authentication logs for user kiyer; prior successful VPN session confirmed. Ticket closed with owner sign-off.,Cloud Workload
ALT002332,Cauvery Logistics Corp,low,2026-05-11 09:43:44,2026-05-11 14:18:32,no,Sandbox detonation of attachment returned no malicious behaviour.,Identity Provider
ALT000682,Nilgiri Water Authority,low,2026-04-23 09:29:36,2026-04-23 13:25:11,no,Cross-referenced with change management ticket CHG-85500; scheduled maintenance window. No further action required.,Firewall
ALT001329,Arcadia Defence Systems,medium,2026-02-18 05:21:15,2026-02-18 09:44:40,no,Matched pattern against known false-positive rule FP-53910; tuning request raised. Root cause documented in case notes.,Network Device
ALT000124,Meridian Trust Bank,critical,2026-02-17 22:00:12,2026-02-17 22:04:42,no,n/a,Endpoint
ALT000864,Arcadia Defence Systems,high,2026-05-18 01:03:48,2026-05-18 06:20:15,no,Traced outbound connection to approved vendor endpoint; verified against allowlist. Ticket closed with owner sign-off.,Firewall
ALT003143,Indus Financial Services,low,2026-01-16 16:35:05,2026-01-16 19:25:47,yes,Validated certificate chain; expired intermediate replaced by infrastructure team. Closed as benign positive.,IoT Device
ALT000428,Kaveri Power Holdings,low,2026-06-15 06:28:08,2026-06-15 12:25:06,no,Correlated with authentication logs for user apatel; prior successful VPN session confirmed. Monitoring continued for 48 hours.,Network Device
ALT004377,Orissa Mining Federation,low,2026-01-23 04:28:32,2026-01-23 07:40:00,no,Traced outbound connection to approved vendor endpoint; verified against allowlist. Added to suppression list after approval.,Firewall
ALT003189,Indus Financial Services,low,2026-06-22 06:39:30,2026-06-22 12:01:53,no,Escalated to L2 after confirming lateral movement indicators on HOST-2032. Ticket closed with owner sign-off.,Cloud Workload
ALT001741,Deccan Health Network,low,2026-03-12 06:24:13,2026-03-12 11:40:19,no,"checked, ok",Server
ALT000410,Kaveri Power Holdings,low,2026-04-20 17:04:17,2026-04-20 22:13:23,no,Compared hash against VirusTotal offline signature set; no detections.,Endpoint
ALT001700,Deccan Health Network,low,2026-04-12 20:43:09,2026-04-12 23:40:12,no,closed,Cloud Workload
ALT003813,Lakshmi Insurance Group,low,2026-03-10 21:57:44,2026-03-11 01:13:13,no,Matched pattern against known false-positive rule FP-54039; tuning request raised.,IoT Device
ALT002612,Eastern Grid Utility,low,2026-05-26 16:40:11,2026-05-26 19:26:50,no,Validated certificate chain; expired intermediate replaced by infrastructure team.,Cloud Workload
ALT003843,Lakshmi Insurance Group,low,2026-05-01 09:23:18,2026-05-01 13:20:04,no,"Checked DNS query history; domain registered 400+ days ago, low risk profile. Monitoring continued for 48 hours.",Identity Provider
ALT001648,Konkan Maritime Ltd,medium,2026-06-12 04:15:20,2026-06-12 15:02:56,no,Identified misconfigured scanner generating repeat alerts; owner notified. Monitoring continued for 48 hours.,Server
ALT000312,Kaveri Power Holdings,high,2026-01-07 03:38:39,2026-01-07 06:05:11,no,Isolated endpoint HOST-8268 for forensic triage; full disk scan returned clean. Root cause documented in case notes.,Server
ALT003730,Lakshmi Insurance Group,medium,2026-04-27 13:29:57,2026-04-27 16:45:38,no,Confirmed geolocation anomaly caused by corporate VPN egress node change. Root cause documented in case notes.,IoT Device
ALT001954,Apex Power Grid Ltd,medium,2026-03-15 10:09:19,2026-03-15 14:58:53,no,Reviewed source IP 10.45.75.228 against internal threat intel; no IOC match. Closed as benign positive.,Cloud Workload
ALT002027,Apex Power Grid Ltd,high,2026-05-03 16:41:08,2026-05-03 22:22:23,yes,Identified misconfigured scanner generating repeat alerts; owner notified. No further action required.,Endpoint
ALT003693,Lakshmi Insurance Group,low,2026-06-29 14:46:37,2026-06-29 18:06:15,no,Ran memory capture on HOST-1483; no injected process artefacts identified. Root cause documented in case notes.,Endpoint
ALT004589,Pennar Cement Industries,medium,2026-02-09 21:26:40,2026-02-09 23:39:45,no,Sandbox detonation of attachment returned no malicious behaviour. Added to suppression list after approval.,Firewall
ALT003897,Malabar Gas Pipelines,low,2026-04-16 10:38:02,2026-04-16 14:15:01,no,Validated certificate chain; expired intermediate replaced by infrastructure team. Monitoring continued for 48 hours.,Server
ALT003986,Malabar Gas Pipelines,low,2026-05-19 06:40:13,2026-05-19 10:22:45,no,Ran memory capture on HOST-9851; no injected process artefacts identified. No further action required.,Server
ALT001658,Konkan Maritime Ltd,medium,2026-03-12 22:51:25,2026-03-13 08:27:23,yes,Confirmed with asset owner that HOST-4003 was undergoing patch deployment. No further action required.,Cloud Workload
ALT003239,Indus Financial Services,medium,2026-05-02 07:42:49,2026-05-02 10:30:37,no,Reviewed source IP 10.11.111.158 against internal threat intel; no IOC match. Monitoring continued for 48 hours.,Network Device
ALT002513,Eastern Grid Utility,medium,2026-03-20 15:01:01,2026-03-20 20:18:01,yes,Confirmed geolocation anomaly caused by corporate VPN egress node change. Handed to IR team for deeper review.,Cloud Workload
ALT000933,Arcadia Defence Systems,low,2026-02-23 07:30:57,2026-02-23 09:45:58,no,Analysed PCAP sample; payload matched benign monitoring agent heartbeat.,IoT Device
ALT003856,Lakshmi Insurance Group,high,2026-01-19 21:11:37,2026-01-19 23:24:41,no,,Firewall
ALT003803,Lakshmi Insurance Group,low,2026-03-22 03:37:07,2026-03-22 08:19:04,no,Documented as benign positive; rule threshold adjusted after peer review. Closed as benign positive.,IoT Device
ALT000659,Nilgiri Water Authority,low,2026-04-06 07:18:17,2026-04-06 09:44:16,yes,Reviewed source IP 10.17.126.122 against internal threat intel; no IOC match. Added to suppression list after approval.,Identity Provider
ALT002123,Bharat Telecom Networks,medium,2026-03-04 13:29:26,2026-03-04 16:46:23,no,Escalated to L2 after confirming lateral movement indicators on HOST-3636. Added to suppression list after approval.,Endpoint
ALT000733,Arcadia Defence Systems,medium,2026-05-25 18:46:00,2026-05-25 22:56:33,no,Contacted user dnair via Teams; confirmed they initiated the session from Mumbai office. Monitoring continued for 48 hours.,Firewall
ALT002454,Cauvery Logistics Corp,medium,2026-06-27 15:53:18,2026-06-27 18:00:44,no,Cross-referenced with change management ticket CHG-43183; scheduled maintenance window. Handed to IR team for deeper review.,Database
ALT002497,Eastern Grid Utility,low,2026-02-25 02:06:36,2026-02-25 04:11:53,yes,Reviewed EDR telemetry timeline; parent process traced to legitimate installer. Added to suppression list after approval.,Server
ALT003720,Lakshmi Insurance Group,medium,2026-01-16 03:01:48,2026-01-16 07:59:27,no,Escalated to L2 after confirming lateral movement indicators on HOST-1019.,Cloud Workload
ALT002066,Bharat Telecom Networks,low,2026-03-30 17:59:44,2026-03-30 20:52:50,no,Verified backup job schedule; traffic volume consistent with nightly replication. Root cause documented in case notes.,IoT Device
ALT001451,Arcadia Defence Systems,low,2026-02-09 13:10:31,2026-02-09 15:21:29,no,,Identity Provider
ALT001260,Arcadia Defence Systems,medium,2026-01-28 17:48:49,2026-01-28 22:53:31,no,Ran memory capture on HOST-7420; no injected process artefacts identified. Root cause documented in case notes.,Endpoint
ALT003097,Indus Financial Services,medium,2026-03-29 23:35:02,2026-03-30 01:59:57,no,Matched pattern against known false-positive rule FP-51301; tuning request raised. Root cause documented in case notes.,IoT Device
ALT000919,Arcadia Defence Systems,low,2026-03-07 02:53:19,2026-03-07 05:07:37,no,Traced outbound connection to approved vendor endpoint; verified against allowlist. Added to suppression list after approval.,Identity Provider
ALT001139,Arcadia Defence Systems,high,2026-02-07 17:13:45,2026-02-07 21:09:23,no,Coordinated with network team; ACL change on HOST-1509 explains traffic shift. Monitoring continued for 48 hours.,Cloud Workload
ALT000712,Arcadia Defence Systems,medium,2026-03-18 10:14:25,2026-03-18 14:32:21,no,Reviewed EDR telemetry timeline; parent process traced to legitimate installer.,IoT Device
ALT003080,Indus Financial Services,high,2026-05-27 03:10:58,2026-05-27 05:45:16,yes,Documented as benign positive; rule threshold adjusted after peer review. Root cause documented in case notes.,IoT Device
ALT000534,Saraswati Rail Network,low,2026-04-20 19:39:37,2026-04-20 22:50:33,no,Reviewed source IP 10.10.26.31 against internal threat intel; no IOC match. No further action required.,Server
ALT004309,Orissa Mining Federation,medium,2026-05-01 17:55:32,2026-05-01 22:02:54,yes,,Identity Provider
ALT003464,Jupiter Aviation Control,high,2026-01-27 07:10:03,2026-01-27 10:40:31,no,Blocked source 10.30.23.1 at perimeter firewall pending further investigation. Handed to IR team for deeper review.,Server
ALT003032,Himalayan Healthcare Network,low,2026-03-08 15:46:02,2026-03-08 21:19:46,yes,Contacted user apatel via Teams; confirmed they initiated the session from Mumbai office. Handed to IR team for deeper review.,Endpoint
ALT000008,Meridian Trust Bank,high,2026-01-10 21:35:24,2026-01-10 21:37:38,no,n/a,Cloud Workload
ALT003888,Malabar Gas Pipelines,medium,2026-06-20 04:42:40,2026-06-20 07:26:55,no,Documented as benign positive; rule threshold adjusted after peer review.,Identity Provider
ALT002737,Godavari Chemicals,high,2026-04-22 01:31:42,2026-04-22 07:05:12,no,Matched pattern against known false-positive rule FP-67233; tuning request raised.,Endpoint
ALT003013,Himalayan Healthcare Network,medium,2026-02-06 13:40:58,2026-02-06 16:11:46,no,Queried SIEM for related events across 24h window; no corroborating activity found. Root cause documented in case notes.,Server
ALT000887,Arcadia Defence Systems,low,2026-05-22 07:52:04,2026-05-22 09:58:56,no,Reviewed privileged access logs; elevation was approved under ticket REQ-73863. Monitoring continued for 48 hours.,Server
ALT002250,Bharat Telecom Networks,low,2026-04-07 15:20:43,2026-04-07 18:49:29,no,Reviewed source IP 10.16.163.225 against internal threat intel; no IOC match. Closed as benign positive.,Database
ALT002817,Godavari Chemicals,medium,2026-02-25 15:21:41,2026-02-25 18:03:43,no,Reviewed EDR telemetry timeline; parent process traced to legitimate installer. Monitoring continued for 48 hours.,Firewall
ALT004468,Orissa Mining Federation,high,2026-03-05 17:33:19,2026-03-05 19:53:14,yes,Reviewed privileged access logs; elevation was approved under ticket REQ-74019. Added to suppression list after approval.,IoT Device
ALT000911,Arcadia Defence Systems,low,2026-06-26 06:05:35,2026-06-26 08:55:12,no,Contacted user nrao via Teams; confirmed they initiated the session from Mumbai office. Monitoring continued for 48 hours.,Identity Provider
ALT004652,Pennar Cement Industries,medium,2026-05-29 01:03:33,2026-05-29 06:04:50,no,Isolated endpoint HOST-6543 for forensic triage; full disk scan returned clean. No further action required.,Cloud Workload
ALT001993,Apex Power Grid Ltd,medium,2026-02-08 12:40:56,2026-02-08 17:50:14,no,Analysed PCAP sample; payload matched benign monitoring agent heartbeat. Closed as benign positive.,Identity Provider
ALT001000,Arcadia Defence Systems,medium,2026-06-04 15:16:53,2026-06-04 18:22:26,no,Reviewed privileged access logs; elevation was approved under ticket REQ-86879. Monitoring continued for 48 hours.,Network Device
ALT001756,Deccan Health Network,low,2026-03-17 15:27:21,,no,"checked, ok",Network Device
ALT002986,Himalayan Healthcare Network,low,2026-03-05 10:25:59,2026-03-05 12:59:20,yes,Cross-referenced with change management ticket CHG-73467; scheduled maintenance window.,Cloud Workload
ALT003668,Krishna Port Authority,low,2026-03-03 18:14:40,2026-03-03 21:44:25,no,Analysed PCAP sample; payload matched benign monitoring agent heartbeat. Monitoring continued for 48 hours.,Server
ALT003923,Malabar Gas Pipelines,medium,2026-06-10 21:43:13,2026-06-11 00:48:57,no,Sandbox detonation of attachment returned no malicious behaviour.,IoT Device
ALT004347,Orissa Mining Federation,low,2026-06-18 15:09:46,2026-06-18 18:44:20,no,Confirmed with asset owner that HOST-5932 was undergoing patch deployment. Added to suppression list after approval.,Network Device
ALT003479,Krishna Port Authority,low,2026-05-20 12:05:44,2026-05-20 14:07:19,no,Documented as benign positive; rule threshold adjusted after peer review. Ticket closed with owner sign-off.,Firewall
ALT001016,Arcadia Defence Systems,critical,2026-06-23 10:27:59,2026-06-23 14:00:42,yes,Analysed PCAP sample; payload matched benign monitoring agent heartbeat. Ticket closed with owner sign-off.,Cloud Workload
ALT003372,Jupiter Aviation Control,low,2026-03-29 09:43:53,2026-03-29 14:20:16,no,Cross-referenced with change management ticket CHG-78986; scheduled maintenance window. No further action required.,Cloud Workload
ALT003019,Himalayan Healthcare Network,high,2026-05-05 20:38:51,2026-05-05 22:50:10,yes,Blocked source 10.57.100.39 at perimeter firewall pending further investigation. Handed to IR team for deeper review.,Firewall
ALT001955,Apex Power Grid Ltd,low,2026-06-21 06:36:03,2026-06-21 09:34:16,no,Contacted user jsmith via Teams; confirmed they initiated the session from Mumbai office. Ticket closed with owner sign-off.,Network Device
ALT002983,Himalayan Healthcare Network,low,2026-06-11 14:02:35,2026-06-11 17:24:13,no,Analysed PCAP sample; payload matched benign monitoring agent heartbeat. Closed as benign positive.,Firewall
ALT001384,Arcadia Defence Systems,low,2026-01-22 07:16:01,2026-01-22 11:00:37,no,Validated certificate chain; expired intermediate replaced by infrastructure team. Closed as benign positive.,Endpoint
ALT000266,Meridian Trust Bank,low,2026-04-30 05:53:15,2026-04-30 05:55:44,no,n/a,Identity Provider
ALT003649,Krishna Port Authority,low,2026-06-11 14:26:10,2026-06-11 18:24:44,no,Sandbox detonation of attachment returned no malicious behaviour. Ticket closed with owner sign-off.,Database
ALT000527,Saraswati Rail Network,medium,2026-03-25 00:54:32,2026-03-25 03:33:49,no,Reviewed source IP 10.33.180.189 against internal threat intel; no IOC match. Added to suppression list after approval.,Server
ALT001278,Arcadia Defence Systems,low,2026-02-28 09:42:46,2026-02-28 15:00:57,yes,Escalated to L2 after confirming lateral movement indicators on HOST-8456. Closed as benign positive.,Network Device
ALT003430,Jupiter Aviation Control,low,2026-02-07 14:41:29,2026-02-07 19:45:59,no,Reset credentials for tgeorge as precaution; no evidence of compromise. Closed as benign positive.,Firewall
ALT004055,Malabar Gas Pipelines,medium,2026-03-15 14:27:47,2026-03-15 20:15:14,no,Compared hash against VirusTotal offline signature set; no detections. Root cause documented in case notes.,IoT Device
ALT002944,Himalayan Healthcare Network,critical,2026-04-12 14:14:48,2026-04-12 19:19:48,no,Coordinated with network team; ACL change on HOST-7508 explains traffic shift.,Network Device
ALT003933,Malabar Gas Pipelines,low,2026-01-04 19:11:20,2026-01-04 21:47:04,no,Identified misconfigured scanner generating repeat alerts; owner notified. Root cause documented in case notes.,Database
ALT003557,Krishna Port Authority,medium,2026-01-27 22:05:41,2026-01-28 01:14:43,no,Sandbox detonation of attachment returned no malicious behaviour. Closed as benign positive.,IoT Device
ALT000989,Arcadia Defence Systems,low,2026-05-18 14:59:39,2026-05-18 17:59:43,yes,Documented as benign positive; rule threshold adjusted after peer review. Root cause documented in case notes.,Cloud Workload
ALT000365,Kaveri Power Holdings,high,2026-04-18 10:32:51,2026-04-18 10:33:57,no,n/a,IoT Device
ALT003977,Malabar Gas Pipelines,low,2026-04-28 18:40:43,2026-04-28 21:55:50,no,Escalated to L2 after confirming lateral movement indicators on HOST-8449. Ticket closed with owner sign-off.,Firewall
ALT000932,Arcadia Defence Systems,high,2026-01-13 22:53:50,2026-01-14 01:52:34,no,Escalated to L2 after confirming lateral movement indicators on HOST-7756. Ticket closed with owner sign-off.,Endpoint
ALT004159,Narmada Steel Works,medium,2026-02-18 23:26:46,2026-02-19 05:08:09,no,Validated certificate chain; expired intermediate replaced by infrastructure team. Added to suppression list after approval.,Firewall
ALT002436,Cauvery Logistics Corp,medium,2026-01-13 06:20:35,2026-01-13 08:54:58,no,Queried SIEM for related events across 24h window; no corroborating activity found. Handed to IR team for deeper review.,Network Device
ALT001130,Arcadia Defence Systems,critical,2026-01-26 14:38:54,2026-01-26 19:14:52,no,Isolated endpoint HOST-5170 for forensic triage; full disk scan returned clean. Monitoring continued for 48 hours.,IoT Device
ALT001908,Apex Power Grid Ltd,medium,2026-02-28 09:35:13,2026-02-28 15:32:17,no,Traced outbound connection to approved vendor endpoint; verified against allowlist. Handed to IR team for deeper review.,Network Device
ALT000108,Meridian Trust Bank,low,2026-05-03 06:02:48,2026-05-03 06:05:01,no,"checked, ok",IoT Device
ALT001501,Konkan Maritime Ltd,critical,2026-05-26 10:33:11,2026-05-26 18:45:03,yes,Correlated with authentication logs for user apatel; prior successful VPN session confirmed. Ticket closed with owner sign-off.,Server
ALT000121,Meridian Trust Bank,high,2026-02-08 02:22:54,2026-02-08 02:26:42,no,n/a,Database
ALT004605,Pennar Cement Industries,low,2026-05-31 07:56:51,2026-05-31 12:18:39,no,Reviewed source IP 10.17.142.127 against internal threat intel; no IOC match. Handed to IR team for deeper review.,Network Device
ALT001206,Arcadia Defence Systems,critical,2026-04-27 02:55:42,,yes,Matched pattern against known false-positive rule FP-61727; tuning request raised. Added to suppression list after approval.,Server
ALT004245,Narmada Steel Works,high,2026-01-16 17:55:47,2026-01-16 21:51:38,yes,Correlated with authentication logs for user schen; prior successful VPN session confirmed. No further action required.,Identity Provider
ALT004173,Narmada Steel Works,low,2026-04-26 19:59:58,2026-04-26 22:35:58,no,,Database
ALT001556,Konkan Maritime Ltd,medium,2026-04-17 12:13:06,2026-04-18 00:24:08,no,"Checked DNS query history; domain registered 400+ days ago, low risk profile.",Server
ALT003022,Himalayan Healthcare Network,medium,2026-03-06 23:46:45,2026-03-07 04:56:29,no,Reset credentials for rkumar as precaution; no evidence of compromise. Monitoring continued for 48 hours.,Server
ALT000273,Meridian Trust Bank,medium,2026-03-22 14:44:22,2026-03-22 14:45:13,no,n/a,Firewall
ALT002600,Eastern Grid Utility,low,2026-03-05 14:58:27,2026-03-05 20:57:00,no,Reviewed privileged access logs; elevation was approved under ticket REQ-75083. Handed to IR team for deeper review.,Database
ALT004210,Narmada Steel Works,low,2026-05-31 15:28:44,2026-05-31 19:20:10,no,,Firewall
ALT003293,Jupiter Aviation Control,high,2026-03-20 10:14:23,2026-03-20 12:25:52,no,Documented as benign positive; rule threshold adjusted after peer review. Root cause documented in case notes.,Firewall
ALT001956,Apex Power Grid Ltd,low,2026-06-16 23:05:35,2026-06-17 03:31:55,no,Reviewed EDR telemetry timeline; parent process traced to legitimate installer. Root cause documented in case notes.,Cloud Workload
ALT000515,Kaveri Power Holdings,low,2026-04-21 06:36:11,2026-04-21 09:16:45,no,Blocked source 10.45.158.27 at perimeter firewall pending further investigation.,Firewall
ALT003715,Lakshmi Insurance Group,high,2026-02-17 00:10:16,2026-02-17 02:25:34,no,Correlated with authentication logs for user kiyer; prior successful VPN session confirmed. Added to suppression list after approval.,Cloud Workload
ALT003470,Krishna Port Authority,low,2026-05-30 00:41:38,2026-05-30 03:56:01,no,Isolated endpoint HOST-1774 for forensic triage; full disk scan returned clean. Ticket closed with owner sign-off.,IoT Device
ALT001715,Deccan Health Network,medium,2026-02-06 16:08:29,2026-02-06 19:50:50,no,Sandbox detonation of attachment returned no malicious behaviour.,Identity Provider
ALT003617,Krishna Port Authority,medium,2026-02-09 10:30:24,2026-02-09 13:39:22,no,Analysed PCAP sample; payload matched benign monitoring agent heartbeat. Ticket closed with owner sign-off.,IoT Device
ALT002071,Bharat Telecom Networks,low,2026-03-17 21:24:59,2026-03-17 23:53:30,yes,Traced outbound connection to approved vendor endpoint; verified against allowlist. Handed to IR team for deeper review.,Database
ALT002827,Godavari Chemicals,low,2026-04-02 13:51:33,2026-04-02 18:48:40,no,Correlated with authentication logs for user kiyer; prior successful VPN session confirmed.,Cloud Workload
ALT001653,Konkan Maritime Ltd,low,2026-05-28 12:51:41,2026-05-28 21:39:59,no,Confirmed geolocation anomaly caused by corporate VPN egress node change. No further action required.,Server
ALT003139,Indus Financial Services,low,2026-02-11 01:10:26,,yes,Cross-referenced with change management ticket CHG-28295; scheduled maintenance window. Closed as benign positive.,Database
ALT001225,Arcadia Defence Systems,medium,2026-04-08 02:00:08,2026-04-08 04:31:02,no,Coordinated with network team; ACL change on HOST-5400 explains traffic shift. Handed to IR team for deeper review.,Identity Provider
ALT002996,Himalayan Healthcare Network,medium,2026-05-27 09:11:14,2026-05-27 14:40:34,no,Reviewed source IP 10.13.188.143 against internal threat intel; no IOC match. Root cause documented in case notes.,IoT Device
ALT004498,Pennar Cement Industries,critical,2026-03-25 00:20:13,2026-03-25 04:06:56,no,Escalated to L2 after confirming lateral movement indicators on HOST-7006. Monitoring continued for 48 hours.,IoT Device
ALT000347,Kaveri Power Holdings,critical,2026-05-11 09:41:29,2026-05-11 09:46:12,yes,reviewed,Network Device
ALT000272,Meridian Trust Bank,high,2026-03-27 14:47:27,2026-03-27 14:50:49,no,n/a,Identity Provider
ALT002543,Eastern Grid Utility,low,2026-04-10 04:44:23,,no,Analysed PCAP sample; payload matched benign monitoring agent heartbeat. Root cause documented in case notes.,Server
ALT001269,Arcadia Defence Systems,low,2026-06-06 20:52:24,2026-06-06 23:50:00,no,Confirmed geolocation anomaly caused by corporate VPN egress node change. Handed to IR team for deeper review.,Database
ALT000399,Kaveri Power Holdings,low,2026-01-20 22:49:51,,no,Identified misconfigured scanner generating repeat alerts; owner notified. Ticket closed with owner sign-off.,IoT Device
ALT001631,Konkan Maritime Ltd,high,2026-06-08 23:32:34,2026-06-09 09:58:48,yes,Documented as benign positive; rule threshold adjusted after peer review. Root cause documented in case notes.,Server
ALT002167,Bharat Telecom Networks,low,2026-01-15 19:00:21,2026-01-16 00:31:09,yes,Analysed PCAP sample; payload matched benign monitoring agent heartbeat.,Network Device
ALT002418,Cauvery Logistics Corp,low,2026-01-12 09:09:58,2026-01-12 11:31:49,no,Ran memory capture on HOST-3627; no injected process artefacts identified. No further action required.,Firewall
ALT000914,Arcadia Defence Systems,low,2026-03-18 20:22:15,2026-03-18 23:19:42,no,Traced outbound connection to approved vendor endpoint; verified against allowlist. Ticket closed with owner sign-off.,Firewall
ALT004020,Malabar Gas Pipelines,low,2026-06-21 21:02:15,2026-06-22 00:35:23,no,Traced outbound connection to approved vendor endpoint; verified against allowlist. Ticket closed with owner sign-off.,Cloud Workload
ALT003153,Indus Financial Services,low,2026-01-16 10:41:33,2026-01-16 15:21:29,no,Reset credentials for kiyer as precaution; no evidence of compromise. Monitoring continued for 48 hours.,IoT Device
ALT001265,Arcadia Defence Systems,low,2026-04-20 12:47:52,2026-04-20 16:25:59,yes,Validated certificate chain; expired intermediate replaced by infrastructure team. Ticket closed with owner sign-off.,Cloud Workload
ALT000622,Nilgiri Water Authority,low,2026-03-07 04:40:43,2026-03-07 08:08:28,no,,Server
ALT001183,Arcadia Defence Systems,high,2026-05-22 19:12:05,2026-05-22 22:05:55,no,Documented as benign positive; rule threshold adjusted after peer review. Monitoring continued for 48 hours.,Firewall
ALT003487,Krishna Port Authority,low,2026-04-12 08:26:21,2026-04-12 13:11:31,yes,Escalated to L2 after confirming lateral movement indicators on HOST-7560.,Identity Provider
ALT002245,Bharat Telecom Networks,low,2026-05-18 23:30:51,2026-05-19 04:55:45,no,Compared hash against VirusTotal offline signature set; no detections. No further action required.,Database
ALT001355,Arcadia Defence Systems,high,2026-02-17 05:24:29,2026-02-17 10:07:54,yes,Validated certificate chain; expired intermediate replaced by infrastructure team. Ticket closed with owner sign-off.,Firewall
ALT003158,Indus Financial Services,medium,2026-02-08 12:09:30,2026-02-08 18:05:28,no,Reviewed EDR telemetry timeline; parent process traced to legitimate installer. Handed to IR team for deeper review.,IoT Device
ALT003132,Indus Financial Services,low,2026-04-05 05:30:11,2026-04-05 08:49:38,no,Documented as benign positive; rule threshold adjusted after peer review. Closed as benign positive.,Cloud Workload
ALT000656,Nilgiri Water Authority,medium,2026-05-17 16:26:19,2026-05-17 22:11:07,no,Blocked source 10.47.243.35 at perimeter firewall pending further investigation.,Database
ALT002361,Cauvery Logistics Corp,low,2026-04-20 02:29:12,2026-04-20 08:16:34,no,Matched pattern against known false-positive rule FP-79729; tuning request raised. No further action required.,Network Device
ALT002699,Godavari Chemicals,medium,2026-02-20 13:46:09,2026-02-20 18:52:44,no,Isolated endpoint HOST-2212 for forensic triage; full disk scan returned clean. Closed as benign positive.,Cloud Workload
ALT002317,Cauvery Logistics Corp,low,2026-02-28 20:06:04,2026-03-01 00:03:17,yes,Cross-referenced with change management ticket CHG-94193; scheduled maintenance window. Monitoring continued for 48 hours.,Firewall
ALT002298,Cauvery Logistics Corp,low,2026-01-20 22:23:19,2026-01-21 02:18:51,no,,Database
ALT000827,Arcadia Defence Systems,low,2026-04-06 17:59:40,2026-04-06 21:25:54,no,Reset credentials for kiyer as precaution; no evidence of compromise.,IoT Device
ALT002265,Bharat Telecom Networks,low,2026-06-18 14:52:02,2026-06-18 19:20:21,no,Documented as benign positive; rule threshold adjusted after peer review. No further action required.,Server
ALT001600,Konkan Maritime Ltd,high,2026-04-29 19:49:55,2026-04-30 07:55:32,yes,Validated certificate chain; expired intermediate replaced by infrastructure team.,Server
ALT000140,Meridian Trust Bank,low,2026-03-07 08:27:11,2026-03-07 08:29:21,no,n/a,Cloud Workload
ALT001642,Konkan Maritime Ltd,medium,2026-03-20 01:36:43,2026-03-20 10:50:01,no,Queried SIEM for related events across 24h window; no corroborating activity found. Monitoring continued for 48 hours.,Server
ALT004520,Pennar Cement Industries,critical,2026-03-06 18:30:01,2026-03-07 00:22:23,no,Queried SIEM for related events across 24h window; no corroborating activity found. No further action required.,Network Device
ALT002569,Eastern Grid Utility,medium,2026-01-13 06:00:30,,yes,Verified backup job schedule; traffic volume consistent with nightly replication. Root cause documented in case notes.,Cloud Workload
ALT003882,Malabar Gas Pipelines,low,2026-06-03 15:58:42,2026-06-03 20:32:30,no,Ran memory capture on HOST-1708; no injected process artefacts identified. Added to suppression list after approval.,Identity Provider
ALT002511,Eastern Grid Utility,low,2026-06-12 03:38:34,2026-06-12 06:42:21,no,Identified misconfigured scanner generating repeat alerts; owner notified. No further action required.,Endpoint
ALT002035,Apex Power Grid Ltd,low,2026-05-02 12:18:26,2026-05-02 16:18:56,no,Coordinated with network team; ACL change on HOST-7719 explains traffic shift. Closed as benign positive.,Endpoint
ALT003222,Indus Financial Services,low,2026-05-28 19:18:58,2026-05-28 23:09:53,no,Traced outbound connection to approved vendor endpoint; verified against allowlist. Root cause documented in case notes.,IoT Device
ALT003528,Krishna Port Authority,low,2026-01-17 23:59:48,2026-01-18 03:18:50,no,Compared hash against VirusTotal offline signature set; no detections. Added to suppression list after approval.,Database
ALT000594,Nilgiri Water Authority,low,2026-03-18 00:16:03,2026-03-18 03:20:07,no,Validated certificate chain; expired intermediate replaced by infrastructure team. Ticket closed with owner sign-off.,Cloud Workload
ALT001704,Deccan Health Network,high,2026-05-29 15:30:39,2026-05-29 15:35:06,no,closed,Endpoint
ALT000143,Meridian Trust Bank,critical,2026-01-09 11:12:14,2026-01-09 11:15:17,no,n/a,Server
ALT003704,Lakshmi Insurance Group,critical,2026-01-25 05:59:39,2026-01-25 09:24:33,yes,Confirmed geolocation anomaly caused by corporate VPN egress node change. Closed as benign positive.,Network Device
ALT001730,Deccan Health Network,medium,2026-06-30 17:38:31,2026-06-30 22:13:42,no,Reviewed source IP 10.33.158.46 against internal threat intel; no IOC match. Root cause documented in case notes.,IoT Device
ALT004236,Narmada Steel Works,low,2026-06-11 02:22:30,2026-06-11 05:41:27,no,Isolated endpoint HOST-2839 for forensic triage; full disk scan returned clean. Monitoring continued for 48 hours.,Cloud Workload
ALT002181,Bharat Telecom Networks,low,2026-05-21 10:07:08,2026-05-21 14:14:36,no,Cross-referenced with change management ticket CHG-13787; scheduled maintenance window. Root cause documented in case notes.,Network Device
ALT004070,Malabar Gas Pipelines,critical,2026-04-18 01:08:15,2026-04-18 06:37:22,yes,Matched pattern against known false-positive rule FP-40261; tuning request raised. No further action required.,Database
ALT002566,Eastern Grid Utility,high,2026-03-11 21:23:32,2026-03-11 23:24:19,no,Reviewed source IP 10.38.18.95 against internal threat intel; no IOC match. Root cause documented in case notes.,Endpoint
ALT003980,Malabar Gas Pipelines,low,2026-02-22 06:58:21,2026-02-22 11:11:57,no,Validated certificate chain; expired intermediate replaced by infrastructure team. No further action required.,Database
ALT002940,Himalayan Healthcare Network,medium,2026-03-16 16:59:57,2026-03-16 20:13:06,no,Matched pattern against known false-positive rule FP-32136; tuning request raised. Monitoring continued for 48 hours.,Server
ALT003254,Indus Financial Services,low,2026-04-01 02:08:58,2026-04-01 06:17:18,no,Documented as benign positive; rule threshold adjusted after peer review. Monitoring continued for 48 hours.,Firewall
ALT000899,Arcadia Defence Systems,low,2026-05-22 10:36:10,2026-05-22 15:27:09,no,Identified misconfigured scanner generating repeat alerts; owner notified. Added to suppression list after approval.,Database
ALT000315,Kaveri Power Holdings,low,2026-03-09 06:20:29,2026-03-09 09:18:14,no,n/a,Network Device
ALT000356,Kaveri Power Holdings,medium,2026-05-10 08:00:56,,no,n/a,Cloud Workload
ALT003537,Krishna Port Authority,low,2026-04-14 12:14:22,2026-04-14 16:00:49,no,,Endpoint
ALT003966,Malabar Gas Pipelines,high,2026-06-14 10:59:36,2026-06-14 15:51:32,yes,Ran memory capture on HOST-1345; no injected process artefacts identified. Root cause documented in case notes.,Identity Provider
ALT003655,Krishna Port Authority,low,2026-01-28 15:56:02,2026-01-28 20:27:06,no,Queried SIEM for related events across 24h window; no corroborating activity found. Monitoring continued for 48 hours.,Network Device
ALT004567,Pennar Cement Industries,critical,2026-02-22 23:11:03,2026-02-23 03:53:45,yes,Reviewed EDR telemetry timeline; parent process traced to legitimate installer. Closed as benign positive.,Database
ALT000033,Meridian Trust Bank,low,2026-01-29 17:00:21,2026-01-29 17:01:50,no,n/a,IoT Device
ALT001205,Arcadia Defence Systems,medium,2026-06-10 03:37:52,2026-06-10 07:23:10,no,Coordinated with network team; ACL change on HOST-5593 explains traffic shift. Added to suppression list after approval.,Server
ALT003823,Lakshmi Insurance Group,low,2026-05-30 11:41:01,2026-05-30 16:29:18,no,Identified misconfigured scanner generating repeat alerts; owner notified. No further action required.,Server
ALT002698,Godavari Chemicals,medium,2026-03-24 04:18:46,2026-03-24 08:55:22,no,Matched pattern against known false-positive rule FP-39490; tuning request raised. Ticket closed with owner sign-off.,Server
ALT003117,Indus Financial Services,low,2026-04-29 10:51:05,2026-04-29 14:12:53,no,Escalated to L2 after confirming lateral movement indicators on HOST-4395. Closed as benign positive.,Cloud Workload
ALT000203,Meridian Trust Bank,high,2026-05-18 08:15:04,2026-05-18 08:19:24,no,"checked, ok",Identity Provider
ALT001794,Deccan Health Network,low,2026-06-23 12:45:01,2026-06-23 17:48:48,no,"checked, ok",Endpoint
ALT001177,Arcadia Defence Systems,medium,2026-03-18 20:05:36,2026-03-18 23:24:19,no,Reviewed source IP 10.8.159.82 against internal threat intel; no IOC match. Added to suppression list after approval.,Identity Provider
ALT001362,Arcadia Defence Systems,high,2026-05-19 00:40:47,2026-05-19 04:43:00,yes,Queried SIEM for related events across 24h window; no corroborating activity found. Handed to IR team for deeper review.,Identity Provider
ALT003710,Lakshmi Insurance Group,medium,2026-05-09 03:08:42,2026-05-09 05:35:06,yes,Matched pattern against known false-positive rule FP-46541; tuning request raised. Monitoring continued for 48 hours.,IoT Device
ALT003736,Lakshmi Insurance Group,low,2026-02-28 07:17:06,2026-02-28 10:47:51,no,Correlated with authentication logs for user dnair; prior successful VPN session confirmed. Handed to IR team for deeper review.,Cloud Workload
ALT002072,Bharat Telecom Networks,medium,2026-05-29 12:58:29,2026-05-29 15:29:55,no,Contacted user dnair via Teams; confirmed they initiated the session from Mumbai office. No further action required.,Firewall
ALT002997,Himalayan Healthcare Network,high,2026-01-11 11:33:05,2026-01-11 15:50:33,no,,Endpoint
ALT001077,Arcadia Defence Systems,medium,2026-05-11 05:46:50,2026-05-11 11:10:18,no,,Server
ALT000721,Arcadia Defence Systems,medium,2026-03-01 02:51:59,,no,Cross-referenced with change management ticket CHG-35358; scheduled maintenance window. Monitoring continued for 48 hours.,Network Device
ALT003116,Indus Financial Services,low,2026-05-26 14:36:11,2026-05-26 18:48:12,yes,Reset credentials for apatel as precaution; no evidence of compromise. Added to suppression list after approval.,Endpoint
ALT003261,Indus Financial Services,critical,2026-03-18 22:34:36,2026-03-19 02:20:39,yes,Confirmed geolocation anomaly caused by corporate VPN egress node change. Closed as benign positive.,Server
ALT000074,Meridian Trust Bank,high,2026-06-30 22:53:28,2026-06-30 22:57:32,yes,"checked, ok",IoT Device
ALT001971,Apex Power Grid Ltd,low,2026-03-01 21:30:57,2026-03-02 00:24:42,no,Reset credentials for tgeorge as precaution; no evidence of compromise. Ticket closed with owner sign-off.,Network Device
ALT001289,Arcadia Defence Systems,medium,2026-05-11 23:26:50,2026-05-12 02:24:11,no,Identified misconfigured scanner generating repeat alerts; owner notified. Monitoring continued for 48 hours.,Cloud Workload
ALT004269,Orissa Mining Federation,medium,2026-03-02 13:30:55,2026-03-02 17:02:02,no,Identified misconfigured scanner generating repeat alerts; owner notified. Monitoring continued for 48 hours.,Server
ALT000647,Nilgiri Water Authority,medium,2026-04-09 13:16:07,2026-04-09 18:33:36,no,Identified misconfigured scanner generating repeat alerts; owner notified. Root cause documented in case notes.,Identity Provider
ALT000250,Meridian Trust Bank,low,2026-01-02 12:32:10,2026-01-02 12:34:04,no,"checked, ok",Firewall
ALT002649,Eastern Grid Utility,low,2026-01-28 04:16:46,2026-01-28 06:44:04,no,Reviewed source IP 10.2.55.68 against internal threat intel; no IOC match. Monitoring continued for 48 hours.,Cloud Workload
ALT000134,Meridian Trust Bank,medium,2026-02-15 21:50:30,2026-02-15 21:51:26,no,"checked, ok",Network Device
ALT000793,Arcadia Defence Systems,low,2026-04-08 18:00:20,2026-04-08 22:14:20,no,Reviewed source IP 10.6.177.85 against internal threat intel; no IOC match. Added to suppression list after approval.,Server
ALT000298,Kaveri Power Holdings,medium,2026-05-20 23:01:58,2026-05-21 03:00:11,no,Correlated with authentication logs for user bshah; prior successful VPN session confirmed. Added to suppression list after approval.,Cloud Workload
ALT003892,Malabar Gas Pipelines,low,2026-06-14 13:37:26,2026-06-14 18:14:47,no,Coordinated with network team; ACL change on HOST-1910 explains traffic shift. Added to suppression list after approval.,Database
ALT003681,Krishna Port Authority,low,2026-05-05 18:20:32,2026-05-05 21:23:31,no,Reviewed privileged access logs; elevation was approved under ticket REQ-26180. Handed to IR team for deeper review.,IoT Device
ALT004537,Pennar Cement Industries,low,2026-01-01 19:37:40,2026-01-02 00:25:35,no,Documented as benign positive; rule threshold adjusted after peer review. Added to suppression list after approval.,Identity Provider
ALT000918,Arcadia Defence Systems,low,2026-03-25 08:24:06,2026-03-25 13:20:58,no,Identified misconfigured scanner generating repeat alerts; owner notified. Added to suppression list after approval.,Firewall
ALT000049,Meridian Trust Bank,critical,2026-01-21 23:50:39,2026-01-21 23:51:24,yes,n/a,IoT Device
ALT002376,Cauvery Logistics Corp,medium,2026-06-20 07:52:42,2026-06-20 10:37:32,no,Contacted user nrao via Teams; confirmed they initiated the session from Mumbai office. No further action required.,IoT Device
ALT002661,Eastern Grid Utility,high,2026-03-29 16:22:39,2026-03-29 19:55:28,no,"Checked DNS query history; domain registered 400+ days ago, low risk profile. No further action required.",Network Device
ALT003413,Jupiter Aviation Control,medium,2026-03-06 22:05:48,2026-03-07 00:52:02,no,Confirmed geolocation anomaly caused by corporate VPN egress node change. Monitoring continued for 48 hours.,Firewall
ALT004174,Narmada Steel Works,high,2026-02-01 15:59:37,,no,Contacted user kiyer via Teams; confirmed they initiated the session from Mumbai office.,Identity Provider
ALT000917,Arcadia Defence Systems,low,2026-05-11 16:47:15,2026-05-11 19:15:39,yes,,Cloud Workload
ALT001185,Arcadia Defence Systems,high,2026-04-08 17:14:30,2026-04-08 19:38:53,yes,Reviewed privileged access logs; elevation was approved under ticket REQ-15447. No further action required.,IoT Device
ALT002907,Himalayan Healthcare Network,low,2026-03-16 11:57:36,2026-03-16 14:52:04,no,Matched pattern against known false-positive rule FP-38325; tuning request raised. Handed to IR team for deeper review.,Database
ALT001804,Deccan Health Network,low,2026-02-09 11:42:46,2026-02-09 15:32:33,no,closed,Server
ALT003197,Indus Financial Services,low,2026-03-02 15:54:48,,no,Confirmed geolocation anomaly caused by corporate VPN egress node change. Added to suppression list after approval.,Database
ALT004358,Orissa Mining Federation,critical,2026-04-15 06:09:27,2026-04-15 10:14:02,yes,"Checked DNS query history; domain registered 400+ days ago, low risk profile. Handed to IR team for deeper review.",Firewall
ALT002449,Cauvery Logistics Corp,medium,2026-05-13 18:15:06,2026-05-13 22:33:44,no,Documented as benign positive; rule threshold adjusted after peer review. Closed as benign positive.,Firewall
ALT004489,Pennar Cement Industries,medium,2026-02-07 02:02:10,2026-02-07 07:00:25,no,Cross-referenced with change management ticket CHG-66959; scheduled maintenance window.,Network Device
ALT003407,Jupiter Aviation Control,high,2026-04-06 15:57:52,2026-04-06 19:57:20,no,Escalated to L2 after confirming lateral movement indicators on HOST-1197. Monitoring continued for 48 hours.,Firewall
ALT003594,Krishna Port Authority,low,2026-05-07 12:03:12,2026-05-07 14:27:37,no,Coordinated with network team; ACL change on HOST-5332 explains traffic shift. Root cause documented in case notes.,Database
ALT000925,Arcadia Defence Systems,low,2026-02-12 19:08:44,2026-02-12 21:39:21,no,"Checked DNS query history; domain registered 400+ days ago, low risk profile. No further action required.",Server
ALT001128,Arcadia Defence Systems,low,2026-01-14 01:43:57,2026-01-14 05:17:29,yes,Compared hash against VirusTotal offline signature set; no detections. Ticket closed with owner sign-off.,Network Device
ALT002976,Himalayan Healthcare Network,low,2026-05-15 01:01:28,2026-05-15 06:26:24,no,Reset credentials for nrao as precaution; no evidence of compromise. Ticket closed with owner sign-off.,IoT Device
ALT000433,Kaveri Power Holdings,low,2026-01-28 17:29:31,2026-01-28 22:12:42,no,Queried SIEM for related events across 24h window; no corroborating activity found. Root cause documented in case notes.,Endpoint
ALT004432,Orissa Mining Federation,medium,2026-05-29 03:18:14,2026-05-29 05:45:28,no,Correlated with authentication logs for user apatel; prior successful VPN session confirmed. Ticket closed with owner sign-off.,Server
ALT004035,Malabar Gas Pipelines,critical,2026-04-23 22:17:25,2026-04-24 02:21:00,yes,Escalated to L2 after confirming lateral movement indicators on HOST-3928. Ticket closed with owner sign-off.,IoT Device
ALT004553,Pennar Cement Industries,low,2026-01-18 20:12:04,2026-01-19 01:56:23,no,Compared hash against VirusTotal offline signature set; no detections.,Server
ALT004389,Orissa Mining Federation,low,2026-01-23 08:23:28,2026-01-23 14:13:19,no,"Checked DNS query history; domain registered 400+ days ago, low risk profile. Monitoring continued for 48 hours.",Database
ALT000197,Meridian Trust Bank,medium,2026-06-17 19:31:53,2026-06-17 19:33:02,no,"checked, ok",Server
ALT000971,Arcadia Defence Systems,low,2026-04-12 07:22:11,2026-04-12 09:32:47,no,Queried SIEM for related events across 24h window; no corroborating activity found. Root cause documented in case notes.,Firewall
ALT001315,Arcadia Defence Systems,low,2026-02-06 23:54:26,2026-02-07 03:22:31,no,Validated certificate chain; expired intermediate replaced by infrastructure team. Ticket closed with owner sign-off.,Firewall
ALT001585,Konkan Maritime Ltd,medium,2026-02-08 21:11:32,2026-02-09 08:54:19,yes,,Cloud Workload
ALT001046,Arcadia Defence Systems,medium,2026-06-02 21:13:04,2026-06-03 03:04:10,no,Matched pattern against known false-positive rule FP-15580; tuning request raised. Handed to IR team for deeper review.,Identity Provider
ALT000255,Meridian Trust Bank,medium,2026-01-08 17:30:42,2026-01-08 17:32:11,no,"checked, ok",Database
ALT001886,Apex Power Grid Ltd,high,2026-04-06 08:13:37,2026-04-06 13:27:38,yes,"Checked DNS query history; domain registered 400+ days ago, low risk profile. Ticket closed with owner sign-off.",Database
ALT000973,Arcadia Defence Systems,low,2026-06-18 00:47:49,2026-06-18 03:22:38,no,Blocked source 10.24.232.199 at perimeter firewall pending further investigation. Root cause documented in case notes.,IoT Device
ALT001135,Arcadia Defence Systems,medium,2026-06-03 14:07:53,2026-06-03 19:30:35,no,Sandbox detonation of attachment returned no malicious behaviour.,Network Device
ALT001865,Deccan Health Network,low,2026-06-21 11:10:15,2026-06-21 13:35:27,no,Isolated endpoint HOST-6281 for forensic triage; full disk scan returned clean. Monitoring continued for 48 hours.,Cloud Workload
ALT000596,Nilgiri Water Authority,low,2026-04-27 00:49:24,2026-04-27 02:52:42,no,Confirmed geolocation anomaly caused by corporate VPN egress node change.,Database
ALT004517,Pennar Cement Industries,medium,2026-01-18 23:49:35,2026-01-19 03:15:00,yes,Isolated endpoint HOST-2774 for forensic triage; full disk scan returned clean. Closed as benign positive.,Server
ALT001433,Arcadia Defence Systems,low,2026-06-09 21:52:11,,no,Reviewed EDR telemetry timeline; parent process traced to legitimate installer. Handed to IR team for deeper review.,Server
ALT002482,Eastern Grid Utility,critical,2026-06-17 15:47:40,2026-06-17 20:29:42,no,Escalated to L2 after confirming lateral movement indicators on HOST-6691. Monitoring continued for 48 hours.,Endpoint
ALT002142,Bharat Telecom Networks,medium,2026-06-09 14:26:55,2026-06-09 17:08:49,no,Reviewed EDR telemetry timeline; parent process traced to legitimate installer. Added to suppression list after approval.,Database
ALT001141,Arcadia Defence Systems,low,2026-03-12 15:04:12,,no,Cross-referenced with change management ticket CHG-67556; scheduled maintenance window. Closed as benign positive.,Firewall
ALT000001,Meridian Trust Bank,high,2026-04-09 09:52:30,2026-04-09 09:54:24,no,"checked, ok",Network Device
ALT002385,Cauvery Logistics Corp,low,2026-01-01 14:07:42,2026-01-01 18:13:43,no,,Identity Provider
ALT002383,Cauvery Logistics Corp,medium,2026-02-16 04:35:29,2026-02-16 06:41:52,no,Cross-referenced with change management ticket CHG-30450; scheduled maintenance window. Root cause documented in case notes.,Database
ALT003777,Lakshmi Insurance Group,medium,2026-06-22 09:22:19,2026-06-22 15:15:13,no,Isolated endpoint HOST-4549 for forensic triage; full disk scan returned clean. Ticket closed with owner sign-off.,Server
ALT002943,Himalayan Healthcare Network,medium,2026-01-21 14:06:49,2026-01-21 17:16:20,no,Escalated to L2 after confirming lateral movement indicators on HOST-1890.,Endpoint
ALT002974,Himalayan Healthcare Network,low,2026-02-01 04:42:14,2026-02-01 09:48:50,no,Reviewed EDR telemetry timeline; parent process traced to legitimate installer. Closed as benign positive.,Database
ALT002329,Cauvery Logistics Corp,medium,2026-05-25 17:09:00,2026-05-25 21:14:14,no,Confirmed geolocation anomaly caused by corporate VPN egress node change.,Server
ALT003940,Malabar Gas Pipelines,medium,2026-01-03 12:47:25,2026-01-03 17:57:27,no,Validated certificate chain; expired intermediate replaced by infrastructure team. Handed to IR team for deeper review.,Endpoint
ALT001519,Konkan Maritime Ltd,low,2026-04-21 17:01:37,2026-04-22 00:43:02,yes,Coordinated with network team; ACL change on HOST-9564 explains traffic shift. Closed as benign positive.,Identity Provider
ALT002962,Himalayan Healthcare Network,low,2026-03-16 09:10:22,2026-03-16 13:00:59,no,Reviewed privileged access logs; elevation was approved under ticket REQ-36993. Handed to IR team for deeper review.,Identity Provider
ALT002360,Cauvery Logistics Corp,low,2026-06-21 22:31:47,2026-06-22 01:58:56,no,Reviewed source IP 10.26.237.210 against internal threat intel; no IOC match. Root cause documented in case notes.,Network Device
ALT000906,Arcadia Defence Systems,low,2026-06-07 20:30:08,2026-06-07 22:48:29,no,Analysed PCAP sample; payload matched benign monitoring agent heartbeat. Added to suppression list after approval.,Network Device
ALT003558,Krishna Port Authority,low,2026-01-29 19:45:42,2026-01-29 22:10:44,no,Analysed PCAP sample; payload matched benign monitoring agent heartbeat. Added to suppression list after approval.,Firewall
ALT001476,Konkan Maritime Ltd,medium,2026-02-04 19:30:03,2026-02-05 05:10:20,no,Blocked source 10.4.110.247 at perimeter firewall pending further investigation. Monitoring continued for 48 hours.,Cloud Workload
ALT003903,Malabar Gas Pipelines,high,2026-02-04 08:22:16,2026-02-04 12:34:35,no,Validated certificate chain; expired intermediate replaced by infrastructure team. Added to suppression list after approval.,IoT Device
ALT004429,Orissa Mining Federation,medium,2026-02-09 03:10:33,2026-02-09 06:57:22,yes,Queried SIEM for related events across 24h window; no corroborating activity found.,IoT Device
ALT002621,Eastern Grid Utility,medium,2026-05-07 04:13:17,2026-05-07 10:11:18,yes,Confirmed with asset owner that HOST-1265 was undergoing patch deployment. No further action required.,Cloud Workload
ALT000311,Kaveri Power Holdings,high,2026-01-16 00:39:21,2026-01-16 03:37:30,no,reviewed,Endpoint
ALT004200,Narmada Steel Works,low,2026-05-08 09:30:50,2026-05-08 14:29:53,no,,Identity Provider
ALT003462,Jupiter Aviation Control,low,2026-01-19 13:51:53,2026-01-19 16:25:06,no,Reset credentials for nrao as precaution; no evidence of compromise. Root cause documented in case notes.,Network Device
ALT002322,Cauvery Logistics Corp,medium,2026-05-27 06:36:52,2026-05-27 10:54:24,yes,Confirmed with asset owner that HOST-1187 was undergoing patch deployment. Closed as benign positive.,Cloud Workload
ALT000317,Kaveri Power Holdings,high,2026-02-06 10:23:09,2026-02-06 10:26:41,no,Sandbox detonation of attachment returned no malicious behaviour.,IoT Device
ALT002928,Himalayan Healthcare Network,medium,2026-01-19 18:18:59,2026-01-19 23:22:14,no,Confirmed geolocation anomaly caused by corporate VPN egress node change.,Database
ALT004239,Narmada Steel Works,high,2026-03-19 07:08:31,2026-03-19 09:57:23,no,Escalated to L2 after confirming lateral movement indicators on HOST-2191. No further action required.,IoT Device
ALT000798,Arcadia Defence Systems,low,2026-03-26 23:10:21,2026-03-27 02:16:46,no,Contacted user kiyer via Teams; confirmed they initiated the session from Mumbai office. No further action required.,Firewall
ALT000598,Nilgiri Water Authority,low,2026-04-04 12:55:00,2026-04-04 16:04:54,yes,Reviewed source IP 10.18.200.247 against internal threat intel; no IOC match.,Cloud Workload
ALT002682,Eastern Grid Utility,high,2026-03-12 16:48:35,2026-03-12 21:55:10,yes,Correlated with authentication logs for user nrao; prior successful VPN session confirmed. Monitoring continued for 48 hours.,Endpoint
ALT001512,Konkan Maritime Ltd,high,2026-03-26 11:37:59,2026-03-26 21:46:13,yes,Correlated with authentication logs for user rkumar; prior successful VPN session confirmed. Handed to IR team for deeper review.,Cloud Workload
ALT001848,Deccan Health Network,high,2026-01-29 02:30:47,2026-01-29 07:49:54,no,"Checked DNS query history; domain registered 400+ days ago, low risk profile. Monitoring continued for 48 hours.",IoT Device
ALT000412,Kaveri Power Holdings,low,2026-02-02 10:36:59,2026-02-02 13:54:43,no,Queried SIEM for related events across 24h window; no corroborating activity found. Monitoring continued for 48 hours.,Identity Provider
ALT002505,Eastern Grid Utility,low,2026-04-05 04:29:19,2026-04-05 10:21:14,no,Coordinated with network team; ACL change on HOST-6333 explains traffic shift. Closed as benign positive.,Identity Provider
ALT004112,Narmada Steel Works,low,2026-01-13 08:47:01,2026-01-13 12:02:11,no,Reviewed source IP 10.37.16.74 against internal threat intel; no IOC match. Root cause documented in case notes.,Network Device
ALT002255,Bharat Telecom Networks,high,2026-04-16 04:45:49,2026-04-16 10:30:09,no,Contacted user kiyer via Teams; confirmed they initiated the session from Mumbai office. Root cause documented in case notes.,Server
ALT001916,Apex Power Grid Ltd,low,2026-06-20 02:22:12,,no,Traced outbound connection to approved vendor endpoint; verified against allowlist. Ticket closed with owner sign-off.,Network Device
ALT002646,Eastern Grid Utility,critical,2026-03-22 07:51:14,2026-03-22 13:03:49,no,Traced outbound connection to approved vendor endpoint; verified against allowlist.,Database
ALT003168,Indus Financial Services,medium,2026-06-17 06:56:13,2026-06-17 12:23:12,no,Queried SIEM for related events across 24h window; no corroborating activity found.,Endpoint
ALT004433,Orissa Mining Federation,medium,2026-06-15 03:09:08,2026-06-15 06:39:42,no,"Checked DNS query history; domain registered 400+ days ago, low risk profile. Handed to IR team for deeper review.",Cloud Workload
ALT002405,Cauvery Logistics Corp,medium,2026-03-01 09:41:28,2026-03-01 14:55:44,no,Matched pattern against known false-positive rule FP-93669; tuning request raised.,Identity Provider
ALT000401,Kaveri Power Holdings,low,2026-04-17 13:43:48,2026-04-17 19:15:39,no,reviewed,Server
ALT002335,Cauvery Logistics Corp,low,2026-04-19 04:02:41,2026-04-19 07:55:26,no,Contacted user nrao via Teams; confirmed they initiated the session from Mumbai office. Handed to IR team for deeper review.,IoT Device
ALT001366,Arcadia Defence Systems,low,2026-04-05 14:52:47,2026-04-05 19:06:16,no,Queried SIEM for related events across 24h window; no corroborating activity found. Closed as benign positive.,Firewall
ALT003066,Himalayan Healthcare Network,medium,2026-05-23 13:49:52,2026-05-23 18:56:03,no,Verified backup job schedule; traffic volume consistent with nightly replication. Handed to IR team for deeper review.,Database
ALT001820,Deccan Health Network,medium,2026-05-07 21:25:03,2026-05-08 00:18:33,no,Reviewed EDR telemetry timeline; parent process traced to legitimate installer. No further action required.,Server
ALT001387,Arcadia Defence Systems,medium,2026-06-29 23:34:06,2026-06-30 03:46:37,no,Blocked source 10.52.65.184 at perimeter firewall pending further investigation.,Network Device
ALT002135,Bharat Telecom Networks,low,2026-06-17 18:14:53,2026-06-17 21:42:49,no,Correlated with authentication logs for user schen; prior successful VPN session confirmed. Ticket closed with owner sign-off.,Server
ALT001825,Deccan Health Network,medium,2026-06-03 03:44:09,2026-06-03 09:01:47,no,Isolated endpoint HOST-7060 for forensic triage; full disk scan returned clean. Closed as benign positive.,IoT Device
ALT003943,Malabar Gas Pipelines,low,2026-05-15 22:42:54,2026-05-16 01:54:41,no,Contacted user nrao via Teams; confirmed they initiated the session from Mumbai office.,Firewall
ALT004490,Pennar Cement Industries,low,2026-02-23 22:32:35,2026-02-24 02:02:36,no,Escalated to L2 after confirming lateral movement indicators on HOST-3741. Added to suppression list after approval.,Endpoint
ALT000215,Meridian Trust Bank,high,2026-05-26 20:59:49,2026-05-26 21:01:12,no,n/a,Server
ALT000566,Nilgiri Water Authority,low,2026-04-16 16:47:57,2026-04-16 18:52:49,yes,Confirmed with asset owner that HOST-6839 was undergoing patch deployment. Ticket closed with owner sign-off.,Endpoint
ALT000101,Meridian Trust Bank,low,2026-05-10 06:53:51,2026-05-10 06:57:37,no,n/a,Cloud Workload
ALT000357,Kaveri Power Holdings,high,2026-06-12 14:47:36,2026-06-12 19:02:11,yes,Verified backup job schedule; traffic volume consistent with nightly replication. Ticket closed with owner sign-off.,Identity Provider
ALT004143,Narmada Steel Works,low,2026-04-09 00:19:26,2026-04-09 02:41:25,no,Coordinated with network team; ACL change on HOST-4017 explains traffic shift. Closed as benign positive.,Firewall
ALT003858,Lakshmi Insurance Group,medium,2026-06-13 21:22:17,2026-06-13 23:30:22,no,Reviewed EDR telemetry timeline; parent process traced to legitimate installer. Handed to IR team for deeper review.,Network Device
ALT000501,Kaveri Power Holdings,medium,2026-05-10 13:55:47,2026-05-10 16:20:57,yes,"Checked DNS query history; domain registered 400+ days ago, low risk profile. Monitoring continued for 48 hours.",Network Device
ALT001230,Arcadia Defence Systems,low,2026-05-16 12:36:18,2026-05-16 18:05:07,no,Blocked source 10.19.146.106 at perimeter firewall pending further investigation. Added to suppression list after approval.,Identity Provider
ALT000687,Nilgiri Water Authority,medium,2026-04-29 05:51:36,2026-04-29 11:10:12,no,Ran memory capture on HOST-6772; no injected process artefacts identified. Monitoring continued for 48 hours.,Server
ALT000427,Kaveri Power Holdings,medium,2026-05-17 18:47:10,,no,Ran memory capture on HOST-5928; no injected process artefacts identified.,Firewall
ALT003127,Indus Financial Services,low,2026-06-16 12:32:53,2026-06-16 14:58:02,no,,Endpoint
ALT004561,Pennar Cement Industries,low,2026-03-04 19:23:13,2026-03-05 00:10:52,no,Correlated with authentication logs for user nrao; prior successful VPN session confirmed. Closed as benign positive.,Endpoint
ALT001382,Arcadia Defence Systems,low,2026-03-30 21:40:51,2026-03-31 03:29:30,no,Confirmed with asset owner that HOST-9315 was undergoing patch deployment. Added to suppression list after approval.,Database
ALT001405,Arcadia Defence Systems,high,2026-03-25 17:37:00,2026-03-25 21:43:32,no,Validated certificate chain; expired intermediate replaced by infrastructure team. Ticket closed with owner sign-off.,Server
ALT001567,Konkan Maritime Ltd,medium,2026-02-03 22:36:21,2026-02-04 06:56:40,no,,Identity Provider
ALT004067,Malabar Gas Pipelines,medium,2026-02-25 14:03:47,2026-02-25 17:01:39,no,Queried SIEM for related events across 24h window; no corroborating activity found. Root cause documented in case notes.,Firewall
ALT002184,Bharat Telecom Networks,low,2026-03-02 19:12:02,2026-03-03 00:06:17,no,Traced outbound connection to approved vendor endpoint; verified against allowlist. Handed to IR team for deeper review.,Firewall
ALT002803,Godavari Chemicals,low,2026-04-14 00:29:39,2026-04-14 06:24:12,no,"Checked DNS query history; domain registered 400+ days ago, low risk profile. Closed as benign positive.",Firewall
ALT003057,Himalayan Healthcare Network,low,2026-04-22 12:11:40,2026-04-22 17:41:41,no,Reset credentials for nrao as precaution; no evidence of compromise. Root cause documented in case notes.,Cloud Workload
ALT001697,Deccan Health Network,high,2026-05-02 12:10:43,2026-05-02 16:56:21,no,Identified misconfigured scanner generating repeat alerts; owner notified. Root cause documented in case notes.,IoT Device
ALT002480,Eastern Grid Utility,low,2026-01-03 17:46:55,2026-01-03 20:37:31,no,Escalated to L2 after confirming lateral movement indicators on HOST-7090. Closed as benign positive.,Identity Provider
ALT001939,Apex Power Grid Ltd,low,2026-01-20 21:24:26,2026-01-21 00:41:36,no,Queried SIEM for related events across 24h window; no corroborating activity found. Added to suppression list after approval.,Cloud Workload
ALT003364,Jupiter Aviation Control,medium,2026-02-01 15:05:39,2026-02-01 20:42:35,no,Coordinated with network team; ACL change on HOST-4917 explains traffic shift. Ticket closed with owner sign-off.,Firewall
ALT004430,Orissa Mining Federation,low,2026-04-17 13:25:29,2026-04-17 18:21:10,no,"Checked DNS query history; domain registered 400+ days ago, low risk profile. Root cause documented in case notes.",Server
ALT004302,Orissa Mining Federation,low,2026-02-16 10:35:19,2026-02-16 12:53:49,no,Reviewed EDR telemetry timeline; parent process traced to legitimate installer.,Server
ALT004525,Pennar Cement Industries,high,2026-04-01 23:09:24,2026-04-02 02:28:10,no,Verified backup job schedule; traffic volume consistent with nightly replication. Root cause documented in case notes.,Database
ALT003961,Malabar Gas Pipelines,medium,2026-01-12 18:04:28,2026-01-12 21:53:58,no,Confirmed geolocation anomaly caused by corporate VPN egress node change. Added to suppression list after approval.,Endpoint
ALT002249,Bharat Telecom Networks,low,2026-02-11 21:43:06,2026-02-12 03:25:18,no,Identified misconfigured scanner generating repeat alerts; owner notified. Added to suppression list after approval.,IoT Device
ALT002397,Cauvery Logistics Corp,high,2026-05-18 04:43:08,2026-05-18 08:51:19,yes,Compared hash against VirusTotal offline signature set; no detections. Closed as benign positive.,Network Device
ALT000145,Meridian Trust Bank,medium,2026-03-09 16:30:38,2026-03-09 16:32:41,no,n/a,Database
ALT001864,Deccan Health Network,low,2026-06-17 16:48:38,2026-06-17 20:02:29,yes,closed,Identity Provider
ALT003578,Krishna Port Authority,high,2026-03-25 05:04:15,2026-03-25 09:58:23,yes,Correlated with authentication logs for user tgeorge; prior successful VPN session confirmed. Monitoring continued for 48 hours.,Database
ALT002236,Bharat Telecom Networks,low,2026-04-09 16:43:04,2026-04-09 19:16:34,no,Verified backup job schedule; traffic volume consistent with nightly replication. Ticket closed with owner sign-off.,Network Device
ALT004292,Orissa Mining Federation,medium,2026-03-30 23:42:19,2026-03-31 04:37:40,no,Correlated with authentication logs for user apatel; prior successful VPN session confirmed. No further action required.,Server
ALT001579,Konkan Maritime Ltd,high,2026-03-20 18:27:20,2026-03-21 04:26:05,yes,Matched pattern against known false-positive rule FP-67917; tuning request raised. Ticket closed with owner sign-off.,Server
ALT003955,Malabar Gas Pipelines,low,2026-05-03 19:57:58,2026-05-03 23:50:27,no,Verified backup job schedule; traffic volume consistent with nightly replication. No further action required.,Server
ALT003081,Indus Financial Services,medium,2026-01-14 14:46:09,2026-01-14 19:23:53,no,Escalated to L2 after confirming lateral movement indicators on HOST-8571. Added to suppression list after approval.,Cloud Workload
ALT000233,Meridian Trust Bank,medium,2026-04-17 18:31:06,2026-04-17 18:34:05,no,n/a,IoT Device
ALT000286,Kaveri Power Holdings,low,2026-06-17 03:28:12,2026-06-17 06:26:23,no,reviewed,Endpoint
ALT003099,Indus Financial Services,low,2026-05-19 06:03:23,2026-05-19 11:23:50,no,Sandbox detonation of attachment returned no malicious behaviour. Root cause documented in case notes.,IoT Device
ALT002262,Bharat Telecom Networks,low,2026-06-27 21:56:58,2026-06-28 02:57:35,yes,Ran memory capture on HOST-6744; no injected process artefacts identified.,Server
ALT001815,Deccan Health Network,low,2026-05-09 11:32:20,2026-05-09 14:39:42,no,closed,Identity Provider
ALT002752,Godavari Chemicals,medium,2026-05-17 03:45:57,2026-05-17 09:35:22,no,Documented as benign positive; rule threshold adjusted after peer review. Monitoring continued for 48 hours.,Endpoint
ALT001151,Arcadia Defence Systems,low,2026-03-04 17:51:28,2026-03-04 22:31:14,no,Confirmed geolocation anomaly caused by corporate VPN egress node change. Ticket closed with owner sign-off.,Database
ALT000807,Arcadia Defence Systems,medium,2026-02-07 15:02:43,2026-02-07 19:47:00,no,Validated certificate chain; expired intermediate replaced by infrastructure team. Ticket closed with owner sign-off.,Firewall
ALT000873,Arcadia Defence Systems,high,2026-02-06 17:22:23,2026-02-06 21:10:53,yes,Reviewed EDR telemetry timeline; parent process traced to legitimate installer. No further action required.,Server
ALT001881,Apex Power Grid Ltd,low,2026-02-22 07:28:41,2026-02-22 10:04:21,yes,Reviewed privileged access logs; elevation was approved under ticket REQ-12121. Closed as benign positive.,Endpoint
ALT002642,Eastern Grid Utility,low,2026-06-27 09:37:44,2026-06-27 14:01:20,no,Matched pattern against known false-positive rule FP-59376; tuning request raised. Handed to IR team for deeper review.,Server
ALT002085,Bharat Telecom Networks,low,2026-01-16 03:47:10,2026-01-16 07:40:11,no,Matched pattern against known false-positive rule FP-91054; tuning request raised.,Identity Provider
ALT003671,Krishna Port Authority,medium,2026-06-30 05:56:31,2026-06-30 09:02:10,no,Analysed PCAP sample; payload matched benign monitoring agent heartbeat. No further action required.,Database
ALT000878,Arcadia Defence Systems,low,2026-04-27 13:46:18,2026-04-27 17:41:18,no,Correlated with authentication logs for user nrao; prior successful VPN session confirmed. Added to suppression list after approval.,Identity Provider
ALT003969,Malabar Gas Pipelines,medium,2026-03-29 17:43:59,2026-03-29 21:53:03,no,Reviewed EDR telemetry timeline; parent process traced to legitimate installer. Monitoring continued for 48 hours.,Cloud Workload
ALT000406,Kaveri Power Holdings,low,2026-03-06 09:35:13,2026-03-06 14:53:28,yes,Contacted user kiyer via Teams; confirmed they initiated the session from Mumbai office. Monitoring continued for 48 hours.,Network Device
ALT001707,Deccan Health Network,high,2026-03-28 00:25:13,2026-03-28 06:21:58,yes,Cross-referenced with change management ticket CHG-89980; scheduled maintenance window. Added to suppression list after approval.,Endpoint
ALT000146,Meridian Trust Bank,low,2026-04-01 08:12:29,2026-04-01 08:14:14,no,n/a,Endpoint
ALT004219,Narmada Steel Works,low,2026-02-03 12:33:24,2026-02-03 18:01:37,no,"Checked DNS query history; domain registered 400+ days ago, low risk profile. No further action required.",Identity Provider
ALT001295,Arcadia Defence Systems,medium,2026-03-18 08:24:07,2026-03-18 11:29:40,no,Blocked source 10.55.241.12 at perimeter firewall pending further investigation. Closed as benign positive.,Database
ALT001701,Deccan Health Network,low,2026-01-31 03:27:43,2026-01-31 06:12:26,no,Queried SIEM for related events across 24h window; no corroborating activity found. Monitoring continued for 48 hours.,Firewall
ALT004655,Pennar Cement Industries,low,2026-02-25 01:05:44,,yes,Compared hash against VirusTotal offline signature set; no detections. Added to suppression list after approval.,Server
ALT002132,Bharat Telecom Networks,high,2026-01-21 02:53:00,2026-01-21 08:09:47,no,Traced outbound connection to approved vendor endpoint; verified against allowlist. Monitoring continued for 48 hours.,Firewall
ALT004557,Pennar Cement Industries,low,2026-02-11 15:47:03,2026-02-11 17:56:31,no,Blocked source 10.46.34.85 at perimeter firewall pending further investigation. Ticket closed with owner sign-off.,Server
ALT000326,Kaveri Power Holdings,low,2026-02-09 18:28:41,2026-02-09 23:26:49,no,Blocked source 10.25.124.175 at perimeter firewall pending further investigation. No further action required.,Cloud Workload
ALT000110,Meridian Trust Bank,medium,2026-03-14 23:53:33,2026-03-14 23:55:27,no,n/a,Server
ALT000477,Kaveri Power Holdings,low,2026-01-21 22:39:39,2026-01-22 02:26:26,no,Cross-referenced with change management ticket CHG-46258; scheduled maintenance window. Ticket closed with owner sign-off.,Server
ALT001772,Deccan Health Network,low,2026-03-08 06:26:32,2026-03-08 11:07:07,yes,Identified misconfigured scanner generating repeat alerts; owner notified.,Network Device
ALT003107,Indus Financial Services,low,2026-02-07 02:59:38,2026-02-07 05:20:57,no,Sandbox detonation of attachment returned no malicious behaviour. Root cause documented in case notes.,Server
ALT002536,Eastern Grid Utility,low,2026-06-29 07:01:12,2026-06-29 13:01:11,no,Correlated with authentication logs for user jsmith; prior successful VPN session confirmed. Ticket closed with owner sign-off.,Firewall
ALT002588,Eastern Grid Utility,critical,2026-05-25 21:45:55,2026-05-26 02:51:17,no,Escalated to L2 after confirming lateral movement indicators on HOST-8684. No further action required.,IoT Device
ALT001527,Konkan Maritime Ltd,medium,2026-02-16 02:46:22,2026-02-16 11:05:09,no,Validated certificate chain; expired intermediate replaced by infrastructure team. Root cause documented in case notes.,Identity Provider
ALT004016,Malabar Gas Pipelines,critical,2026-03-20 17:02:45,2026-03-20 19:43:45,yes,Correlated with authentication logs for user rkumar; prior successful VPN session confirmed. Monitoring continued for 48 hours.,IoT Device
ALT003731,Lakshmi Insurance Group,low,2026-06-27 14:32:08,2026-06-27 17:27:57,no,Matched pattern against known false-positive rule FP-71230; tuning request raised. No further action required.,Cloud Workload
ALT001262,Arcadia Defence Systems,low,2026-04-30 20:34:54,2026-05-01 00:08:17,no,Sandbox detonation of attachment returned no malicious behaviour.,Firewall
ALT001766,Deccan Health Network,medium,2026-02-28 22:58:34,2026-03-01 01:25:29,no,Confirmed with asset owner that HOST-4955 was undergoing patch deployment. Root cause documented in case notes.,IoT Device
ALT002106,Bharat Telecom Networks,low,2026-05-14 07:36:55,2026-05-14 09:56:00,no,Confirmed with asset owner that HOST-7011 was undergoing patch deployment.,Server
ALT001974,Apex Power Grid Ltd,low,2026-06-08 03:26:20,2026-06-08 08:55:57,no,Reviewed EDR telemetry timeline; parent process traced to legitimate installer. Closed as benign positive.,Cloud Workload
ALT004218,Narmada Steel Works,low,2026-03-15 14:17:15,2026-03-15 19:53:41,yes,Matched pattern against known false-positive rule FP-41081; tuning request raised. Ticket closed with owner sign-off.,Cloud Workload
ALT003023,Himalayan Healthcare Network,medium,2026-01-06 12:17:56,2026-01-06 17:50:34,yes,Isolated endpoint HOST-8577 for forensic triage; full disk scan returned clean. Monitoring continued for 48 hours.,Database
ALT000614,Nilgiri Water Authority,low,2026-02-24 04:11:41,2026-02-24 09:56:59,no,Coordinated with network team; ACL change on HOST-6889 explains traffic shift. Monitoring continued for 48 hours.,IoT Device
ALT000131,Meridian Trust Bank,medium,2026-06-12 02:13:56,2026-06-12 02:17:41,no,n/a,Cloud Workload
ALT003394,Jupiter Aviation Control,low,2026-01-11 17:42:27,2026-01-11 23:12:52,no,Verified backup job schedule; traffic volume consistent with nightly replication. Added to suppression list after approval.,Database
ALT003834,Lakshmi Insurance Group,medium,2026-04-08 06:24:54,2026-04-08 10:56:26,no,Isolated endpoint HOST-8404 for forensic triage; full disk scan returned clean.,Firewall
ALT000281,Meridian Trust Bank,medium,2026-03-11 08:14:33,2026-03-11 08:18:23,no,"checked, ok",IoT Device
ALT003768,Lakshmi Insurance Group,medium,2026-06-28 00:15:46,2026-06-28 02:24:04,no,Traced outbound connection to approved vendor endpoint; verified against allowlist. Handed to IR team for deeper review.,Endpoint
ALT000417,Kaveri Power Holdings,medium,2026-04-15 06:39:14,2026-04-15 12:16:50,no,Matched pattern against known false-positive rule FP-80468; tuning request raised. Closed as benign positive.,Server
ALT000803,Arcadia Defence Systems,low,2026-06-13 08:53:43,2026-06-13 13:12:13,no,Cross-referenced with change management ticket CHG-99070; scheduled maintenance window. Monitoring continued for 48 hours.,Network Device
ALT000837,Arcadia Defence Systems,critical,2026-03-07 20:55:55,2026-03-08 01:06:31,yes,"Checked DNS query history; domain registered 400+ days ago, low risk profile. Handed to IR team for deeper review.",Endpoint
ALT000739,Arcadia Defence Systems,medium,2026-06-17 18:43:46,2026-06-17 22:53:34,no,Traced outbound connection to approved vendor endpoint; verified against allowlist. Closed as benign positive.,Database
ALT002348,Cauvery Logistics Corp,medium,2026-02-19 14:44:56,2026-02-19 17:06:43,no,Queried SIEM for related events across 24h window; no corroborating activity found. Ticket closed with owner sign-off.,Network Device
ALT003196,Indus Financial Services,medium,2026-01-31 10:58:47,2026-01-31 14:46:12,no,Sandbox detonation of attachment returned no malicious behaviour. Monitoring continued for 48 hours.,Database
ALT002408,Cauvery Logistics Corp,medium,2026-05-02 07:45:08,2026-05-02 13:14:32,no,Traced outbound connection to approved vendor endpoint; verified against allowlist. Ticket closed with owner sign-off.,Endpoint
ALT003754,Lakshmi Insurance Group,low,2026-05-26 02:46:37,2026-05-26 06:34:27,no,Isolated endpoint HOST-8085 for forensic triage; full disk scan returned clean. Closed as benign positive.,Network Device
ALT001880,Apex Power Grid Ltd,low,2026-03-11 13:41:33,2026-03-11 17:29:35,no,Contacted user tgeorge via Teams; confirmed they initiated the session from Mumbai office. Ticket closed with owner sign-off.,Cloud Workload
ALT003042,Himalayan Healthcare Network,low,2026-05-05 12:36:48,2026-05-05 16:51:46,no,Coordinated with network team; ACL change on HOST-1221 explains traffic shift. Monitoring continued for 48 hours.,Identity Provider
ALT002732,Godavari Chemicals,medium,2026-01-11 16:23:06,2026-01-11 20:49:36,no,,Firewall
ALT000560,Nilgiri Water Authority,low,2026-01-27 03:48:55,2026-01-27 09:27:48,no,Contacted user bshah via Teams; confirmed they initiated the session from Mumbai office. No further action required.,Endpoint
ALT001913,Apex Power Grid Ltd,medium,2026-01-12 06:55:15,2026-01-12 09:53:12,no,Ran memory capture on HOST-2383; no injected process artefacts identified. Monitoring continued for 48 hours.,IoT Device
ALT001081,Arcadia Defence Systems,medium,2026-06-04 23:04:50,2026-06-05 01:57:35,no,Compared hash against VirusTotal offline signature set; no detections. No further action required.,Network Device
ALT002501,Eastern Grid Utility,high,2026-02-18 18:14:05,2026-02-18 22:48:03,yes,Identified misconfigured scanner generating repeat alerts; owner notified. Ticket closed with owner sign-off.,Firewall
ALT002672,Eastern Grid Utility,medium,2026-06-09 22:28:10,2026-06-10 03:27:43,no,Compared hash against VirusTotal offline signature set; no detections.,Identity Provider
ALT002158,Bharat Telecom Networks,low,2026-04-04 16:36:36,2026-04-04 19:25:24,no,Isolated endpoint HOST-6657 for forensic triage; full disk scan returned clean. No further action required.,Firewall
ALT002444,Cauvery Logistics Corp,high,2026-04-25 15:30:40,2026-04-25 19:59:34,no,Coordinated with network team; ACL change on HOST-5713 explains traffic shift. Closed as benign positive.,Identity Provider
ALT002598,Eastern Grid Utility,medium,2026-04-12 21:04:06,2026-04-13 02:59:41,no,Confirmed geolocation anomaly caused by corporate VPN egress node change. No further action required.,Cloud Workload
ALT004271,Orissa Mining Federation,medium,2026-05-05 11:11:31,2026-05-05 14:54:01,no,Traced outbound connection to approved vendor endpoint; verified against allowlist.,Cloud Workload
ALT000897,Arcadia Defence Systems,low,2026-01-23 06:28:00,2026-01-23 09:27:28,yes,Escalated to L2 after confirming lateral movement indicators on HOST-3182. Handed to IR team for deeper review.,Server
ALT000150,Meridian Trust Bank,high,2026-01-21 10:32:05,,no,n/a,Endpoint
ALT004298,Orissa Mining Federation,low,2026-05-15 15:55:25,2026-05-15 21:08:43,no,Blocked source 10.5.191.228 at perimeter firewall pending further investigation. Closed as benign positive.,Network Device
ALT001775,Deccan Health Network,medium,2026-04-06 16:46:49,2026-04-06 20:59:25,no,Confirmed with asset owner that HOST-1167 was undergoing patch deployment. No further action required.,Database
ALT000011,Meridian Trust Bank,medium,2026-02-04 11:28:39,2026-02-04 11:31:14,no,n/a,Identity Provider
ALT001193,Arcadia Defence Systems,low,2026-04-01 08:20:25,2026-04-01 12:26:36,yes,Traced outbound connection to approved vendor endpoint; verified against allowlist.,Network Device
ALT004052,Malabar Gas Pipelines,medium,2026-05-19 08:44:39,2026-05-19 14:22:32,no,Reviewed source IP 10.27.187.118 against internal threat intel; no IOC match. Root cause documented in case notes.,IoT Device
ALT003274,Jupiter Aviation Control,low,2026-01-31 21:15:00,2026-02-01 02:28:32,no,"Checked DNS query history; domain registered 400+ days ago, low risk profile. No further action required.",IoT Device
ALT002025,Apex Power Grid Ltd,medium,2026-05-07 07:36:13,2026-05-07 11:51:14,no,Coordinated with network team; ACL change on HOST-5856 explains traffic shift.,Endpoint
ALT004249,Narmada Steel Works,low,2026-01-26 08:38:00,2026-01-26 12:01:23,yes,Identified misconfigured scanner generating repeat alerts; owner notified. Ticket closed with owner sign-off.,Network Device
ALT002462,Cauvery Logistics Corp,high,2026-06-09 21:27:47,2026-06-10 03:01:38,yes,Correlated with authentication logs for user mfernandes; prior successful VPN session confirmed. No further action required.,Network Device
ALT004315,Orissa Mining Federation,medium,2026-06-26 19:36:21,2026-06-26 22:46:31,no,Confirmed with asset owner that HOST-1371 was undergoing patch deployment.,Cloud Workload
ALT000726,Arcadia Defence Systems,medium,2026-03-25 08:54:42,2026-03-25 12:36:16,yes,Reviewed source IP 10.51.158.245 against internal threat intel; no IOC match.,Server
ALT003760,Lakshmi Insurance Group,low,2026-05-31 04:28:15,2026-05-31 08:37:37,no,Sandbox detonation of attachment returned no malicious behaviour.,Cloud Workload
ALT001901,Apex Power Grid Ltd,low,2026-03-22 13:45:50,2026-03-22 19:00:27,no,,Server
ALT000210,Meridian Trust Bank,low,2026-06-11 21:13:26,2026-06-11 21:17:37,no,n/a,Endpoint
ALT001676,Deccan Health Network,low,2026-04-16 23:07:25,2026-04-17 03:40:30,no,Identified misconfigured scanner generating repeat alerts; owner notified. Added to suppression list after approval.,Server
ALT003395,Jupiter Aviation Control,low,2026-06-28 16:44:55,2026-06-28 19:51:31,no,Confirmed geolocation anomaly caused by corporate VPN egress node change. Added to suppression list after approval.,IoT Device
ALT001257,Arcadia Defence Systems,medium,2026-03-24 07:26:07,2026-03-24 13:03:44,no,Identified misconfigured scanner generating repeat alerts; owner notified. Ticket closed with owner sign-off.,Server
ALT003000,Himalayan Healthcare Network,low,2026-03-19 12:51:50,2026-03-19 16:13:58,no,Identified misconfigured scanner generating repeat alerts; owner notified. Closed as benign positive.,Firewall
ALT001452,Arcadia Defence Systems,high,2026-05-19 11:01:56,2026-05-19 14:22:21,no,Escalated to L2 after confirming lateral movement indicators on HOST-8489. Handed to IR team for deeper review.,IoT Device
ALT003154,Indus Financial Services,medium,2026-06-05 05:18:50,2026-06-05 10:23:58,yes,,Endpoint
ALT001679,Deccan Health Network,medium,2026-05-15 05:41:07,2026-05-15 11:07:19,no,Validated certificate chain; expired intermediate replaced by infrastructure team. No further action required.,Database
ALT001140,Arcadia Defence Systems,critical,2026-05-09 23:16:07,2026-05-10 03:30:32,yes,Compared hash against VirusTotal offline signature set; no detections. Handed to IR team for deeper review.,Cloud Workload
ALT001344,Arcadia Defence Systems,low,2026-04-17 19:26:50,2026-04-17 23:25:19,no,Blocked source 10.24.33.132 at perimeter firewall pending further investigation. Added to suppression list after approval.,Firewall
ALT003542,Krishna Port Authority,medium,2026-04-08 12:23:58,2026-04-08 17:01:22,no,Correlated with authentication logs for user nrao; prior successful VPN session confirmed. Closed as benign positive.,Server
ALT000818,Arcadia Defence Systems,medium,2026-02-07 10:16:48,2026-02-07 12:42:24,no,,Firewall
ALT001853,Deccan Health Network,low,2026-06-17 11:57:59,2026-06-17 16:21:17,no,Verified backup job schedule; traffic volume consistent with nightly replication. Monitoring continued for 48 hours.,Identity Provider
ALT003170,Indus Financial Services,medium,2026-05-22 05:10:34,2026-05-22 11:02:40,no,Escalated to L2 after confirming lateral movement indicators on HOST-6152. Added to suppression list after approval.,Server
ALT002844,Godavari Chemicals,medium,2026-03-01 07:17:52,,no,Matched pattern against known false-positive rule FP-60885; tuning request raised. No further action required.,Identity Provider
ALT001142,Arcadia Defence Systems,medium,2026-02-03 01:07:48,2026-02-03 03:18:06,yes,Coordinated with network team; ACL change on HOST-1406 explains traffic shift. No further action required.,Network Device
ALT003748,Lakshmi Insurance Group,medium,2026-01-04 02:15:49,2026-01-04 07:21:09,no,Reviewed privileged access logs; elevation was approved under ticket REQ-73532. Closed as benign positive.,Identity Provider
ALT002430,Cauvery Logistics Corp,high,2026-03-10 01:01:48,2026-03-10 05:09:08,no,Correlated with authentication logs for user jsmith; prior successful VPN session confirmed. Root cause documented in case notes.,Database
ALT004175,Narmada Steel Works,low,2026-06-03 01:00:30,2026-06-03 04:53:14,no,Compared hash against VirusTotal offline signature set; no detections.,Cloud Workload
ALT000056,Meridian Trust Bank,high,2026-01-15 01:32:00,2026-01-15 01:36:01,no,n/a,Server
ALT003829,Lakshmi Insurance Group,low,2026-03-29 23:45:19,2026-03-30 02:35:16,yes,Compared hash against VirusTotal offline signature set; no detections. Closed as benign positive.,Identity Provider
ALT003140,Indus Financial Services,medium,2026-04-03 16:29:39,2026-04-03 20:14:46,no,Reviewed EDR telemetry timeline; parent process traced to legitimate installer. No further action required.,Cloud Workload
ALT001665,Deccan Health Network,low,2026-05-06 04:11:16,2026-05-06 08:51:23,no,Confirmed with asset owner that HOST-4880 was undergoing patch deployment.,Network Device
ALT004195,Narmada Steel Works,low,2026-01-09 21:49:11,2026-01-10 03:24:08,no,Contacted user rkumar via Teams; confirmed they initiated the session from Mumbai office. Root cause documented in case notes.,Cloud Workload
ALT004048,Malabar Gas Pipelines,low,2026-02-27 18:41:15,2026-02-27 23:02:23,no,Documented as benign positive; rule threshold adjusted after peer review. No further action required.,Identity Provider
ALT000472,Kaveri Power Holdings,low,2026-04-12 05:30:13,2026-04-12 08:17:26,no,n/a,Endpoint
ALT000405,Kaveri Power Holdings,low,2026-04-29 22:03:16,2026-04-30 03:00:59,no,Reviewed source IP 10.24.155.47 against internal threat intel; no IOC match. Closed as benign positive.,Firewall
ALT002579,Eastern Grid Utility,critical,2026-03-11 14:48:23,,yes,Sandbox detonation of attachment returned no malicious behaviour. No further action required.,IoT Device
ALT001233,Arcadia Defence Systems,medium,2026-01-29 17:15:07,2026-01-29 23:14:49,no,Confirmed geolocation anomaly caused by corporate VPN egress node change. Monitoring continued for 48 hours.,Firewall
ALT003947,Malabar Gas Pipelines,high,2026-01-10 18:58:01,2026-01-10 23:15:59,no,Reviewed source IP 10.1.193.143 against internal threat intel; no IOC match.,Database
ALT001297,Arcadia Defence Systems,low,2026-03-16 02:37:17,2026-03-16 07:24:17,no,Reviewed privileged access logs; elevation was approved under ticket REQ-84995. Monitoring continued for 48 hours.,Endpoint
ALT003393,Jupiter Aviation Control,low,2026-06-20 05:25:34,2026-06-20 09:23:57,no,Sandbox detonation of attachment returned no malicious behaviour. Monitoring continued for 48 hours.,Cloud Workload
ALT000674,Nilgiri Water Authority,medium,2026-06-05 06:04:09,2026-06-05 09:55:13,no,Identified misconfigured scanner generating repeat alerts; owner notified. Monitoring continued for 48 hours.,Network Device
ALT002941,Himalayan Healthcare Network,low,2026-02-21 21:58:44,2026-02-22 02:07:26,no,Verified backup job schedule; traffic volume consistent with nightly replication. Ticket closed with owner sign-off.,Firewall
ALT000307,Kaveri Power Holdings,low,2026-05-29 12:20:46,2026-05-29 17:21:02,yes,Blocked source 10.13.78.250 at perimeter firewall pending further investigation. Ticket closed with owner sign-off.,Cloud Workload
ALT003927,Malabar Gas Pipelines,high,2026-04-18 20:34:27,2026-04-19 00:08:24,yes,,Firewall
ALT004059,Malabar Gas Pipelines,low,2026-03-11 09:07:46,2026-03-11 13:03:18,no,Reset credentials for dnair as precaution; no evidence of compromise. Monitoring continued for 48 hours.,Firewall
ALT002522,Eastern Grid Utility,low,2026-04-15 17:12:42,2026-04-15 22:11:24,yes,Compared hash against VirusTotal offline signature set; no detections. No further action required.,Identity Provider
ALT000927,Arcadia Defence Systems,high,2026-01-17 17:13:38,2026-01-17 21:24:18,no,Reviewed source IP 10.1.214.223 against internal threat intel; no IOC match. Monitoring continued for 48 hours.,Network Device
ALT000874,Arcadia Defence Systems,medium,2026-01-04 07:53:05,2026-01-04 10:34:37,no,Ran memory capture on HOST-4252; no injected process artefacts identified.,Network Device
ALT003783,Lakshmi Insurance Group,low,2026-03-22 07:05:12,2026-03-22 11:48:15,yes,Compared hash against VirusTotal offline signature set; no detections.,Firewall
ALT002731,Godavari Chemicals,low,2026-02-18 11:27:01,2026-02-18 16:15:10,no,Validated certificate chain; expired intermediate replaced by infrastructure team. No further action required.,Identity Provider
ALT003440,Jupiter Aviation Control,low,2026-03-12 15:35:01,2026-03-12 19:25:40,no,Traced outbound connection to approved vendor endpoint; verified against allowlist.,Database
ALT000557,Nilgiri Water Authority,medium,2026-06-28 10:55:02,2026-06-28 15:59:35,no,Correlated with authentication logs for user jsmith; prior successful VPN session confirmed. No further action required.,Identity Provider
ALT000505,Kaveri Power Holdings,medium,2026-03-25 01:59:02,2026-03-25 05:04:13,yes,Matched pattern against known false-positive rule FP-65552; tuning request raised. Root cause documented in case notes.,Endpoint
ALT003817,Lakshmi Insurance Group,low,2026-06-02 23:51:09,2026-06-03 05:00:07,no,,Firewall
ALT004352,Orissa Mining Federation,low,2026-01-06 13:00:10,,no,Reviewed source IP 10.34.234.37 against internal threat intel; no IOC match. Ticket closed with owner sign-off.,Endpoint
ALT004647,Pennar Cement Industries,low,2026-06-30 21:05:33,2026-07-01 02:55:37,no,Reviewed EDR telemetry timeline; parent process traced to legitimate installer. Added to suppression list after approval.,Firewall
ALT002110,Bharat Telecom Networks,medium,2026-05-28 23:45:20,2026-05-29 02:51:49,no,"Checked DNS query history; domain registered 400+ days ago, low risk profile. Monitoring continued for 48 hours.",IoT Device
ALT002099,Bharat Telecom Networks,medium,2026-06-05 19:37:01,2026-06-05 23:22:32,no,,Firewall
ALT004270,Orissa Mining Federation,medium,2026-05-03 10:51:38,2026-05-03 12:55:44,no,Traced outbound connection to approved vendor endpoint; verified against allowlist. Ticket closed with owner sign-off.,Database
ALT003700,Lakshmi Insurance Group,low,2026-06-22 21:44:14,,no,Analysed PCAP sample; payload matched benign monitoring agent heartbeat. Handed to IR team for deeper review.,Network Device
ALT004379,Orissa Mining Federation,critical,2026-05-31 13:16:37,2026-05-31 16:53:36,yes,Confirmed geolocation anomaly caused by corporate VPN egress node change. Added to suppression list after approval.,Network Device
ALT003488,Krishna Port Authority,medium,2026-03-09 04:10:02,2026-03-09 09:11:08,no,Confirmed geolocation anomaly caused by corporate VPN egress node change. Added to suppression list after approval.,Endpoint
ALT000800,Arcadia Defence Systems,low,2026-04-07 14:41:17,2026-04-07 19:11:00,no,Queried SIEM for related events across 24h window; no corroborating activity found. Handed to IR team for deeper review.,Endpoint
ALT003572,Krishna Port Authority,low,2026-05-03 18:50:47,2026-05-03 23:15:53,no,Traced outbound connection to approved vendor endpoint; verified against allowlist. No further action required.,IoT Device
ALT003050,Himalayan Healthcare Network,medium,2026-03-24 07:27:37,2026-03-24 11:24:51,no,Sandbox detonation of attachment returned no malicious behaviour. Monitoring continued for 48 hours.,Server
ALT002472,Eastern Grid Utility,low,2026-05-11 22:11:24,2026-05-12 03:51:36,no,Reviewed source IP 10.24.193.69 against internal threat intel; no IOC match. No further action required.,Network Device
ALT000384,Kaveri Power Holdings,low,2026-04-17 10:41:53,2026-04-17 14:04:09,no,Blocked source 10.45.100.23 at perimeter firewall pending further investigation. Ticket closed with owner sign-off.,Server
ALT003164,Indus Financial Services,low,2026-02-23 19:59:09,2026-02-24 01:37:01,no,Blocked source 10.10.145.222 at perimeter firewall pending further investigation.,Network Device
ALT002095,Bharat Telecom Networks,medium,2026-06-19 11:30:33,2026-06-19 16:25:55,no,Ran memory capture on HOST-1334; no injected process artefacts identified. Closed as benign positive.,Server
ALT003753,Lakshmi Insurance Group,low,2026-04-30 01:34:20,,no,Cross-referenced with change management ticket CHG-58889; scheduled maintenance window. Monitoring continued for 48 hours.,Server
ALT003141,Indus Financial Services,low,2026-04-16 19:25:34,2026-04-16 23:39:59,yes,Correlated with authentication logs for user mfernandes; prior successful VPN session confirmed.,IoT Device
ALT001159,Arcadia Defence Systems,medium,2026-04-16 13:52:52,2026-04-16 16:17:40,no,Confirmed geolocation anomaly caused by corporate VPN egress node change. Monitoring continued for 48 hours.,Database
ALT002351,Cauvery Logistics Corp,low,2026-05-03 07:33:57,2026-05-03 12:12:29,no,Coordinated with network team; ACL change on HOST-3174 explains traffic shift.,Server
ALT004109,Narmada Steel Works,low,2026-06-27 22:05:20,2026-06-28 02:01:58,no,Isolated endpoint HOST-3229 for forensic triage; full disk scan returned clean.,Server
ALT002000,Apex Power Grid Ltd,low,2026-01-21 06:30:05,2026-01-21 10:58:43,no,Ran memory capture on HOST-8308; no injected process artefacts identified. Monitoring continued for 48 hours.,Identity Provider
ALT002230,Bharat Telecom Networks,low,2026-05-30 05:22:51,2026-05-30 07:44:31,no,Escalated to L2 after confirming lateral movement indicators on HOST-4358. Closed as benign positive.,Identity Provider
ALT000792,Arcadia Defence Systems,medium,2026-05-29 23:01:24,2026-05-30 04:45:22,no,,Database
ALT002042,Apex Power Grid Ltd,low,2026-05-30 21:24:42,2026-05-31 00:17:52,no,Reviewed source IP 10.5.186.125 against internal threat intel; no IOC match. Monitoring continued for 48 hours.,Firewall
ALT001439,Arcadia Defence Systems,medium,2026-03-21 19:35:55,2026-03-22 00:53:43,yes,Sandbox detonation of attachment returned no malicious behaviour. Closed as benign positive.,Firewall
ALT002046,Apex Power Grid Ltd,high,2026-01-02 08:08:58,2026-01-02 13:32:39,yes,Confirmed with asset owner that HOST-6934 was undergoing patch deployment. Handed to IR team for deeper review.,Firewall
ALT004446,Orissa Mining Federation,low,2026-02-13 21:36:13,2026-02-14 00:55:34,no,Blocked source 10.5.110.141 at perimeter firewall pending further investigation. Root cause documented in case notes.,Endpoint
ALT002930,Himalayan Healthcare Network,medium,2026-02-21 08:14:13,2026-02-21 13:55:35,no,Matched pattern against known false-positive rule FP-91237; tuning request raised. Handed to IR team for deeper review.,Server
ALT003162,Indus Financial Services,low,2026-01-21 14:26:20,2026-01-21 20:17:53,no,Escalated to L2 after confirming lateral movement indicators on HOST-4775. Handed to IR team for deeper review.,Cloud Workload
ALT002108,Bharat Telecom Networks,medium,2026-05-12 10:19:15,2026-05-12 13:41:37,yes,Analysed PCAP sample; payload matched benign monitoring agent heartbeat. Added to suppression list after approval.,Endpoint
ALT004524,Pennar Cement Industries,low,2026-04-08 07:46:39,2026-04-08 10:39:31,no,Documented as benign positive; rule threshold adjusted after peer review. Closed as benign positive.,Firewall
ALT002605,Eastern Grid Utility,high,2026-05-13 13:10:26,2026-05-13 17:56:57,yes,Verified backup job schedule; traffic volume consistent with nightly replication. Root cause documented in case notes.,IoT Device
ALT004044,Malabar Gas Pipelines,medium,2026-04-14 23:53:00,2026-04-15 04:59:14,no,Traced outbound connection to approved vendor endpoint; verified against allowlist. Added to suppression list after approval.,Cloud Workload
ALT003466,Jupiter Aviation Control,medium,2026-04-11 22:31:38,2026-04-12 00:39:16,no,Matched pattern against known false-positive rule FP-82613; tuning request raised. Added to suppression list after approval.,IoT Device
ALT002704,Godavari Chemicals,critical,2026-02-28 02:08:21,2026-02-28 04:15:05,yes,Identified misconfigured scanner generating repeat alerts; owner notified. Ticket closed with owner sign-off.,Network Device
ALT000704,Nilgiri Water Authority,low,2026-02-13 04:52:49,2026-02-13 10:48:47,no,Reviewed source IP 10.12.221.17 against internal threat intel; no IOC match. Added to suppression list after approval.,Cloud Workload
ALT002938,Himalayan Healthcare Network,medium,2026-04-15 21:31:14,2026-04-16 03:09:09,no,Ran memory capture on HOST-6622; no injected process artefacts identified. Ticket closed with owner sign-off.,Network Device
ALT001093,Arcadia Defence Systems,low,2026-03-03 06:27:17,2026-03-03 11:22:03,no,Contacted user nrao via Teams; confirmed they initiated the session from Mumbai office.,Endpoint
ALT002443,Cauvery Logistics Corp,low,2026-02-24 07:57:02,2026-02-24 10:02:55,yes,Verified backup job schedule; traffic volume consistent with nightly replication. Closed as benign positive.,Server
ALT002223,Bharat Telecom Networks,medium,2026-05-05 08:54:23,2026-05-05 14:22:22,no,Confirmed geolocation anomaly caused by corporate VPN egress node change. Added to suppression list after approval.,Cloud Workload
ALT002048,Apex Power Grid Ltd,medium,2026-01-17 05:04:40,2026-01-17 08:13:47,no,Validated certificate chain; expired intermediate replaced by infrastructure team. Root cause documented in case notes.,Cloud Workload
ALT001117,Arcadia Defence Systems,low,2026-01-21 12:07:20,2026-01-21 14:42:18,no,Coordinated with network team; ACL change on HOST-4631 explains traffic shift. Handed to IR team for deeper review.,Endpoint
ALT002199,Bharat Telecom Networks,low,2026-06-13 18:48:40,2026-06-13 20:59:34,no,Analysed PCAP sample; payload matched benign monitoring agent heartbeat. Handed to IR team for deeper review.,Database
ALT000764,Arcadia Defence Systems,low,2026-02-20 03:55:22,2026-02-20 06:01:52,no,Queried SIEM for related events across 24h window; no corroborating activity found. Ticket closed with owner sign-off.,Server
ALT002790,Godavari Chemicals,low,2026-04-18 07:12:35,2026-04-18 09:44:07,no,,Firewall
ALT003972,Malabar Gas Pipelines,low,2026-05-13 08:57:21,2026-05-13 13:36:58,no,Matched pattern against known false-positive rule FP-51185; tuning request raised. Root cause documented in case notes.,Endpoint
ALT004293,Orissa Mining Federation,medium,2026-03-10 07:59:44,2026-03-10 13:43:51,yes,Coordinated with network team; ACL change on HOST-9624 explains traffic shift. Closed as benign positive.,Network Device
ALT003163,Indus Financial Services,low,2026-01-04 07:27:09,2026-01-04 12:55:27,no,Ran memory capture on HOST-8944; no injected process artefacts identified.,IoT Device
ALT003360,Jupiter Aviation Control,low,2026-04-29 06:32:50,2026-04-29 11:12:29,no,Isolated endpoint HOST-4224 for forensic triage; full disk scan returned clean. Handed to IR team for deeper review.,Network Device
ALT003175,Indus Financial Services,low,2026-05-29 08:25:10,2026-05-29 11:51:59,yes,Isolated endpoint HOST-9657 for forensic triage; full disk scan returned clean. Monitoring continued for 48 hours.,Database
ALT000757,Arcadia Defence Systems,low,2026-06-02 20:25:52,2026-06-03 01:34:39,yes,Compared hash against VirusTotal offline signature set; no detections. Added to suppression list after approval.,Cloud Workload
ALT001041,Arcadia Defence Systems,low,2026-06-26 12:04:06,,no,Reset credentials for tgeorge as precaution; no evidence of compromise. Closed as benign positive.,Database
ALT000894,Arcadia Defence Systems,low,2026-03-26 21:03:54,2026-03-27 02:55:59,no,Matched pattern against known false-positive rule FP-63893; tuning request raised. Closed as benign positive.,Cloud Workload
ALT001060,Arcadia Defence Systems,critical,2026-05-15 15:56:28,2026-05-15 20:32:45,no,Identified misconfigured scanner generating repeat alerts; owner notified. Handed to IR team for deeper review.,Endpoint
ALT000979,Arcadia Defence Systems,low,2026-01-14 11:11:51,2026-01-14 14:22:25,no,Cross-referenced with change management ticket CHG-75696; scheduled maintenance window. Root cause documented in case notes.,Network Device
ALT001546,Konkan Maritime Ltd,medium,2026-04-14 13:40:56,2026-04-15 01:09:36,no,Blocked source 10.23.102.21 at perimeter firewall pending further investigation. Ticket closed with owner sign-off.,Cloud Workload
ALT001566,Konkan Maritime Ltd,critical,2026-06-27 20:05:22,2026-06-28 07:40:05,yes,Coordinated with network team; ACL change on HOST-1747 explains traffic shift. Added to suppression list after approval.,Server
ALT000263,Meridian Trust Bank,critical,2026-05-24 18:53:58,2026-05-24 18:55:20,yes,"checked, ok",Identity Provider
ALT000366,Kaveri Power Holdings,critical,2026-04-25 02:54:16,2026-04-25 05:48:27,no,Contacted user kiyer via Teams; confirmed they initiated the session from Mumbai office. Root cause documented in case notes.,Database
ALT003084,Indus Financial Services,low,2026-05-23 22:00:40,2026-05-24 02:17:54,no,Compared hash against VirusTotal offline signature set; no detections. No further action required.,Network Device
ALT001356,Arcadia Defence Systems,low,2026-01-01 04:50:43,2026-01-01 08:56:30,yes,Blocked source 10.48.214.138 at perimeter firewall pending further investigation. Ticket closed with owner sign-off.,Endpoint
ALT000363,Kaveri Power Holdings,low,2026-06-15 07:09:11,2026-06-15 10:53:46,no,n/a,IoT Device
ALT002259,Bharat Telecom Networks,medium,2026-04-30 03:31:18,2026-04-30 07:28:15,no,Validated certificate chain; expired intermediate replaced by infrastructure team.,Endpoint
ALT003727,Lakshmi Insurance Group,high,2026-05-10 22:18:35,2026-05-11 03:18:50,no,Queried SIEM for related events across 24h window; no corroborating activity found. Handed to IR team for deeper review.,Server
ALT001594,Konkan Maritime Ltd,high,2026-04-22 11:12:49,2026-04-22 22:57:35,yes,Isolated endpoint HOST-7142 for forensic triage; full disk scan returned clean. Added to suppression list after approval.,Identity Provider
ALT000869,Arcadia Defence Systems,high,2026-03-28 10:33:09,2026-03-28 13:28:02,yes,Sandbox detonation of attachment returned no malicious behaviour. Handed to IR team for deeper review.,Database
ALT004418,Orissa Mining Federation,medium,2026-02-21 03:24:57,2026-02-21 07:54:32,yes,Validated certificate chain; expired intermediate replaced by infrastructure team. Handed to IR team for deeper review.,Firewall
ALT004502,Pennar Cement Industries,low,2026-01-16 10:29:07,2026-01-16 15:24:41,no,Queried SIEM for related events across 24h window; no corroborating activity found. Root cause documented in case notes.,Firewall
ALT000902,Arcadia Defence Systems,medium,2026-01-06 00:15:07,2026-01-06 04:23:41,yes,Identified misconfigured scanner generating repeat alerts; owner notified. Handed to IR team for deeper review.,Firewall
ALT000746,Arcadia Defence Systems,low,2026-02-12 02:30:48,2026-02-12 05:41:08,no,Cross-referenced with change management ticket CHG-77555; scheduled maintenance window. Handed to IR team for deeper review.,Database
ALT001363,Arcadia Defence Systems,medium,2026-02-16 03:11:41,2026-02-16 05:37:29,no,Cross-referenced with change management ticket CHG-11002; scheduled maintenance window.,Network Device
ALT001351,Arcadia Defence Systems,high,2026-01-01 00:22:31,2026-01-01 02:46:48,yes,Queried SIEM for related events across 24h window; no corroborating activity found. Closed as benign positive.,Database
ALT001275,Arcadia Defence Systems,medium,2026-05-20 10:44:12,2026-05-20 13:59:55,no,Correlated with authentication logs for user tgeorge; prior successful VPN session confirmed. Ticket closed with owner sign-off.,Endpoint
ALT001055,Arcadia Defence Systems,low,2026-03-30 07:08:59,2026-03-30 09:47:35,no,Confirmed geolocation anomaly caused by corporate VPN egress node change. No further action required.,Firewall
ALT001357,Arcadia Defence Systems,medium,2026-06-26 18:27:34,2026-06-26 23:04:36,yes,Isolated endpoint HOST-9997 for forensic triage; full disk scan returned clean. Ticket closed with owner sign-off.,Database
ALT001327,Arcadia Defence Systems,low,2026-05-02 05:51:57,2026-05-02 11:39:30,yes,Validated certificate chain; expired intermediate replaced by infrastructure team. No further action required.,IoT Device
ALT000875,Arcadia Defence Systems,low,2026-02-24 23:33:10,2026-02-25 02:22:11,no,Confirmed geolocation anomaly caused by corporate VPN egress node change.,Server
ALT001158,Arcadia Defence Systems,medium,2026-03-03 01:55:55,2026-03-03 07:53:44,yes,Compared hash against VirusTotal offline signature set; no detections. Handed to IR team for deeper review.,Endpoint
ALT001095,Arcadia Defence Systems,medium,2026-04-11 03:45:01,2026-04-11 07:28:46,no,Analysed PCAP sample; payload matched benign monitoring agent heartbeat. Root cause documented in case notes.,Network Device
ALT000964,Arcadia Defence Systems,low,2026-02-12 03:59:24,2026-02-12 06:27:53,no,Reviewed EDR telemetry timeline; parent process traced to legitimate installer. Monitoring continued for 48 hours.,Firewall
ALT000745,Arcadia Defence Systems,medium,2026-01-08 03:05:12,2026-01-08 05:11:50,no,"Checked DNS query history; domain registered 400+ days ago, low risk profile. Monitoring continued for 48 hours.",IoT Device
ALT000524,Kaveri Power Holdings,low,2026-04-21 21:07:54,2026-04-22 00:38:09,no,reviewed,Database
ALT004313,Orissa Mining Federation,low,2026-06-01 17:27:38,2026-06-01 22:43:28,no,Reviewed privileged access logs; elevation was approved under ticket REQ-49971. Ticket closed with owner sign-off.,Firewall
ALT004452,Orissa Mining Federation,low,2026-02-04 21:04:49,2026-02-05 02:14:17,no,Verified backup job schedule; traffic volume consistent with nightly replication. No further action required.,Cloud Workload
ALT000144,Meridian Trust Bank,high,2026-06-18 07:24:35,2026-06-18 07:25:27,no,"checked, ok",Database
ALT001094,Arcadia Defence Systems,medium,2026-05-09 10:27:23,2026-05-09 13:43:48,no,Reviewed source IP 10.7.83.175 against internal threat intel; no IOC match. Added to suppression list after approval.,Cloud Workload
ALT001097,Arcadia Defence Systems,medium,2026-05-14 13:06:45,2026-05-14 19:04:21,no,Identified misconfigured scanner generating repeat alerts; owner notified.,Network Device
ALT002706,Godavari Chemicals,medium,2026-03-23 07:35:01,2026-03-23 12:14:38,no,Identified misconfigured scanner generating repeat alerts; owner notified. Handed to IR team for deeper review.,Endpoint
ALT000831,Arcadia Defence Systems,low,2026-01-24 17:01:07,2026-01-24 22:06:24,no,Escalated to L2 after confirming lateral movement indicators on HOST-8901. No further action required.,Cloud Workload
ALT004458,Orissa Mining Federation,low,2026-05-31 03:38:07,2026-05-31 06:24:16,no,Documented as benign positive; rule threshold adjusted after peer review. Closed as benign positive.,Endpoint
ALT004206,Narmada Steel Works,medium,2026-06-05 02:25:15,2026-06-05 04:53:48,yes,Queried SIEM for related events across 24h window; no corroborating activity found. Closed as benign positive.,Cloud Workload
ALT001367,Arcadia Defence Systems,critical,2026-05-05 13:38:19,2026-05-05 17:37:28,no,Correlated with authentication logs for user rkumar; prior successful VPN session confirmed. Root cause documented in case notes.,Server
ALT003985,Malabar Gas Pipelines,medium,2026-01-26 15:26:19,2026-01-26 19:55:27,yes,Isolated endpoint HOST-4073 for forensic triage; full disk scan returned clean. Added to suppression list after approval.,Endpoint
ALT002325,Cauvery Logistics Corp,low,2026-01-26 06:55:02,2026-01-26 09:46:38,no,Sandbox detonation of attachment returned no malicious behaviour. Closed as benign positive.,Firewall
ALT003628,Krishna Port Authority,high,2026-01-27 14:49:29,2026-01-27 19:28:27,no,"Checked DNS query history; domain registered 400+ days ago, low risk profile. Ticket closed with owner sign-off.",Server
ALT003743,Lakshmi Insurance Group,low,2026-05-20 17:05:36,2026-05-20 19:49:18,no,,Database
ALT001224,Arcadia Defence Systems,low,2026-02-17 14:19:43,2026-02-17 17:41:58,yes,Ran memory capture on HOST-3429; no injected process artefacts identified. Monitoring continued for 48 hours.,Identity Provider
ALT003380,Jupiter Aviation Control,medium,2026-01-06 23:06:38,2026-01-07 01:56:33,no,Reviewed privileged access logs; elevation was approved under ticket REQ-22065. Added to suppression list after approval.,Database
ALT003289,Jupiter Aviation Control,high,2026-04-15 21:08:16,2026-04-16 02:32:52,no,Documented as benign positive; rule threshold adjusted after peer review. Handed to IR team for deeper review.,IoT Device
ALT003503,Krishna Port Authority,high,2026-01-28 06:29:58,2026-01-28 10:29:36,yes,Matched pattern against known false-positive rule FP-71046; tuning request raised.,Firewall
ALT004068,Malabar Gas Pipelines,critical,2026-04-14 18:35:03,2026-04-14 23:26:28,yes,Ran memory capture on HOST-7742; no injected process artefacts identified. Ticket closed with owner sign-off.,Cloud Workload
ALT004620,Pennar Cement Industries,medium,2026-06-29 07:58:01,2026-06-29 12:57:15,no,Reviewed privileged access logs; elevation was approved under ticket REQ-65619. Added to suppression list after approval.,Endpoint
ALT004588,Pennar Cement Industries,high,2026-03-27 23:01:13,2026-03-28 01:40:15,no,Contacted user apatel via Teams; confirmed they initiated the session from Mumbai office. No further action required.,Server
ALT002055,Apex Power Grid Ltd,low,2026-05-06 22:18:06,2026-05-07 02:04:58,no,Sandbox detonation of attachment returned no malicious behaviour. Monitoring continued for 48 hours.,Server
ALT000922,Arcadia Defence Systems,low,2026-03-30 01:14:34,2026-03-30 04:15:56,no,Confirmed geolocation anomaly caused by corporate VPN egress node change. Handed to IR team for deeper review.,Database
ALT003237,Indus Financial Services,low,2026-04-22 04:59:21,2026-04-22 09:21:14,no,Confirmed with asset owner that HOST-3362 was undergoing patch deployment.,IoT Device
ALT000741,Arcadia Defence Systems,medium,2026-06-08 01:06:50,2026-06-08 06:54:16,no,Confirmed with asset owner that HOST-2354 was undergoing patch deployment. Monitoring continued for 48 hours.,Firewall
ALT002970,Himalayan Healthcare Network,low,2026-02-03 23:05:07,2026-02-04 04:32:14,no,Analysed PCAP sample; payload matched benign monitoring agent heartbeat. Root cause documented in case notes.,Cloud Workload
ALT001416,Arcadia Defence Systems,critical,2026-03-16 13:08:16,2026-03-16 17:45:06,yes,Reviewed privileged access logs; elevation was approved under ticket REQ-52269. Handed to IR team for deeper review.,Network Device
ALT003192,Indus Financial Services,medium,2026-01-30 17:39:33,2026-01-30 23:22:10,no,Traced outbound connection to approved vendor endpoint; verified against allowlist. Added to suppression list after approval.,Identity Provider
ALT000053,Meridian Trust Bank,medium,2026-01-04 00:31:47,2026-01-04 00:35:05,no,"checked, ok",Database
ALT003375,Jupiter Aviation Control,medium,2026-01-11 23:55:24,,no,Verified backup job schedule; traffic volume consistent with nightly replication. No further action required.,Firewall
ALT003005,Himalayan Healthcare Network,low,2026-02-10 10:24:43,2026-02-10 13:31:06,no,Reset credentials for jsmith as precaution; no evidence of compromise. Ticket closed with owner sign-off.,Network Device
ALT003304,Jupiter Aviation Control,low,2026-02-10 17:13:03,2026-02-10 19:23:05,no,Validated certificate chain; expired intermediate replaced by infrastructure team. No further action required.,Firewall
ALT003296,Jupiter Aviation Control,medium,2026-04-10 12:08:05,2026-04-10 16:35:08,no,Ran memory capture on HOST-9200; no injected process artefacts identified. Ticket closed with owner sign-off.,Network Device
ALT003936,Malabar Gas Pipelines,low,2026-01-22 18:28:51,2026-01-22 21:10:10,yes,"Checked DNS query history; domain registered 400+ days ago, low risk profile.",Endpoint
ALT001490,Konkan Maritime Ltd,high,2026-06-24 19:11:28,,yes,Identified misconfigured scanner generating repeat alerts; owner notified. Added to suppression list after approval.,Cloud Workload
ALT001332,Arcadia Defence Systems,low,2026-03-12 18:53:56,2026-03-12 22:45:38,no,Confirmed geolocation anomaly caused by corporate VPN egress node change. No further action required.,Network Device
ALT001242,Arcadia Defence Systems,critical,2026-03-09 09:04:27,2026-03-09 13:05:06,yes,Traced outbound connection to approved vendor endpoint; verified against allowlist. Added to suppression list after approval.,Server
ALT001056,Arcadia Defence Systems,low,2026-05-23 04:31:35,2026-05-23 08:27:26,no,"Checked DNS query history; domain registered 400+ days ago, low risk profile. No further action required.",IoT Device
ALT002395,Cauvery Logistics Corp,low,2026-05-25 07:04:10,2026-05-25 09:34:07,no,Matched pattern against known false-positive rule FP-54296; tuning request raised. Handed to IR team for deeper review.,IoT Device
ALT002455,Cauvery Logistics Corp,low,2026-04-24 05:28:00,2026-04-24 08:13:28,no,Validated certificate chain; expired intermediate replaced by infrastructure team. Handed to IR team for deeper review.,Cloud Workload
ALT002369,Cauvery Logistics Corp,low,2026-06-09 14:36:54,2026-06-09 17:28:00,no,Compared hash against VirusTotal offline signature set; no detections. Monitoring continued for 48 hours.,Network Device
ALT003605,Krishna Port Authority,medium,2026-06-15 21:05:51,2026-06-16 01:19:41,no,Analysed PCAP sample; payload matched benign monitoring agent heartbeat. Root cause documented in case notes.,Identity Provider
ALT002300,Cauvery Logistics Corp,critical,2026-02-21 23:17:34,2026-02-22 04:29:08,no,Verified backup job schedule; traffic volume consistent with nightly replication. Closed as benign positive.,IoT Device
ALT000350,Kaveri Power Holdings,critical,2026-02-27 22:16:40,2026-02-27 22:21:27,yes,Matched pattern against known false-positive rule FP-42862; tuning request raised.,Network Device
ALT000569,Nilgiri Water Authority,low,2026-02-19 08:28:37,2026-02-19 13:13:00,no,Identified misconfigured scanner generating repeat alerts; owner notified. Root cause documented in case notes.,Firewall
ALT002481,Eastern Grid Utility,critical,2026-03-27 16:44:31,2026-03-27 20:06:26,yes,Sandbox detonation of attachment returned no malicious behaviour. Root cause documented in case notes.,IoT Device
ALT000103,Meridian Trust Bank,low,2026-02-27 06:36:36,2026-02-27 06:39:59,no,n/a,Database
ALT000465,Kaveri Power Holdings,low,2026-05-16 17:00:15,2026-05-16 21:25:56,no,Documented as benign positive; rule threshold adjusted after peer review. Closed as benign positive.,Firewall
ALT003577,Krishna Port Authority,medium,2026-01-04 10:34:32,2026-01-04 15:21:19,no,,Endpoint
ALT000772,Arcadia Defence Systems,low,2026-05-04 20:23:53,2026-05-04 22:33:16,yes,Verified backup job schedule; traffic volume consistent with nightly replication. No further action required.,Database
ALT002116,Bharat Telecom Networks,medium,2026-01-27 01:56:35,2026-01-27 05:02:29,yes,Verified backup job schedule; traffic volume consistent with nightly replication. Added to suppression list after approval.,Endpoint
ALT001834,Deccan Health Network,medium,2026-01-26 13:54:38,2026-01-26 15:55:13,no,Correlated with authentication logs for user schen; prior successful VPN session confirmed. Ticket closed with owner sign-off.,IoT Device
ALT001165,Arcadia Defence Systems,medium,2026-02-05 08:32:36,2026-02-05 14:11:36,yes,Contacted user dnair via Teams; confirmed they initiated the session from Mumbai office. Closed as benign positive.,Firewall
ALT003241,Indus Financial Services,low,2026-05-03 02:05:52,2026-05-03 06:48:28,no,Sandbox detonation of attachment returned no malicious behaviour. Monitoring continued for 48 hours.,Endpoint
ALT002330,Cauvery Logistics Corp,low,2026-01-12 15:04:11,2026-01-12 18:39:33,no,Correlated with authentication logs for user bshah; prior successful VPN session confirmed. Ticket closed with owner sign-off.,Server
ALT002373,Cauvery Logistics Corp,low,2026-06-07 17:02:43,2026-06-07 20:53:56,no,Analysed PCAP sample; payload matched benign monitoring agent heartbeat. Added to suppression list after approval.,Server
ALT003358,Jupiter Aviation Control,low,2026-02-15 21:24:37,2026-02-16 00:38:47,no,Isolated endpoint HOST-5189 for forensic triage; full disk scan returned clean. Monitoring continued for 48 hours.,Identity Provider
ALT000006,Meridian Trust Bank,medium,2026-04-20 21:49:32,2026-04-20 21:51:58,no,"checked, ok",Network Device
ALT000839,Arcadia Defence Systems,medium,2026-02-08 12:40:15,2026-02-08 16:39:39,no,Reviewed EDR telemetry timeline; parent process traced to legitimate installer.,Network Device
ALT004506,Pennar Cement Industries,low,2026-05-30 21:05:12,,no,Compared hash against VirusTotal offline signature set; no detections. Handed to IR team for deeper review.,Server
ALT001911,Apex Power Grid Ltd,medium,2026-05-14 10:38:41,2026-05-14 14:43:28,no,"Checked DNS query history; domain registered 400+ days ago, low risk profile.",IoT Device
ALT001024,Arcadia Defence Systems,low,2026-02-04 10:06:56,2026-02-04 15:29:11,no,Isolated endpoint HOST-2832 for forensic triage; full disk scan returned clean. Handed to IR team for deeper review.,Identity Provider
ALT004460,Orissa Mining Federation,medium,2026-02-22 15:22:00,2026-02-22 19:12:25,yes,Identified misconfigured scanner generating repeat alerts; owner notified. Handed to IR team for deeper review.,Network Device
ALT003585,Krishna Port Authority,medium,2026-01-06 03:22:06,2026-01-06 05:56:22,no,Escalated to L2 after confirming lateral movement indicators on HOST-5418. Root cause documented in case notes.,Endpoint
ALT001578,Konkan Maritime Ltd,high,2026-04-29 22:33:49,2026-04-30 08:23:58,yes,Coordinated with network team; ACL change on HOST-5678 explains traffic shift. Ticket closed with owner sign-off.,Cloud Workload
ALT002622,Eastern Grid Utility,high,2026-03-20 02:03:24,2026-03-20 07:25:58,no,Confirmed with asset owner that HOST-2186 was undergoing patch deployment. Closed as benign positive.,IoT Device
ALT001498,Konkan Maritime Ltd,medium,2026-01-11 03:43:49,2026-01-11 12:44:57,no,Analysed PCAP sample; payload matched benign monitoring agent heartbeat. Handed to IR team for deeper review.,Cloud Workload
ALT003036,Himalayan Healthcare Network,medium,2026-02-09 13:57:59,2026-02-09 19:36:55,no,Blocked source 10.32.242.55 at perimeter firewall pending further investigation. No further action required.,Network Device
ALT000558,Nilgiri Water Authority,low,2026-04-28 16:40:21,2026-04-28 22:10:06,no,Traced outbound connection to approved vendor endpoint; verified against allowlist.,Identity Provider
ALT004250,Narmada Steel Works,medium,2026-04-27 11:00:51,2026-04-27 16:20:58,no,Identified misconfigured scanner generating repeat alerts; owner notified. Handed to IR team for deeper review.,IoT Device
ALT000855,Arcadia Defence Systems,high,2026-02-07 07:41:36,2026-02-07 12:15:42,no,Reviewed source IP 10.41.196.232 against internal threat intel; no IOC match. No further action required.,IoT Device
ALT001441,Arcadia Defence Systems,low,2026-03-11 18:29:06,2026-03-11 20:29:52,no,Coordinated with network team; ACL change on HOST-8409 explains traffic shift. Handed to IR team for deeper review.,Endpoint
ALT004463,Orissa Mining Federation,high,2026-04-07 21:35:51,2026-04-08 03:33:02,yes,Analysed PCAP sample; payload matched benign monitoring agent heartbeat. Monitoring continued for 48 hours.,Database
ALT002378,Cauvery Logistics Corp,medium,2026-03-08 01:09:58,2026-03-08 06:40:18,no,Confirmed geolocation anomaly caused by corporate VPN egress node change.,IoT Device
ALT002678,Eastern Grid Utility,low,2026-01-20 15:45:56,2026-01-20 19:15:13,yes,Documented as benign positive; rule threshold adjusted after peer review. Handed to IR team for deeper review.,Network Device
ALT000789,Arcadia Defence Systems,low,2026-02-24 00:03:44,2026-02-24 04:56:23,no,Verified backup job schedule; traffic volume consistent with nightly replication. No further action required.,Cloud Workload
ALT002877,Himalayan Healthcare Network,low,2026-02-11 07:55:51,2026-02-11 10:52:55,no,Compared hash against VirusTotal offline signature set; no detections. Monitoring continued for 48 hours.,Cloud Workload
ALT003889,Malabar Gas Pipelines,medium,2026-02-08 06:17:28,2026-02-08 08:37:12,no,Analysed PCAP sample; payload matched benign monitoring agent heartbeat. Ticket closed with owner sign-off.,Database
ALT001641,Konkan Maritime Ltd,medium,2026-05-25 06:12:16,2026-05-25 13:41:06,no,Cross-referenced with change management ticket CHG-25711; scheduled maintenance window. Closed as benign positive.,Cloud Workload
ALT001835,Deccan Health Network,low,2026-06-27 08:33:04,,no,Ran memory capture on HOST-7453; no injected process artefacts identified. No further action required.,IoT Device
ALT002885,Himalayan Healthcare Network,low,2026-02-03 01:14:02,2026-02-03 03:48:23,no,Identified misconfigured scanner generating repeat alerts; owner notified.,Firewall
ALT003355,Jupiter Aviation Control,low,2026-01-25 00:19:32,2026-01-25 03:04:47,no,Traced outbound connection to approved vendor endpoint; verified against allowlist. Closed as benign positive.,IoT Device
ALT001124,Arcadia Defence Systems,low,2026-06-07 07:07:51,2026-06-07 12:03:52,yes,Reviewed privileged access logs; elevation was approved under ticket REQ-20181.,Cloud Workload
ALT000575,Nilgiri Water Authority,low,2026-06-27 16:34:30,2026-06-27 20:39:29,yes,Cross-referenced with change management ticket CHG-21463; scheduled maintenance window. Ticket closed with owner sign-off.,Network Device
ALT003025,Himalayan Healthcare Network,low,2026-02-15 21:34:00,2026-02-16 02:27:20,no,Ran memory capture on HOST-4428; no injected process artefacts identified.,Network Device
ALT000083,Meridian Trust Bank,high,2026-06-08 15:32:20,2026-06-08 15:34:04,no,"checked, ok",Firewall
ALT004194,Narmada Steel Works,medium,2026-06-08 19:49:15,2026-06-09 01:37:24,no,Identified misconfigured scanner generating repeat alerts; owner notified. Ticket closed with owner sign-off.,Server
ALT002587,Eastern Grid Utility,low,2026-04-14 15:54:59,2026-04-14 17:56:37,no,Coordinated with network team; ACL change on HOST-4624 explains traffic shift. Closed as benign positive.,Cloud Workload
ALT001874,Apex Power Grid Ltd,low,2026-02-20 22:25:45,2026-02-21 01:10:20,no,Verified backup job schedule; traffic volume consistent with nightly replication.,IoT Device
ALT001795,Deccan Health Network,high,2026-06-02 04:39:52,2026-06-02 09:02:46,no,Escalated to L2 after confirming lateral movement indicators on HOST-3063. Ticket closed with owner sign-off.,Database
ALT001277,Arcadia Defence Systems,low,2026-06-29 02:36:27,2026-06-29 05:59:05,no,Escalated to L2 after confirming lateral movement indicators on HOST-2026. Ticket closed with owner sign-off.,Server
ALT002090,Bharat Telecom Networks,medium,2026-01-02 10:25:24,2026-01-02 12:48:55,no,Identified misconfigured scanner generating repeat alerts; owner notified.,Database
ALT001261,Arcadia Defence Systems,critical,2026-01-15 13:49:35,2026-01-15 18:59:17,no,Validated certificate chain; expired intermediate replaced by infrastructure team.,Endpoint
ALT001137,Arcadia Defence Systems,medium,2026-02-17 00:14:04,2026-02-17 02:48:41,yes,Traced outbound connection to approved vendor endpoint; verified against allowlist. Ticket closed with owner sign-off.,Network Device
ALT001121,Arcadia Defence Systems,high,2026-04-04 16:53:31,2026-04-04 19:53:18,no,Reviewed privileged access logs; elevation was approved under ticket REQ-49626.,Cloud Workload
ALT000117,Meridian Trust Bank,high,2026-03-13 14:27:11,2026-03-13 14:28:38,no,"checked, ok",Cloud Workload
ALT002051,Apex Power Grid Ltd,high,2026-03-08 15:47:38,2026-03-08 20:32:49,yes,Documented as benign positive; rule threshold adjusted after peer review. Handed to IR team for deeper review.,Firewall
ALT000771,Arcadia Defence Systems,low,2026-01-03 11:01:45,2026-01-03 15:43:00,no,Identified misconfigured scanner generating repeat alerts; owner notified.,Endpoint
ALT003435,Jupiter Aviation Control,high,2026-03-14 20:33:12,2026-03-15 01:04:20,yes,Ran memory capture on HOST-4714; no injected process artefacts identified.,Firewall
ALT001764,Deccan Health Network,low,2026-05-12 14:17:56,2026-05-12 19:04:02,no,closed,Endpoint
ALT001806,Deccan Health Network,low,2026-05-14 04:36:43,2026-05-14 08:25:47,no,closed,Database
ALT001259,Arcadia Defence Systems,medium,2026-06-20 05:58:44,2026-06-20 10:05:56,no,,Database
ALT001062,Arcadia Defence Systems,low,2026-03-09 13:32:38,2026-03-09 17:34:12,no,Correlated with authentication logs for user schen; prior successful VPN session confirmed. Root cause documented in case notes.,Firewall
ALT001153,Arcadia Defence Systems,high,2026-01-13 17:23:48,2026-01-13 20:56:28,no,Verified backup job schedule; traffic volume consistent with nightly replication. Added to suppression list after approval.,Cloud Workload
ALT003745,Lakshmi Insurance Group,low,2026-05-31 12:33:52,2026-05-31 16:59:14,no,Reset credentials for apatel as precaution; no evidence of compromise.,Network Device
ALT000649,Nilgiri Water Authority,medium,2026-01-02 21:34:25,2026-01-03 02:11:43,no,Validated certificate chain; expired intermediate replaced by infrastructure team.,Server
ALT003862,Lakshmi Insurance Group,low,2026-02-12 06:16:43,2026-02-12 09:30:34,no,Cross-referenced with change management ticket CHG-90322; scheduled maintenance window. Closed as benign positive.,Network Device
ALT000013,Meridian Trust Bank,low,2026-04-30 14:53:29,2026-04-30 14:56:19,no,"checked, ok",Network Device
ALT004363,Orissa Mining Federation,high,2026-05-10 07:19:03,2026-05-10 11:35:04,no,"Checked DNS query history; domain registered 400+ days ago, low risk profile. No further action required.",Identity Provider
ALT004152,Narmada Steel Works,low,2026-03-29 06:38:28,2026-03-29 11:47:19,no,Blocked source 10.6.61.63 at perimeter firewall pending further investigation. Monitoring continued for 48 hours.,Firewall
ALT004000,Malabar Gas Pipelines,high,2026-02-04 08:01:31,2026-02-04 13:52:41,yes,Reviewed EDR telemetry timeline; parent process traced to legitimate installer. Ticket closed with owner sign-off.,Network Device
ALT004523,Pennar Cement Industries,medium,2026-01-02 08:27:27,2026-01-02 10:38:47,no,Blocked source 10.2.28.111 at perimeter firewall pending further investigation. Handed to IR team for deeper review.,Cloud Workload
ALT000166,Meridian Trust Bank,medium,2026-05-16 10:17:14,2026-05-16 10:20:44,no,n/a,Identity Provider
ALT003844,Lakshmi Insurance Group,high,2026-01-28 01:35:13,2026-01-28 03:56:49,yes,Reviewed EDR telemetry timeline; parent process traced to legitimate installer. Monitoring continued for 48 hours.,Network Device
ALT003181,Indus Financial Services,medium,2026-04-16 02:15:16,2026-04-16 07:12:11,no,Reviewed source IP 10.24.235.113 against internal threat intel; no IOC match. No further action required.,Cloud Workload
ALT002669,Eastern Grid Utility,medium,2026-05-30 22:19:15,2026-05-31 03:53:58,no,Confirmed geolocation anomaly caused by corporate VPN egress node change. Added to suppression list after approval.,Network Device
ALT003357,Jupiter Aviation Control,high,2026-01-25 04:52:44,2026-01-25 09:26:37,yes,Verified backup job schedule; traffic volume consistent with nightly replication. Added to suppression list after approval.,Server
ALT001769,Deccan Health Network,medium,2026-02-15 04:25:35,2026-02-15 09:33:16,yes,Analysed PCAP sample; payload matched benign monitoring agent heartbeat. Handed to IR team for deeper review.,Network Device
ALT004329,Orissa Mining Federation,low,2026-05-16 14:37:34,2026-05-16 17:58:30,no,,Endpoint
ALT003845,Lakshmi Insurance Group,low,2026-06-17 11:42:20,2026-06-17 14:42:33,no,Isolated endpoint HOST-4648 for forensic triage; full disk scan returned clean. Monitoring continued for 48 hours.,Network Device
ALT004369,Orissa Mining Federation,low,2026-01-06 09:20:06,2026-01-06 11:54:44,no,Coordinated with network team; ACL change on HOST-1818 explains traffic shift. Root cause documented in case notes.,Firewall
ALT004066,Malabar Gas Pipelines,low,2026-06-28 04:07:46,2026-06-28 09:27:10,no,Ran memory capture on HOST-8053; no injected process artefacts identified. No further action required.,IoT Device
ALT001053,Arcadia Defence Systems,low,2026-01-26 17:10:52,2026-01-26 21:24:18,no,Analysed PCAP sample; payload matched benign monitoring agent heartbeat. Ticket closed with owner sign-off.,Endpoint
ALT003255,Indus Financial Services,high,2026-05-03 17:58:07,2026-05-03 20:45:54,yes,Coordinated with network team; ACL change on HOST-5210 explains traffic shift. Closed as benign positive.,Database
ALT004197,Narmada Steel Works,medium,2026-01-31 04:49:43,2026-01-31 08:15:44,no,Escalated to L2 after confirming lateral movement indicators on HOST-3318. Monitoring continued for 48 hours.,Identity Provider
ALT002540,Eastern Grid Utility,medium,2026-03-31 01:34:01,2026-03-31 04:38:02,no,,Network Device
ALT004639,Pennar Cement Industries,medium,2026-03-01 13:19:58,2026-03-01 16:51:43,no,Identified misconfigured scanner generating repeat alerts; owner notified. Monitoring continued for 48 hours.,Identity Provider
ALT001673,Deccan Health Network,high,2026-04-03 11:20:38,2026-04-03 11:24:12,no,Traced outbound connection to approved vendor endpoint; verified against allowlist. No further action required.,Database
ALT001747,Deccan Health Network,medium,2026-02-17 12:20:10,2026-02-17 16:06:52,no,Isolated endpoint HOST-1780 for forensic triage; full disk scan returned clean. Monitoring continued for 48 hours.,Identity Provider
ALT003318,Jupiter Aviation Control,critical,2026-06-10 04:07:16,2026-06-10 08:52:23,yes,Queried SIEM for related events across 24h window; no corroborating activity found. No further action required.,Cloud Workload
ALT004372,Orissa Mining Federation,low,2026-04-05 10:14:30,2026-04-05 16:10:29,yes,Documented as benign positive; rule threshold adjusted after peer review. No further action required.,Cloud Workload
ALT001950,Apex Power Grid Ltd,low,2026-02-02 02:26:51,2026-02-02 07:06:07,no,"Checked DNS query history; domain registered 400+ days ago, low risk profile. No further action required.",Server
ALT000201,Meridian Trust Bank,low,2026-04-29 17:46:48,2026-04-29 17:48:17,no,"checked, ok",Identity Provider
ALT000318,Kaveri Power Holdings,low,2026-06-17 20:12:05,2026-06-17 23:13:18,no,Reviewed EDR telemetry timeline; parent process traced to legitimate installer. Handed to IR team for deeper review.,Identity Provider
ALT003808,Lakshmi Insurance Group,medium,2026-03-17 08:58:17,2026-03-17 12:37:09,yes,Reviewed privileged access logs; elevation was approved under ticket REQ-39760. Root cause documented in case notes.,Server
ALT002079,Bharat Telecom Networks,medium,2026-05-19 10:40:51,2026-05-19 15:16:48,no,Ran memory capture on HOST-4743; no injected process artefacts identified. No further action required.,Server
ALT001739,Deccan Health Network,medium,2026-01-11 04:00:36,2026-01-11 09:57:09,no,"checked, ok",Database
ALT001147,Arcadia Defence Systems,low,2026-06-05 01:43:07,2026-06-05 07:24:53,no,Reset credentials for apatel as precaution; no evidence of compromise. No further action required.,Endpoint
ALT003046,Himalayan Healthcare Network,medium,2026-03-04 02:25:55,2026-03-04 07:22:07,no,Contacted user schen via Teams; confirmed they initiated the session from Mumbai office. Monitoring continued for 48 hours.,IoT Device
ALT004448,Orissa Mining Federation,high,2026-01-20 05:20:54,2026-01-20 07:29:17,no,Sandbox detonation of attachment returned no malicious behaviour.,Identity Provider
ALT001210,Arcadia Defence Systems,medium,2026-05-19 12:14:55,2026-05-19 16:51:52,no,Confirmed geolocation anomaly caused by corporate VPN egress node change. Ticket closed with owner sign-off.,Database
ALT002021,Apex Power Grid Ltd,medium,2026-01-01 22:22:36,2026-01-02 02:28:26,yes,Isolated endpoint HOST-9827 for forensic triage; full disk scan returned clean. Ticket closed with owner sign-off.,Firewall
ALT002264,Bharat Telecom Networks,low,2026-06-22 23:49:47,2026-06-23 02:53:51,no,Blocked source 10.14.82.49 at perimeter firewall pending further investigation. Added to suppression list after approval.,IoT Device
ALT003596,Krishna Port Authority,low,2026-03-04 02:07:05,2026-03-04 06:15:35,no,Sandbox detonation of attachment returned no malicious behaviour. Ticket closed with owner sign-off.,IoT Device
ALT002227,Bharat Telecom Networks,low,2026-03-05 10:50:00,2026-03-05 14:49:41,yes,Queried SIEM for related events across 24h window; no corroborating activity found. Handed to IR team for deeper review.,Identity Provider
ALT000670,Nilgiri Water Authority,low,2026-01-06 09:49:07,2026-01-06 14:37:40,no,Documented as benign positive; rule threshold adjusted after peer review. Monitoring continued for 48 hours.,Server
ALT000192,Meridian Trust Bank,low,2026-01-20 13:20:02,2026-01-20 13:24:28,no,n/a,Database
ALT001236,Arcadia Defence Systems,medium,2026-04-10 18:34:26,2026-04-10 22:55:54,no,Reset credentials for nrao as precaution; no evidence of compromise. Added to suppression list after approval.,IoT Device
ALT004507,Pennar Cement Industries,low,2026-06-06 04:07:40,2026-06-06 08:36:10,no,Identified misconfigured scanner generating repeat alerts; owner notified. Ticket closed with owner sign-off.,Server
ALT000386,Kaveri Power Holdings,low,2026-06-14 17:19:15,2026-06-14 20:41:44,yes,Analysed PCAP sample; payload matched benign monitoring agent heartbeat. Monitoring continued for 48 hours.,Firewall
ALT003077,Indus Financial Services,high,2026-01-02 12:50:53,2026-01-02 16:39:15,no,,Network Device
ALT003065,Himalayan Healthcare Network,low,2026-05-01 18:16:32,2026-05-01 23:10:01,no,Coordinated with network team; ACL change on HOST-5627 explains traffic shift. Handed to IR team for deeper review.,Network Device
ALT000444,Kaveri Power Holdings,low,2026-06-04 14:45:16,2026-06-04 19:30:54,no,Isolated endpoint HOST-2026 for forensic triage; full disk scan returned clean. Closed as benign positive.,Identity Provider
ALT002253,Bharat Telecom Networks,low,2026-05-20 01:58:07,2026-05-20 05:41:33,no,Matched pattern against known false-positive rule FP-30436; tuning request raised. Monitoring continued for 48 hours.,Database
ALT001112,Arcadia Defence Systems,medium,2026-01-31 04:40:06,2026-01-31 06:40:21,no,Reset credentials for jsmith as precaution; no evidence of compromise.,Cloud Workload
ALT002968,Himalayan Healthcare Network,high,2026-05-02 15:00:55,2026-05-02 18:57:32,no,Cross-referenced with change management ticket CHG-24453; scheduled maintenance window. Ticket closed with owner sign-off.,Network Device
ALT001133,Arcadia Defence Systems,low,2026-04-17 03:57:27,2026-04-17 09:35:23,yes,Validated certificate chain; expired intermediate replaced by infrastructure team. Closed as benign positive.,IoT Device
ALT002486,Eastern Grid Utility,low,2026-03-02 09:25:10,2026-03-02 12:32:57,no,Correlated with authentication logs for user rkumar; prior successful VPN session confirmed. Closed as benign positive.,Firewall
ALT001906,Apex Power Grid Ltd,low,2026-05-23 04:20:27,2026-05-23 08:47:19,no,Compared hash against VirusTotal offline signature set; no detections. No further action required.,Cloud Workload
ALT001115,Arcadia Defence Systems,low,2026-05-05 09:05:26,2026-05-05 13:55:55,no,,IoT Device
ALT001929,Apex Power Grid Ltd,critical,2026-03-01 08:29:11,2026-03-01 12:34:17,no,Traced outbound connection to approved vendor endpoint; verified against allowlist. Monitoring continued for 48 hours.,Endpoint
ALT000703,Nilgiri Water Authority,medium,2026-04-01 13:02:57,2026-04-01 18:27:34,yes,Confirmed geolocation anomaly caused by corporate VPN egress node change. Added to suppression list after approval.,Endpoint
ALT004462,Orissa Mining Federation,low,2026-03-06 05:25:56,2026-03-06 10:17:32,no,Reset credentials for jsmith as precaution; no evidence of compromise. Handed to IR team for deeper review.,Identity Provider
ALT002166,Bharat Telecom Networks,low,2026-04-13 15:01:03,2026-04-13 19:23:18,no,Sandbox detonation of attachment returned no malicious behaviour. Closed as benign positive.,Cloud Workload
ALT002503,Eastern Grid Utility,high,2026-04-04 00:29:39,2026-04-04 03:51:24,no,Coordinated with network team; ACL change on HOST-5422 explains traffic shift. Root cause documented in case notes.,Server
ALT004205,Narmada Steel Works,high,2026-01-25 04:48:34,2026-01-25 07:54:35,no,"Checked DNS query history; domain registered 400+ days ago, low risk profile.",Cloud Workload
ALT004296,Orissa Mining Federation,low,2026-05-30 09:20:55,2026-05-30 15:02:04,no,Analysed PCAP sample; payload matched benign monitoring agent heartbeat. Root cause documented in case notes.,Server
ALT002514,Eastern Grid Utility,medium,2026-03-01 15:15:18,2026-03-01 17:17:30,no,Documented as benign positive; rule threshold adjusted after peer review.,Endpoint
ALT003310,Jupiter Aviation Control,low,2026-03-09 23:38:09,2026-03-10 03:42:49,no,Cross-referenced with change management ticket CHG-46376; scheduled maintenance window. Closed as benign positive.,Server
ALT003613,Krishna Port Authority,medium,2026-02-16 16:23:01,2026-02-16 18:48:10,no,Blocked source 10.20.195.207 at perimeter firewall pending further investigation. Ticket closed with owner sign-off.,Endpoint
ALT004563,Pennar Cement Industries,low,2026-05-11 19:07:05,2026-05-11 22:12:34,no,Reviewed source IP 10.24.193.229 against internal threat intel; no IOC match. Root cause documented in case notes.,Firewall
ALT000636,Nilgiri Water Authority,medium,2026-05-09 16:14:00,2026-05-09 21:27:07,no,Documented as benign positive; rule threshold adjusted after peer review.,Network Device
ALT001214,Arcadia Defence Systems,medium,2026-06-19 13:06:43,2026-06-19 15:34:42,no,Reviewed privileged access logs; elevation was approved under ticket REQ-93770. Closed as benign positive.,Identity Provider
ALT003166,Indus Financial Services,medium,2026-03-26 11:26:46,2026-03-26 14:04:46,no,Coordinated with network team; ACL change on HOST-8753 explains traffic shift. Added to suppression list after approval.,Identity Provider
ALT003067,Himalayan Healthcare Network,low,2026-06-18 06:35:09,2026-06-18 11:11:28,yes,Cross-referenced with change management ticket CHG-33434; scheduled maintenance window.,Cloud Workload
ALT004572,Pennar Cement Industries,low,2026-02-20 01:21:29,2026-02-20 06:47:45,no,Reviewed privileged access logs; elevation was approved under ticket REQ-18193. Handed to IR team for deeper review.,Firewall
ALT004129,Narmada Steel Works,low,2026-05-20 10:27:34,2026-05-20 15:51:36,yes,"Checked DNS query history; domain registered 400+ days ago, low risk profile. Ticket closed with owner sign-off.",Server
ALT000742,Arcadia Defence Systems,low,2026-06-08 01:18:35,2026-06-08 04:50:21,no,Matched pattern against known false-positive rule FP-48190; tuning request raised. Monitoring continued for 48 hours.,Identity Provider
ALT002210,Bharat Telecom Networks,low,2026-05-22 16:07:33,2026-05-22 21:58:14,no,Matched pattern against known false-positive rule FP-47898; tuning request raised.,IoT Device
ALT003924,Malabar Gas Pipelines,high,2026-05-18 17:45:53,2026-05-18 22:14:56,no,,IoT Device
ALT001797,Deccan Health Network,medium,2026-02-20 20:14:41,2026-02-20 22:17:24,no,Blocked source 10.44.181.66 at perimeter firewall pending further investigation. Handed to IR team for deeper review.,Identity Provider
ALT004396,Orissa Mining Federation,medium,2026-01-20 11:35:35,2026-01-20 15:38:03,yes,Reviewed source IP 10.20.14.184 against internal threat intel; no IOC match. Root cause documented in case notes.,Identity Provider
ALT000360,Kaveri Power Holdings,medium,2026-05-22 18:28:00,2026-05-22 21:25:53,no,reviewed,IoT Device
ALT002908,Himalayan Healthcare Network,low,2026-03-05 14:05:09,2026-03-05 18:16:04,yes,Queried SIEM for related events across 24h window; no corroborating activity found. Ticket closed with owner sign-off.,Identity Provider
ALT004255,Narmada Steel Works,low,2026-04-28 10:27:42,2026-04-28 15:46:01,no,Escalated to L2 after confirming lateral movement indicators on HOST-2246. Root cause documented in case notes.,IoT Device
ALT004158,Narmada Steel Works,medium,2026-05-04 00:32:47,2026-05-04 05:55:16,no,Documented as benign positive; rule threshold adjusted after peer review. Monitoring continued for 48 hours.,IoT Device
ALT002762,Godavari Chemicals,high,2026-04-17 03:55:02,2026-04-17 08:53:43,no,Verified backup job schedule; traffic volume consistent with nightly replication. No further action required.,Server
ALT001400,Arcadia Defence Systems,medium,2026-01-04 05:19:15,2026-01-04 10:54:13,no,Reset credentials for kiyer as precaution; no evidence of compromise. Added to suppression list after approval.,Identity Provider
ALT001180,Arcadia Defence Systems,low,2026-06-04 00:11:15,2026-06-04 02:29:29,no,Validated certificate chain; expired intermediate replaced by infrastructure team. No further action required.,Cloud Workload
ALT002266,Bharat Telecom Networks,low,2026-03-29 15:58:51,2026-03-29 20:48:09,yes,Validated certificate chain; expired intermediate replaced by infrastructure team. Root cause documented in case notes.,Endpoint
ALT001195,Arcadia Defence Systems,low,2026-03-26 19:23:21,2026-03-26 22:30:53,yes,Confirmed geolocation anomaly caused by corporate VPN egress node change. Handed to IR team for deeper review.,Database
ALT004169,Narmada Steel Works,low,2026-06-21 06:26:20,2026-06-21 11:53:20,no,Ran memory capture on HOST-5725; no injected process artefacts identified. Root cause documented in case notes.,IoT Device
ALT001246,Arcadia Defence Systems,medium,2026-04-15 10:36:07,2026-04-15 13:16:57,no,Confirmed geolocation anomaly caused by corporate VPN egress node change. Handed to IR team for deeper review.,Firewall
ALT004125,Narmada Steel Works,medium,2026-04-07 06:38:54,2026-04-07 12:30:35,no,Coordinated with network team; ACL change on HOST-6346 explains traffic shift.,Database
ALT001087,Arcadia Defence Systems,medium,2026-04-17 21:08:53,2026-04-18 01:24:15,no,Identified misconfigured scanner generating repeat alerts; owner notified.,Identity Provider
ALT001191,Arcadia Defence Systems,critical,2026-05-12 11:55:26,2026-05-12 14:05:07,yes,Escalated to L2 after confirming lateral movement indicators on HOST-3224. Ticket closed with owner sign-off.,Database
ALT000379,Kaveri Power Holdings,high,2026-05-27 06:09:03,2026-05-27 06:11:02,no,n/a,Server
ALT003198,Indus Financial Services,low,2026-04-18 12:06:49,2026-04-18 17:25:53,no,Verified backup job schedule; traffic volume consistent with nightly replication. Monitoring continued for 48 hours.,Database
ALT004465,Orissa Mining Federation,high,2026-03-13 21:19:18,,no,Identified misconfigured scanner generating repeat alerts; owner notified. Monitoring continued for 48 hours.,Firewall
ALT002062,Apex Power Grid Ltd,low,2026-04-04 03:39:15,2026-04-04 06:09:50,no,Isolated endpoint HOST-7398 for forensic triage; full disk scan returned clean. Handed to IR team for deeper review.,Network Device
ALT000009,Meridian Trust Bank,low,2026-05-30 05:09:16,2026-05-30 05:12:13,no,n/a,Cloud Workload
ALT003816,Lakshmi Insurance Group,medium,2026-02-22 01:22:27,2026-02-22 04:01:02,no,Coordinated with network team; ACL change on HOST-2102 explains traffic shift. Monitoring continued for 48 hours.,Network Device
ALT002583,Eastern Grid Utility,medium,2026-05-14 07:32:35,2026-05-14 10:02:06,no,Contacted user apatel via Teams; confirmed they initiated the session from Mumbai office. Monitoring continued for 48 hours.,Cloud Workload
ALT003846,Lakshmi Insurance Group,medium,2026-03-14 16:07:09,2026-03-14 21:27:18,no,Isolated endpoint HOST-9677 for forensic triage; full disk scan returned clean. No further action required.,IoT Device
ALT004198,Narmada Steel Works,low,2026-06-12 07:13:49,2026-06-12 11:27:14,no,Documented as benign positive; rule threshold adjusted after peer review. Added to suppression list after approval.,Cloud Workload
ALT002761,Godavari Chemicals,low,2026-01-24 00:25:27,2026-01-24 04:06:11,yes,,Firewall
ALT004542,Pennar Cement Industries,low,2026-04-04 16:19:42,2026-04-04 19:46:40,no,Analysed PCAP sample; payload matched benign monitoring agent heartbeat. Closed as benign positive.,Cloud Workload
ALT003098,Indus Financial Services,critical,2026-05-22 15:20:41,2026-05-22 19:51:46,no,Confirmed with asset owner that HOST-6390 was undergoing patch deployment.,Endpoint
ALT000058,Meridian Trust Bank,high,2026-06-17 01:12:47,2026-06-17 01:15:20,no,"checked, ok",Endpoint
ALT003280,Jupiter Aviation Control,low,2026-02-20 22:50:27,2026-02-21 02:29:33,no,Reset credentials for rkumar as precaution; no evidence of compromise. Root cause documented in case notes.,IoT Device
ALT001652,Konkan Maritime Ltd,medium,2026-01-14 08:48:26,2026-01-14 20:47:06,no,Reviewed privileged access logs; elevation was approved under ticket REQ-38949.,Server
ALT001682,Deccan Health Network,medium,2026-01-12 14:51:10,2026-01-12 17:38:48,no,Cross-referenced with change management ticket CHG-69161; scheduled maintenance window. Handed to IR team for deeper review.,Database
ALT002910,Himalayan Healthcare Network,medium,2026-05-08 23:23:37,2026-05-09 03:34:34,no,Reset credentials for mfernandes as precaution; no evidence of compromise. No further action required.,Network Device
ALT001467,Arcadia Defence Systems,low,2026-05-23 16:30:15,2026-05-23 18:42:34,no,Sandbox detonation of attachment returned no malicious behaviour.,Identity Provider
ALT001858,Deccan Health Network,high,2026-03-28 17:07:24,2026-03-28 17:11:19,no,Analysed PCAP sample; payload matched benign monitoring agent heartbeat.,Identity Provider
ALT003622,Krishna Port Authority,medium,2026-04-08 11:00:48,2026-04-08 13:19:43,no,Matched pattern against known false-positive rule FP-66310; tuning request raised.,Cloud Workload
ALT003451,Jupiter Aviation Control,medium,2026-04-23 12:36:41,2026-04-23 16:15:22,no,Matched pattern against known false-positive rule FP-19243; tuning request raised. Added to suppression list after approval.,IoT Device
ALT003531,Krishna Port Authority,low,2026-06-09 11:16:06,2026-06-09 14:01:54,no,,Server
ALT003423,Jupiter Aviation Control,critical,2026-01-24 20:47:38,2026-01-25 00:11:25,yes,Verified backup job schedule; traffic volume consistent with nightly replication. Ticket closed with owner sign-off.,Database
ALT002883,Himalayan Healthcare Network,high,2026-03-30 22:20:31,2026-03-31 00:48:01,yes,Cross-referenced with change management ticket CHG-36575; scheduled maintenance window. Root cause documented in case notes.,Server
ALT000434,Kaveri Power Holdings,medium,2026-03-10 18:40:11,2026-03-10 23:04:21,no,reviewed,Firewall
ALT003546,Krishna Port Authority,high,2026-06-22 10:51:08,2026-06-22 14:12:32,yes,Verified backup job schedule; traffic volume consistent with nightly replication. Root cause documented in case notes.,Cloud Workload
ALT003819,Lakshmi Insurance Group,high,2026-02-05 18:17:56,,no,Reset credentials for kiyer as precaution; no evidence of compromise. Monitoring continued for 48 hours.,IoT Device
ALT003848,Lakshmi Insurance Group,low,2026-02-23 01:31:15,2026-02-23 06:48:05,no,Reviewed source IP 10.54.185.78 against internal threat intel; no IOC match. Added to suppression list after approval.,Endpoint
ALT001532,Konkan Maritime Ltd,critical,2026-03-12 19:49:25,2026-03-13 04:15:18,yes,Reviewed EDR telemetry timeline; parent process traced to legitimate installer. Monitoring continued for 48 hours.,Server
ALT004601,Pennar Cement Industries,high,2026-06-24 09:56:01,2026-06-24 14:05:48,yes,Reviewed privileged access logs; elevation was approved under ticket REQ-82702. Ticket closed with owner sign-off.,Server
ALT000701,Nilgiri Water Authority,medium,2026-05-15 00:50:43,2026-05-15 04:27:36,no,Analysed PCAP sample; payload matched benign monitoring agent heartbeat. Root cause documented in case notes.,Network Device
ALT004416,Orissa Mining Federation,low,2026-05-21 18:54:09,2026-05-22 00:29:39,yes,Reviewed EDR telemetry timeline; parent process traced to legitimate installer.,Database
ALT003729,Lakshmi Insurance Group,low,2026-03-05 00:07:20,2026-03-05 03:59:36,no,Ran memory capture on HOST-3450; no injected process artefacts identified. Root cause documented in case notes.,Firewall
ALT000944,Arcadia Defence Systems,low,2026-04-09 15:39:56,2026-04-09 20:02:22,no,Analysed PCAP sample; payload matched benign monitoring agent heartbeat. Root cause documented in case notes.,Identity Provider
ALT003424,Jupiter Aviation Control,low,2026-06-09 10:26:50,2026-06-09 13:03:43,no,Blocked source 10.51.76.182 at perimeter firewall pending further investigation.,Identity Provider
ALT000235,Meridian Trust Bank,medium,2026-06-17 11:19:21,2026-06-17 11:22:39,no,n/a,Identity Provider
ALT001390,Arcadia Defence Systems,medium,2026-04-04 05:05:56,2026-04-04 07:14:58,no,Compared hash against VirusTotal offline signature set; no detections. Ticket closed with owner sign-off.,Endpoint
ALT002312,Cauvery Logistics Corp,medium,2026-05-18 06:19:23,2026-05-18 10:11:50,yes,Ran memory capture on HOST-5196; no injected process artefacts identified. Closed as benign positive.,Cloud Workload
ALT001738,Deccan Health Network,high,2026-04-05 07:52:03,2026-04-05 07:54:47,no,closed,Identity Provider
ALT002366,Cauvery Logistics Corp,low,2026-04-25 05:26:49,2026-04-25 10:48:20,no,Queried SIEM for related events across 24h window; no corroborating activity found.,Network Device
ALT003689,Lakshmi Insurance Group,high,2026-03-20 22:00:37,2026-03-21 01:01:11,yes,Analysed PCAP sample; payload matched benign monitoring agent heartbeat. Ticket closed with owner sign-off.,Database
ALT004449,Orissa Mining Federation,low,2026-05-20 04:55:26,2026-05-20 07:08:53,no,Traced outbound connection to approved vendor endpoint; verified against allowlist. Monitoring continued for 48 hours.,Cloud Workload
ALT003660,Krishna Port Authority,high,2026-03-28 04:58:57,2026-03-28 10:30:31,no,"Checked DNS query history; domain registered 400+ days ago, low risk profile. Handed to IR team for deeper review.",Server
ALT003471,Krishna Port Authority,low,2026-02-23 09:17:12,2026-02-23 13:34:38,no,Validated certificate chain; expired intermediate replaced by infrastructure team. Closed as benign positive.,Database
ALT004027,Malabar Gas Pipelines,low,2026-06-22 04:47:24,2026-06-22 09:42:00,no,Identified misconfigured scanner generating repeat alerts; owner notified.,Server
ALT001100,Arcadia Defence Systems,low,2026-04-04 15:48:08,2026-04-04 18:48:54,yes,Identified misconfigured scanner generating repeat alerts; owner notified. Ticket closed with owner sign-off.,Cloud Workload
ALT003556,Krishna Port Authority,low,2026-02-05 03:35:18,2026-02-05 08:00:36,no,Identified misconfigured scanner generating repeat alerts; owner notified. Ticket closed with owner sign-off.,Database
ALT003441,Jupiter Aviation Control,high,2026-05-24 07:39:50,2026-05-24 12:47:03,no,Confirmed with asset owner that HOST-9085 was undergoing patch deployment. Ticket closed with owner sign-off.,Firewall
ALT002012,Apex Power Grid Ltd,low,2026-04-03 20:15:05,2026-04-04 01:36:04,yes,Verified backup job schedule; traffic volume consistent with nightly replication. Closed as benign positive.,Identity Provider
ALT001649,Konkan Maritime Ltd,low,2026-06-24 01:12:20,2026-06-24 09:04:52,yes,Cross-referenced with change management ticket CHG-81304; scheduled maintenance window. No further action required.,Identity Provider
ALT003801,Lakshmi Insurance Group,low,2026-05-19 11:14:11,2026-05-19 15:39:14,yes,Confirmed with asset owner that HOST-3275 was undergoing patch deployment. Handed to IR team for deeper review.,Server
ALT003574,Krishna Port Authority,low,2026-04-13 19:08:40,2026-04-13 21:41:53,no,Validated certificate chain; expired intermediate replaced by infrastructure team. Monitoring continued for 48 hours.,Identity Provider
ALT001518,Konkan Maritime Ltd,high,2026-04-08 01:57:45,2026-04-08 10:02:23,yes,Traced outbound connection to approved vendor endpoint; verified against allowlist. No further action required.,Identity Provider
ALT002475,Eastern Grid Utility,low,2026-06-24 15:05:01,2026-06-24 18:05:47,no,"Checked DNS query history; domain registered 400+ days ago, low risk profile. Added to suppression list after approval.",Endpoint
ALT004586,Pennar Cement Industries,high,2026-03-14 18:03:19,2026-03-14 21:06:37,no,Ran memory capture on HOST-7674; no injected process artefacts identified. No further action required.,Server
ALT004539,Pennar Cement Industries,low,2026-01-31 20:37:27,2026-01-31 23:55:44,no,Compared hash against VirusTotal offline signature set; no detections. Ticket closed with owner sign-off.,Server
ALT001918,Apex Power Grid Ltd,high,2026-02-11 10:16:19,2026-02-11 14:48:29,no,Contacted user rkumar via Teams; confirmed they initiated the session from Mumbai office. Root cause documented in case notes.,Cloud Workload
ALT002658,Eastern Grid Utility,low,2026-04-05 00:43:25,2026-04-05 05:46:26,no,,Network Device
ALT003041,Himalayan Healthcare Network,medium,2026-05-19 20:48:39,2026-05-19 23:58:54,no,Documented as benign positive; rule threshold adjusted after peer review. Closed as benign positive.,Identity Provider
ALT003029,Himalayan Healthcare Network,low,2026-03-20 07:32:39,2026-03-20 11:59:32,yes,Blocked source 10.28.237.156 at perimeter firewall pending further investigation.,Endpoint
ALT003410,Jupiter Aviation Control,medium,2026-03-28 21:38:29,2026-03-29 00:17:36,no,Verified backup job schedule; traffic volume consistent with nightly replication. Handed to IR team for deeper review.,Network Device
ALT004223,Narmada Steel Works,low,2026-04-05 13:09:27,2026-04-05 19:08:47,no,Reset credentials for tgeorge as precaution; no evidence of compromise. Root cause documented in case notes.,IoT Device
ALT000187,Meridian Trust Bank,low,2026-03-19 20:05:26,2026-03-19 20:08:51,no,n/a,Identity Provider
ALT003782,Lakshmi Insurance Group,low,2026-01-29 01:04:34,2026-01-29 06:21:07,no,Reviewed privileged access logs; elevation was approved under ticket REQ-29590. Ticket closed with owner sign-off.,Network Device
ALT004481,Pennar Cement Industries,low,2026-04-23 02:20:16,2026-04-23 08:17:31,no,Cross-referenced with change management ticket CHG-74642; scheduled maintenance window.,Firewall
ALT002713,Godavari Chemicals,medium,2026-06-06 19:24:52,2026-06-06 21:36:48,no,Reset credentials for apatel as precaution; no evidence of compromise. Root cause documented in case notes.,Firewall
ALT003452,Jupiter Aviation Control,low,2026-06-02 17:25:31,,yes,Cross-referenced with change management ticket CHG-69329; scheduled maintenance window. Added to suppression list after approval.,Cloud Workload
ALT004387,Orissa Mining Federation,critical,2026-02-26 19:01:04,2026-02-26 21:14:27,yes,Traced outbound connection to approved vendor endpoint; verified against allowlist. No further action required.,Cloud Workload
ALT002261,Bharat Telecom Networks,low,2026-03-05 22:17:12,2026-03-06 02:59:15,no,Confirmed with asset owner that HOST-7663 was undergoing patch deployment.,Firewall
ALT000492,Kaveri Power Holdings,high,2026-01-22 01:34:53,2026-01-22 01:36:11,no,n/a,Network Device
ALT000877,Arcadia Defence Systems,medium,2026-02-25 10:19:07,,no,Traced outbound connection to approved vendor endpoint; verified against allowlist. Added to suppression list after approval.,IoT Device
ALT003706,Lakshmi Insurance Group,low,2026-03-11 19:51:57,2026-03-12 00:23:21,no,Matched pattern against known false-positive rule FP-95603; tuning request raised. Ticket closed with owner sign-off.,Identity Provider
ALT003399,Jupiter Aviation Control,low,2026-06-11 19:30:11,2026-06-11 22:05:40,no,Queried SIEM for related events across 24h window; no corroborating activity found. Handed to IR team for deeper review.,Server
ALT001816,Deccan Health Network,low,2026-04-13 09:31:57,2026-04-13 13:00:33,no,closed,Database
ALT003194,Indus Financial Services,low,2026-02-24 05:33:59,,no,Confirmed with asset owner that HOST-5914 was undergoing patch deployment. No further action required.,Cloud Workload
ALT001013,Arcadia Defence Systems,high,2026-02-21 13:22:08,2026-02-21 15:41:16,no,Cross-referenced with change management ticket CHG-41930; scheduled maintenance window. No further action required.,Firewall
ALT000303,Kaveri Power Holdings,low,2026-02-06 11:15:42,2026-02-06 16:41:40,no,Matched pattern against known false-positive rule FP-21955; tuning request raised. Monitoring continued for 48 hours.,Database
ALT001637,Konkan Maritime Ltd,low,2026-01-04 17:22:14,2026-01-05 03:51:09,no,Verified backup job schedule; traffic volume consistent with nightly replication. Ticket closed with owner sign-off.,Server
ALT000460,Kaveri Power Holdings,high,2026-03-25 15:42:59,2026-03-25 15:44:07,no,Correlated with authentication logs for user dnair; prior successful VPN session confirmed. Ticket closed with owner sign-off.,Database
ALT002114,Bharat Telecom Networks,medium,2026-01-20 13:23:02,2026-01-20 15:26:35,no,Contacted user mfernandes via Teams; confirmed they initiated the session from Mumbai office. No further action required.,Identity Provider
ALT004348,Orissa Mining Federation,medium,2026-02-12 07:07:48,2026-02-12 10:14:12,no,Coordinated with network team; ACL change on HOST-9007 explains traffic shift. Ticket closed with owner sign-off.,IoT Device
ALT002044,Apex Power Grid Ltd,low,2026-06-03 23:20:48,2026-06-04 01:31:02,no,Traced outbound connection to approved vendor endpoint; verified against allowlist.,Server
ALT001543,Konkan Maritime Ltd,high,2026-03-02 01:09:01,2026-03-02 09:12:10,yes,Identified misconfigured scanner generating repeat alerts; owner notified. Handed to IR team for deeper review.,Cloud Workload
ALT002470,Eastern Grid Utility,high,2026-04-08 13:34:05,2026-04-08 18:55:18,no,,Firewall
ALT002581,Eastern Grid Utility,medium,2026-01-21 03:24:52,2026-01-21 06:53:04,no,Documented as benign positive; rule threshold adjusted after peer review. Added to suppression list after approval.,Network Device
ALT002331,Cauvery Logistics Corp,low,2026-02-10 18:46:34,2026-02-10 23:22:21,no,,Cloud Workload
ALT001904,Apex Power Grid Ltd,low,2026-03-25 13:21:54,2026-03-25 17:03:29,no,Isolated endpoint HOST-8105 for forensic triage; full disk scan returned clean. Closed as benign positive.,Network Device
ALT003973,Malabar Gas Pipelines,medium,2026-05-26 16:36:47,2026-05-26 21:38:08,no,Identified misconfigured scanner generating repeat alerts; owner notified. Root cause documented in case notes.,Network Device
ALT000394,Kaveri Power Holdings,medium,2026-05-06 05:08:41,2026-05-06 09:02:51,no,Sandbox detonation of attachment returned no malicious behaviour. Ticket closed with owner sign-off.,Server
ALT004384,Orissa Mining Federation,critical,2026-02-22 06:58:41,2026-02-22 12:42:14,no,Escalated to L2 after confirming lateral movement indicators on HOST-1416. Handed to IR team for deeper review.,Identity Provider
ALT001318,Arcadia Defence Systems,medium,2026-06-02 21:19:13,2026-06-02 23:45:03,yes,Ran memory capture on HOST-1598; no injected process artefacts identified. Monitoring continued for 48 hours.,IoT Device
ALT004654,Pennar Cement Industries,low,2026-06-05 14:37:36,2026-06-05 17:23:38,no,Reset credentials for mfernandes as precaution; no evidence of compromise. Ticket closed with owner sign-off.,Database
ALT000454,Kaveri Power Holdings,high,2026-02-12 03:22:24,2026-02-12 08:43:50,no,n/a,Firewall
ALT003021,Himalayan Healthcare Network,low,2026-04-10 14:41:40,2026-04-10 18:22:16,yes,Matched pattern against known false-positive rule FP-58251; tuning request raised. No further action required.,Cloud Workload
ALT001903,Apex Power Grid Ltd,low,2026-01-20 07:53:08,2026-01-20 10:53:04,no,"Checked DNS query history; domain registered 400+ days ago, low risk profile. Root cause documented in case notes.",Server
ALT001031,Arcadia Defence Systems,low,2026-01-06 22:43:29,2026-01-07 04:29:48,no,Matched pattern against known false-positive rule FP-65297; tuning request raised. Ticket closed with owner sign-off.,IoT Device
ALT000554,Nilgiri Water Authority,low,2026-03-12 09:43:11,2026-03-12 14:10:07,no,Isolated endpoint HOST-1055 for forensic triage; full disk scan returned clean. Ticket closed with owner sign-off.,Database
ALT001375,Arcadia Defence Systems,medium,2026-05-03 19:24:25,2026-05-03 23:52:04,yes,Confirmed with asset owner that HOST-6798 was undergoing patch deployment. Monitoring continued for 48 hours.,IoT Device
ALT000654,Nilgiri Water Authority,medium,2026-01-21 01:14:28,2026-01-21 06:36:37,no,Queried SIEM for related events across 24h window; no corroborating activity found. Closed as benign positive.,Cloud Workload
ALT000195,Meridian Trust Bank,medium,2026-05-15 00:18:24,2026-05-15 00:21:11,no,"checked, ok",Server
ALT001163,Arcadia Defence Systems,medium,2026-06-12 22:24:00,2026-06-13 03:11:51,no,Analysed PCAP sample; payload matched benign monitoring agent heartbeat. Handed to IR team for deeper review.,Firewall
ALT000349,Kaveri Power Holdings,low,2026-01-06 18:21:36,2026-01-06 21:27:18,no,reviewed,IoT Device
ALT000409,Kaveri Power Holdings,medium,2026-06-09 03:36:30,2026-06-09 07:37:42,no,Matched pattern against known false-positive rule FP-68193; tuning request raised. Added to suppression list after approval.,Server
ALT001252,Arcadia Defence Systems,medium,2026-01-12 06:48:49,2026-01-12 10:39:19,yes,Reviewed source IP 10.51.184.166 against internal threat intel; no IOC match. Monitoring continued for 48 hours.,Network Device
ALT002556,Eastern Grid Utility,medium,2026-06-26 18:26:25,2026-06-26 23:28:14,yes,Validated certificate chain; expired intermediate replaced by infrastructure team. Closed as benign positive.,Cloud Workload
ALT003016,Himalayan Healthcare Network,low,2026-06-18 20:27:29,2026-06-18 22:28:39,no,Compared hash against VirusTotal offline signature set; no detections. Monitoring continued for 48 hours.,Server
ALT004464,Orissa Mining Federation,low,2026-04-24 07:02:06,2026-04-24 10:17:16,no,Queried SIEM for related events across 24h window; no corroborating activity found. Closed as benign positive.,Identity Provider
ALT004579,Pennar Cement Industries,critical,2026-05-01 01:25:15,,yes,Verified backup job schedule; traffic volume consistent with nightly replication. Added to suppression list after approval.,Database
ALT003772,Lakshmi Insurance Group,low,2026-05-10 18:17:16,2026-05-10 22:59:35,no,Confirmed geolocation anomaly caused by corporate VPN egress node change. Closed as benign positive.,Server
ALT001896,Apex Power Grid Ltd,medium,2026-02-26 18:17:27,2026-02-26 22:35:36,yes,Confirmed geolocation anomaly caused by corporate VPN egress node change. Handed to IR team for deeper review.,Cloud Workload
ALT003887,Malabar Gas Pipelines,low,2026-06-10 18:51:28,2026-06-11 00:41:00,no,Compared hash against VirusTotal offline signature set; no detections. No further action required.,Database
ALT003058,Himalayan Healthcare Network,low,2026-04-27 23:26:25,2026-04-28 02:15:24,no,Verified backup job schedule; traffic volume consistent with nightly replication.,Server
ALT002387,Cauvery Logistics Corp,high,2026-04-08 22:34:20,2026-04-09 04:05:45,yes,,Database
ALT001968,Apex Power Grid Ltd,medium,2026-06-17 06:35:33,2026-06-17 10:06:33,no,Documented as benign positive; rule threshold adjusted after peer review. Monitoring continued for 48 hours.,Server
ALT000057,Meridian Trust Bank,medium,2026-05-25 00:58:01,2026-05-25 01:00:24,no,n/a,Network Device
ALT000020,Meridian Trust Bank,medium,2026-03-03 08:59:11,2026-03-03 09:01:12,no,n/a,Endpoint
ALT002734,Godavari Chemicals,low,2026-06-01 11:45:29,2026-06-01 17:15:48,no,,Database
ALT001026,Arcadia Defence Systems,low,2026-03-16 10:17:47,2026-03-16 13:42:48,yes,Isolated endpoint HOST-7072 for forensic triage; full disk scan returned clean. Handed to IR team for deeper review.,Endpoint
ALT003130,Indus Financial Services,high,2026-01-16 08:18:53,2026-01-16 11:19:20,no,Verified backup job schedule; traffic volume consistent with nightly replication. Monitoring continued for 48 hours.,Firewall
ALT003071,Himalayan Healthcare Network,low,2026-05-27 06:52:17,2026-05-27 11:07:04,no,Compared hash against VirusTotal offline signature set; no detections. Monitoring continued for 48 hours.,Network Device
ALT002424,Cauvery Logistics Corp,low,2026-01-01 21:08:25,2026-01-02 02:22:18,no,Validated certificate chain; expired intermediate replaced by infrastructure team. Monitoring continued for 48 hours.,Firewall
ALT002140,Bharat Telecom Networks,medium,2026-02-24 09:54:55,2026-02-24 12:36:28,no,Blocked source 10.11.175.118 at perimeter firewall pending further investigation.,IoT Device
ALT000157,Meridian Trust Bank,high,2026-04-12 21:48:02,2026-04-12 21:49:13,no,"checked, ok",IoT Device
ALT002645,Eastern Grid Utility,low,2026-04-21 12:06:57,2026-04-21 17:09:30,no,Confirmed with asset owner that HOST-7938 was undergoing patch deployment. Ticket closed with owner sign-off.,Identity Provider
ALT000275,Meridian Trust Bank,low,2026-05-14 10:35:26,2026-05-14 10:39:31,no,"checked, ok",Cloud Workload
ALT000021,Meridian Trust Bank,medium,2026-01-11 15:10:47,2026-01-11 15:15:03,no,"checked, ok",Network Device
ALT001074,Arcadia Defence Systems,medium,2026-06-21 19:12:27,2026-06-22 00:31:13,no,Blocked source 10.27.138.34 at perimeter firewall pending further investigation. No further action required.,Endpoint
ALT001921,Apex Power Grid Ltd,low,2026-02-08 13:49:15,2026-02-08 19:07:16,no,Ran memory capture on HOST-9542; no injected process artefacts identified. Ticket closed with owner sign-off.,IoT Device
ALT000308,Kaveri Power Holdings,critical,2026-03-15 06:17:35,2026-03-15 06:22:01,no,Cross-referenced with change management ticket CHG-98810; scheduled maintenance window.,Firewall
ALT000258,Meridian Trust Bank,low,2026-01-08 12:00:52,2026-01-08 12:02:18,no,"checked, ok",Database
ALT004606,Pennar Cement Industries,low,2026-04-10 01:54:33,2026-04-10 04:40:27,yes,Documented as benign positive; rule threshold adjusted after peer review. Added to suppression list after approval.,Database
ALT002707,Godavari Chemicals,low,2026-03-29 12:35:28,2026-03-29 17:16:45,yes,Identified misconfigured scanner generating repeat alerts; owner notified. Monitoring continued for 48 hours.,Cloud Workload
ALT001625,Konkan Maritime Ltd,low,2026-06-10 19:16:23,2026-06-11 05:28:27,no,Confirmed geolocation anomaly caused by corporate VPN egress node change. Monitoring continued for 48 hours.,Identity Provider
ALT002212,Bharat Telecom Networks,low,2026-05-13 11:25:46,2026-05-13 16:56:16,no,Isolated endpoint HOST-1074 for forensic triage; full disk scan returned clean. Ticket closed with owner sign-off.,Endpoint
ALT001380,Arcadia Defence Systems,low,2026-04-14 16:13:08,2026-04-14 21:48:52,no,Identified misconfigured scanner generating repeat alerts; owner notified. Closed as benign positive.,Identity Provider
ALT000458,Kaveri Power Holdings,medium,2026-05-20 19:17:40,2026-05-20 22:56:24,no,Documented as benign positive; rule threshold adjusted after peer review. Ticket closed with owner sign-off.,Server
ALT001986,Apex Power Grid Ltd,medium,2026-04-27 09:08:29,2026-04-27 12:24:35,no,Queried SIEM for related events across 24h window; no corroborating activity found. Closed as benign positive.,Firewall
ALT000385,Kaveri Power Holdings,medium,2026-01-03 09:49:28,2026-01-03 13:00:52,no,reviewed,Database
ALT002846,Godavari Chemicals,critical,2026-05-19 03:23:24,2026-05-19 09:09:35,no,Analysed PCAP sample; payload matched benign monitoring agent heartbeat. Ticket closed with owner sign-off.,Endpoint
ALT003925,Malabar Gas Pipelines,medium,2026-05-17 19:56:54,2026-05-18 01:08:48,no,Coordinated with network team; ACL change on HOST-8861 explains traffic shift. Root cause documented in case notes.,IoT Device
ALT002782,Godavari Chemicals,low,2026-01-27 07:52:35,2026-01-27 13:00:25,no,Reviewed EDR telemetry timeline; parent process traced to legitimate installer. Added to suppression list after approval.,Firewall
ALT000698,Nilgiri Water Authority,medium,2026-06-22 13:14:02,2026-06-22 19:10:09,no,"Checked DNS query history; domain registered 400+ days ago, low risk profile. Closed as benign positive.",Firewall
ALT002890,Himalayan Healthcare Network,high,2026-01-19 11:41:33,2026-01-19 14:50:44,no,Validated certificate chain; expired intermediate replaced by infrastructure team. Handed to IR team for deeper review.,Database
ALT001936,Apex Power Grid Ltd,medium,2026-03-14 22:13:45,2026-03-15 03:35:37,no,Sandbox detonation of attachment returned no malicious behaviour. Root cause documented in case notes.,Cloud Workload
ALT003830,Lakshmi Insurance Group,medium,2026-02-02 07:50:08,2026-02-02 12:17:47,no,Compared hash against VirusTotal offline signature set; no detections. Closed as benign positive.,Endpoint
ALT000180,Meridian Trust Bank,critical,2026-04-09 05:52:40,2026-04-09 05:55:22,no,n/a,Cloud Workload
ALT000420,Kaveri Power Holdings,low,2026-01-30 16:51:39,2026-01-30 19:30:14,no,Escalated to L2 after confirming lateral movement indicators on HOST-8538. Closed as benign positive.,IoT Device
ALT001449,Arcadia Defence Systems,low,2026-02-22 11:12:44,2026-02-22 15:41:13,no,"Checked DNS query history; domain registered 400+ days ago, low risk profile. Monitoring continued for 48 hours.",Firewall
ALT004326,Orissa Mining Federation,low,2026-06-16 12:35:47,2026-06-16 17:03:06,yes,Confirmed geolocation anomaly caused by corporate VPN egress node change. Handed to IR team for deeper review.,Endpoint
ALT000453,Kaveri Power Holdings,medium,2026-02-20 19:49:35,2026-02-20 23:54:40,yes,reviewed,Cloud Workload
ALT003850,Lakshmi Insurance Group,low,2026-04-23 11:20:56,2026-04-23 14:53:05,no,Compared hash against VirusTotal offline signature set; no detections. Added to suppression list after approval.,Identity Provider
ALT003362,Jupiter Aviation Control,low,2026-05-14 05:48:52,2026-05-14 08:33:02,yes,Confirmed geolocation anomaly caused by corporate VPN egress node change. Monitoring continued for 48 hours.,Cloud Workload
ALT003968,Malabar Gas Pipelines,medium,2026-04-14 07:54:00,2026-04-14 13:37:01,no,"Checked DNS query history; domain registered 400+ days ago, low risk profile. Monitoring continued for 48 hours.",Firewall
ALT003692,Lakshmi Insurance Group,medium,2026-06-26 04:30:54,2026-06-26 07:38:37,no,Ran memory capture on HOST-1283; no injected process artefacts identified.,Cloud Workload
ALT001558,Konkan Maritime Ltd,low,2026-01-05 06:01:56,2026-01-05 14:57:19,no,Sandbox detonation of attachment returned no malicious behaviour. Added to suppression list after approval.,Identity Provider
ALT000511,Kaveri Power Holdings,high,2026-01-17 07:37:55,2026-01-17 07:39:32,yes,Coordinated with network team; ACL change on HOST-4275 explains traffic shift. Added to suppression list after approval.,Server
ALT004569,Pennar Cement Industries,critical,2026-05-19 15:53:09,2026-05-19 21:03:33,yes,Compared hash against VirusTotal offline signature set; no detections. No further action required.,Network Device
ALT004167,Narmada Steel Works,medium,2026-02-27 09:39:01,2026-02-27 12:08:06,no,Queried SIEM for related events across 24h window; no corroborating activity found. Handed to IR team for deeper review.,Database
ALT003769,Lakshmi Insurance Group,high,2026-03-26 01:42:57,2026-03-26 04:42:32,no,Documented as benign positive; rule threshold adjusted after peer review. Root cause documented in case notes.,IoT Device
ALT004391,Orissa Mining Federation,low,2026-02-19 06:48:41,2026-02-19 12:08:03,no,Confirmed geolocation anomaly caused by corporate VPN egress node change. Root cause documented in case notes.,Identity Provider
ALT003248,Indus Financial Services,high,2026-01-03 23:30:54,2026-01-04 01:54:57,no,Compared hash against VirusTotal offline signature set; no detections. No further action required.,Endpoint
ALT000044,Meridian Trust Bank,low,2026-01-27 18:07:12,2026-01-27 18:09:41,no,"checked, ok",Database
ALT004049,Malabar Gas Pipelines,low,2026-04-03 03:58:02,,no,Coordinated with network team; ACL change on HOST-4320 explains traffic shift. Closed as benign positive.,Server
ALT001477,Konkan Maritime Ltd,high,2026-02-22 09:56:55,2026-02-22 17:57:28,no,Reviewed EDR telemetry timeline; parent process traced to legitimate installer. Root cause documented in case notes.,Cloud Workload
ALT004626,Pennar Cement Industries,medium,2026-05-23 00:49:46,,yes,Identified misconfigured scanner generating repeat alerts; owner notified. Handed to IR team for deeper review.,Identity Provider
ALT004153,Narmada Steel Works,medium,2026-01-24 21:01:43,2026-01-25 01:15:39,no,Correlated with authentication logs for user jsmith; prior successful VPN session confirmed. Monitoring continued for 48 hours.,Network Device
ALT000493,Kaveri Power Holdings,medium,2026-05-13 16:07:28,2026-05-13 20:13:07,no,Reset credentials for kiyer as precaution; no evidence of compromise. Ticket closed with owner sign-off.,Endpoint
ALT000174,Meridian Trust Bank,low,2026-04-11 10:52:03,2026-04-11 10:55:38,no,"checked, ok",Cloud Workload
ALT000413,Kaveri Power Holdings,critical,2026-02-04 09:02:56,2026-02-04 13:35:30,no,n/a,Identity Provider
ALT002534,Eastern Grid Utility,low,2026-01-12 19:20:14,2026-01-12 23:30:48,no,Escalated to L2 after confirming lateral movement indicators on HOST-7350. Ticket closed with owner sign-off.,Endpoint
ALT004356,Orissa Mining Federation,low,2026-03-26 03:21:36,2026-03-26 08:42:36,yes,Identified misconfigured scanner generating repeat alerts; owner notified. Closed as benign positive.,Network Device
ALT001666,Deccan Health Network,low,2026-04-24 19:20:01,2026-04-25 00:40:39,no,Verified backup job schedule; traffic volume consistent with nightly replication. Added to suppression list after approval.,Server
ALT000867,Arcadia Defence Systems,medium,2026-06-21 13:19:39,2026-06-21 16:10:26,yes,Reviewed source IP 10.58.85.75 against internal threat intel; no IOC match. Monitoring continued for 48 hours.,Firewall
ALT000211,Meridian Trust Bank,critical,2026-01-22 12:49:55,2026-01-22 12:52:07,no,"checked, ok",Network Device
ALT003308,Jupiter Aviation Control,low,2026-04-24 02:58:29,2026-04-24 07:23:17,no,Traced outbound connection to approved vendor endpoint; verified against allowlist. Root cause documented in case notes.,Cloud Workload
ALT001432,Arcadia Defence Systems,critical,2026-03-09 16:57:57,2026-03-09 19:41:47,yes,Cross-referenced with change management ticket CHG-22076; scheduled maintenance window. Added to suppression list after approval.,Endpoint
ALT000388,Kaveri Power Holdings,low,2026-02-23 14:35:39,,no,Escalated to L2 after confirming lateral movement indicators on HOST-8541. Monitoring continued for 48 hours.,Database
ALT004190,Narmada Steel Works,low,2026-02-04 15:46:46,2026-02-04 20:10:21,no,Ran memory capture on HOST-4757; no injected process artefacts identified. Monitoring continued for 48 hours.,Network Device
ALT002573,Eastern Grid Utility,low,2026-05-07 18:23:34,2026-05-07 23:08:59,no,Identified misconfigured scanner generating repeat alerts; owner notified. Added to suppression list after approval.,Identity Provider
ALT003505,Krishna Port Authority,low,2026-06-03 20:08:34,2026-06-03 23:42:39,no,Blocked source 10.7.34.106 at perimeter firewall pending further investigation. Closed as benign positive.,Server
ALT001188,Arcadia Defence Systems,low,2026-02-14 03:11:23,2026-02-14 06:34:48,no,Coordinated with network team; ACL change on HOST-9263 explains traffic shift. Closed as benign positive.,Network Device
ALT001497,Konkan Maritime Ltd,high,2026-01-16 12:12:23,2026-01-16 22:03:57,no,Coordinated with network team; ACL change on HOST-7411 explains traffic shift.,Server
ALT004061,Malabar Gas Pipelines,critical,2026-04-07 18:55:38,2026-04-08 00:48:09,no,Confirmed geolocation anomaly caused by corporate VPN egress node change. Ticket closed with owner sign-off.,Firewall
ALT002016,Apex Power Grid Ltd,low,2026-05-17 00:32:08,2026-05-17 06:30:24,no,Ran memory capture on HOST-7835; no injected process artefacts identified. Closed as benign positive.,Database
ALT003517,Krishna Port Authority,low,2026-06-06 21:33:53,2026-06-07 03:10:17,no,Identified misconfigured scanner generating repeat alerts; owner notified. Root cause documented in case notes.,Cloud Workload
ALT003106,Indus Financial Services,low,2026-01-24 19:50:35,2026-01-24 21:52:27,no,Identified misconfigured scanner generating repeat alerts; owner notified. Handed to IR team for deeper review.,Database
ALT001618,Konkan Maritime Ltd,medium,2026-02-22 06:07:12,2026-02-22 15:18:04,no,Documented as benign positive; rule threshold adjusted after peer review. No further action required.,Identity Provider
ALT003103,Indus Financial Services,medium,2026-06-10 10:50:58,2026-06-10 16:33:24,no,Sandbox detonation of attachment returned no malicious behaviour. No further action required.,Server
ALT000788,Arcadia Defence Systems,medium,2026-01-20 10:31:21,2026-01-20 16:04:13,no,Sandbox detonation of attachment returned no malicious behaviour. Monitoring continued for 48 hours.,Server
ALT001684,Deccan Health Network,medium,2026-04-30 06:00:09,2026-04-30 09:39:42,no,Ran memory capture on HOST-9548; no injected process artefacts identified. No further action required.,Identity Provider
ALT001626,Konkan Maritime Ltd,medium,2026-04-15 23:13:36,2026-04-16 07:13:27,no,Reviewed privileged access logs; elevation was approved under ticket REQ-60028. Handed to IR team for deeper review.,Server
ALT004151,Narmada Steel Works,low,2026-03-24 16:06:09,2026-03-24 21:43:22,no,Validated certificate chain; expired intermediate replaced by infrastructure team. Closed as benign positive.,Identity Provider
ALT001389,Arcadia Defence Systems,high,2026-03-17 05:22:50,2026-03-17 09:24:13,yes,Reset credentials for jsmith as precaution; no evidence of compromise. No further action required.,Cloud Workload
ALT000437,Kaveri Power Holdings,high,2026-03-18 23:46:21,2026-03-18 23:50:48,no,n/a,IoT Device
ALT004613,Pennar Cement Industries,low,2026-06-23 08:44:39,2026-06-23 13:56:35,no,Escalated to L2 after confirming lateral movement indicators on HOST-6529. Root cause documented in case notes.,Firewall
ALT000577,Nilgiri Water Authority,low,2026-05-22 21:04:32,2026-05-23 02:04:26,no,Cross-referenced with change management ticket CHG-66440; scheduled maintenance window. Closed as benign positive.,Cloud Workload
ALT003014,Himalayan Healthcare Network,critical,2026-04-11 23:49:18,2026-04-12 05:09:57,yes,Confirmed with asset owner that HOST-1199 was undergoing patch deployment. Monitoring continued for 48 hours.,Identity Provider
ALT004447,Orissa Mining Federation,medium,2026-05-31 08:31:09,2026-05-31 11:55:05,no,Confirmed geolocation anomaly caused by corporate VPN egress node change. Root cause documented in case notes.,Server
ALT000378,Kaveri Power Holdings,low,2026-06-12 14:27:14,2026-06-12 20:17:46,yes,Reviewed privileged access logs; elevation was approved under ticket REQ-52809. Closed as benign positive.,IoT Device
ALT002013,Apex Power Grid Ltd,low,2026-06-27 05:56:38,2026-06-27 08:03:32,no,Validated certificate chain; expired intermediate replaced by infrastructure team.,Database
ALT004390,Orissa Mining Federation,low,2026-05-07 20:54:48,2026-05-08 00:53:56,no,Sandbox detonation of attachment returned no malicious behaviour. Ticket closed with owner sign-off.,Server
ALT001200,Arcadia Defence Systems,high,2026-02-04 19:48:06,2026-02-04 22:49:56,no,,Identity Provider
ALT003146,Indus Financial Services,high,2026-04-04 18:44:20,2026-04-04 21:52:46,no,Sandbox detonation of attachment returned no malicious behaviour. Closed as benign positive.,IoT Device
ALT003630,Krishna Port Authority,low,2026-02-16 00:38:12,2026-02-16 04:59:22,yes,Isolated endpoint HOST-9725 for forensic triage; full disk scan returned clean. Root cause documented in case notes.,Network Device
ALT002834,Godavari Chemicals,high,2026-03-10 06:10:56,2026-03-10 12:09:03,yes,,Firewall
ALT002014,Apex Power Grid Ltd,medium,2026-04-16 10:45:55,2026-04-16 14:40:47,no,Confirmed geolocation anomaly caused by corporate VPN egress node change. Root cause documented in case notes.,Cloud Workload
ALT001109,Arcadia Defence Systems,low,2026-04-11 10:44:47,2026-04-11 14:20:01,no,Compared hash against VirusTotal offline signature set; no detections.,Firewall
ALT001736,Deccan Health Network,medium,2026-02-28 15:28:37,2026-02-28 19:51:20,no,"checked, ok",IoT Device
ALT000536,Saraswati Rail Network,low,2026-06-02 09:50:10,2026-06-02 11:53:48,no,Coordinated with network team; ACL change on HOST-4511 explains traffic shift. Ticket closed with owner sign-off.,Endpoint
ALT002629,Eastern Grid Utility,low,2026-02-26 07:33:36,2026-02-26 12:59:26,no,Reset credentials for rkumar as precaution; no evidence of compromise. No further action required.,Identity Provider
ALT001174,Arcadia Defence Systems,medium,2026-06-20 18:09:41,2026-06-20 23:47:23,yes,Traced outbound connection to approved vendor endpoint; verified against allowlist. Handed to IR team for deeper review.,Server
ALT003595,Krishna Port Authority,low,2026-01-22 16:31:00,2026-01-22 19:33:11,no,Sandbox detonation of attachment returned no malicious behaviour. Ticket closed with owner sign-off.,Identity Provider
ALT000607,Nilgiri Water Authority,low,2026-05-31 04:12:07,2026-05-31 09:17:59,no,Escalated to L2 after confirming lateral movement indicators on HOST-6740. Monitoring continued for 48 hours.,Firewall
ALT000167,Meridian Trust Bank,low,2026-03-03 21:21:22,2026-03-03 21:24:11,no,n/a,Firewall
ALT001857,Deccan Health Network,low,2026-03-01 18:37:07,2026-03-01 22:39:33,no,Reviewed EDR telemetry timeline; parent process traced to legitimate installer. Closed as benign positive.,Identity Provider
ALT001940,Apex Power Grid Ltd,low,2026-05-31 08:44:28,2026-05-31 14:33:07,no,Reset credentials for schen as precaution; no evidence of compromise. No further action required.,Network Device
ALT001783,Deccan Health Network,critical,2026-06-28 15:29:14,2026-06-28 15:32:50,yes,closed,Network Device
ALT000986,Arcadia Defence Systems,low,2026-04-13 14:32:00,2026-04-13 17:04:44,yes,Validated certificate chain; expired intermediate replaced by infrastructure team. Root cause documented in case notes.,IoT Device
ALT002785,Godavari Chemicals,low,2026-05-23 02:45:16,2026-05-23 06:56:43,no,Traced outbound connection to approved vendor endpoint; verified against allowlist. Ticket closed with owner sign-off.,Cloud Workload
ALT002967,Himalayan Healthcare Network,medium,2026-06-05 19:28:59,2026-06-05 23:57:47,no,Reset credentials for mfernandes as precaution; no evidence of compromise. Handed to IR team for deeper review.,IoT Device
ALT002688,Godavari Chemicals,low,2026-01-01 05:12:36,2026-01-01 11:03:59,yes,Traced outbound connection to approved vendor endpoint; verified against allowlist. Root cause documented in case notes.,Endpoint
ALT000538,Nilgiri Water Authority,low,2026-02-09 21:46:43,2026-02-10 03:23:02,no,"Checked DNS query history; domain registered 400+ days ago, low risk profile.",Network Device
ALT002920,Himalayan Healthcare Network,low,2026-01-01 06:14:08,2026-01-01 09:42:54,no,Coordinated with network team; ACL change on HOST-4297 explains traffic shift. Monitoring continued for 48 hours.,Identity Provider
ALT003425,Jupiter Aviation Control,medium,2026-05-04 10:59:38,2026-05-04 14:51:26,no,,Database
ALT004441,Orissa Mining Federation,low,2026-02-15 15:50:17,2026-02-15 18:57:22,no,Correlated with authentication logs for user mfernandes; prior successful VPN session confirmed. Monitoring continued for 48 hours.,Firewall
ALT000668,Nilgiri Water Authority,medium,2026-02-22 05:29:07,2026-02-22 10:29:45,no,Reviewed EDR telemetry timeline; parent process traced to legitimate installer. Added to suppression list after approval.,IoT Device
ALT004596,Pennar Cement Industries,low,2026-06-15 21:31:53,2026-06-16 01:58:08,no,Contacted user schen via Teams; confirmed they initiated the session from Mumbai office. No further action required.,IoT Device
ALT003670,Krishna Port Authority,medium,2026-02-25 14:03:01,2026-02-25 19:01:12,yes,Escalated to L2 after confirming lateral movement indicators on HOST-8373. No further action required.,Endpoint
ALT000423,Kaveri Power Holdings,medium,2026-01-30 14:04:34,2026-01-30 16:58:12,no,reviewed,Server
ALT001722,Deccan Health Network,low,2026-03-12 09:15:20,2026-03-12 12:02:14,no,closed,Endpoint
ALT003873,Malabar Gas Pipelines,critical,2026-03-16 18:46:40,2026-03-16 22:07:08,no,Cross-referenced with change management ticket CHG-24504; scheduled maintenance window. Handed to IR team for deeper review.,Database
ALT001309,Arcadia Defence Systems,low,2026-02-20 02:39:31,2026-02-20 04:40:33,no,Queried SIEM for related events across 24h window; no corroborating activity found. Handed to IR team for deeper review.,Cloud Workload
ALT003400,Jupiter Aviation Control,low,2026-03-15 23:35:58,2026-03-16 05:17:24,yes,Documented as benign positive; rule threshold adjusted after peer review. Monitoring continued for 48 hours.,IoT Device
ALT003064,Himalayan Healthcare Network,low,2026-06-10 17:34:07,2026-06-10 19:43:58,no,Ran memory capture on HOST-3270; no injected process artefacts identified. Handed to IR team for deeper review.,Database
ALT002689,Godavari Chemicals,low,2026-01-06 11:15:18,2026-01-06 16:38:25,no,Validated certificate chain; expired intermediate replaced by infrastructure team. Root cause documented in case notes.,Endpoint
ALT000149,Meridian Trust Bank,critical,2026-04-08 03:39:05,2026-04-08 03:43:16,no,"checked, ok",Cloud Workload
ALT003309,Jupiter Aviation Control,low,2026-01-11 06:48:07,2026-01-11 09:59:34,no,Ran memory capture on HOST-3159; no injected process artefacts identified. Closed as benign positive.,Cloud Workload
ALT002895,Himalayan Healthcare Network,medium,2026-03-22 01:28:06,2026-03-22 06:23:54,no,Contacted user rkumar via Teams; confirmed they initiated the session from Mumbai office. No further action required.,Database
ALT003051,Himalayan Healthcare Network,medium,2026-05-22 09:31:15,2026-05-22 12:24:48,no,Sandbox detonation of attachment returned no malicious behaviour. Closed as benign positive.,Cloud Workload
ALT001134,Arcadia Defence Systems,low,2026-01-10 06:30:22,2026-01-10 11:43:31,no,Sandbox detonation of attachment returned no malicious behaviour. Handed to IR team for deeper review.,Identity Provider
ALT002937,Himalayan Healthcare Network,low,2026-05-07 22:37:44,2026-05-08 04:19:24,no,Confirmed geolocation anomaly caused by corporate VPN egress node change. Ticket closed with owner sign-off.,Identity Provider
ALT001421,Arcadia Defence Systems,high,2026-01-17 00:36:02,2026-01-17 04:45:10,no,Blocked source 10.2.207.17 at perimeter firewall pending further investigation.,Network Device
ALT003180,Indus Financial Services,low,2026-04-15 20:41:48,2026-04-15 23:31:18,no,Confirmed geolocation anomaly caused by corporate VPN egress node change. Closed as benign positive.,Server
ALT000483,Kaveri Power Holdings,medium,2026-04-26 14:01:51,2026-04-26 18:32:45,no,Documented as benign positive; rule threshold adjusted after peer review. Monitoring continued for 48 hours.,Database
ALT001830,Deccan Health Network,medium,2026-06-22 15:43:44,2026-06-22 19:28:03,no,closed,Firewall
ALT002347,Cauvery Logistics Corp,critical,2026-06-26 18:31:24,2026-06-26 22:57:29,yes,Validated certificate chain; expired intermediate replaced by infrastructure team.,IoT Device
ALT004225,Narmada Steel Works,low,2026-02-28 12:50:00,2026-02-28 17:56:48,yes,Traced outbound connection to approved vendor endpoint; verified against allowlist. Closed as benign positive.,Server
ALT002795,Godavari Chemicals,low,2026-04-24 12:10:51,2026-04-24 16:44:50,no,Reviewed EDR telemetry timeline; parent process traced to legitimate installer.,IoT Device
ALT000740,Arcadia Defence Systems,low,2026-05-18 12:30:03,2026-05-18 17:43:44,no,,Network Device
ALT001107,Arcadia Defence Systems,low,2026-04-21 20:23:58,2026-04-22 01:40:54,yes,Reviewed EDR telemetry timeline; parent process traced to legitimate installer. Root cause documented in case notes.,Network Device
ALT001239,Arcadia Defence Systems,low,2026-05-20 07:11:14,2026-05-20 12:01:33,yes,Contacted user nrao via Teams; confirmed they initiated the session from Mumbai office. Added to suppression list after approval.,Database
ALT002648,Eastern Grid Utility,low,2026-06-17 19:00:58,2026-06-17 21:42:19,yes,Contacted user apatel via Teams; confirmed they initiated the session from Mumbai office. Added to suppression list after approval.,Cloud Workload
ALT003211,Indus Financial Services,low,2026-03-10 04:56:15,2026-03-10 09:15:55,no,Documented as benign positive; rule threshold adjusted after peer review. Handed to IR team for deeper review.,Cloud Workload
ALT003150,Indus Financial Services,low,2026-05-19 11:43:31,2026-05-19 15:53:53,yes,Compared hash against VirusTotal offline signature set; no detections. Closed as benign positive.,IoT Device
ALT000096,Meridian Trust Bank,medium,2026-02-14 13:16:59,2026-02-14 13:18:12,no,n/a,Server
ALT001681,Deccan Health Network,low,2026-03-26 08:32:13,2026-03-26 12:20:29,no,Documented as benign positive; rule threshold adjusted after peer review. Handed to IR team for deeper review.,Endpoint
ALT003807,Lakshmi Insurance Group,low,2026-02-03 05:44:09,2026-02-03 07:48:45,no,Confirmed with asset owner that HOST-1390 was undergoing patch deployment. Added to suppression list after approval.,Network Device
ALT003031,Himalayan Healthcare Network,low,2026-03-23 00:57:34,2026-03-23 06:50:11,no,Queried SIEM for related events across 24h window; no corroborating activity found. Added to suppression list after approval.,Database
ALT002441,Cauvery Logistics Corp,low,2026-04-11 00:21:39,2026-04-11 03:28:18,no,Reviewed privileged access logs; elevation was approved under ticket REQ-65582. Handed to IR team for deeper review.,Identity Provider
ALT000173,Meridian Trust Bank,high,2026-02-24 05:30:05,2026-02-24 05:30:53,no,n/a,Endpoint
ALT001619,Konkan Maritime Ltd,low,2026-04-25 18:26:21,2026-04-26 03:09:16,no,Reviewed privileged access logs; elevation was approved under ticket REQ-48872. Added to suppression list after approval.,Server
ALT004469,Orissa Mining Federation,high,2026-03-20 15:16:58,2026-03-20 20:15:52,yes,Traced outbound connection to approved vendor endpoint; verified against allowlist. Handed to IR team for deeper review.,Network Device
ALT002277,Bharat Telecom Networks,low,2026-01-04 10:01:39,2026-01-04 13:38:59,no,Cross-referenced with change management ticket CHG-42401; scheduled maintenance window. Handed to IR team for deeper review.,Identity Provider
ALT003810,Lakshmi Insurance Group,medium,2026-03-02 14:35:48,2026-03-02 18:12:03,no,Traced outbound connection to approved vendor endpoint; verified against allowlist. Monitoring continued for 48 hours.,Network Device
ALT002190,Bharat Telecom Networks,medium,2026-04-24 19:34:54,2026-04-25 00:57:37,no,Contacted user dnair via Teams; confirmed they initiated the session from Mumbai office. Handed to IR team for deeper review.,Firewall
ALT002001,Apex Power Grid Ltd,low,2026-03-28 19:35:33,2026-03-29 00:58:22,no,Reviewed source IP 10.2.152.53 against internal threat intel; no IOC match. No further action required.,Database
ALT001494,Konkan Maritime Ltd,medium,2026-06-29 07:00:03,2026-06-29 16:14:40,no,Matched pattern against known false-positive rule FP-74902; tuning request raised. Added to suppression list after approval.,Identity Provider
ALT003842,Lakshmi Insurance Group,high,2026-02-01 23:00:56,2026-02-02 04:05:05,yes,Blocked source 10.53.18.130 at perimeter firewall pending further investigation. Closed as benign positive.,Endpoint
ALT003353,Jupiter Aviation Control,low,2026-03-11 13:58:28,2026-03-11 16:35:10,no,Reset credentials for mfernandes as precaution; no evidence of compromise. Handed to IR team for deeper review.,Firewall
ALT000446,Kaveri Power Holdings,low,2026-04-29 02:03:41,2026-04-29 06:35:46,no,Compared hash against VirusTotal offline signature set; no detections. Handed to IR team for deeper review.,Firewall
ALT003190,Indus Financial Services,low,2026-02-03 04:08:54,2026-02-03 09:20:26,no,Compared hash against VirusTotal offline signature set; no detections. Monitoring continued for 48 hours.,IoT Device
ALT001598,Konkan Maritime Ltd,low,2026-03-03 20:41:29,2026-03-04 05:22:40,yes,Coordinated with network team; ACL change on HOST-4693 explains traffic shift. No further action required.,Identity Provider
ALT001160,Arcadia Defence Systems,low,2026-02-21 01:40:22,2026-02-21 06:51:35,no,Escalated to L2 after confirming lateral movement indicators on HOST-3304. Added to suppression list after approval.,Endpoint
ALT000998,Arcadia Defence Systems,high,2026-03-29 12:34:25,2026-03-29 14:52:28,yes,Ran memory capture on HOST-9796; no injected process artefacts identified. Ticket closed with owner sign-off.,Cloud Workload
ALT002837,Godavari Chemicals,low,2026-04-29 02:05:17,2026-04-29 05:31:43,yes,Traced outbound connection to approved vendor endpoint; verified against allowlist.,Identity Provider
ALT004554,Pennar Cement Industries,critical,2026-02-10 04:20:25,2026-02-10 07:38:25,yes,Contacted user rkumar via Teams; confirmed they initiated the session from Mumbai office.,Network Device
ALT003256,Indus Financial Services,low,2026-06-05 01:06:59,2026-06-05 03:52:05,no,Verified backup job schedule; traffic volume consistent with nightly replication. Root cause documented in case notes.,Identity Provider
ALT001685,Deccan Health Network,high,2026-04-10 02:37:25,2026-04-10 04:57:49,no,closed,Cloud Workload
ALT001975,Apex Power Grid Ltd,low,2026-04-05 16:26:35,2026-04-05 19:59:39,no,Ran memory capture on HOST-2191; no injected process artefacts identified.,Identity Provider
ALT004217,Narmada Steel Works,high,2026-05-02 21:23:45,2026-05-03 01:34:36,yes,Verified backup job schedule; traffic volume consistent with nightly replication. Closed as benign positive.,Identity Provider
ALT000337,Kaveri Power Holdings,low,2026-02-05 23:57:24,2026-02-06 04:15:08,no,Reviewed EDR telemetry timeline; parent process traced to legitimate installer.,Identity Provider
ALT003869,Malabar Gas Pipelines,low,2026-01-31 10:02:01,2026-01-31 15:36:16,no,Blocked source 10.10.176.166 at perimeter firewall pending further investigation. Root cause documented in case notes.,Firewall
ALT001458,Arcadia Defence Systems,critical,2026-03-25 09:06:01,,yes,Escalated to L2 after confirming lateral movement indicators on HOST-9675. Root cause documented in case notes.,Cloud Workload
ALT004006,Malabar Gas Pipelines,low,2026-03-16 21:28:57,2026-03-17 01:24:52,no,Reset credentials for tgeorge as precaution; no evidence of compromise. Root cause documented in case notes.,Database
ALT000520,Kaveri Power Holdings,critical,2026-04-17 14:14:42,2026-04-17 14:18:35,yes,Documented as benign positive; rule threshold adjusted after peer review. Handed to IR team for deeper review.,Server
ALT001368,Arcadia Defence Systems,high,2026-05-26 17:12:34,2026-05-26 20:36:38,no,Correlated with authentication logs for user dnair; prior successful VPN session confirmed. Root cause documented in case notes.,Cloud Workload
ALT002821,Godavari Chemicals,medium,2026-05-22 12:40:35,2026-05-22 18:36:21,yes,Validated certificate chain; expired intermediate replaced by infrastructure team. Root cause documented in case notes.,Firewall
ALT001082,Arcadia Defence Systems,low,2026-03-03 13:44:03,2026-03-03 16:54:32,no,Coordinated with network team; ACL change on HOST-7855 explains traffic shift. Added to suppression list after approval.,Identity Provider
ALT001396,Arcadia Defence Systems,medium,2026-04-24 18:29:54,2026-04-24 22:20:20,no,Validated certificate chain; expired intermediate replaced by infrastructure team.,Database
ALT002283,Cauvery Logistics Corp,high,2026-04-02 18:07:41,2026-04-02 22:43:32,yes,Reviewed EDR telemetry timeline; parent process traced to legitimate installer.,Network Device
ALT004648,Pennar Cement Industries,medium,2026-01-11 20:06:40,2026-01-11 22:14:07,no,Confirmed geolocation anomaly caused by corporate VPN egress node change. Monitoring continued for 48 hours.,Database
ALT004497,Pennar Cement Industries,low,2026-05-06 03:36:05,2026-05-06 08:48:21,yes,Coordinated with network team; ACL change on HOST-2215 explains traffic shift. Added to suppression list after approval.,Endpoint
ALT003518,Krishna Port Authority,low,2026-05-03 05:33:43,2026-05-03 11:29:19,no,Escalated to L2 after confirming lateral movement indicators on HOST-5398. Monitoring continued for 48 hours.,Identity Provider
ALT002903,Himalayan Healthcare Network,low,2026-05-03 20:29:23,2026-05-03 22:30:41,no,Isolated endpoint HOST-6415 for forensic triage; full disk scan returned clean. Closed as benign positive.,Identity Provider
ALT003337,Jupiter Aviation Control,critical,2026-02-16 11:26:31,2026-02-16 14:33:24,yes,Ran memory capture on HOST-9403; no injected process artefacts identified. Monitoring continued for 48 hours.,Identity Provider
ALT003157,Indus Financial Services,low,2026-04-06 02:40:09,2026-04-06 05:30:36,no,Compared hash against VirusTotal offline signature set; no detections. Added to suppression list after approval.,Firewall
ALT002825,Godavari Chemicals,low,2026-04-16 20:58:31,2026-04-16 23:27:21,no,Isolated endpoint HOST-1685 for forensic triage; full disk scan returned clean. Closed as benign positive.,Endpoint
ALT002115,Bharat Telecom Networks,low,2026-03-21 17:35:16,2026-03-21 21:36:28,no,Verified backup job schedule; traffic volume consistent with nightly replication. Root cause documented in case notes.,Identity Provider
ALT001907,Apex Power Grid Ltd,critical,2026-04-10 01:06:09,2026-04-10 04:28:18,yes,Matched pattern against known false-positive rule FP-16574; tuning request raised. Closed as benign positive.,Firewall
ALT004511,Pennar Cement Industries,medium,2026-05-11 14:13:43,2026-05-11 18:11:11,no,Escalated to L2 after confirming lateral movement indicators on HOST-9916. Ticket closed with owner sign-off.,Endpoint
ALT001589,Konkan Maritime Ltd,medium,2026-02-08 15:08:53,2026-02-09 00:23:12,yes,"Checked DNS query history; domain registered 400+ days ago, low risk profile. Closed as benign positive.",Cloud Workload
ALT003521,Krishna Port Authority,high,2026-04-28 02:53:12,2026-04-28 08:07:46,no,Cross-referenced with change management ticket CHG-87098; scheduled maintenance window. Root cause documented in case notes.,Database
ALT002868,Himalayan Healthcare Network,low,2026-04-26 15:58:12,2026-04-26 21:44:49,no,Escalated to L2 after confirming lateral movement indicators on HOST-2230. Closed as benign positive.,Identity Provider
ALT003409,Jupiter Aviation Control,medium,2026-06-11 10:11:53,2026-06-11 15:53:08,no,Confirmed geolocation anomaly caused by corporate VPN egress node change.,Network Device
ALT000415,Kaveri Power Holdings,low,2026-05-06 15:29:24,2026-05-06 18:29:21,no,Verified backup job schedule; traffic volume consistent with nightly replication.,Cloud Workload
ALT003037,Himalayan Healthcare Network,low,2026-02-10 23:31:31,2026-02-11 05:01:51,no,Analysed PCAP sample; payload matched benign monitoring agent heartbeat. Monitoring continued for 48 hours.,Database
ALT004354,Orissa Mining Federation,medium,2026-06-08 08:25:59,2026-06-08 10:52:14,no,Matched pattern against known false-positive rule FP-67468; tuning request raised. Ticket closed with owner sign-off.,Cloud Workload
ALT003825,Lakshmi Insurance Group,high,2026-01-20 06:09:46,2026-01-20 11:55:34,yes,Coordinated with network team; ACL change on HOST-4800 explains traffic shift. Monitoring continued for 48 hours.,Network Device
ALT003472,Krishna Port Authority,medium,2026-04-18 11:38:28,2026-04-18 15:54:00,no,Reviewed EDR telemetry timeline; parent process traced to legitimate installer. Monitoring continued for 48 hours.,Network Device
ALT004318,Orissa Mining Federation,low,2026-04-29 10:17:13,2026-04-29 14:31:17,no,Verified backup job schedule; traffic volume consistent with nightly replication. Root cause documented in case notes.,Database
ALT004535,Pennar Cement Industries,critical,2026-03-12 16:06:38,2026-03-12 21:27:23,yes,Validated certificate chain; expired intermediate replaced by infrastructure team. Added to suppression list after approval.,Database
ALT002242,Bharat Telecom Networks,low,2026-05-22 01:02:57,2026-05-22 03:28:29,no,Cross-referenced with change management ticket CHG-30249; scheduled maintenance window. Added to suppression list after approval.,Network Device
ALT000148,Meridian Trust Bank,medium,2026-02-12 17:45:31,2026-02-12 17:47:38,no,n/a,Identity Provider
ALT003204,Indus Financial Services,low,2026-06-01 17:27:00,2026-06-01 20:13:35,no,Reviewed source IP 10.51.219.65 against internal threat intel; no IOC match. No further action required.,Firewall
ALT000612,Nilgiri Water Authority,low,2026-03-19 08:34:32,,yes,Blocked source 10.16.201.45 at perimeter firewall pending further investigation. No further action required.,Database
ALT001760,Deccan Health Network,critical,2026-05-07 04:40:13,2026-05-07 06:41:26,yes,closed,Firewall
ALT003095,Indus Financial Services,medium,2026-04-26 06:35:04,2026-04-26 12:06:35,no,Sandbox detonation of attachment returned no malicious behaviour. Monitoring continued for 48 hours.,Server
ALT002769,Godavari Chemicals,low,2026-02-22 03:34:27,2026-02-22 07:51:28,no,Reset credentials for apatel as precaution; no evidence of compromise. Handed to IR team for deeper review.,Endpoint
ALT000999,Arcadia Defence Systems,high,2026-03-12 18:32:36,2026-03-12 21:29:33,no,Confirmed geolocation anomaly caused by corporate VPN egress node change. Monitoring continued for 48 hours.,Database
ALT000004,Meridian Trust Bank,high,2026-04-17 05:40:44,,no,n/a,IoT Device
ALT001120,Arcadia Defence Systems,medium,2026-02-21 19:55:24,2026-02-22 01:44:46,no,Contacted user apatel via Teams; confirmed they initiated the session from Mumbai office. Root cause documented in case notes.,Identity Provider
ALT004423,Orissa Mining Federation,low,2026-02-17 02:00:35,2026-02-17 06:41:25,no,Reset credentials for mfernandes as precaution; no evidence of compromise.,IoT Device
ALT003767,Lakshmi Insurance Group,medium,2026-06-30 22:34:07,2026-07-01 03:23:35,no,Blocked source 10.46.109.165 at perimeter firewall pending further investigation. Ticket closed with owner sign-off.,Cloud Workload
ALT004038,Malabar Gas Pipelines,low,2026-04-24 20:25:58,2026-04-24 23:15:16,yes,Documented as benign positive; rule threshold adjusted after peer review.,Identity Provider
ALT000221,Meridian Trust Bank,critical,2026-06-20 06:41:32,2026-06-20 06:45:14,no,"checked, ok",Server
ALT002222,Bharat Telecom Networks,low,2026-06-05 17:19:06,2026-06-05 20:32:00,no,Escalated to L2 after confirming lateral movement indicators on HOST-4324. Handed to IR team for deeper review.,Firewall
ALT003553,Krishna Port Authority,critical,2026-01-04 06:14:16,2026-01-04 08:25:37,yes,Coordinated with network team; ACL change on HOST-8675 explains traffic shift. Monitoring continued for 48 hours.,Network Device
ALT001837,Deccan Health Network,medium,2026-05-14 08:59:11,2026-05-14 14:23:05,no,Analysed PCAP sample; payload matched benign monitoring agent heartbeat. No further action required.,Firewall
ALT000344,Kaveri Power Holdings,low,2026-01-12 11:26:33,2026-01-12 17:02:08,no,reviewed,Network Device
ALT002310,Cauvery Logistics Corp,low,2026-01-03 17:09:15,2026-01-03 20:54:38,no,Compared hash against VirusTotal offline signature set; no detections.,Endpoint
ALT002492,Eastern Grid Utility,critical,2026-04-06 02:27:58,2026-04-06 04:50:14,no,Ran memory capture on HOST-8089; no injected process artefacts identified. Added to suppression list after approval.,Firewall
ALT000786,Arcadia Defence Systems,critical,2026-01-09 13:13:06,2026-01-09 19:00:23,yes,Validated certificate chain; expired intermediate replaced by infrastructure team.,Database
ALT004617,Pennar Cement Industries,low,2026-02-15 18:09:21,2026-02-15 22:31:48,no,Ran memory capture on HOST-2997; no injected process artefacts identified. Ticket closed with owner sign-off.,IoT Device
ALT000039,Meridian Trust Bank,medium,2026-02-23 03:20:32,2026-02-23 03:24:55,no,"checked, ok",Identity Provider
ALT004325,Orissa Mining Federation,low,2026-05-30 12:20:10,2026-05-30 15:50:13,no,Correlated with authentication logs for user kiyer; prior successful VPN session confirmed. Monitoring continued for 48 hours.,Cloud Workload
ALT003812,Lakshmi Insurance Group,low,2026-05-17 02:48:31,,no,Reviewed EDR telemetry timeline; parent process traced to legitimate installer. Added to suppression list after approval.,Server
ALT002461,Cauvery Logistics Corp,low,2026-06-29 20:53:53,,no,Ran memory capture on HOST-5007; no injected process artefacts identified. Ticket closed with owner sign-off.,IoT Device
ALT002364,Cauvery Logistics Corp,low,2026-03-16 22:38:42,2026-03-17 02:53:58,no,Documented as benign positive; rule threshold adjusted after peer review. Ticket closed with owner sign-off.,Endpoint
ALT001054,Arcadia Defence Systems,medium,2026-01-18 20:24:16,2026-01-18 23:15:08,no,Validated certificate chain; expired intermediate replaced by infrastructure team. Root cause documented in case notes.,Firewall
ALT004394,Orissa Mining Federation,medium,2026-03-20 00:32:24,2026-03-20 05:12:18,no,Reviewed privileged access logs; elevation was approved under ticket REQ-58172.,Cloud Workload
ALT001957,Apex Power Grid Ltd,medium,2026-02-08 17:34:19,2026-02-08 21:57:52,no,Reviewed privileged access logs; elevation was approved under ticket REQ-39260. No further action required.,Endpoint
ALT004640,Pennar Cement Industries,low,2026-05-29 02:33:55,2026-05-29 04:55:13,no,Analysed PCAP sample; payload matched benign monitoring agent heartbeat. Added to suppression list after approval.,Identity Provider
ALT002758,Godavari Chemicals,medium,2026-06-10 14:09:48,2026-06-10 17:48:32,yes,Reviewed privileged access logs; elevation was approved under ticket REQ-20500. Closed as benign positive.,Cloud Workload
ALT000264,Meridian Trust Bank,high,2026-02-17 11:17:52,2026-02-17 11:20:40,no,n/a,IoT Device
ALT001854,Deccan Health Network,low,2026-03-21 03:23:16,2026-03-21 07:11:19,no,Reviewed privileged access logs; elevation was approved under ticket REQ-10527. Root cause documented in case notes.,Database
ALT004412,Orissa Mining Federation,low,2026-06-12 13:58:02,2026-06-12 18:50:51,yes,Compared hash against VirusTotal offline signature set; no detections. Root cause documented in case notes.,IoT Device
ALT001415,Arcadia Defence Systems,low,2026-01-19 11:55:50,2026-01-19 17:00:27,no,Queried SIEM for related events across 24h window; no corroborating activity found. Added to suppression list after approval.,Identity Provider
ALT000002,Meridian Trust Bank,low,2026-01-19 10:28:02,2026-01-19 10:30:52,no,n/a,Endpoint
ALT004172,Narmada Steel Works,medium,2026-06-23 11:40:34,2026-06-23 16:03:29,no,Compared hash against VirusTotal offline signature set; no detections. Closed as benign positive.,IoT Device
ALT004327,Orissa Mining Federation,low,2026-02-28 05:36:33,2026-02-28 07:45:34,no,Cross-referenced with change management ticket CHG-60060; scheduled maintenance window. Root cause documented in case notes.,IoT Device
ALT003012,Himalayan Healthcare Network,low,2026-03-12 14:25:48,2026-03-12 19:43:13,no,Traced outbound connection to approved vendor endpoint; verified against allowlist. No further action required.,Server
ALT002340,Cauvery Logistics Corp,low,2026-06-22 19:01:15,2026-06-22 23:28:19,no,Confirmed geolocation anomaly caused by corporate VPN egress node change. Handed to IR team for deeper review.,Database
ALT000769,Arcadia Defence Systems,low,2026-03-07 14:08:33,,no,Cross-referenced with change management ticket CHG-27313; scheduled maintenance window. No further action required.,Network Device
ALT002011,Apex Power Grid Ltd,low,2026-04-20 22:48:33,2026-04-21 02:30:17,no,"Checked DNS query history; domain registered 400+ days ago, low risk profile. Root cause documented in case notes.",Server
ALT004565,Pennar Cement Industries,medium,2026-05-08 11:39:40,2026-05-08 14:15:14,no,Confirmed with asset owner that HOST-6805 was undergoing patch deployment.,Network Device
ALT002202,Bharat Telecom Networks,medium,2026-02-15 08:17:57,2026-02-15 13:57:35,no,Ran memory capture on HOST-9767; no injected process artefacts identified. Ticket closed with owner sign-off.,IoT Device
ALT002886,Himalayan Healthcare Network,medium,2026-06-09 15:11:23,2026-06-09 20:19:27,no,Blocked source 10.24.145.166 at perimeter firewall pending further investigation. Closed as benign positive.,IoT Device
ALT003114,Indus Financial Services,high,2026-04-30 23:34:38,2026-05-01 03:38:56,no,Analysed PCAP sample; payload matched benign monitoring agent heartbeat. Ticket closed with owner sign-off.,Database
ALT004107,Narmada Steel Works,low,2026-01-28 17:27:12,2026-01-28 21:19:54,no,Cross-referenced with change management ticket CHG-37699; scheduled maintenance window. Root cause documented in case notes.,Identity Provider
ALT003059,Himalayan Healthcare Network,high,2026-03-02 13:00:47,2026-03-02 17:07:36,yes,,Identity Provider
ALT001419,Arcadia Defence Systems,low,2026-06-27 23:39:51,2026-06-28 04:56:43,no,Ran memory capture on HOST-5321; no injected process artefacts identified. Closed as benign positive.,Server
ALT000714,Arcadia Defence Systems,low,2026-03-31 00:23:57,2026-03-31 02:34:53,no,Reviewed EDR telemetry timeline; parent process traced to legitimate installer. Monitoring continued for 48 hours.,Firewall
ALT002207,Bharat Telecom Networks,medium,2026-06-07 23:50:43,2026-06-08 05:11:14,no,Validated certificate chain; expired intermediate replaced by infrastructure team. Monitoring continued for 48 hours.,Identity Provider
ALT002273,Bharat Telecom Networks,medium,2026-02-09 05:43:09,2026-02-09 08:53:07,no,Matched pattern against known false-positive rule FP-60136; tuning request raised. Monitoring continued for 48 hours.,Network Device
ALT001175,Arcadia Defence Systems,medium,2026-01-15 10:25:08,2026-01-15 14:03:59,no,Traced outbound connection to approved vendor endpoint; verified against allowlist. Monitoring continued for 48 hours.,Network Device
ALT001213,Arcadia Defence Systems,low,2026-01-27 16:40:45,2026-01-27 22:03:36,yes,,Firewall
ALT003444,Jupiter Aviation Control,medium,2026-04-11 12:57:31,2026-04-11 18:48:00,yes,Correlated with authentication logs for user dnair; prior successful VPN session confirmed. No further action required.,Cloud Workload
ALT002881,Himalayan Healthcare Network,medium,2026-05-28 13:36:08,2026-05-28 19:33:12,no,Blocked source 10.21.196.203 at perimeter firewall pending further investigation. Monitoring continued for 48 hours.,Network Device
ALT002233,Bharat Telecom Networks,low,2026-05-01 12:11:18,2026-05-01 17:56:57,yes,Reviewed privileged access logs; elevation was approved under ticket REQ-17130. Ticket closed with owner sign-off.,IoT Device
ALT004436,Orissa Mining Federation,low,2026-03-26 06:45:11,2026-03-26 09:53:21,no,Analysed PCAP sample; payload matched benign monitoring agent heartbeat. Added to suppression list after approval.,Network Device
ALT002701,Godavari Chemicals,medium,2026-02-14 19:51:48,2026-02-15 01:43:51,no,Cross-referenced with change management ticket CHG-80891; scheduled maintenance window. Ticket closed with owner sign-off.,Endpoint
ALT002949,Himalayan Healthcare Network,medium,2026-06-06 09:02:43,2026-06-06 12:08:58,no,Reviewed EDR telemetry timeline; parent process traced to legitimate installer. No further action required.,Network Device
ALT002098,Bharat Telecom Networks,critical,2026-04-26 08:15:19,,yes,Validated certificate chain; expired intermediate replaced by infrastructure team. Added to suppression list after approval.,Endpoint
ALT002491,Eastern Grid Utility,medium,2026-06-07 06:44:34,2026-06-07 09:45:22,no,Matched pattern against known false-positive rule FP-78323; tuning request raised. Closed as benign positive.,Identity Provider
ALT002955,Himalayan Healthcare Network,high,2026-04-03 10:22:44,2026-04-03 13:16:24,yes,Matched pattern against known false-positive rule FP-18203; tuning request raised. Ticket closed with owner sign-off.,Cloud Workload
ALT003718,Lakshmi Insurance Group,low,2026-03-20 21:44:03,2026-03-21 00:35:33,no,Identified misconfigured scanner generating repeat alerts; owner notified. Handed to IR team for deeper review.,Database
ALT002878,Himalayan Healthcare Network,medium,2026-04-05 01:16:44,2026-04-05 05:08:39,no,Analysed PCAP sample; payload matched benign monitoring agent heartbeat. Monitoring continued for 48 hours.,Endpoint
ALT000016,Meridian Trust Bank,medium,2026-04-02 20:24:34,2026-04-02 20:27:21,no,n/a,Network Device
ALT002610,Eastern Grid Utility,medium,2026-02-05 00:21:15,2026-02-05 05:13:32,yes,Ran memory capture on HOST-7848; no injected process artefacts identified. No further action required.,Cloud Workload
ALT000955,Arcadia Defence Systems,medium,2026-03-25 16:56:49,2026-03-25 21:16:01,no,Compared hash against VirusTotal offline signature set; no detections. Added to suppression list after approval.,Firewall
ALT001136,Arcadia Defence Systems,medium,2026-03-12 21:56:34,2026-03-13 01:54:16,no,Contacted user jsmith via Teams; confirmed they initiated the session from Mumbai office. Closed as benign positive.,Firewall
ALT002957,Himalayan Healthcare Network,low,2026-05-07 05:49:53,2026-05-07 08:25:06,yes,Cross-referenced with change management ticket CHG-85783; scheduled maintenance window.,Cloud Workload
ALT000809,Arcadia Defence Systems,low,2026-06-01 06:03:40,2026-06-01 11:21:42,no,Ran memory capture on HOST-7471; no injected process artefacts identified. Closed as benign positive.,Server
ALT003698,Lakshmi Insurance Group,low,2026-03-13 07:00:04,2026-03-13 11:30:47,no,,Database
ALT004467,Orissa Mining Federation,low,2026-02-12 12:04:03,2026-02-12 17:45:30,no,Blocked source 10.19.201.151 at perimeter firewall pending further investigation. Handed to IR team for deeper review.,Database
ALT003794,Lakshmi Insurance Group,medium,2026-06-23 08:37:46,2026-06-23 14:24:28,no,Reviewed EDR telemetry timeline; parent process traced to legitimate installer.,Endpoint
ALT003910,Malabar Gas Pipelines,low,2026-02-17 09:54:18,2026-02-17 15:10:48,no,Reviewed EDR telemetry timeline; parent process traced to legitimate installer. Ticket closed with owner sign-off.,Firewall
ALT002243,Bharat Telecom Networks,low,2026-05-12 13:55:56,2026-05-12 18:42:21,no,,Database
ALT004097,Narmada Steel Works,low,2026-01-13 17:33:20,2026-01-13 23:20:45,no,Identified misconfigured scanner generating repeat alerts; owner notified. Added to suppression list after approval.,IoT Device
ALT000496,Kaveri Power Holdings,medium,2026-02-16 03:17:06,2026-02-16 07:15:27,no,Escalated to L2 after confirming lateral movement indicators on HOST-5903. Root cause documented in case notes.,Database
ALT003235,Indus Financial Services,low,2026-02-06 14:50:29,2026-02-06 20:00:30,yes,Reset credentials for bshah as precaution; no evidence of compromise. Ticket closed with owner sign-off.,Server
ALT001173,Arcadia Defence Systems,low,2026-06-15 03:56:42,2026-06-15 07:06:47,no,Reviewed source IP 10.3.85.85 against internal threat intel; no IOC match.,Network Device
ALT002217,Bharat Telecom Networks,low,2026-04-30 16:18:26,2026-04-30 21:46:46,no,Identified misconfigured scanner generating repeat alerts; owner notified. Ticket closed with owner sign-off.,Database
ALT003179,Indus Financial Services,low,2026-06-17 00:02:38,2026-06-17 02:06:36,yes,Isolated endpoint HOST-5265 for forensic triage; full disk scan returned clean. Closed as benign positive.,Cloud Workload
ALT000193,Meridian Trust Bank,low,2026-01-30 14:18:35,2026-01-30 14:22:20,yes,n/a,Cloud Workload
ALT000012,Meridian Trust Bank,low,2026-05-13 22:43:56,2026-05-13 22:47:49,no,n/a,Endpoint
ALT001320,Arcadia Defence Systems,medium,2026-01-18 14:13:58,2026-01-18 19:27:16,yes,Escalated to L2 after confirming lateral movement indicators on HOST-8760. Closed as benign positive.,Identity Provider
ALT001771,Deccan Health Network,low,2026-03-07 10:20:29,2026-03-07 12:47:32,no,Isolated endpoint HOST-6920 for forensic triage; full disk scan returned clean.,Server
ALT000139,Meridian Trust Bank,low,2026-04-02 22:05:52,2026-04-02 22:09:56,no,"checked, ok",Network Device
ALT002595,Eastern Grid Utility,low,2026-03-07 19:37:06,2026-03-07 23:12:31,no,Documented as benign positive; rule threshold adjusted after peer review. Closed as benign positive.,Server
ALT003758,Lakshmi Insurance Group,low,2026-02-11 10:03:52,2026-02-11 14:08:48,no,Compared hash against VirusTotal offline signature set; no detections. Monitoring continued for 48 hours.,Database
ALT000065,Meridian Trust Bank,low,2026-05-23 11:32:03,2026-05-23 11:35:33,no,n/a,Database
ALT000138,Meridian Trust Bank,medium,2026-02-05 14:19:26,2026-02-05 14:21:55,no,"checked, ok",Endpoint
ALT002849,Godavari Chemicals,low,2026-01-26 05:46:27,2026-01-26 08:18:45,no,Reviewed EDR telemetry timeline; parent process traced to legitimate installer.,Endpoint
ALT000941,Arcadia Defence Systems,low,2026-06-10 10:51:37,2026-06-10 16:00:33,no,Confirmed geolocation anomaly caused by corporate VPN egress node change. No further action required.,Network Device
ALT001324,Arcadia Defence Systems,low,2026-04-04 22:45:48,2026-04-05 04:12:36,no,Isolated endpoint HOST-5180 for forensic triage; full disk scan returned clean. Handed to IR team for deeper review.,Database
ALT001302,Arcadia Defence Systems,low,2026-02-06 04:42:30,2026-02-06 10:06:18,no,Reviewed EDR telemetry timeline; parent process traced to legitimate installer. Added to suppression list after approval.,Firewall
ALT001413,Arcadia Defence Systems,critical,2026-04-28 03:30:16,2026-04-28 08:11:20,yes,Reviewed EDR telemetry timeline; parent process traced to legitimate installer. Handed to IR team for deeper review.,Identity Provider
ALT000801,Arcadia Defence Systems,low,2026-04-26 08:21:24,2026-04-26 13:42:39,no,Traced outbound connection to approved vendor endpoint; verified against allowlist. Handed to IR team for deeper review.,Endpoint
ALT002286,Cauvery Logistics Corp,medium,2026-01-25 02:40:36,2026-01-25 05:17:45,no,"Checked DNS query history; domain registered 400+ days ago, low risk profile. Closed as benign positive.",Server
ALT002134,Bharat Telecom Networks,low,2026-01-21 23:51:14,2026-01-22 02:33:03,yes,Documented as benign positive; rule threshold adjusted after peer review. Handed to IR team for deeper review.,Database
ALT000564,Nilgiri Water Authority,low,2026-06-17 20:26:09,2026-06-18 00:03:55,no,"Checked DNS query history; domain registered 400+ days ago, low risk profile. Monitoring continued for 48 hours.",Firewall
ALT003717,Lakshmi Insurance Group,critical,2026-02-13 01:09:47,2026-02-13 03:39:44,yes,Correlated with authentication logs for user nrao; prior successful VPN session confirmed. Handed to IR team for deeper review.,Server
ALT004532,Pennar Cement Industries,medium,2026-01-16 22:03:23,2026-01-17 00:26:11,no,Validated certificate chain; expired intermediate replaced by infrastructure team. Monitoring continued for 48 hours.,Firewall
ALT003721,Lakshmi Insurance Group,medium,2026-01-21 15:30:50,2026-01-21 19:51:07,no,Blocked source 10.43.68.155 at perimeter firewall pending further investigation. Added to suppression list after approval.,Endpoint
ALT003962,Malabar Gas Pipelines,low,2026-02-26 05:35:48,2026-02-26 07:49:05,no,Confirmed with asset owner that HOST-4417 was undergoing patch deployment. Added to suppression list after approval.,Server
ALT002476,Eastern Grid Utility,low,2026-01-01 22:53:12,2026-01-02 02:18:58,yes,Compared hash against VirusTotal offline signature set; no detections. Handed to IR team for deeper review.,Identity Provider
ALT000064,Meridian Trust Bank,high,2026-05-28 09:01:00,2026-05-28 09:02:12,no,"checked, ok",Network Device
ALT000758,Arcadia Defence Systems,low,2026-01-31 05:14:49,2026-01-31 09:10:32,yes,Verified backup job schedule; traffic volume consistent with nightly replication. Ticket closed with owner sign-off.,Database
ALT000882,Arcadia Defence Systems,critical,2026-05-02 18:39:58,2026-05-02 21:04:49,yes,Contacted user rkumar via Teams; confirmed they initiated the session from Mumbai office. Root cause documented in case notes.,Server
ALT000438,Kaveri Power Holdings,low,2026-01-06 02:22:50,2026-01-06 04:43:54,no,n/a,Server
ALT002073,Bharat Telecom Networks,low,2026-03-16 00:31:04,2026-03-16 03:52:03,no,Blocked source 10.13.185.116 at perimeter firewall pending further investigation. Closed as benign positive.,IoT Device
ALT002770,Godavari Chemicals,medium,2026-04-03 07:54:50,2026-04-03 11:35:07,no,Validated certificate chain; expired intermediate replaced by infrastructure team. Ticket closed with owner sign-off.,Database
ALT004566,Pennar Cement Industries,medium,2026-04-03 14:01:39,2026-04-03 16:28:08,no,Confirmed geolocation anomaly caused by corporate VPN egress node change. No further action required.,IoT Device
ALT002234,Bharat Telecom Networks,medium,2026-03-16 16:43:00,2026-03-16 19:51:42,yes,Isolated endpoint HOST-9359 for forensic triage; full disk scan returned clean. Handed to IR team for deeper review.,Database
ALT004260,Narmada Steel Works,low,2026-02-10 05:20:27,2026-02-10 07:48:38,no,Identified misconfigured scanner generating repeat alerts; owner notified. Closed as benign positive.,Server
ALT000054,Meridian Trust Bank,low,2026-06-19 14:02:04,2026-06-19 14:04:24,no,"checked, ok",Firewall
ALT003623,Krishna Port Authority,low,2026-02-04 16:28:20,2026-02-04 19:02:51,no,Coordinated with network team; ACL change on HOST-1661 explains traffic shift. Closed as benign positive.,Network Device
ALT000289,Kaveri Power Holdings,low,2026-04-26 07:07:42,2026-04-26 09:56:50,no,n/a,Firewall
ALT003457,Jupiter Aviation Control,low,2026-04-19 18:20:56,2026-04-19 22:37:29,no,Escalated to L2 after confirming lateral movement indicators on HOST-7028. No further action required.,Firewall
ALT001996,Apex Power Grid Ltd,high,2026-06-13 07:19:23,2026-06-13 10:05:03,no,Validated certificate chain; expired intermediate replaced by infrastructure team. Ticket closed with owner sign-off.,Cloud Workload
ALT001192,Arcadia Defence Systems,low,2026-02-15 17:13:19,2026-02-15 22:30:52,no,Escalated to L2 after confirming lateral movement indicators on HOST-2389. Added to suppression list after approval.,Server
ALT002146,Bharat Telecom Networks,low,2026-05-04 09:14:08,2026-05-04 13:04:03,no,Compared hash against VirusTotal offline signature set; no detections. Monitoring continued for 48 hours.,Endpoint
ALT001005,Arcadia Defence Systems,medium,2026-04-29 10:19:08,2026-04-29 12:28:54,no,Identified misconfigured scanner generating repeat alerts; owner notified.,Server
ALT004319,Orissa Mining Federation,low,2026-01-19 12:51:45,2026-01-19 18:16:30,no,Traced outbound connection to approved vendor endpoint; verified against allowlist.,Network Device
ALT000876,Arcadia Defence Systems,medium,2026-04-28 19:52:30,,yes,Compared hash against VirusTotal offline signature set; no detections. Ticket closed with owner sign-off.,Network Device
ALT002490,Eastern Grid Utility,medium,2026-02-16 17:40:07,2026-02-16 23:14:13,yes,Queried SIEM for related events across 24h window; no corroborating activity found. Ticket closed with owner sign-off.,Network Device
ALT001856,Deccan Health Network,critical,2026-03-04 02:24:10,2026-03-04 05:32:00,no,Verified backup job schedule; traffic volume consistent with nightly replication. Monitoring continued for 48 hours.,Cloud Workload
ALT003416,Jupiter Aviation Control,low,2026-05-16 04:55:12,2026-05-16 08:48:57,no,Matched pattern against known false-positive rule FP-61390; tuning request raised. Closed as benign positive.,Server
ALT000487,Kaveri Power Holdings,medium,2026-03-05 21:10:19,2026-03-06 00:06:59,no,Documented as benign positive; rule threshold adjusted after peer review. Added to suppression list after approval.,Database
ALT001767,Deccan Health Network,low,2026-02-01 09:28:01,2026-02-01 15:04:28,no,"checked, ok",Network Device
ALT003520,Krishna Port Authority,high,2026-02-07 05:08:32,2026-02-07 10:05:35,no,Cross-referenced with change management ticket CHG-96658; scheduled maintenance window. No further action required.,Cloud Workload
ALT002370,Cauvery Logistics Corp,high,2026-03-24 02:00:42,2026-03-24 05:04:18,yes,Ran memory capture on HOST-1230; no injected process artefacts identified. Monitoring continued for 48 hours.,Cloud Workload
ALT004558,Pennar Cement Industries,low,2026-01-16 09:53:26,2026-01-16 12:47:51,yes,Cross-referenced with change management ticket CHG-47027; scheduled maintenance window. No further action required.,Database
ALT003434,Jupiter Aviation Control,low,2026-06-26 21:21:49,2026-06-27 00:54:27,no,Reviewed EDR telemetry timeline; parent process traced to legitimate installer.,Cloud Workload
ALT001118,Arcadia Defence Systems,high,2026-02-06 03:19:00,2026-02-06 07:18:55,no,Confirmed geolocation anomaly caused by corporate VPN egress node change.,Network Device
ALT003268,Jupiter Aviation Control,low,2026-06-27 03:09:36,2026-06-27 07:49:35,no,Traced outbound connection to approved vendor endpoint; verified against allowlist. Handed to IR team for deeper review.,Server
ALT000626,Nilgiri Water Authority,medium,2026-02-02 18:36:29,2026-02-02 20:57:00,no,Ran memory capture on HOST-5178; no injected process artefacts identified. Added to suppression list after approval.,Identity Provider
ALT002473,Eastern Grid Utility,low,2026-03-18 06:51:11,2026-03-18 10:00:16,no,Reset credentials for kiyer as precaution; no evidence of compromise. Added to suppression list after approval.,Database
ALT004051,Malabar Gas Pipelines,low,2026-04-26 09:25:10,2026-04-26 12:07:42,no,Coordinated with network team; ACL change on HOST-3458 explains traffic shift. Root cause documented in case notes.,Server
ALT004064,Malabar Gas Pipelines,low,2026-04-24 14:33:50,2026-04-24 16:47:24,no,Queried SIEM for related events across 24h window; no corroborating activity found. Handed to IR team for deeper review.,Identity Provider
ALT001428,Arcadia Defence Systems,low,2026-05-16 09:13:54,2026-05-16 13:26:39,no,Coordinated with network team; ACL change on HOST-9590 explains traffic shift. Added to suppression list after approval.,Database
ALT001514,Konkan Maritime Ltd,low,2026-06-22 00:39:39,2026-06-22 11:39:13,no,Cross-referenced with change management ticket CHG-41013; scheduled maintenance window. Closed as benign positive.,Server
ALT001573,Konkan Maritime Ltd,high,2026-01-21 10:13:23,2026-01-21 21:24:08,yes,Reviewed EDR telemetry timeline; parent process traced to legitimate installer. Ticket closed with owner sign-off.,Server
ALT003833,Lakshmi Insurance Group,low,2026-04-19 13:33:30,2026-04-19 18:18:59,no,Coordinated with network team; ACL change on HOST-7570 explains traffic shift.,Network Device
ALT002667,Eastern Grid Utility,medium,2026-02-21 07:41:52,2026-02-21 13:15:45,no,Reviewed source IP 10.8.221.48 against internal threat intel; no IOC match. No further action required.,Endpoint
ALT004065,Malabar Gas Pipelines,medium,2026-05-08 02:40:45,2026-05-08 05:39:35,yes,Compared hash against VirusTotal offline signature set; no detections. Handed to IR team for deeper review.,Firewall
ALT002984,Himalayan Healthcare Network,low,2026-04-01 09:22:17,2026-04-01 13:25:10,no,Cross-referenced with change management ticket CHG-97569; scheduled maintenance window. Added to suppression list after approval.,Cloud Workload
ALT004227,Narmada Steel Works,medium,2026-01-28 22:26:23,2026-01-29 02:28:15,no,Blocked source 10.54.100.88 at perimeter firewall pending further investigation. Monitoring continued for 48 hours.,Identity Provider
ALT002576,Eastern Grid Utility,low,2026-04-20 08:59:09,2026-04-20 11:13:50,no,Coordinated with network team; ACL change on HOST-3459 explains traffic shift. Ticket closed with owner sign-off.,Identity Provider
ALT003151,Indus Financial Services,high,2026-06-01 18:16:26,2026-06-01 21:47:31,no,Verified backup job schedule; traffic volume consistent with nightly replication. No further action required.,Database
ALT003027,Himalayan Healthcare Network,low,2026-02-04 16:07:23,2026-02-04 18:27:34,no,Reviewed privileged access logs; elevation was approved under ticket REQ-81817. No further action required.,IoT Device
ALT002589,Eastern Grid Utility,critical,2026-05-30 03:11:35,2026-05-30 05:24:16,no,Reviewed privileged access logs; elevation was approved under ticket REQ-15979. Closed as benign positive.,Cloud Workload
ALT003397,Jupiter Aviation Control,medium,2026-06-27 01:46:23,2026-06-27 05:38:30,no,Coordinated with network team; ACL change on HOST-6910 explains traffic shift. Root cause documented in case notes.,Server
ALT003092,Indus Financial Services,low,2026-06-15 20:41:07,2026-06-15 23:42:16,no,Isolated endpoint HOST-6317 for forensic triage; full disk scan returned clean. Added to suppression list after approval.,Network Device
ALT000970,Arcadia Defence Systems,low,2026-05-08 16:01:08,2026-05-08 21:31:15,no,Queried SIEM for related events across 24h window; no corroborating activity found. Ticket closed with owner sign-off.,Database
ALT000088,Meridian Trust Bank,low,2026-01-01 15:29:42,2026-01-01 15:33:26,no,n/a,Endpoint
ALT000553,Nilgiri Water Authority,low,2026-06-10 13:30:06,2026-06-10 16:13:23,no,Reset credentials for mfernandes as precaution; no evidence of compromise. Root cause documented in case notes.,Database
ALT002358,Cauvery Logistics Corp,high,2026-02-21 07:34:14,2026-02-21 09:42:32,no,Traced outbound connection to approved vendor endpoint; verified against allowlist. Ticket closed with owner sign-off.,Database
ALT003998,Malabar Gas Pipelines,high,2026-04-24 22:49:28,2026-04-25 01:18:37,yes,Confirmed with asset owner that HOST-2241 was undergoing patch deployment. Root cause documented in case notes.,Server
ALT004114,Narmada Steel Works,medium,2026-01-15 20:46:01,2026-01-15 23:21:20,no,Correlated with authentication logs for user tgeorge; prior successful VPN session confirmed. Monitoring continued for 48 hours.,Server
ALT002755,Godavari Chemicals,high,2026-06-07 08:12:37,2026-06-07 11:48:41,no,Matched pattern against known false-positive rule FP-60795; tuning request raised. No further action required.,Cloud Workload
ALT002618,Eastern Grid Utility,low,2026-03-17 17:09:43,2026-03-17 21:25:47,no,,Database
ALT001282,Arcadia Defence Systems,critical,2026-06-28 01:33:26,2026-06-28 07:07:21,yes,Contacted user schen via Teams; confirmed they initiated the session from Mumbai office. Closed as benign positive.,Network Device
ALT000448,Kaveri Power Holdings,medium,2026-02-25 22:52:32,2026-02-26 03:57:24,no,n/a,Endpoint
ALT000671,Nilgiri Water Authority,low,2026-01-23 08:28:54,2026-01-23 13:38:48,no,Identified misconfigured scanner generating repeat alerts; owner notified. Monitoring continued for 48 hours.,Endpoint
ALT001646,Konkan Maritime Ltd,critical,2026-01-19 23:21:07,2026-01-20 09:56:00,yes,Identified misconfigured scanner generating repeat alerts; owner notified.,Server
ALT003368,Jupiter Aviation Control,low,2026-05-16 03:03:31,2026-05-16 07:02:04,no,Escalated to L2 after confirming lateral movement indicators on HOST-7112. Root cause documented in case notes.,Database
ALT002560,Eastern Grid Utility,low,2026-01-28 02:33:04,2026-01-28 05:32:04,no,Identified misconfigured scanner generating repeat alerts; owner notified. Root cause documented in case notes.,Cloud Workload
ALT000655,Nilgiri Water Authority,low,2026-01-20 06:57:29,2026-01-20 10:18:27,no,Confirmed with asset owner that HOST-1875 was undergoing patch deployment. Closed as benign positive.,Server
ALT004343,Orissa Mining Federation,medium,2026-05-31 20:27:00,2026-05-31 23:59:38,no,Isolated endpoint HOST-1932 for forensic triage; full disk scan returned clean. No further action required.,Firewall
ALT000249,Meridian Trust Bank,medium,2026-04-14 22:32:33,2026-04-14 22:34:52,no,"checked, ok",IoT Device
ALT003496,Krishna Port Authority,low,2026-02-06 23:58:29,2026-02-07 02:58:23,no,Ran memory capture on HOST-9709; no injected process artefacts identified. No further action required.,Endpoint
ALT000301,Kaveri Power Holdings,low,2026-02-13 12:26:37,2026-02-13 15:08:00,no,n/a,Database
ALT000734,Arcadia Defence Systems,low,2026-05-24 00:58:34,2026-05-24 06:08:38,no,Queried SIEM for related events across 24h window; no corroborating activity found. Closed as benign positive.,Firewall
ALT001455,Arcadia Defence Systems,low,2026-02-20 21:49:00,2026-02-21 03:32:00,no,Reviewed privileged access logs; elevation was approved under ticket REQ-57381. No further action required.,IoT Device
ALT000517,Kaveri Power Holdings,low,2026-04-27 20:08:58,2026-04-28 00:03:13,no,n/a,Server
ALT000067,Meridian Trust Bank,medium,2026-06-03 17:51:34,2026-06-03 17:53:53,no,n/a,Endpoint
ALT002516,Eastern Grid Utility,low,2026-05-20 21:19:04,2026-05-21 01:33:55,no,Coordinated with network team; ACL change on HOST-3457 explains traffic shift. Closed as benign positive.,Identity Provider
ALT001719,Deccan Health Network,critical,2026-02-06 11:19:49,2026-02-06 15:53:32,yes,Traced outbound connection to approved vendor endpoint; verified against allowlist. Closed as benign positive.,IoT Device
ALT001640,Konkan Maritime Ltd,high,2026-04-25 18:05:14,2026-04-26 06:09:18,yes,Queried SIEM for related events across 24h window; no corroborating activity found. No further action required.,Server
ALT004646,Pennar Cement Industries,high,2026-01-20 22:08:21,2026-01-21 01:41:14,no,Coordinated with network team; ACL change on HOST-9251 explains traffic shift. Ticket closed with owner sign-off.,Firewall
ALT002394,Cauvery Logistics Corp,low,2026-01-01 13:45:40,2026-01-01 18:13:28,yes,Validated certificate chain; expired intermediate replaced by infrastructure team. Handed to IR team for deeper review.,Server
ALT002778,Godavari Chemicals,low,2026-01-01 15:53:09,2026-01-01 18:48:29,no,Ran memory capture on HOST-2790; no injected process artefacts identified. Closed as benign positive.,Database
ALT001597,Konkan Maritime Ltd,high,2026-02-10 10:26:37,2026-02-10 21:45:40,yes,Documented as benign positive; rule threshold adjusted after peer review. Handed to IR team for deeper review.,Identity Provider
ALT000414,Kaveri Power Holdings,high,2026-03-31 23:22:24,2026-04-01 01:55:02,no,n/a,IoT Device
ALT003510,Krishna Port Authority,low,2026-01-29 02:58:58,2026-01-29 07:42:59,no,Confirmed geolocation anomaly caused by corporate VPN egress node change. Handed to IR team for deeper review.,Cloud Workload
ALT002665,Eastern Grid Utility,medium,2026-04-10 19:50:21,2026-04-11 01:46:18,yes,Sandbox detonation of attachment returned no malicious behaviour. No further action required.,Firewall
ALT002125,Bharat Telecom Networks,low,2026-03-03 12:15:59,2026-03-03 16:13:22,no,Blocked source 10.14.143.136 at perimeter firewall pending further investigation. Added to suppression list after approval.,Server
ALT000490,Kaveri Power Holdings,low,2026-05-10 15:24:06,2026-05-10 17:37:43,no,n/a,Cloud Workload
ALT001977,Apex Power Grid Ltd,medium,2026-06-14 15:55:08,2026-06-14 21:16:35,no,"Checked DNS query history; domain registered 400+ days ago, low risk profile. Handed to IR team for deeper review.",Firewall
ALT004373,Orissa Mining Federation,medium,2026-03-05 20:47:21,2026-03-06 00:24:13,no,Blocked source 10.10.23.37 at perimeter firewall pending further investigation.,Endpoint
ALT004216,Narmada Steel Works,medium,2026-01-03 00:34:55,2026-01-03 06:22:30,no,,Firewall
ALT002416,Cauvery Logistics Corp,low,2026-03-29 17:32:12,2026-03-29 21:50:22,yes,Confirmed geolocation anomaly caused by corporate VPN egress node change. Added to suppression list after approval.,Network Device
ALT002978,Himalayan Healthcare Network,low,2026-05-27 13:53:25,2026-05-27 18:35:40,no,Matched pattern against known false-positive rule FP-33991; tuning request raised. Root cause documented in case notes.,Firewall
ALT000242,Meridian Trust Bank,medium,2026-05-21 11:05:40,2026-05-21 11:07:54,no,"checked, ok",IoT Device
ALT000494,Kaveri Power Holdings,medium,2026-04-25 12:57:45,,no,Confirmed geolocation anomaly caused by corporate VPN egress node change. Added to suppression list after approval.,Server
ALT002924,Himalayan Healthcare Network,medium,2026-06-19 20:45:13,2026-06-20 00:24:59,no,Identified misconfigured scanner generating repeat alerts; owner notified. Added to suppression list after approval.,Network Device
ALT003573,Krishna Port Authority,high,2026-06-20 00:55:52,2026-06-20 04:33:33,no,Identified misconfigured scanner generating repeat alerts; owner notified. No further action required.,Database
ALT001466,Arcadia Defence Systems,medium,2026-06-03 11:22:16,,yes,Ran memory capture on HOST-2939; no injected process artefacts identified. Root cause documented in case notes.,Server
ALT003259,Indus Financial Services,medium,2026-02-07 15:16:01,2026-02-07 17:41:14,no,Confirmed geolocation anomaly caused by corporate VPN egress node change. Closed as benign positive.,Database
ALT001687,Deccan Health Network,low,2026-06-29 15:23:32,2026-06-29 19:05:16,no,Cross-referenced with change management ticket CHG-79871; scheduled maintenance window. Root cause documented in case notes.,IoT Device
ALT003404,Jupiter Aviation Control,low,2026-04-20 12:09:41,2026-04-20 15:57:01,no,Confirmed with asset owner that HOST-7904 was undergoing patch deployment. No further action required.,Network Device
ALT004627,Pennar Cement Industries,medium,2026-04-20 09:26:00,2026-04-20 11:32:46,no,,Endpoint
ALT004025,Malabar Gas Pipelines,medium,2026-04-21 22:43:57,2026-04-22 01:19:20,no,Correlated with authentication logs for user tgeorge; prior successful VPN session confirmed. Root cause documented in case notes.,IoT Device
ALT003648,Krishna Port Authority,low,2026-06-30 00:52:26,2026-06-30 05:54:38,no,Identified misconfigured scanner generating repeat alerts; owner notified. Ticket closed with owner sign-off.,Cloud Workload
ALT000870,Arcadia Defence Systems,high,2026-05-31 05:55:56,2026-05-31 08:29:50,yes,Analysed PCAP sample; payload matched benign monitoring agent heartbeat. No further action required.,Database
ALT002390,Cauvery Logistics Corp,low,2026-02-27 17:40:55,2026-02-27 22:42:06,no,Documented as benign positive; rule threshold adjusted after peer review. Added to suppression list after approval.,Cloud Workload
ALT003780,Lakshmi Insurance Group,medium,2026-04-02 20:49:52,2026-04-03 00:33:50,no,Reset credentials for jsmith as precaution; no evidence of compromise. Handed to IR team for deeper review.,Server
ALT003990,Malabar Gas Pipelines,medium,2026-03-24 23:38:44,2026-03-25 02:01:21,no,Coordinated with network team; ACL change on HOST-1160 explains traffic shift. Root cause documented in case notes.,Endpoint
ALT001312,Arcadia Defence Systems,medium,2026-06-02 01:26:36,2026-06-02 03:43:50,yes,Compared hash against VirusTotal offline signature set; no detections. Handed to IR team for deeper review.,Identity Provider
ALT000163,Meridian Trust Bank,high,2026-04-12 15:53:01,2026-04-12 15:57:15,no,"checked, ok",Cloud Workload
ALT002493,Eastern Grid Utility,low,2026-05-18 01:05:19,2026-05-18 03:57:05,no,Queried SIEM for related events across 24h window; no corroborating activity found. Monitoring continued for 48 hours.,Firewall
ALT001032,Arcadia Defence Systems,medium,2026-03-29 21:15:00,2026-03-30 00:18:06,no,Correlated with authentication logs for user dnair; prior successful VPN session confirmed. Root cause documented in case notes.,Cloud Workload
ALT002043,Apex Power Grid Ltd,low,2026-05-01 00:20:01,2026-05-01 02:45:23,no,,Identity Provider
ALT000705,Nilgiri Water Authority,low,2026-01-13 20:23:49,2026-01-14 00:31:17,no,Reset credentials for apatel as precaution; no evidence of compromise. Closed as benign positive.,Identity Provider
ALT002109,Bharat Telecom Networks,low,2026-01-07 14:33:08,2026-01-07 18:34:23,no,Reviewed source IP 10.55.247.80 against internal threat intel; no IOC match. Root cause documented in case notes.,IoT Device
ALT001691,Deccan Health Network,low,2026-06-05 04:40:20,2026-06-05 08:38:01,no,"checked, ok",Server
ALT001392,Arcadia Defence Systems,medium,2026-01-09 19:56:17,2026-01-10 00:31:17,no,Reset credentials for apatel as precaution; no evidence of compromise. Handed to IR team for deeper review.,Firewall
ALT003566,Krishna Port Authority,low,2026-01-02 16:12:20,2026-01-02 21:48:36,no,Validated certificate chain; expired intermediate replaced by infrastructure team. Handed to IR team for deeper review.,Identity Provider
ALT001958,Apex Power Grid Ltd,high,2026-02-03 18:22:52,2026-02-03 22:33:29,no,Confirmed with asset owner that HOST-1591 was undergoing patch deployment. Added to suppression list after approval.,Cloud Workload
ALT002429,Cauvery Logistics Corp,medium,2026-04-12 19:04:49,2026-04-12 21:49:45,no,Sandbox detonation of attachment returned no malicious behaviour.,Server
ALT003382,Jupiter Aviation Control,critical,2026-03-30 23:38:29,2026-03-31 03:38:34,no,Contacted user mfernandes via Teams; confirmed they initiated the session from Mumbai office. Root cause documented in case notes.,Cloud Workload
ALT003456,Jupiter Aviation Control,medium,2026-03-16 10:43:35,2026-03-16 13:40:31,no,Analysed PCAP sample; payload matched benign monitoring agent heartbeat. Added to suppression list after approval.,Cloud Workload
ALT002815,Godavari Chemicals,low,2026-02-02 17:49:03,2026-02-02 21:00:50,no,Matched pattern against known false-positive rule FP-70633; tuning request raised. Ticket closed with owner sign-off.,Database
ALT000441,Kaveri Power Holdings,low,2026-01-12 14:00:21,2026-01-12 16:13:37,no,reviewed,Identity Provider
ALT003607,Krishna Port Authority,high,2026-04-30 23:22:02,2026-05-01 02:39:43,no,Isolated endpoint HOST-9511 for forensic triage; full disk scan returned clean. No further action required.,Database
ALT000052,Meridian Trust Bank,critical,2026-05-25 05:42:35,2026-05-25 05:44:12,no,n/a,IoT Device
ALT001337,Arcadia Defence Systems,low,2026-02-22 20:58:20,,no,Contacted user mfernandes via Teams; confirmed they initiated the session from Mumbai office. Closed as benign positive.,IoT Device
ALT002076,Bharat Telecom Networks,low,2026-04-18 01:22:25,2026-04-18 06:20:53,no,"Checked DNS query history; domain registered 400+ days ago, low risk profile.",Identity Provider
ALT001098,Arcadia Defence Systems,critical,2026-01-28 02:40:54,2026-01-28 08:04:52,yes,Coordinated with network team; ACL change on HOST-3129 explains traffic shift. Ticket closed with owner sign-off.,Firewall
ALT002180,Bharat Telecom Networks,medium,2026-01-13 19:28:29,2026-01-13 22:41:58,no,Matched pattern against known false-positive rule FP-10370; tuning request raised. Closed as benign positive.,Network Device
ALT000213,Meridian Trust Bank,low,2026-01-22 09:16:04,2026-01-22 09:17:02,no,n/a,IoT Device
ALT004213,Narmada Steel Works,low,2026-05-20 18:23:18,2026-05-20 23:34:08,no,Confirmed with asset owner that HOST-3562 was undergoing patch deployment. Monitoring continued for 48 hours.,Endpoint
ALT001966,Apex Power Grid Ltd,medium,2026-04-26 09:17:29,2026-04-26 13:45:41,no,Blocked source 10.51.143.220 at perimeter firewall pending further investigation. Handed to IR team for deeper review.,Endpoint
ALT004392,Orissa Mining Federation,high,2026-04-10 12:13:08,2026-04-10 16:22:57,no,Identified misconfigured scanner generating repeat alerts; owner notified. Root cause documented in case notes.,Server
ALT002630,Eastern Grid Utility,low,2026-02-23 05:30:07,2026-02-23 11:20:46,no,Cross-referenced with change management ticket CHG-61986; scheduled maintenance window. No further action required.,Endpoint
ALT000728,Arcadia Defence Systems,medium,2026-04-29 09:49:35,2026-04-29 15:24:57,yes,Reviewed source IP 10.14.109.33 against internal threat intel; no IOC match. Closed as benign positive.,Identity Provider
ALT003863,Lakshmi Insurance Group,low,2026-04-15 21:09:22,2026-04-16 02:45:35,no,Reset credentials for schen as precaution; no evidence of compromise. Added to suppression list after approval.,Cloud Workload
ALT000402,Kaveri Power Holdings,high,2026-01-15 19:44:37,2026-01-16 01:32:20,no,Escalated to L2 after confirming lateral movement indicators on HOST-2707. Root cause documented in case notes.,Endpoint
ALT001540,Konkan Maritime Ltd,low,2026-05-19 05:40:32,2026-05-19 14:37:56,yes,Sandbox detonation of attachment returned no malicious behaviour. Handed to IR team for deeper review.,Server
ALT001557,Konkan Maritime Ltd,high,2026-06-07 18:08:40,2026-06-08 02:17:24,yes,Documented as benign positive; rule threshold adjusted after peer review. No further action required.,Identity Provider
ALT004633,Pennar Cement Industries,low,2026-02-05 16:58:02,2026-02-05 22:51:55,no,Reviewed EDR telemetry timeline; parent process traced to legitimate installer. No further action required.,Endpoint
ALT001050,Arcadia Defence Systems,low,2026-02-11 22:56:43,2026-02-12 03:20:12,no,"Checked DNS query history; domain registered 400+ days ago, low risk profile. Monitoring continued for 48 hours.",Identity Provider
ALT002238,Bharat Telecom Networks,low,2026-05-28 01:51:20,2026-05-28 07:25:30,no,Reviewed source IP 10.48.165.79 against internal threat intel; no IOC match. Handed to IR team for deeper review.,Endpoint
ALT000638,Nilgiri Water Authority,medium,2026-06-15 05:59:13,2026-06-15 10:35:15,no,Traced outbound connection to approved vendor endpoint; verified against allowlist. Ticket closed with owner sign-off.,Database
ALT000556,Nilgiri Water Authority,low,2026-05-10 02:06:01,2026-05-10 05:04:20,no,Queried SIEM for related events across 24h window; no corroborating activity found. Added to suppression list after approval.,Identity Provider
ALT003282,Jupiter Aviation Control,low,2026-01-28 11:14:19,2026-01-28 15:42:49,no,Sandbox detonation of attachment returned no malicious behaviour.,Database
ALT001844,Deccan Health Network,medium,2026-01-07 23:31:22,2026-01-08 02:43:59,no,Confirmed with asset owner that HOST-3238 was undergoing patch deployment. No further action required.,Identity Provider
ALT001044,Arcadia Defence Systems,high,2026-03-08 10:57:04,2026-03-08 14:07:02,no,Compared hash against VirusTotal offline signature set; no detections. Root cause documented in case notes.,Server
ALT004221,Narmada Steel Works,low,2026-05-07 01:33:08,2026-05-07 04:51:53,no,Compared hash against VirusTotal offline signature set; no detections.,Endpoint
ALT000688,Nilgiri Water Authority,low,2026-03-25 18:56:50,2026-03-25 23:28:57,no,Confirmed with asset owner that HOST-6970 was undergoing patch deployment. Root cause documented in case notes.,Endpoint
ALT003735,Lakshmi Insurance Group,medium,2026-04-09 01:09:32,2026-04-09 04:17:37,yes,Documented as benign positive; rule threshold adjusted after peer review. No further action required.,Cloud Workload
ALT002789,Godavari Chemicals,low,2026-05-13 17:16:05,2026-05-13 22:46:54,no,Analysed PCAP sample; payload matched benign monitoring agent heartbeat.,Network Device
ALT004043,Malabar Gas Pipelines,medium,2026-06-28 13:45:22,2026-06-28 16:18:22,no,Correlated with authentication logs for user mfernandes; prior successful VPN session confirmed. Monitoring continued for 48 hours.,Firewall
ALT000466,Kaveri Power Holdings,medium,2026-04-24 19:38:09,2026-04-24 22:10:35,no,Reviewed source IP 10.5.88.45 against internal threat intel; no IOC match.,Database
ALT001819,Deccan Health Network,medium,2026-03-25 13:56:20,2026-03-25 18:45:41,no,Reviewed EDR telemetry timeline; parent process traced to legitimate installer. Ticket closed with owner sign-off.,Database
ALT001750,Deccan Health Network,low,2026-06-22 17:34:15,2026-06-22 22:58:33,no,Ran memory capture on HOST-2024; no injected process artefacts identified. Monitoring continued for 48 hours.,Identity Provider
ALT000129,Meridian Trust Bank,high,2026-02-01 23:52:55,2026-02-01 23:55:25,no,"checked, ok",Server
ALT000396,Kaveri Power Holdings,medium,2026-04-02 09:54:51,2026-04-02 12:56:57,no,n/a,Cloud Workload
ALT002384,Cauvery Logistics Corp,low,2026-03-26 14:04:42,2026-03-26 19:35:39,no,Coordinated with network team; ACL change on HOST-3853 explains traffic shift. Closed as benign positive.,IoT Device
ALT000352,Kaveri Power Holdings,low,2026-06-13 09:11:03,2026-06-13 12:57:22,no,n/a,Database
ALT001402,Arcadia Defence Systems,critical,2026-02-06 12:32:52,2026-02-06 15:22:18,yes,Blocked source 10.46.179.202 at perimeter firewall pending further investigation. No further action required.,IoT Device
ALT002861,Godavari Chemicals,low,2026-02-03 07:32:00,2026-02-03 13:21:59,no,Traced outbound connection to approved vendor endpoint; verified against allowlist. Handed to IR team for deeper review.,IoT Device
ALT002334,Cauvery Logistics Corp,medium,2026-06-28 13:19:24,2026-06-28 18:28:52,no,Correlated with authentication logs for user schen; prior successful VPN session confirmed. No further action required.,Firewall
ALT000713,Arcadia Defence Systems,low,2026-03-14 18:35:18,2026-03-14 21:29:59,no,Confirmed geolocation anomaly caused by corporate VPN egress node change. Added to suppression list after approval.,Server
ALT003319,Jupiter Aviation Control,high,2026-01-30 16:00:09,2026-01-30 19:11:42,no,"Checked DNS query history; domain registered 400+ days ago, low risk profile. Added to suppression list after approval.",Server
ALT001017,Arcadia Defence Systems,critical,2026-03-19 23:15:28,2026-03-20 04:35:28,yes,Compared hash against VirusTotal offline signature set; no detections. Closed as benign positive.,Server
ALT002539,Eastern Grid Utility,low,2026-05-03 05:53:59,2026-05-03 09:22:36,no,Coordinated with network team; ACL change on HOST-2909 explains traffic shift. Added to suppression list after approval.,Database
ALT003376,Jupiter Aviation Control,low,2026-04-12 09:06:37,2026-04-12 14:27:00,no,Correlated with authentication logs for user jsmith; prior successful VPN session confirmed. Closed as benign positive.,Cloud Workload
ALT002345,Cauvery Logistics Corp,medium,2026-04-23 00:33:06,2026-04-23 04:30:25,no,Reset credentials for apatel as precaution; no evidence of compromise. Root cause documented in case notes.,Endpoint
ALT001126,Arcadia Defence Systems,medium,2026-05-30 17:07:34,2026-05-30 22:15:24,yes,"Checked DNS query history; domain registered 400+ days ago, low risk profile. Ticket closed with owner sign-off.",Server
ALT003101,Indus Financial Services,low,2026-03-01 05:06:27,2026-03-01 10:51:02,no,Reviewed privileged access logs; elevation was approved under ticket REQ-73535. Added to suppression list after approval.,Firewall
ALT001311,Arcadia Defence Systems,low,2026-06-27 08:05:24,2026-06-27 10:24:21,no,Analysed PCAP sample; payload matched benign monitoring agent heartbeat. Monitoring continued for 48 hours.,Server
ALT004599,Pennar Cement Industries,medium,2026-06-04 09:16:23,2026-06-04 14:08:24,yes,Reviewed privileged access logs; elevation was approved under ticket REQ-59104. Ticket closed with owner sign-off.,Cloud Workload
ALT004179,Narmada Steel Works,low,2026-04-09 22:07:31,2026-04-10 00:50:53,no,Reviewed privileged access logs; elevation was approved under ticket REQ-14705. No further action required.,Identity Provider
ALT002287,Cauvery Logistics Corp,low,2026-02-28 21:20:23,2026-03-01 01:22:54,no,Matched pattern against known false-positive rule FP-72089; tuning request raised. Root cause documented in case notes.,Network Device
ALT003855,Lakshmi Insurance Group,medium,2026-05-28 00:28:17,2026-05-28 02:58:55,no,Verified backup job schedule; traffic volume consistent with nightly replication. Handed to IR team for deeper review.,Server
ALT002189,Bharat Telecom Networks,low,2026-03-26 15:30:25,2026-03-26 21:12:40,no,Validated certificate chain; expired intermediate replaced by infrastructure team. Root cause documented in case notes.,Identity Provider
ALT000216,Meridian Trust Bank,critical,2026-05-29 14:47:27,2026-05-29 14:50:41,no,n/a,Endpoint
ALT003365,Jupiter Aviation Control,medium,2026-02-11 15:20:50,2026-02-11 17:35:22,yes,Isolated endpoint HOST-7654 for forensic triage; full disk scan returned clean. Added to suppression list after approval.,Cloud Workload
ALT003676,Krishna Port Authority,low,2026-03-23 17:30:38,2026-03-23 23:08:32,no,Documented as benign positive; rule threshold adjusted after peer review. Closed as benign positive.,Cloud Workload
ALT004444,Orissa Mining Federation,high,2026-05-22 10:42:06,2026-05-22 13:16:26,yes,Coordinated with network team; ACL change on HOST-8996 explains traffic shift.,Firewall
ALT001657,Konkan Maritime Ltd,high,2026-03-29 21:06:48,2026-03-30 06:27:16,no,Confirmed geolocation anomaly caused by corporate VPN egress node change. Ticket closed with owner sign-off.,Server
ALT002597,Eastern Grid Utility,low,2026-06-20 19:42:26,2026-06-20 21:51:40,yes,Traced outbound connection to approved vendor endpoint; verified against allowlist.,Cloud Workload
ALT002857,Godavari Chemicals,low,2026-05-17 16:08:21,2026-05-17 19:14:48,no,Isolated endpoint HOST-2676 for forensic triage; full disk scan returned clean. Added to suppression list after approval.,Cloud Workload
ALT001964,Apex Power Grid Ltd,low,2026-04-10 19:21:59,2026-04-10 21:56:16,no,Matched pattern against known false-positive rule FP-73577; tuning request raised. Monitoring continued for 48 hours.,Cloud Workload
ALT003632,Krishna Port Authority,medium,2026-06-12 20:11:30,2026-06-12 22:36:20,no,Correlated with authentication logs for user schen; prior successful VPN session confirmed. Handed to IR team for deeper review.,IoT Device
ALT002929,Himalayan Healthcare Network,low,2026-04-24 18:21:28,2026-04-24 23:04:32,yes,Correlated with authentication logs for user nrao; prior successful VPN session confirmed. Ticket closed with owner sign-off.,Cloud Workload
ALT003744,Lakshmi Insurance Group,low,2026-06-22 12:57:57,2026-06-22 18:42:58,no,Verified backup job schedule; traffic volume consistent with nightly replication. No further action required.,Identity Provider
ALT004519,Pennar Cement Industries,medium,2026-02-25 01:37:38,2026-02-25 05:30:19,no,Verified backup job schedule; traffic volume consistent with nightly replication. No further action required.,IoT Device
ALT000043,Meridian Trust Bank,low,2026-04-02 00:18:54,2026-04-02 00:22:55,no,"checked, ok",Endpoint
ALT002546,Eastern Grid Utility,medium,2026-04-16 12:50:18,2026-04-16 17:12:37,no,Validated certificate chain; expired intermediate replaced by infrastructure team. Closed as benign positive.,Network Device
ALT003350,Jupiter Aviation Control,low,2026-05-01 05:31:56,2026-05-01 11:27:04,no,Documented as benign positive; rule threshold adjusted after peer review. Added to suppression list after approval.,Identity Provider
ALT002194,Bharat Telecom Networks,medium,2026-04-22 15:25:49,2026-04-22 18:03:46,no,Verified backup job schedule; traffic volume consistent with nightly replication. Root cause documented in case notes.,Database
ALT001335,Arcadia Defence Systems,low,2026-05-03 08:30:15,2026-05-03 13:48:56,yes,Confirmed geolocation anomaly caused by corporate VPN egress node change. No further action required.,Identity Provider
ALT003638,Krishna Port Authority,medium,2026-01-26 16:40:55,2026-01-26 20:20:52,no,Isolated endpoint HOST-8819 for forensic triage; full disk scan returned clean. Monitoring continued for 48 hours.,Database
ALT000546,Nilgiri Water Authority,low,2026-04-18 05:39:02,2026-04-18 10:18:53,no,Blocked source 10.52.203.109 at perimeter firewall pending further investigation. Handed to IR team for deeper review.,Network Device
ALT002415,Cauvery Logistics Corp,medium,2026-05-24 06:13:56,2026-05-24 10:17:17,no,Sandbox detonation of attachment returned no malicious behaviour. Closed as benign positive.,Network Device
ALT001064,Arcadia Defence Systems,high,2026-01-09 12:49:27,2026-01-09 17:53:02,no,"Checked DNS query history; domain registered 400+ days ago, low risk profile. Closed as benign positive.",Firewall
ALT000531,Saraswati Rail Network,low,2026-05-30 14:59:43,2026-05-30 18:07:20,no,Verified backup job schedule; traffic volume consistent with nightly replication. Monitoring continued for 48 hours.,Server
ALT003814,Lakshmi Insurance Group,critical,2026-04-07 22:45:37,2026-04-08 00:55:29,no,Identified misconfigured scanner generating repeat alerts; owner notified. Added to suppression list after approval.,Database
ALT001068,Arcadia Defence Systems,low,2026-02-28 16:30:14,2026-02-28 19:38:45,no,,Database
ALT001949,Apex Power Grid Ltd,low,2026-02-17 14:51:14,2026-02-17 17:11:59,no,Reviewed privileged access logs; elevation was approved under ticket REQ-12736. Root cause documented in case notes.,Network Device
ALT001675,Deccan Health Network,medium,2026-04-27 05:04:33,2026-04-27 07:44:00,no,Matched pattern against known false-positive rule FP-17890; tuning request raised. Handed to IR team for deeper review.,Cloud Workload
ALT004177,Narmada Steel Works,low,2026-06-30 19:59:12,2026-07-01 00:29:53,yes,Reset credentials for kiyer as precaution; no evidence of compromise. No further action required.,Database
ALT002409,Cauvery Logistics Corp,medium,2026-03-23 12:46:26,2026-03-23 18:20:13,no,Traced outbound connection to approved vendor endpoint; verified against allowlist. No further action required.,Server
ALT000766,Arcadia Defence Systems,high,2026-02-13 22:46:01,2026-02-14 01:34:52,no,Blocked source 10.34.215.232 at perimeter firewall pending further investigation. Added to suppression list after approval.,Endpoint
ALT003136,Indus Financial Services,low,2026-05-20 10:12:31,2026-05-20 12:45:52,no,Matched pattern against known false-positive rule FP-81730; tuning request raised. Closed as benign positive.,Network Device
ALT002736,Godavari Chemicals,low,2026-03-09 11:22:44,2026-03-09 17:14:02,no,Coordinated with network team; ACL change on HOST-1555 explains traffic shift. Added to suppression list after approval.,Network Device
ALT002811,Godavari Chemicals,low,2026-04-11 07:03:07,2026-04-11 12:34:00,no,Correlated with authentication logs for user rkumar; prior successful VPN session confirmed. Ticket closed with owner sign-off.,Server
ALT004188,Narmada Steel Works,medium,2026-02-07 11:01:36,2026-02-07 16:26:31,no,Cross-referenced with change management ticket CHG-70740; scheduled maintenance window. Ticket closed with owner sign-off.,Endpoint
ALT000523,Kaveri Power Holdings,medium,2026-01-07 03:29:01,2026-01-07 09:05:56,no,n/a,Database
ALT002036,Apex Power Grid Ltd,medium,2026-04-08 23:30:56,2026-04-09 02:23:56,yes,Compared hash against VirusTotal offline signature set; no detections. No further action required.,Cloud Workload
ALT003088,Indus Financial Services,low,2026-03-25 08:03:18,2026-03-25 11:11:12,no,Cross-referenced with change management ticket CHG-51915; scheduled maintenance window. Ticket closed with owner sign-off.,Database
ALT004238,Narmada Steel Works,critical,2026-03-28 03:25:37,2026-03-28 06:45:09,yes,Traced outbound connection to approved vendor endpoint; verified against allowlist. Handed to IR team for deeper review.,Cloud Workload
ALT001104,Arcadia Defence Systems,critical,2026-04-15 10:29:49,2026-04-15 15:23:33,yes,Validated certificate chain; expired intermediate replaced by infrastructure team. Handed to IR team for deeper review.,Firewall
ALT004364,Orissa Mining Federation,low,2026-02-01 07:06:03,,no,Sandbox detonation of attachment returned no malicious behaviour. Handed to IR team for deeper review.,Cloud Workload
ALT003052,Himalayan Healthcare Network,low,2026-04-25 02:47:10,2026-04-25 04:55:27,yes,Contacted user rkumar via Teams; confirmed they initiated the session from Mumbai office. Monitoring continued for 48 hours.,Endpoint
ALT000189,Meridian Trust Bank,medium,2026-01-08 02:28:55,2026-01-08 02:30:41,no,n/a,Endpoint
ALT003327,Jupiter Aviation Control,low,2026-03-21 22:11:11,2026-03-22 00:18:24,no,Queried SIEM for related events across 24h window; no corroborating activity found. Ticket closed with owner sign-off.,Firewall
ALT002988,Himalayan Healthcare Network,low,2026-04-28 18:34:48,2026-04-28 20:53:17,no,Reset credentials for tgeorge as precaution; no evidence of compromise. Added to suppression list after approval.,Cloud Workload
ALT004196,Narmada Steel Works,low,2026-01-22 13:54:57,2026-01-22 18:28:41,no,Traced outbound connection to approved vendor endpoint; verified against allowlist.,Identity Provider
ALT003911,Malabar Gas Pipelines,low,2026-04-30 08:37:03,2026-04-30 12:46:49,no,Validated certificate chain; expired intermediate replaced by infrastructure team. Monitoring continued for 48 hours.,Firewall
ALT000244,Meridian Trust Bank,medium,2026-04-21 01:41:50,2026-04-21 01:45:56,no,"checked, ok",Server
ALT001029,Arcadia Defence Systems,medium,2026-01-22 23:13:45,2026-01-23 01:55:08,yes,Validated certificate chain; expired intermediate replaced by infrastructure team. Added to suppression list after approval.,Network Device
ALT000251,Meridian Trust Bank,low,2026-03-12 19:10:57,2026-03-12 19:12:28,no,n/a,Identity Provider
ALT000842,Arcadia Defence Systems,low,2026-02-06 04:13:13,2026-02-06 06:19:12,yes,Confirmed with asset owner that HOST-2831 was undergoing patch deployment. Ticket closed with owner sign-off.,Network Device
ALT000574,Nilgiri Water Authority,low,2026-02-02 14:50:09,2026-02-02 18:44:13,no,Verified backup job schedule; traffic volume consistent with nightly replication. Ticket closed with owner sign-off.,IoT Device
ALT002478,Eastern Grid Utility,low,2026-04-07 16:58:47,2026-04-07 22:49:18,no,Queried SIEM for related events across 24h window; no corroborating activity found. No further action required.,Identity Provider
ALT002438,Cauvery Logistics Corp,low,2026-02-10 16:40:08,2026-02-10 18:44:22,yes,Reset credentials for schen as precaution; no evidence of compromise. No further action required.,Network Device
ALT000540,Nilgiri Water Authority,low,2026-02-23 11:09:06,2026-02-23 15:20:27,no,Documented as benign positive; rule threshold adjusted after peer review. Ticket closed with owner sign-off.,Cloud Workload
ALT004440,Orissa Mining Federation,low,2026-04-07 13:04:58,2026-04-07 17:32:51,yes,Reviewed source IP 10.44.170.53 against internal threat intel; no IOC match. Ticket closed with owner sign-off.,Identity Provider
ALT001299,Arcadia Defence Systems,low,2026-03-09 23:28:17,2026-03-10 01:35:40,no,Coordinated with network team; ACL change on HOST-6594 explains traffic shift. Ticket closed with owner sign-off.,Identity Provider
ALT001228,Arcadia Defence Systems,high,2026-03-07 01:56:44,2026-03-07 05:43:53,no,Compared hash against VirusTotal offline signature set; no detections.,Firewall
ALT001895,Apex Power Grid Ltd,low,2026-03-14 12:02:40,2026-03-14 15:10:14,no,Reviewed source IP 10.35.3.206 against internal threat intel; no IOC match.,Network Device
ALT003976,Malabar Gas Pipelines,low,2026-05-03 22:43:32,2026-05-04 03:58:48,no,Reset credentials for tgeorge as precaution; no evidence of compromise. Root cause documented in case notes.,Server
ALT001509,Konkan Maritime Ltd,low,2026-05-29 20:27:13,2026-05-30 07:01:37,yes,Verified backup job schedule; traffic volume consistent with nightly replication. Ticket closed with owner sign-off.,Cloud Workload
ALT002147,Bharat Telecom Networks,medium,2026-03-18 05:16:55,2026-03-18 07:17:53,no,Reviewed EDR telemetry timeline; parent process traced to legitimate installer. Monitoring continued for 48 hours.,Database
ALT004425,Orissa Mining Federation,high,2026-03-03 15:31:50,2026-03-03 18:35:29,yes,Analysed PCAP sample; payload matched benign monitoring agent heartbeat. Ticket closed with owner sign-off.,Server
ALT002521,Eastern Grid Utility,low,2026-01-19 09:03:03,2026-01-19 14:32:08,no,Isolated endpoint HOST-2548 for forensic triage; full disk scan returned clean. Root cause documented in case notes.,Network Device
ALT000637,Nilgiri Water Authority,low,2026-03-12 01:46:22,2026-03-12 05:19:04,no,Identified misconfigured scanner generating repeat alerts; owner notified. Closed as benign positive.,Firewall
ALT002709,Godavari Chemicals,low,2026-06-26 11:37:52,2026-06-26 17:20:45,no,Sandbox detonation of attachment returned no malicious behaviour. Closed as benign positive.,Firewall
ALT004333,Orissa Mining Federation,low,2026-03-09 12:00:15,2026-03-09 15:15:43,no,Validated certificate chain; expired intermediate replaced by infrastructure team. Handed to IR team for deeper review.,Database
ALT004634,Pennar Cement Industries,low,2026-01-02 23:36:47,2026-01-03 02:21:31,no,Queried SIEM for related events across 24h window; no corroborating activity found. Handed to IR team for deeper review.,Database
ALT003536,Krishna Port Authority,medium,2026-04-12 04:18:39,2026-04-12 09:39:19,no,Validated certificate chain; expired intermediate replaced by infrastructure team. Monitoring continued for 48 hours.,Network Device
ALT002909,Himalayan Healthcare Network,low,2026-02-01 10:01:04,2026-02-01 14:33:00,no,Confirmed with asset owner that HOST-1926 was undergoing patch deployment. Monitoring continued for 48 hours.,Firewall
ALT003619,Krishna Port Authority,medium,2026-02-02 08:50:12,2026-02-02 12:35:12,no,Matched pattern against known false-positive rule FP-42227; tuning request raised. Added to suppression list after approval.,Server
ALT004413,Orissa Mining Federation,high,2026-05-12 04:31:55,2026-05-12 06:46:11,no,Verified backup job schedule; traffic volume consistent with nightly replication. Added to suppression list after approval.,Identity Provider
ALT000841,Arcadia Defence Systems,high,2026-03-08 08:41:21,2026-03-08 14:10:34,yes,Queried SIEM for related events across 24h window; no corroborating activity found. Handed to IR team for deeper review.,Firewall
ALT003287,Jupiter Aviation Control,medium,2026-04-23 19:16:20,2026-04-23 23:46:13,no,Blocked source 10.22.214.69 at perimeter firewall pending further investigation. Added to suppression list after approval.,Network Device
ALT000573,Nilgiri Water Authority,low,2026-05-05 15:04:09,2026-05-05 17:40:58,yes,Reviewed source IP 10.43.38.219 against internal threat intel; no IOC match. Closed as benign positive.,Database
ALT003352,Jupiter Aviation Control,high,2026-04-27 11:24:43,2026-04-27 16:12:06,no,Contacted user apatel via Teams; confirmed they initiated the session from Mumbai office. Ticket closed with owner sign-off.,Endpoint
ALT004147,Narmada Steel Works,low,2026-04-30 09:07:26,2026-04-30 13:51:16,no,Blocked source 10.19.143.34 at perimeter firewall pending further investigation.,Identity Provider
ALT003552,Krishna Port Authority,low,2026-04-23 22:45:30,,no,Blocked source 10.46.79.84 at perimeter firewall pending further investigation.,Identity Provider
ALT002226,Bharat Telecom Networks,low,2026-01-25 01:26:33,2026-01-25 06:14:22,no,,Identity Provider
ALT002971,Himalayan Healthcare Network,low,2026-01-20 14:58:09,2026-01-20 19:35:02,no,Contacted user apatel via Teams; confirmed they initiated the session from Mumbai office. Closed as benign positive.,Cloud Workload
ALT000711,Nilgiri Water Authority,medium,2026-05-05 01:03:41,2026-05-05 03:30:01,no,Analysed PCAP sample; payload matched benign monitoring agent heartbeat. No further action required.,Network Device
ALT003929,Malabar Gas Pipelines,low,2026-02-18 15:57:49,2026-02-18 19:34:55,no,Analysed PCAP sample; payload matched benign monitoring agent heartbeat. Closed as benign positive.,Cloud Workload
ALT002352,Cauvery Logistics Corp,low,2026-05-21 01:15:59,2026-05-21 07:15:32,no,Documented as benign positive; rule threshold adjusted after peer review. Ticket closed with owner sign-off.,Database
ALT002797,Godavari Chemicals,medium,2026-01-04 10:50:09,2026-01-04 14:18:39,no,Cross-referenced with change management ticket CHG-96360; scheduled maintenance window. Root cause documented in case notes.,Network Device
ALT003895,Malabar Gas Pipelines,low,2026-04-04 19:03:13,2026-04-04 21:11:00,yes,Confirmed geolocation anomaly caused by corporate VPN egress node change. Handed to IR team for deeper review.,Identity Provider
ALT000623,Nilgiri Water Authority,low,2026-05-31 13:16:44,2026-05-31 19:14:09,yes,Reviewed privileged access logs; elevation was approved under ticket REQ-42660. Added to suppression list after approval.,Endpoint
ALT003449,Jupiter Aviation Control,high,2026-02-14 18:16:20,2026-02-14 21:33:16,no,Contacted user dnair via Teams; confirmed they initiated the session from Mumbai office.,Network Device
ALT002124,Bharat Telecom Networks,medium,2026-01-07 01:11:29,2026-01-07 07:11:17,yes,Confirmed geolocation anomaly caused by corporate VPN egress node change. Monitoring continued for 48 hours.,Firewall
ALT003672,Krishna Port Authority,critical,2026-03-17 02:09:52,2026-03-17 07:52:39,no,Correlated with authentication logs for user nrao; prior successful VPN session confirmed. Handed to IR team for deeper review.,Cloud Workload
ALT002545,Eastern Grid Utility,medium,2026-04-12 08:42:11,2026-04-12 14:35:48,no,Identified misconfigured scanner generating repeat alerts; owner notified. Closed as benign positive.,IoT Device
ALT002822,Godavari Chemicals,low,2026-06-22 02:21:08,2026-06-22 06:01:11,yes,Analysed PCAP sample; payload matched benign monitoring agent heartbeat. No further action required.,Network Device
ALT000023,Meridian Trust Bank,critical,2026-03-03 01:11:33,2026-03-03 01:15:11,no,n/a,Endpoint
ALT003665,Krishna Port Authority,low,2026-05-15 18:51:00,2026-05-15 21:25:16,no,Correlated with authentication logs for user nrao; prior successful VPN session confirmed. Monitoring continued for 48 hours.,IoT Device
ALT004367,Orissa Mining Federation,low,2026-03-27 11:15:32,2026-03-27 16:01:49,no,Blocked source 10.35.237.118 at perimeter firewall pending further investigation. Root cause documented in case notes.,Endpoint
ALT003541,Krishna Port Authority,medium,2026-03-11 12:14:11,,no,Reviewed EDR telemetry timeline; parent process traced to legitimate installer. Root cause documented in case notes.,Identity Provider
ALT002402,Cauvery Logistics Corp,medium,2026-05-21 11:04:13,2026-05-21 13:24:31,no,,Database
ALT001624,Konkan Maritime Ltd,high,2026-04-25 00:31:34,2026-04-25 11:05:40,no,Cross-referenced with change management ticket CHG-54441; scheduled maintenance window. Added to suppression list after approval.,Server
ALT003791,Lakshmi Insurance Group,low,2026-05-29 07:56:42,2026-05-29 11:30:06,yes,Reset credentials for schen as precaution; no evidence of compromise. Root cause documented in case notes.,IoT Device
ALT002889,Himalayan Healthcare Network,medium,2026-06-11 23:58:07,2026-06-12 03:19:20,no,Ran memory capture on HOST-9474; no injected process artefacts identified.,IoT Device
ALT000480,Kaveri Power Holdings,low,2026-01-05 10:00:27,2026-01-05 12:42:45,no,n/a,IoT Device
ALT004551,Pennar Cement Industries,high,2026-05-10 22:46:40,2026-05-11 03:07:43,yes,Blocked source 10.11.241.69 at perimeter firewall pending further investigation. Closed as benign positive.,Database
ALT002740,Godavari Chemicals,low,2026-04-17 16:40:36,2026-04-17 20:57:35,no,Isolated endpoint HOST-7636 for forensic triage; full disk scan returned clean. Closed as benign positive.,Endpoint
ALT000838,Arcadia Defence Systems,medium,2026-04-22 03:23:25,2026-04-22 08:15:52,yes,Traced outbound connection to approved vendor endpoint; verified against allowlist. No further action required.,Server
ALT004642,Pennar Cement Industries,critical,2026-06-30 06:23:08,2026-06-30 08:29:52,yes,Isolated endpoint HOST-1935 for forensic triage; full disk scan returned clean. Root cause documented in case notes.,Server
ALT001507,Konkan Maritime Ltd,critical,2026-02-02 03:19:02,2026-02-02 11:33:49,yes,Ran memory capture on HOST-1869; no injected process artefacts identified. Monitoring continued for 48 hours.,Identity Provider
ALT004002,Malabar Gas Pipelines,low,2026-01-17 20:19:12,2026-01-17 22:45:01,no,Coordinated with network team; ACL change on HOST-7708 explains traffic shift. Ticket closed with owner sign-off.,Endpoint
ALT000912,Arcadia Defence Systems,medium,2026-02-05 01:19:28,2026-02-05 04:45:57,no,Compared hash against VirusTotal offline signature set; no detections. Monitoring continued for 48 hours.,Endpoint
ALT000400,Kaveri Power Holdings,medium,2026-02-16 21:46:46,2026-02-17 00:40:44,yes,Confirmed with asset owner that HOST-9898 was undergoing patch deployment. No further action required.,Database
ALT001401,Arcadia Defence Systems,medium,2026-06-23 13:27:54,2026-06-23 18:30:18,yes,Contacted user kiyer via Teams; confirmed they initiated the session from Mumbai office. Handed to IR team for deeper review.,Cloud Workload
ALT001386,Arcadia Defence Systems,high,2026-02-12 20:28:32,2026-02-13 00:00:00,no,Correlated with authentication logs for user schen; prior successful VPN session confirmed. No further action required.,Identity Provider
ALT003763,Lakshmi Insurance Group,high,2026-03-23 11:21:59,2026-03-23 16:51:49,no,Ran memory capture on HOST-4148; no injected process artefacts identified.,Endpoint
ALT003323,Jupiter Aviation Control,high,2026-05-20 04:43:58,2026-05-20 08:13:29,no,Contacted user schen via Teams; confirmed they initiated the session from Mumbai office. Closed as benign positive.,IoT Device
ALT001067,Arcadia Defence Systems,medium,2026-06-04 13:28:14,2026-06-04 19:02:28,no,,Cloud Workload
ALT001296,Arcadia Defence Systems,low,2026-06-01 19:08:58,2026-06-01 22:10:38,no,Isolated endpoint HOST-7523 for forensic triage; full disk scan returned clean. Handed to IR team for deeper review.,IoT Device
ALT002182,Bharat Telecom Networks,low,2026-01-17 05:45:17,2026-01-17 11:01:10,no,,Server
ALT001030,Arcadia Defence Systems,high,2026-01-31 10:16:06,2026-01-31 14:42:52,no,Reviewed privileged access logs; elevation was approved under ticket REQ-65115.,Identity Provider
ALT003854,Lakshmi Insurance Group,critical,2026-03-06 19:11:10,2026-03-06 23:20:14,yes,"Checked DNS query history; domain registered 400+ days ago, low risk profile. Root cause documented in case notes.",IoT Device
ALT002510,Eastern Grid Utility,low,2026-05-18 15:47:47,2026-05-18 18:28:12,no,Correlated with authentication logs for user rkumar; prior successful VPN session confirmed. Monitoring continued for 48 hours.,Network Device
ALT000014,Meridian Trust Bank,low,2026-05-15 18:59:23,2026-05-15 19:00:31,no,n/a,Cloud Workload
ALT000024,Meridian Trust Bank,medium,2026-01-15 00:21:33,2026-01-15 00:24:50,no,"checked, ok",Endpoint
ALT002681,Eastern Grid Utility,medium,2026-05-05 02:24:02,2026-05-05 08:02:19,yes,Traced outbound connection to approved vendor endpoint; verified against allowlist. Closed as benign positive.,Network Device
ALT001710,Deccan Health Network,medium,2026-01-14 19:39:24,2026-01-14 23:52:30,no,closed,Server
ALT004585,Pennar Cement Industries,high,2026-05-27 04:08:30,2026-05-27 07:23:12,no,Verified backup job schedule; traffic volume consistent with nightly replication. Root cause documented in case notes.,Firewall
ALT003251,Indus Financial Services,critical,2026-05-22 17:31:47,2026-05-22 22:15:17,yes,Reviewed source IP 10.26.33.150 against internal threat intel; no IOC match. Handed to IR team for deeper review.,Firewall
ALT004485,Pennar Cement Industries,low,2026-03-01 04:45:07,2026-03-01 09:26:32,no,Identified misconfigured scanner generating repeat alerts; owner notified. No further action required.,Firewall
ALT000160,Meridian Trust Bank,medium,2026-04-18 00:34:46,2026-04-18 00:39:12,no,n/a,Network Device
ALT001088,Arcadia Defence Systems,high,2026-04-13 15:34:24,2026-04-13 17:35:41,yes,Coordinated with network team; ACL change on HOST-9636 explains traffic shift. Closed as benign positive.,Network Device
ALT004403,Orissa Mining Federation,medium,2026-01-14 01:33:26,2026-01-14 07:24:56,yes,Identified misconfigured scanner generating repeat alerts; owner notified. Closed as benign positive.,Firewall
ALT003392,Jupiter Aviation Control,low,2026-06-20 15:32:11,2026-06-20 19:40:35,yes,Sandbox detonation of attachment returned no malicious behaviour. Monitoring continued for 48 hours.,Database
ALT003160,Indus Financial Services,medium,2026-06-08 11:10:29,2026-06-08 13:44:44,no,"Checked DNS query history; domain registered 400+ days ago, low risk profile. Closed as benign positive.",Endpoint
ALT000508,Kaveri Power Holdings,low,2026-02-22 19:04:47,2026-02-22 21:18:50,no,n/a,Cloud Workload
ALT001639,Konkan Maritime Ltd,critical,2026-06-24 09:52:56,2026-06-24 19:59:11,yes,Blocked source 10.14.2.138 at perimeter firewall pending further investigation. Ticket closed with owner sign-off.,Identity Provider
ALT002371,Cauvery Logistics Corp,low,2026-05-05 05:37:02,,no,Confirmed with asset owner that HOST-4959 was undergoing patch deployment. Closed as benign positive.,Network Device
ALT001924,Apex Power Grid Ltd,high,2026-04-18 08:14:54,2026-04-18 12:44:06,yes,Verified backup job schedule; traffic volume consistent with nightly replication. Handed to IR team for deeper review.,Identity Provider
ALT001207,Arcadia Defence Systems,low,2026-05-01 05:32:47,2026-05-01 09:17:30,no,Escalated to L2 after confirming lateral movement indicators on HOST-9224. Root cause documented in case notes.,Database
ALT000170,Meridian Trust Bank,medium,2026-06-06 00:34:49,2026-06-06 00:37:57,no,"checked, ok",Cloud Workload
ALT000781,Arcadia Defence Systems,low,2026-03-01 15:38:05,2026-03-01 19:10:35,no,Verified backup job schedule; traffic volume consistent with nightly replication. Handed to IR team for deeper review.,Endpoint
ALT002375,Cauvery Logistics Corp,high,2026-04-26 19:47:20,2026-04-27 01:17:41,no,"Checked DNS query history; domain registered 400+ days ago, low risk profile. Added to suppression list after approval.",Server
ALT001323,Arcadia Defence Systems,low,2026-01-26 12:30:12,2026-01-26 16:49:24,yes,Blocked source 10.57.139.16 at perimeter firewall pending further investigation. Handed to IR team for deeper review.,Database
ALT004482,Pennar Cement Industries,low,2026-01-31 18:17:57,2026-01-31 21:03:46,no,Reviewed source IP 10.42.202.172 against internal threat intel; no IOC match. Ticket closed with owner sign-off.,Firewall
ALT001267,Arcadia Defence Systems,medium,2026-01-28 04:45:14,2026-01-28 07:09:52,no,Compared hash against VirusTotal offline signature set; no detections. Added to suppression list after approval.,Network Device
ALT000880,Arcadia Defence Systems,low,2026-03-19 10:42:41,2026-03-19 14:55:15,yes,Reset credentials for nrao as precaution; no evidence of compromise. Root cause documented in case notes.,Database
ALT003475,Krishna Port Authority,low,2026-02-14 07:30:23,2026-02-14 11:16:53,no,Reviewed privileged access logs; elevation was approved under ticket REQ-25681. Handed to IR team for deeper review.,Network Device
ALT004663,Pennar Cement Industries,medium,2026-01-30 01:46:27,2026-01-30 05:39:18,no,Queried SIEM for related events across 24h window; no corroborating activity found. Handed to IR team for deeper review.,Endpoint
ALT003086,Indus Financial Services,low,2026-01-19 12:34:09,2026-01-19 17:00:12,no,Sandbox detonation of attachment returned no malicious behaviour.,Cloud Workload
ALT003303,Jupiter Aviation Control,low,2026-02-15 15:33:22,2026-02-15 18:54:43,yes,Analysed PCAP sample; payload matched benign monitoring agent heartbeat. Handed to IR team for deeper review.,Cloud Workload
ALT000486,Kaveri Power Holdings,high,2026-04-01 03:40:30,2026-04-01 09:35:02,no,Correlated with authentication logs for user jsmith; prior successful VPN session confirmed. Monitoring continued for 48 hours.,Identity Provider
ALT003417,Jupiter Aviation Control,low,2026-06-22 04:06:36,2026-06-22 10:03:54,no,Cross-referenced with change management ticket CHG-91015; scheduled maintenance window. Added to suppression list after approval.,Server
ALT002746,Godavari Chemicals,medium,2026-05-25 13:34:40,2026-05-25 18:08:35,no,Blocked source 10.25.183.189 at perimeter firewall pending further investigation. Added to suppression list after approval.,IoT Device
ALT001015,Arcadia Defence Systems,high,2026-04-11 11:58:08,2026-04-11 15:13:24,yes,Compared hash against VirusTotal offline signature set; no detections. Closed as benign positive.,Server
ALT002039,Apex Power Grid Ltd,medium,2026-05-28 08:39:26,2026-05-28 11:50:20,no,Confirmed geolocation anomaly caused by corporate VPN egress node change.,IoT Device
ALT003291,Jupiter Aviation Control,low,2026-04-13 17:22:28,2026-04-13 21:50:52,no,Confirmed geolocation anomaly caused by corporate VPN egress node change. Closed as benign positive.,Server
ALT000393,Kaveri Power Holdings,high,2026-01-31 13:47:55,2026-01-31 13:52:20,yes,Identified misconfigured scanner generating repeat alerts; owner notified. Ticket closed with owner sign-off.,IoT Device
ALT004366,Orissa Mining Federation,high,2026-04-07 01:44:03,2026-04-07 05:58:02,yes,Escalated to L2 after confirming lateral movement indicators on HOST-7981. Added to suppression list after approval.,Firewall
ALT001462,Arcadia Defence Systems,medium,2026-04-23 19:08:25,2026-04-23 23:12:27,yes,Confirmed with asset owner that HOST-5791 was undergoing patch deployment.,Database
ALT003656,Krishna Port Authority,high,2026-04-19 11:01:24,2026-04-19 14:03:45,no,Reviewed source IP 10.8.45.226 against internal threat intel; no IOC match. Handed to IR team for deeper review.,Firewall
ALT001792,Deccan Health Network,low,2026-01-17 18:19:20,2026-01-17 20:49:49,no,"checked, ok",Firewall
ALT000136,Meridian Trust Bank,low,2026-01-26 13:46:12,2026-01-26 13:47:32,no,n/a,IoT Device
ALT000449,Kaveri Power Holdings,medium,2026-03-13 07:28:24,2026-03-13 09:48:33,no,Reviewed privileged access logs; elevation was approved under ticket REQ-32372.,Endpoint
ALT000889,Arcadia Defence Systems,low,2026-01-08 13:55:05,2026-01-08 16:40:04,yes,Traced outbound connection to approved vendor endpoint; verified against allowlist. Root cause documented in case notes.,Cloud Workload
ALT001378,Arcadia Defence Systems,medium,2026-06-05 21:15:39,2026-06-06 02:34:56,no,Confirmed with asset owner that HOST-3282 was undergoing patch deployment. Handed to IR team for deeper review.,Identity Provider
ALT000530,Saraswati Rail Network,medium,2026-01-06 17:42:41,2026-01-06 23:41:43,no,Escalated to L2 after confirming lateral movement indicators on HOST-2461. Added to suppression list after approval.,Endpoint
ALT000835,Arcadia Defence Systems,low,2026-02-28 23:05:46,2026-03-01 01:26:06,no,Analysed PCAP sample; payload matched benign monitoring agent heartbeat. Ticket closed with owner sign-off.,Firewall
ALT000179,Meridian Trust Bank,low,2026-04-27 02:25:09,2026-04-27 02:28:10,no,n/a,Identity Provider
ALT000479,Kaveri Power Holdings,medium,2026-04-18 09:22:30,2026-04-18 13:23:15,no,Escalated to L2 after confirming lateral movement indicators on HOST-3016. Added to suppression list after approval.,Endpoint
ALT003586,Krishna Port Authority,low,2026-05-07 04:43:00,2026-05-07 10:37:31,no,Reset credentials for tgeorge as precaution; no evidence of compromise. Closed as benign positive.,Network Device
ALT001250,Arcadia Defence Systems,medium,2026-03-22 11:56:16,2026-03-22 15:30:35,no,"Checked DNS query history; domain registered 400+ days ago, low risk profile. Handed to IR team for deeper review.",IoT Device
ALT001863,Deccan Health Network,medium,2026-05-29 13:29:51,2026-05-29 15:41:17,no,Documented as benign positive; rule threshold adjusted after peer review. No further action required.,IoT Device
ALT003538,Krishna Port Authority,high,2026-04-12 18:11:07,2026-04-13 00:02:07,no,Reviewed privileged access logs; elevation was approved under ticket REQ-71365. Monitoring continued for 48 hours.,Database
ALT001429,Arcadia Defence Systems,medium,2026-03-16 11:59:28,2026-03-16 14:03:36,no,Escalated to L2 after confirming lateral movement indicators on HOST-5258. Root cause documented in case notes.,Endpoint
ALT003764,Lakshmi Insurance Group,low,2026-06-03 20:38:02,2026-06-03 23:18:32,yes,Reviewed privileged access logs; elevation was approved under ticket REQ-31731. Root cause documented in case notes.,IoT Device
ALT000913,Arcadia Defence Systems,low,2026-04-28 15:08:43,2026-04-28 19:59:02,yes,Escalated to L2 after confirming lateral movement indicators on HOST-1124. Added to suppression list after approval.,Network Device
ALT003543,Krishna Port Authority,medium,2026-04-17 22:41:10,2026-04-18 01:37:33,no,Validated certificate chain; expired intermediate replaced by infrastructure team. Ticket closed with owner sign-off.,Server
ALT002059,Apex Power Grid Ltd,low,2026-05-08 20:43:20,2026-05-09 00:22:56,no,Analysed PCAP sample; payload matched benign monitoring agent heartbeat. Added to suppression list after approval.,Cloud Workload
ALT001680,Deccan Health Network,medium,2026-05-11 13:00:22,2026-05-11 18:25:18,no,Identified misconfigured scanner generating repeat alerts; owner notified. Ticket closed with owner sign-off.,Endpoint
ALT000666,Nilgiri Water Authority,medium,2026-05-12 07:10:34,2026-05-12 10:07:50,yes,Reviewed privileged access logs; elevation was approved under ticket REQ-36894. Closed as benign positive.,Endpoint
ALT000849,Arcadia Defence Systems,low,2026-05-30 20:25:42,2026-05-31 00:06:31,no,Cross-referenced with change management ticket CHG-43142; scheduled maintenance window. Handed to IR team for deeper review.,Database
ALT001952,Apex Power Grid Ltd,low,2026-03-13 21:59:39,2026-03-14 02:37:17,no,Correlated with authentication logs for user apatel; prior successful VPN session confirmed. Monitoring continued for 48 hours.,Server
ALT003429,Jupiter Aviation Control,medium,2026-04-28 03:12:40,2026-04-28 07:19:36,no,Blocked source 10.12.136.56 at perimeter firewall pending further investigation. Ticket closed with owner sign-off.,IoT Device
ALT002958,Himalayan Healthcare Network,low,2026-03-16 06:47:34,2026-03-16 12:03:17,no,Reviewed EDR telemetry timeline; parent process traced to legitimate installer. Ticket closed with owner sign-off.,Endpoint
ALT001220,Arcadia Defence Systems,medium,2026-05-21 08:07:56,2026-05-21 11:13:36,no,Validated certificate chain; expired intermediate replaced by infrastructure team. Handed to IR team for deeper review.,Endpoint
ALT002053,Apex Power Grid Ltd,low,2026-05-11 16:37:33,2026-05-11 21:55:00,no,Cross-referenced with change management ticket CHG-36271; scheduled maintenance window. No further action required.,Identity Provider
ALT001603,Konkan Maritime Ltd,critical,2026-01-21 11:18:30,2026-01-21 23:31:39,yes,Compared hash against VirusTotal offline signature set; no detections. Monitoring continued for 48 hours.,Identity Provider
ALT003264,Indus Financial Services,low,2026-04-18 18:13:33,2026-04-18 21:50:03,no,Cross-referenced with change management ticket CHG-20957; scheduled maintenance window. Ticket closed with owner sign-off.,Identity Provider
ALT000497,Kaveri Power Holdings,high,2026-06-21 17:29:06,2026-06-21 17:33:44,yes,n/a,Network Device
ALT004399,Orissa Mining Federation,high,2026-03-29 08:07:22,2026-03-29 10:46:05,no,Verified backup job schedule; traffic volume consistent with nightly replication.,Cloud Workload
ALT000310,Kaveri Power Holdings,critical,2026-06-30 17:53:06,2026-06-30 23:27:25,yes,n/a,Network Device
ALT003384,Jupiter Aviation Control,low,2026-01-16 20:37:16,2026-01-17 01:33:26,no,Contacted user kiyer via Teams; confirmed they initiated the session from Mumbai office. Root cause documented in case notes.,Cloud Workload
ALT001574,Konkan Maritime Ltd,low,2026-06-24 13:38:07,2026-06-25 00:47:11,yes,Analysed PCAP sample; payload matched benign monitoring agent heartbeat.,Identity Provider
ALT001154,Arcadia Defence Systems,low,2026-04-28 18:09:22,2026-04-28 21:39:00,yes,Confirmed with asset owner that HOST-9138 was undergoing patch deployment. Ticket closed with owner sign-off.,Identity Provider
ALT000545,Nilgiri Water Authority,medium,2026-06-13 05:36:43,2026-06-13 08:54:42,no,Matched pattern against known false-positive rule FP-46689; tuning request raised. Handed to IR team for deeper review.,Firewall
ALT003242,Indus Financial Services,low,2026-03-06 09:39:35,2026-03-06 14:04:43,no,Reviewed source IP 10.6.190.194 against internal threat intel; no IOC match. No further action required.,Server
ALT001209,Arcadia Defence Systems,low,2026-01-28 18:29:09,2026-01-28 21:29:54,no,Traced outbound connection to approved vendor endpoint; verified against allowlist. Handed to IR team for deeper review.,Endpoint
ALT004214,Narmada Steel Works,low,2026-01-01 10:02:39,2026-01-01 13:53:57,no,Sandbox detonation of attachment returned no malicious behaviour. Root cause documented in case notes.,Database
ALT000550,Nilgiri Water Authority,low,2026-05-31 04:27:15,2026-05-31 10:26:06,no,Documented as benign positive; rule threshold adjusted after peer review. Root cause documented in case notes.,Server
ALT004397,Orissa Mining Federation,high,2026-01-21 22:09:04,2026-01-22 03:46:28,no,Reviewed EDR telemetry timeline; parent process traced to legitimate installer. Monitoring continued for 48 hours.,Database
ALT002555,Eastern Grid Utility,low,2026-03-26 13:08:07,2026-03-26 16:06:42,no,Traced outbound connection to approved vendor endpoint; verified against allowlist. Handed to IR team for deeper review.,Cloud Workload
ALT000829,Arcadia Defence Systems,low,2026-05-05 16:01:44,2026-05-05 19:45:49,yes,Reset credentials for dnair as precaution; no evidence of compromise. Monitoring continued for 48 hours.,Network Device
ALT003647,Krishna Port Authority,high,2026-02-09 15:09:07,2026-02-09 17:10:48,yes,Compared hash against VirusTotal offline signature set; no detections. Closed as benign positive.,Cloud Workload
ALT001889,Apex Power Grid Ltd,high,2026-04-28 21:01:23,2026-04-29 00:19:39,no,Reviewed privileged access logs; elevation was approved under ticket REQ-62097.,Server
ALT002389,Cauvery Logistics Corp,low,2026-02-14 23:06:07,2026-02-15 04:12:59,no,Analysed PCAP sample; payload matched benign monitoring agent heartbeat. Ticket closed with owner sign-off.,Endpoint
ALT001330,Arcadia Defence Systems,low,2026-03-03 16:25:02,2026-03-03 21:44:10,no,Traced outbound connection to approved vendor endpoint; verified against allowlist. Monitoring continued for 48 hours.,Server
ALT001083,Arcadia Defence Systems,low,2026-04-07 07:41:56,2026-04-07 09:44:15,no,Confirmed geolocation anomaly caused by corporate VPN egress node change. Handed to IR team for deeper review.,IoT Device
ALT004609,Pennar Cement Industries,low,2026-03-15 13:55:04,2026-03-15 16:42:06,yes,Reviewed EDR telemetry timeline; parent process traced to legitimate installer. Handed to IR team for deeper review.,Endpoint
ALT004514,Pennar Cement Industries,low,2026-05-03 17:03:06,2026-05-03 20:04:01,no,Compared hash against VirusTotal offline signature set; no detections. Handed to IR team for deeper review.,IoT Device
ALT003711,Lakshmi Insurance Group,medium,2026-01-12 12:34:39,2026-01-12 15:59:44,yes,Isolated endpoint HOST-7935 for forensic triage; full disk scan returned clean. Added to suppression list after approval.,Cloud Workload
ALT003575,Krishna Port Authority,medium,2026-03-02 01:03:42,2026-03-02 06:54:47,no,"Checked DNS query history; domain registered 400+ days ago, low risk profile. Handed to IR team for deeper review.",Server
ALT004079,Narmada Steel Works,low,2026-02-28 04:09:58,2026-02-28 09:45:44,no,Ran memory capture on HOST-2831; no injected process artefacts identified. No further action required.,Server
ALT000214,Meridian Trust Bank,medium,2026-01-14 02:58:20,2026-01-14 03:01:13,yes,"checked, ok",Server
ALT001489,Konkan Maritime Ltd,low,2026-04-28 05:16:33,2026-04-28 16:13:25,yes,Reviewed EDR telemetry timeline; parent process traced to legitimate installer. No further action required.,Server
ALT002741,Godavari Chemicals,medium,2026-02-11 14:07:21,2026-02-11 17:35:55,no,Validated certificate chain; expired intermediate replaced by infrastructure team. No further action required.,Database
ALT004054,Malabar Gas Pipelines,low,2026-03-24 17:09:38,2026-03-24 19:26:47,no,Validated certificate chain; expired intermediate replaced by infrastructure team. Monitoring continued for 48 hours.,IoT Device
ALT004421,Orissa Mining Federation,low,2026-03-25 15:33:08,2026-03-25 17:52:42,no,Cross-referenced with change management ticket CHG-60403; scheduled maintenance window. Monitoring continued for 48 hours.,IoT Device
ALT000265,Meridian Trust Bank,medium,2026-01-13 14:49:15,2026-01-13 14:53:33,no,n/a,Network Device
ALT002779,Godavari Chemicals,medium,2026-03-14 22:56:40,2026-03-15 01:21:14,no,Reviewed privileged access logs; elevation was approved under ticket REQ-68599. Added to suppression list after approval.,Identity Provider
ALT000030,Meridian Trust Bank,low,2026-04-08 15:38:56,2026-04-08 15:43:11,no,n/a,Firewall
ALT003240,Indus Financial Services,medium,2026-03-08 03:08:40,2026-03-08 06:56:15,yes,Correlated with authentication logs for user mfernandes; prior successful VPN session confirmed. Handed to IR team for deeper review.,IoT Device
ALT002710,Godavari Chemicals,medium,2026-06-24 11:07:01,2026-06-24 14:12:20,no,Queried SIEM for related events across 24h window; no corroborating activity found. Root cause documented in case notes.,Identity Provider
ALT002995,Himalayan Healthcare Network,medium,2026-06-30 00:14:14,2026-06-30 02:45:26,yes,Sandbox detonation of attachment returned no malicious behaviour. No further action required.,Server
ALT001622,Konkan Maritime Ltd,critical,2026-06-17 16:34:50,2026-06-18 01:32:59,yes,Matched pattern against known false-positive rule FP-76423; tuning request raised. No further action required.,Cloud Workload
ALT003666,Krishna Port Authority,low,2026-06-21 10:59:06,2026-06-21 15:50:18,no,Documented as benign positive; rule threshold adjusted after peer review.,Identity Provider
ALT000381,Kaveri Power Holdings,low,2026-04-05 20:00:39,2026-04-05 22:08:16,no,"Checked DNS query history; domain registered 400+ days ago, low risk profile. Monitoring continued for 48 hours.",Identity Provider
ALT002768,Godavari Chemicals,high,2026-04-30 18:42:48,2026-04-30 22:20:40,no,Reviewed source IP 10.38.247.192 against internal threat intel; no IOC match. No further action required.,Identity Provider
ALT004344,Orissa Mining Federation,low,2026-03-04 03:22:03,2026-03-04 08:43:43,no,Cross-referenced with change management ticket CHG-99307; scheduled maintenance window. Handed to IR team for deeper review.,Server
ALT002550,Eastern Grid Utility,medium,2026-03-17 08:23:01,2026-03-17 13:27:12,no,Confirmed geolocation anomaly caused by corporate VPN egress node change. Ticket closed with owner sign-off.,IoT Device
ALT001293,Arcadia Defence Systems,medium,2026-02-26 09:33:07,2026-02-26 13:41:23,no,Isolated endpoint HOST-3465 for forensic triage; full disk scan returned clean. Monitoring continued for 48 hours.,Database
ALT002998,Himalayan Healthcare Network,low,2026-05-02 01:43:24,2026-05-02 06:51:29,yes,Reset credentials for nrao as precaution; no evidence of compromise. No further action required.,Database
ALT001071,Arcadia Defence Systems,medium,2026-04-03 00:02:25,,no,Validated certificate chain; expired intermediate replaced by infrastructure team. Added to suppression list after approval.,Server
ALT003115,Indus Financial Services,low,2026-03-07 23:28:09,2026-03-08 03:03:43,yes,Coordinated with network team; ACL change on HOST-4826 explains traffic shift. Root cause documented in case notes.,Network Device
ALT003295,Jupiter Aviation Control,high,2026-03-26 10:25:11,2026-03-26 13:20:53,yes,Validated certificate chain; expired intermediate replaced by infrastructure team. Ticket closed with owner sign-off.,Database
ALT001963,Apex Power Grid Ltd,low,2026-06-28 18:17:52,2026-06-28 23:57:54,no,Identified misconfigured scanner generating repeat alerts; owner notified. Monitoring continued for 48 hours.,Cloud Workload
ALT001893,Apex Power Grid Ltd,low,2026-02-22 19:54:40,2026-02-22 22:43:47,yes,Traced outbound connection to approved vendor endpoint; verified against allowlist. Root cause documented in case notes.,Database
ALT000997,Arcadia Defence Systems,high,2026-02-08 06:53:03,2026-02-08 12:14:07,no,"Checked DNS query history; domain registered 400+ days ago, low risk profile. Root cause documented in case notes.",Firewall
ALT002684,Eastern Grid Utility,low,2026-03-31 02:57:52,2026-03-31 07:58:38,no,Verified backup job schedule; traffic volume consistent with nightly replication. Ticket closed with owner sign-off.,Endpoint
ALT003245,Indus Financial Services,medium,2026-03-24 01:01:12,2026-03-24 04:32:59,no,"Checked DNS query history; domain registered 400+ days ago, low risk profile.",Database
ALT004594,Pennar Cement Industries,high,2026-04-03 00:35:44,2026-04-03 03:22:48,no,"Checked DNS query history; domain registered 400+ days ago, low risk profile. Closed as benign positive.",Cloud Workload
ALT002787,Godavari Chemicals,medium,2026-06-27 17:56:00,2026-06-27 22:33:13,no,Documented as benign positive; rule threshold adjusted after peer review. Monitoring continued for 48 hours.,Network Device
ALT002660,Eastern Grid Utility,medium,2026-05-31 01:20:56,2026-05-31 05:30:59,yes,,Network Device
ALT000767,Arcadia Defence Systems,high,2026-04-15 20:28:51,2026-04-15 23:51:14,no,Confirmed geolocation anomaly caused by corporate VPN egress node change. Ticket closed with owner sign-off.,Server
ALT001841,Deccan Health Network,medium,2026-01-01 15:23:08,2026-01-01 19:20:51,no,Sandbox detonation of attachment returned no malicious behaviour. Root cause documented in case notes.,Firewall
ALT003946,Malabar Gas Pipelines,low,2026-05-19 13:32:48,2026-05-19 18:19:25,no,Cross-referenced with change management ticket CHG-70236; scheduled maintenance window.,Database
ALT001394,Arcadia Defence Systems,high,2026-06-06 01:07:39,2026-06-06 06:33:14,yes,Documented as benign positive; rule threshold adjusted after peer review. Root cause documented in case notes.,Database
ALT000093,Meridian Trust Bank,high,2026-01-20 05:08:29,2026-01-20 05:12:00,no,n/a,Identity Provider
ALT003602,Krishna Port Authority,low,2026-05-07 07:35:58,2026-05-07 13:34:18,no,Contacted user jsmith via Teams; confirmed they initiated the session from Mumbai office. Monitoring continued for 48 hours.,Network Device
ALT001091,Arcadia Defence Systems,low,2026-05-05 10:04:05,2026-05-05 12:36:29,no,Validated certificate chain; expired intermediate replaced by infrastructure team. Handed to IR team for deeper review.,Database
ALT001990,Apex Power Grid Ltd,medium,2026-05-07 15:55:14,2026-05-07 20:21:14,no,Compared hash against VirusTotal offline signature set; no detections. Closed as benign positive.,Firewall
ALT004277,Orissa Mining Federation,low,2026-06-06 20:17:19,2026-06-07 02:16:41,no,Confirmed geolocation anomaly caused by corporate VPN egress node change. Root cause documented in case notes.,IoT Device
ALT004478,Orissa Mining Federation,low,2026-03-25 12:50:42,2026-03-25 18:31:42,no,Contacted user schen via Teams; confirmed they initiated the session from Mumbai office.,Database
ALT002225,Bharat Telecom Networks,medium,2026-03-20 17:27:55,2026-03-20 21:23:30,no,Confirmed with asset owner that HOST-5542 was undergoing patch deployment. Root cause documented in case notes.,Endpoint
ALT003223,Indus Financial Services,critical,2026-04-21 11:11:08,2026-04-21 13:16:12,yes,Validated certificate chain; expired intermediate replaced by infrastructure team. Handed to IR team for deeper review.,Endpoint
ALT003277,Jupiter Aviation Control,high,2026-01-24 22:10:17,2026-01-25 02:41:34,no,Reviewed privileged access logs; elevation was approved under ticket REQ-22760. Monitoring continued for 48 hours.,Endpoint
ALT000776,Arcadia Defence Systems,low,2026-03-15 06:04:08,2026-03-15 10:39:41,no,Escalated to L2 after confirming lateral movement indicators on HOST-4444. Ticket closed with owner sign-off.,Endpoint
ALT002848,Godavari Chemicals,high,2026-01-15 14:14:25,2026-01-15 18:48:15,yes,Verified backup job schedule; traffic volume consistent with nightly replication. Monitoring continued for 48 hours.,Network Device
ALT002519,Eastern Grid Utility,critical,2026-05-22 22:49:43,2026-05-23 03:28:13,yes,Sandbox detonation of attachment returned no malicious behaviour. Ticket closed with owner sign-off.,Endpoint
ALT002206,Bharat Telecom Networks,medium,2026-05-13 12:40:55,2026-05-13 16:25:48,no,Blocked source 10.55.88.1 at perimeter firewall pending further investigation. Handed to IR team for deeper review.,Identity Provider
ALT004086,Narmada Steel Works,low,2026-02-05 09:51:46,2026-02-05 14:05:19,no,Correlated with authentication logs for user mfernandes; prior successful VPN session confirmed. Handed to IR team for deeper review.,Database
ALT001343,Arcadia Defence Systems,high,2026-04-26 03:23:12,2026-04-26 07:30:04,yes,Reviewed privileged access logs; elevation was approved under ticket REQ-98006. Handed to IR team for deeper review.,Database
ALT003173,Indus Financial Services,critical,2026-02-21 19:52:26,2026-02-22 00:53:49,yes,Traced outbound connection to approved vendor endpoint; verified against allowlist. No further action required.,Identity Provider
ALT000775,Arcadia Defence Systems,medium,2026-01-16 09:51:54,2026-01-16 12:47:29,no,Blocked source 10.17.185.204 at perimeter firewall pending further investigation. Root cause documented in case notes.,Network Device
ALT000118,Meridian Trust Bank,low,2026-01-05 06:36:36,2026-01-05 06:41:12,no,"checked, ok",Endpoint
ALT001080,Arcadia Defence Systems,medium,2026-05-06 02:52:39,2026-05-06 07:18:44,no,Confirmed geolocation anomaly caused by corporate VPN egress node change. Handed to IR team for deeper review.,Server
ALT000499,Kaveri Power Holdings,low,2026-05-27 01:44:23,2026-05-27 07:33:35,yes,n/a,Server
ALT003297,Jupiter Aviation Control,low,2026-03-30 23:47:30,2026-03-31 02:58:05,no,Traced outbound connection to approved vendor endpoint; verified against allowlist. Handed to IR team for deeper review.,Database
ALT004310,Orissa Mining Federation,low,2026-04-04 01:06:58,2026-04-04 03:14:52,no,"Checked DNS query history; domain registered 400+ days ago, low risk profile. Handed to IR team for deeper review.",Cloud Workload
ALT002855,Godavari Chemicals,low,2026-05-22 18:59:03,2026-05-22 23:07:35,no,Sandbox detonation of attachment returned no malicious behaviour. No further action required.,Identity Provider
ALT000404,Kaveri Power Holdings,low,2026-01-08 11:39:36,2026-01-08 15:08:50,no,n/a,Network Device
ALT000367,Kaveri Power Holdings,low,2026-05-06 04:58:20,2026-05-06 10:05:43,no,n/a,Database
ALT004272,Orissa Mining Federation,high,2026-02-08 15:13:48,2026-02-08 18:38:46,yes,"Checked DNS query history; domain registered 400+ days ago, low risk profile. Handed to IR team for deeper review.",Identity Provider
ALT002806,Godavari Chemicals,high,2026-06-22 03:17:28,2026-06-22 07:13:50,yes,Identified misconfigured scanner generating repeat alerts; owner notified. No further action required.,Network Device
ALT004297,Orissa Mining Federation,medium,2026-04-09 13:40:54,2026-04-09 16:13:07,no,Escalated to L2 after confirming lateral movement indicators on HOST-4288. Ticket closed with owner sign-off.,Firewall
ALT001342,Arcadia Defence Systems,low,2026-05-09 17:16:08,2026-05-09 23:06:22,no,Confirmed geolocation anomaly caused by corporate VPN egress node change. No further action required.,Network Device
ALT000898,Arcadia Defence Systems,high,2026-06-17 15:15:54,2026-06-17 18:09:07,yes,Escalated to L2 after confirming lateral movement indicators on HOST-9842. Monitoring continued for 48 hours.,Network Device
ALT003618,Krishna Port Authority,low,2026-01-11 21:43:32,2026-01-12 01:33:50,yes,Documented as benign positive; rule threshold adjusted after peer review. Root cause documented in case notes.,Network Device
ALT000330,Kaveri Power Holdings,high,2026-06-26 16:51:18,2026-06-26 20:34:27,no,Documented as benign positive; rule threshold adjusted after peer review. Handed to IR team for deeper review.,Identity Provider
ALT000672,Nilgiri Water Authority,low,2026-05-11 19:42:51,2026-05-12 01:28:30,yes,Escalated to L2 after confirming lateral movement indicators on HOST-4946. No further action required.,Server
ALT002657,Eastern Grid Utility,high,2026-05-11 17:39:05,2026-05-11 22:22:11,no,Blocked source 10.39.139.123 at perimeter firewall pending further investigation. Handed to IR team for deeper review.,Server
ALT004131,Narmada Steel Works,low,2026-02-05 19:16:48,2026-02-06 00:58:43,no,Matched pattern against known false-positive rule FP-17264; tuning request raised. Monitoring continued for 48 hours.,Endpoint
ALT002766,Godavari Chemicals,low,2026-04-18 18:44:02,2026-04-19 00:24:07,no,Correlated with authentication logs for user tgeorge; prior successful VPN session confirmed. No further action required.,Server
ALT004183,Narmada Steel Works,low,2026-06-13 01:29:35,2026-06-13 06:33:41,no,Analysed PCAP sample; payload matched benign monitoring agent heartbeat. Handed to IR team for deeper review.,Firewall
ALT000716,Arcadia Defence Systems,medium,2026-01-12 21:59:19,2026-01-13 01:38:43,no,Cross-referenced with change management ticket CHG-91810; scheduled maintenance window. No further action required.,Network Device
ALT002748,Godavari Chemicals,medium,2026-02-01 14:04:01,2026-02-01 18:15:47,no,Isolated endpoint HOST-3335 for forensic triage; full disk scan returned clean. Root cause documented in case notes.,Network Device
ALT002303,Cauvery Logistics Corp,high,2026-05-06 18:46:48,2026-05-06 23:55:37,yes,Reviewed privileged access logs; elevation was approved under ticket REQ-82945. Ticket closed with owner sign-off.,Endpoint
ALT004028,Malabar Gas Pipelines,medium,2026-02-10 12:02:18,2026-02-10 15:59:49,yes,Confirmed geolocation anomaly caused by corporate VPN egress node change. No further action required.,Database
ALT003928,Malabar Gas Pipelines,low,2026-06-30 23:13:06,2026-07-01 01:47:08,no,Sandbox detonation of attachment returned no malicious behaviour. Handed to IR team for deeper review.,Endpoint
ALT004611,Pennar Cement Industries,low,2026-06-04 01:20:28,2026-06-04 05:03:15,no,Confirmed geolocation anomaly caused by corporate VPN egress node change. Closed as benign positive.,Network Device
ALT003374,Jupiter Aviation Control,medium,2026-06-12 20:11:24,2026-06-12 23:44:30,no,Ran memory capture on HOST-3001; no injected process artefacts identified. Ticket closed with owner sign-off.,Cloud Workload
ALT002854,Godavari Chemicals,low,2026-02-04 14:55:23,2026-02-04 17:57:39,no,"Checked DNS query history; domain registered 400+ days ago, low risk profile. Ticket closed with owner sign-off.",Firewall
ALT002174,Bharat Telecom Networks,low,2026-06-06 15:49:10,2026-06-06 19:11:51,no,Confirmed geolocation anomaly caused by corporate VPN egress node change. Closed as benign positive.,Database
ALT001754,Deccan Health Network,medium,2026-06-19 16:05:23,2026-06-19 19:34:56,no,Compared hash against VirusTotal offline signature set; no detections. Closed as benign positive.,Server
ALT002104,Bharat Telecom Networks,low,2026-03-20 11:46:52,2026-03-20 17:40:07,no,Coordinated with network team; ACL change on HOST-2516 explains traffic shift. Monitoring continued for 48 hours.,Server
ALT000581,Nilgiri Water Authority,medium,2026-04-09 02:51:21,2026-04-09 05:34:42,no,Reviewed privileged access logs; elevation was approved under ticket REQ-64904. Root cause documented in case notes.,Cloud Workload
ALT003847,Lakshmi Insurance Group,medium,2026-02-13 14:12:39,2026-02-13 17:43:42,no,Verified backup job schedule; traffic volume consistent with nightly replication.,Identity Provider
ALT001761,Deccan Health Network,medium,2026-01-09 00:54:29,2026-01-09 03:00:43,yes,Blocked source 10.28.115.27 at perimeter firewall pending further investigation. No further action required.,Endpoint
ALT004075,Narmada Steel Works,low,2026-03-02 11:33:43,2026-03-02 13:41:36,no,"Checked DNS query history; domain registered 400+ days ago, low risk profile. Root cause documented in case notes.",Firewall
ALT002792,Godavari Chemicals,medium,2026-01-10 14:55:23,2026-01-10 18:29:12,no,Coordinated with network team; ACL change on HOST-5170 explains traffic shift. Closed as benign positive.,Network Device
ALT001613,Konkan Maritime Ltd,critical,2026-04-13 20:28:50,2026-04-14 05:28:55,yes,Cross-referenced with change management ticket CHG-24863; scheduled maintenance window. Ticket closed with owner sign-off.,Identity Provider
ALT000034,Meridian Trust Bank,low,2026-06-14 17:10:13,2026-06-14 17:11:42,no,"checked, ok",Firewall
ALT001435,Arcadia Defence Systems,low,2026-02-19 00:16:35,2026-02-19 05:27:50,yes,Correlated with authentication logs for user apatel; prior successful VPN session confirmed. Handed to IR team for deeper review.,IoT Device
ALT000447,Kaveri Power Holdings,medium,2026-05-28 04:59:43,2026-05-28 08:13:19,no,n/a,Identity Provider
ALT001740,Deccan Health Network,low,2026-05-15 02:13:02,2026-05-15 07:05:05,no,"checked, ok",Endpoint
ALT004311,Orissa Mining Federation,low,2026-04-28 15:49:29,2026-04-28 19:15:20,no,,Server
ALT000094,Meridian Trust Bank,low,2026-03-23 04:00:01,2026-03-23 04:03:18,no,"checked, ok",IoT Device
ALT002299,Cauvery Logistics Corp,low,2026-01-01 20:57:50,2026-01-02 02:21:50,yes,Coordinated with network team; ACL change on HOST-4474 explains traffic shift. No further action required.,Cloud Workload
ALT000253,Meridian Trust Bank,high,2026-06-02 09:41:16,2026-06-02 09:42:11,no,"checked, ok",IoT Device
ALT001372,Arcadia Defence Systems,low,2026-05-17 15:35:34,2026-05-17 21:03:44,no,Identified misconfigured scanner generating repeat alerts; owner notified.,Cloud Workload
ALT004209,Narmada Steel Works,low,2026-01-13 17:10:33,2026-01-13 22:16:28,yes,Ran memory capture on HOST-3776; no injected process artefacts identified. Handed to IR team for deeper review.,IoT Device
ALT000859,Arcadia Defence Systems,medium,2026-02-21 01:19:12,2026-02-21 06:42:43,no,Documented as benign positive; rule threshold adjusted after peer review. Added to suppression list after approval.,Endpoint
ALT004383,Orissa Mining Federation,low,2026-06-18 03:17:05,,no,Isolated endpoint HOST-9416 for forensic triage; full disk scan returned clean. Closed as benign positive.,IoT Device
ALT000521,Kaveri Power Holdings,high,2026-03-03 22:11:54,2026-03-04 03:47:29,no,n/a,Firewall
ALT002131,Bharat Telecom Networks,low,2026-05-02 15:36:31,2026-05-02 18:08:29,yes,Reviewed privileged access logs; elevation was approved under ticket REQ-33279.,Server
ALT001047,Arcadia Defence Systems,critical,2026-05-11 15:11:12,2026-05-11 19:27:53,yes,Isolated endpoint HOST-9245 for forensic triage; full disk scan returned clean. Closed as benign positive.,Identity Provider
ALT000112,Meridian Trust Bank,medium,2026-06-19 01:41:18,2026-06-19 01:45:31,no,n/a,Identity Provider
ALT000644,Nilgiri Water Authority,low,2026-04-19 03:03:49,2026-04-19 07:51:41,yes,Queried SIEM for related events across 24h window; no corroborating activity found. Monitoring continued for 48 hours.,Endpoint
ALT003992,Malabar Gas Pipelines,critical,2026-03-12 21:35:48,2026-03-13 02:34:19,yes,Correlated with authentication logs for user mfernandes; prior successful VPN session confirmed. Monitoring continued for 48 hours.,Firewall
ALT000893,Arcadia Defence Systems,high,2026-05-16 06:31:00,2026-05-16 10:35:13,no,Confirmed with asset owner that HOST-1941 was undergoing patch deployment. No further action required.,Firewall
ALT004122,Narmada Steel Works,medium,2026-05-06 04:37:45,2026-05-06 09:05:08,yes,Traced outbound connection to approved vendor endpoint; verified against allowlist. Added to suppression list after approval.,Firewall
ALT002328,Cauvery Logistics Corp,medium,2026-01-30 07:21:54,,no,Contacted user rkumar via Teams; confirmed they initiated the session from Mumbai office. Added to suppression list after approval.,Firewall
ALT002637,Eastern Grid Utility,low,2026-01-16 15:58:23,2026-01-16 19:13:19,no,Reviewed source IP 10.17.34.157 against internal threat intel; no IOC match. Added to suppression list after approval.,Server
ALT001039,Arcadia Defence Systems,low,2026-01-24 01:52:51,2026-01-24 07:11:47,no,Correlated with authentication logs for user kiyer; prior successful VPN session confirmed. Ticket closed with owner sign-off.,Database
ALT003530,Krishna Port Authority,medium,2026-06-23 06:08:23,2026-06-23 10:29:44,no,Escalated to L2 after confirming lateral movement indicators on HOST-3040.,Endpoint
ALT001762,Deccan Health Network,high,2026-01-17 08:36:40,2026-01-17 10:41:14,no,"checked, ok",Cloud Workload
ALT000856,Arcadia Defence Systems,medium,2026-04-18 22:51:57,2026-04-19 02:19:22,no,Confirmed with asset owner that HOST-7985 was undergoing patch deployment. Handed to IR team for deeper review.,Firewall
ALT000395,Kaveri Power Holdings,low,2026-06-23 23:54:17,2026-06-24 04:05:31,no,Validated certificate chain; expired intermediate replaced by infrastructure team. Added to suppression list after approval.,Network Device
ALT003532,Krishna Port Authority,medium,2026-05-19 05:33:32,2026-05-19 11:13:21,no,Isolated endpoint HOST-9499 for forensic triage; full disk scan returned clean. Closed as benign positive.,Cloud Workload
ALT003881,Malabar Gas Pipelines,medium,2026-03-22 18:13:40,2026-03-22 20:36:50,no,Validated certificate chain; expired intermediate replaced by infrastructure team. Added to suppression list after approval.,Endpoint
ALT003336,Jupiter Aviation Control,low,2026-05-14 04:15:03,2026-05-14 08:13:05,no,Matched pattern against known false-positive rule FP-24297; tuning request raised. Added to suppression list after approval.,Firewall
ALT002183,Bharat Telecom Networks,medium,2026-05-28 18:09:37,2026-05-28 22:44:37,no,Queried SIEM for related events across 24h window; no corroborating activity found. Handed to IR team for deeper review.,Cloud Workload
ALT002771,Godavari Chemicals,high,2026-01-07 04:38:02,2026-01-07 07:22:17,yes,Escalated to L2 after confirming lateral movement indicators on HOST-7497. Added to suppression list after approval.,Database
ALT002526,Eastern Grid Utility,critical,2026-03-23 22:29:30,2026-03-24 03:04:02,yes,Traced outbound connection to approved vendor endpoint; verified against allowlist. Handed to IR team for deeper review.,Server
ALT002105,Bharat Telecom Networks,low,2026-05-24 18:06:50,2026-05-24 20:55:50,no,Contacted user schen via Teams; confirmed they initiated the session from Mumbai office. No further action required.,Identity Provider
ALT001591,Konkan Maritime Ltd,high,2026-05-22 13:48:05,2026-05-22 23:33:23,yes,Ran memory capture on HOST-9922; no injected process artefacts identified. Closed as benign positive.,Cloud Workload
ALT002873,Himalayan Healthcare Network,low,2026-06-20 23:46:29,2026-06-21 01:49:32,no,Identified misconfigured scanner generating repeat alerts; owner notified. Root cause documented in case notes.,Endpoint
ALT004479,Pennar Cement Industries,medium,2026-03-01 08:39:19,2026-03-01 14:34:03,no,Analysed PCAP sample; payload matched benign monitoring agent heartbeat. Root cause documented in case notes.,Cloud Workload
ALT004231,Narmada Steel Works,low,2026-01-31 04:53:41,2026-01-31 08:25:51,no,"Checked DNS query history; domain registered 400+ days ago, low risk profile. Ticket closed with owner sign-off.",IoT Device
ALT003398,Jupiter Aviation Control,low,2026-05-03 11:06:03,2026-05-03 14:42:50,no,,Identity Provider
ALT003658,Krishna Port Authority,medium,2026-03-09 22:47:06,2026-03-10 03:35:51,yes,Identified misconfigured scanner generating repeat alerts; owner notified. Added to suppression list after approval.,Firewall
ALT004593,Pennar Cement Industries,medium,2026-02-27 23:28:23,2026-02-28 04:16:32,yes,Isolated endpoint HOST-7229 for forensic triage; full disk scan returned clean. Added to suppression list after approval.,Network Device
ALT000075,Meridian Trust Bank,critical,2026-01-04 05:50:51,2026-01-04 05:53:29,no,n/a,Network Device
ALT000199,Meridian Trust Bank,medium,2026-04-13 04:01:59,2026-04-13 04:05:34,no,n/a,Firewall
ALT002705,Godavari Chemicals,low,2026-05-06 02:22:23,2026-05-06 05:27:58,no,Correlated with authentication logs for user bshah; prior successful VPN session confirmed. Handed to IR team for deeper review.,Identity Provider
ALT001529,Konkan Maritime Ltd,high,2026-04-05 02:56:26,2026-04-05 12:07:00,yes,Verified backup job schedule; traffic volume consistent with nightly replication. Ticket closed with owner sign-off.,Identity Provider
ALT004098,Narmada Steel Works,medium,2026-06-02 19:00:16,2026-06-02 21:56:09,no,,Cloud Workload
ALT002018,Apex Power Grid Ltd,low,2026-05-19 17:36:51,2026-05-19 22:25:13,no,Cross-referenced with change management ticket CHG-34992; scheduled maintenance window. Closed as benign positive.,Network Device
ALT003988,Malabar Gas Pipelines,critical,2026-04-03 20:06:09,2026-04-03 23:21:15,yes,Isolated endpoint HOST-2486 for forensic triage; full disk scan returned clean. No further action required.,Endpoint
ALT000633,Nilgiri Water Authority,low,2026-01-12 13:13:01,,no,Traced outbound connection to approved vendor endpoint; verified against allowlist. Ticket closed with owner sign-off.,IoT Device
ALT001424,Arcadia Defence Systems,low,2026-06-25 02:54:15,2026-06-25 06:16:17,no,Verified backup job schedule; traffic volume consistent with nightly replication. Root cause documented in case notes.,Endpoint
ALT003621,Krishna Port Authority,high,2026-01-16 16:25:48,2026-01-16 19:22:57,yes,Reviewed EDR telemetry timeline; parent process traced to legitimate installer. Root cause documented in case notes.,Database
ALT000533,Saraswati Rail Network,low,2026-03-03 10:25:00,2026-03-03 14:51:20,no,Queried SIEM for related events across 24h window; no corroborating activity found. Handed to IR team for deeper review.,Database
ALT000690,Nilgiri Water Authority,low,2026-03-11 21:01:56,2026-03-11 23:12:39,no,Confirmed geolocation anomaly caused by corporate VPN egress node change. Monitoring continued for 48 hours.,IoT Device
ALT001655,Konkan Maritime Ltd,low,2026-05-25 13:31:49,2026-05-25 23:50:25,yes,Sandbox detonation of attachment returned no malicious behaviour. No further action required.,Server
ALT000600,Nilgiri Water Authority,medium,2026-03-05 05:04:19,2026-03-05 08:38:16,no,Reviewed EDR telemetry timeline; parent process traced to legitimate installer. No further action required.,Server
ALT003554,Krishna Port Authority,low,2026-01-21 11:50:22,2026-01-21 14:14:56,no,Confirmed geolocation anomaly caused by corporate VPN egress node change. No further action required.,Identity Provider
ALT003960,Malabar Gas Pipelines,low,2026-04-09 05:03:53,2026-04-09 08:59:17,yes,Documented as benign positive; rule threshold adjusted after peer review. Closed as benign positive.,Server
ALT000279,Meridian Trust Bank,low,2026-04-03 04:05:00,2026-04-03 04:08:05,no,"checked, ok",Firewall
ALT001587,Konkan Maritime Ltd,critical,2026-03-03 02:41:57,2026-03-03 10:01:39,yes,Ran memory capture on HOST-8973; no injected process artefacts identified. Added to suppression list after approval.,Identity Provider
ALT001932,Apex Power Grid Ltd,low,2026-03-04 01:37:14,2026-03-04 04:59:53,no,Reviewed privileged access logs; elevation was approved under ticket REQ-35449. Added to suppression list after approval.,Server
ALT004285,Orissa Mining Federation,medium,2026-02-27 18:57:47,2026-02-28 00:53:36,no,Reviewed privileged access logs; elevation was approved under ticket REQ-32808. Closed as benign positive.,Firewall
ALT004303,Orissa Mining Federation,low,2026-01-07 16:48:44,2026-01-07 20:22:35,no,Compared hash against VirusTotal offline signature set; no detections. No further action required.,Cloud Workload
ALT001534,Konkan Maritime Ltd,medium,2026-02-16 22:17:34,2026-02-17 05:47:29,no,Traced outbound connection to approved vendor endpoint; verified against allowlist. No further action required.,Identity Provider
ALT003246,Indus Financial Services,low,2026-03-28 19:31:37,,no,Escalated to L2 after confirming lateral movement indicators on HOST-7935.,IoT Device
ALT002891,Himalayan Healthcare Network,low,2026-03-06 14:42:46,2026-03-06 17:38:56,yes,Blocked source 10.59.221.205 at perimeter firewall pending further investigation. Root cause documented in case notes.,Server
ALT003603,Krishna Port Authority,medium,2026-06-27 08:02:04,2026-06-27 11:17:46,no,Ran memory capture on HOST-9253; no injected process artefacts identified. Ticket closed with owner sign-off.,Firewall
ALT001588,Konkan Maritime Ltd,high,2026-04-28 12:57:14,2026-04-28 20:23:25,yes,Cross-referenced with change management ticket CHG-75071; scheduled maintenance window. Added to suppression list after approval.,Server
ALT001985,Apex Power Grid Ltd,high,2026-04-08 20:46:00,2026-04-08 23:21:01,no,Analysed PCAP sample; payload matched benign monitoring agent heartbeat. Monitoring continued for 48 hours.,Cloud Workload
ALT001995,Apex Power Grid Ltd,low,2026-04-11 10:08:54,2026-04-11 15:50:39,no,Queried SIEM for related events across 24h window; no corroborating activity found. Added to suppression list after approval.,IoT Device
ALT003545,Krishna Port Authority,medium,2026-03-18 22:50:21,2026-03-19 02:21:09,no,Sandbox detonation of attachment returned no malicious behaviour. Added to suppression list after approval.,Firewall
ALT003096,Indus Financial Services,low,2026-05-31 02:34:32,2026-05-31 06:40:00,no,Coordinated with network team; ACL change on HOST-9061 explains traffic shift. Root cause documented in case notes.,Cloud Workload
ALT002677,Eastern Grid Utility,medium,2026-03-14 02:17:40,2026-03-14 07:25:01,no,Validated certificate chain; expired intermediate replaced by infrastructure team. Ticket closed with owner sign-off.,Database
ALT002295,Cauvery Logistics Corp,low,2026-03-24 05:31:01,2026-03-24 11:08:46,no,Contacted user mfernandes via Teams; confirmed they initiated the session from Mumbai office. Ticket closed with owner sign-off.,Server
ALT002680,Eastern Grid Utility,low,2026-04-11 17:22:19,2026-04-11 22:20:56,no,Validated certificate chain; expired intermediate replaced by infrastructure team.,Server
ALT001331,Arcadia Defence Systems,low,2026-04-06 06:49:29,2026-04-06 10:47:04,no,Identified misconfigured scanner generating repeat alerts; owner notified. Added to suppression list after approval.,Network Device
ALT003651,Krishna Port Authority,critical,2026-03-18 14:51:52,2026-03-18 19:38:14,yes,Matched pattern against known false-positive rule FP-96406; tuning request raised. Closed as benign positive.,Cloud Workload
ALT000895,Arcadia Defence Systems,low,2026-02-07 12:08:20,2026-02-07 15:07:16,no,Matched pattern against known false-positive rule FP-38601; tuning request raised. Added to suppression list after approval.,Server
ALT002869,Himalayan Healthcare Network,critical,2026-06-23 18:11:02,2026-06-23 21:53:26,no,Blocked source 10.39.163.7 at perimeter firewall pending further investigation. Ticket closed with owner sign-off.,Firewall
ALT000042,Meridian Trust Bank,low,2026-06-30 16:17:31,2026-06-30 16:18:24,no,n/a,Database
ALT001586,Konkan Maritime Ltd,critical,2026-05-23 16:27:43,2026-05-24 03:54:56,yes,Escalated to L2 after confirming lateral movement indicators on HOST-5062. Added to suppression list after approval.,Server
ALT000040,Meridian Trust Bank,critical,2026-01-07 09:26:14,2026-01-07 09:29:42,yes,n/a,Firewall
ALT002396,Cauvery Logistics Corp,low,2026-05-03 09:05:45,2026-05-03 13:58:30,no,Identified misconfigured scanner generating repeat alerts; owner notified. Added to suppression list after approval.,Identity Provider
ALT000727,Arcadia Defence Systems,low,2026-05-09 05:31:24,2026-05-09 07:45:03,no,Verified backup job schedule; traffic volume consistent with nightly replication. Handed to IR team for deeper review.,Endpoint
ALT001125,Arcadia Defence Systems,low,2026-05-19 10:44:46,2026-05-19 16:22:01,no,Analysed PCAP sample; payload matched benign monitoring agent heartbeat. Ticket closed with owner sign-off.,Identity Provider
ALT003076,Indus Financial Services,low,2026-03-04 01:56:30,2026-03-04 07:14:07,no,"Checked DNS query history; domain registered 400+ days ago, low risk profile. Added to suppression list after approval.",Server
ALT003312,Jupiter Aviation Control,low,2026-01-10 04:58:20,2026-01-10 08:09:40,no,Compared hash against VirusTotal offline signature set; no detections. Monitoring continued for 48 hours.,Database
ALT001061,Arcadia Defence Systems,medium,2026-05-02 06:56:20,2026-05-02 12:36:47,no,Confirmed with asset owner that HOST-3264 was undergoing patch deployment.,Endpoint
ALT002289,Cauvery Logistics Corp,medium,2026-05-30 23:14:19,2026-05-31 01:42:23,no,Cross-referenced with change management ticket CHG-45757; scheduled maintenance window.,Database
ALT004299,Orissa Mining Federation,low,2026-03-23 19:23:34,2026-03-24 01:11:17,no,Identified misconfigured scanner generating repeat alerts; owner notified. Root cause documented in case notes.,Database
ALT000060,Meridian Trust Bank,high,2026-05-29 05:31:09,2026-05-29 05:33:29,no,"checked, ok",Identity Provider
ALT001873,Apex Power Grid Ltd,medium,2026-02-17 12:28:40,2026-02-17 15:45:22,no,Traced outbound connection to approved vendor endpoint; verified against allowlist. No further action required.,Endpoint
ALT003267,Jupiter Aviation Control,low,2026-01-15 22:58:37,2026-01-16 03:56:35,no,Contacted user bshah via Teams; confirmed they initiated the session from Mumbai office. No further action required.,Firewall
ALT002638,Eastern Grid Utility,low,2026-01-21 06:56:09,2026-01-21 09:58:12,no,Matched pattern against known false-positive rule FP-35339; tuning request raised. Ticket closed with owner sign-off.,Endpoint
ALT004419,Orissa Mining Federation,low,2026-01-14 10:53:48,2026-01-14 13:21:16,no,Reviewed privileged access logs; elevation was approved under ticket REQ-34984. Closed as benign positive.,Server
ALT002720,Godavari Chemicals,low,2026-02-23 04:34:58,2026-02-23 08:26:15,no,Ran memory capture on HOST-9238; no injected process artefacts identified. No further action required.,Identity Provider
ALT004084,Narmada Steel Works,medium,2026-02-15 01:58:22,2026-02-15 06:38:01,no,Isolated endpoint HOST-4938 for forensic triage; full disk scan returned clean. Monitoring continued for 48 hours.,Firewall
ALT004275,Orissa Mining Federation,low,2026-03-09 20:38:17,2026-03-09 23:26:46,no,Contacted user nrao via Teams; confirmed they initiated the session from Mumbai office. Ticket closed with owner sign-off.,Server
ALT004466,Orissa Mining Federation,high,2026-06-07 20:41:04,2026-06-08 02:31:19,no,Reviewed privileged access logs; elevation was approved under ticket REQ-86633. No further action required.,Server
ALT002169,Bharat Telecom Networks,low,2026-03-29 00:21:04,2026-03-29 06:08:10,no,Verified backup job schedule; traffic volume consistent with nightly replication. Closed as benign positive.,Network Device
ALT001866,Deccan Health Network,low,2026-02-19 07:59:04,2026-02-19 10:12:14,no,Reset credentials for tgeorge as precaution; no evidence of compromise. Ticket closed with owner sign-off.,Firewall
ALT000995,Arcadia Defence Systems,high,2026-02-28 11:21:05,2026-02-28 14:11:38,no,Identified misconfigured scanner generating repeat alerts; owner notified. Handed to IR team for deeper review.,Cloud Workload
ALT001703,Deccan Health Network,critical,2026-03-08 17:20:48,2026-03-08 22:26:54,no,Reviewed EDR telemetry timeline; parent process traced to legitimate installer. Handed to IR team for deeper review.,Firewall
ALT000176,Meridian Trust Bank,medium,2026-01-22 00:37:14,2026-01-22 00:38:59,no,n/a,IoT Device
ALT003015,Himalayan Healthcare Network,high,2026-05-19 09:21:56,2026-05-19 11:54:48,yes,Coordinated with network team; ACL change on HOST-5743 explains traffic shift. Added to suppression list after approval.,Database
ALT000526,Saraswati Rail Network,medium,2026-03-08 11:47:59,2026-03-08 15:00:35,no,Correlated with authentication logs for user nrao; prior successful VPN session confirmed. Root cause documented in case notes.,Server
ALT003343,Jupiter Aviation Control,medium,2026-03-14 05:20:59,2026-03-14 08:48:31,no,Verified backup job schedule; traffic volume consistent with nightly replication. Ticket closed with owner sign-off.,Endpoint
ALT003640,Krishna Port Authority,medium,2026-02-11 23:36:37,2026-02-12 03:27:52,no,Verified backup job schedule; traffic volume consistent with nightly replication. Ticket closed with owner sign-off.,Network Device
ALT003957,Malabar Gas Pipelines,low,2026-03-21 22:59:50,2026-03-22 02:40:38,no,Identified misconfigured scanner generating repeat alerts; owner notified.,Endpoint
ALT002596,Eastern Grid Utility,low,2026-06-30 14:46:26,2026-06-30 17:29:34,no,Confirmed geolocation anomaly caused by corporate VPN egress node change. Added to suppression list after approval.,Identity Provider
ALT003047,Himalayan Healthcare Network,critical,2026-03-08 03:56:19,2026-03-08 06:36:09,yes,Contacted user tgeorge via Teams; confirmed they initiated the session from Mumbai office. Handed to IR team for deeper review.,Firewall
ALT000681,Nilgiri Water Authority,low,2026-06-22 22:24:38,2026-06-23 02:18:34,no,Identified misconfigured scanner generating repeat alerts; owner notified. Monitoring continued for 48 hours.,Network Device
ALT002157,Bharat Telecom Networks,medium,2026-05-01 02:30:15,2026-05-01 07:13:43,yes,Ran memory capture on HOST-3432; no injected process artefacts identified. Added to suppression list after approval.,IoT Device
ALT003332,Jupiter Aviation Control,low,2026-01-01 15:06:05,2026-01-01 17:41:33,no,,Server
ALT001243,Arcadia Defence Systems,low,2026-06-05 01:58:58,2026-06-05 06:08:45,yes,Confirmed with asset owner that HOST-9884 was undergoing patch deployment. Added to suppression list after approval.,Endpoint
ALT003582,Krishna Port Authority,medium,2026-01-10 16:27:13,2026-01-10 22:08:14,no,Validated certificate chain; expired intermediate replaced by infrastructure team. Added to suppression list after approval.,Server
ALT000717,Arcadia Defence Systems,low,2026-04-15 11:44:21,2026-04-15 15:28:37,no,Escalated to L2 after confirming lateral movement indicators on HOST-6349. Handed to IR team for deeper review.,Network Device
ALT002307,Cauvery Logistics Corp,low,2026-01-10 14:22:06,2026-01-10 17:12:15,no,Documented as benign positive; rule threshold adjusted after peer review.,Endpoint
ALT002294,Cauvery Logistics Corp,low,2026-02-27 12:07:54,2026-02-27 16:57:28,no,Sandbox detonation of attachment returned no malicious behaviour. No further action required.,Cloud Workload
ALT002122,Bharat Telecom Networks,low,2026-02-02 03:08:01,2026-02-02 09:06:47,no,Sandbox detonation of attachment returned no malicious behaviour. Closed as benign positive.,Cloud Workload
ALT000228,Meridian Trust Bank,low,2026-05-22 20:20:57,2026-05-22 20:23:44,no,"checked, ok",Endpoint
ALT002586,Eastern Grid Utility,high,2026-02-01 22:14:22,2026-02-02 02:47:42,no,Documented as benign positive; rule threshold adjusted after peer review. No further action required.,Identity Provider
ALT003169,Indus Financial Services,low,2026-04-27 07:34:48,2026-04-27 09:59:45,no,Traced outbound connection to approved vendor endpoint; verified against allowlist.,Firewall
ALT001836,Deccan Health Network,low,2026-04-17 12:56:25,2026-04-17 17:04:53,no,"checked, ok",Cloud Workload
ALT002902,Himalayan Healthcare Network,low,2026-01-13 13:35:05,2026-01-13 15:48:15,no,Coordinated with network team; ACL change on HOST-7418 explains traffic shift. No further action required.,Database
ALT004530,Pennar Cement Industries,medium,2026-01-04 04:46:17,2026-01-04 07:13:31,no,Reviewed source IP 10.56.138.74 against internal threat intel; no IOC match. Closed as benign positive.,Cloud Workload
ALT003822,Lakshmi Insurance Group,high,2026-02-27 09:17:53,2026-02-27 13:27:49,yes,Validated certificate chain; expired intermediate replaced by infrastructure team. Handed to IR team for deeper review.,Cloud Workload
ALT004267,Orissa Mining Federation,low,2026-04-18 10:51:12,2026-04-18 16:32:52,yes,Compared hash against VirusTotal offline signature set; no detections. Added to suppression list after approval.,Database
ALT003481,Krishna Port Authority,critical,2026-06-18 00:23:05,2026-06-18 06:17:08,yes,Reset credentials for rkumar as precaution; no evidence of compromise. No further action required.,Network Device
ALT004636,Pennar Cement Industries,low,2026-01-30 15:50:20,2026-01-30 19:40:56,no,Reviewed source IP 10.5.114.134 against internal threat intel; no IOC match. Handed to IR team for deeper review.,Server
ALT003344,Jupiter Aviation Control,high,2026-04-30 03:27:40,2026-04-30 06:56:11,no,Sandbox detonation of attachment returned no malicious behaviour. No further action required.,IoT Device
ALT003761,Lakshmi Insurance Group,medium,2026-06-11 22:06:45,2026-06-12 03:26:38,no,Sandbox detonation of attachment returned no malicious behaviour. Added to suppression list after approval.,Endpoint
ALT002609,Eastern Grid Utility,high,2026-02-25 02:43:57,2026-02-25 08:39:49,yes,Verified backup job schedule; traffic volume consistent with nightly replication. Ticket closed with owner sign-off.,Firewall
ALT000090,Meridian Trust Bank,medium,2026-02-02 03:24:46,2026-02-02 03:28:59,no,"checked, ok",Database
ALT004259,Narmada Steel Works,low,2026-02-11 20:03:29,2026-02-12 01:25:04,no,"Checked DNS query history; domain registered 400+ days ago, low risk profile.",Identity Provider
ALT001350,Arcadia Defence Systems,low,2026-04-10 23:11:14,2026-04-11 04:55:23,no,Coordinated with network team; ACL change on HOST-7866 explains traffic shift. Ticket closed with owner sign-off.,IoT Device
ALT001226,Arcadia Defence Systems,low,2026-03-02 17:16:27,2026-03-02 22:38:57,no,Analysed PCAP sample; payload matched benign monitoring agent heartbeat. Root cause documented in case notes.,Identity Provider
ALT003298,Jupiter Aviation Control,medium,2026-05-09 09:00:34,2026-05-09 12:46:35,no,Isolated endpoint HOST-6650 for forensic triage; full disk scan returned clean. Closed as benign positive.,Cloud Workload
ALT004547,Pennar Cement Industries,low,2026-05-18 08:39:55,2026-05-18 12:04:03,no,Confirmed with asset owner that HOST-4829 was undergoing patch deployment. Ticket closed with owner sign-off.,Server
ALT003083,Indus Financial Services,medium,2026-03-04 08:24:45,2026-03-04 13:44:43,no,Reset credentials for apatel as precaution; no evidence of compromise. Ticket closed with owner sign-off.,IoT Device
ALT004300,Orissa Mining Federation,medium,2026-03-14 15:16:50,2026-03-14 19:51:28,no,Isolated endpoint HOST-5026 for forensic triage; full disk scan returned clean. Monitoring continued for 48 hours.,Endpoint
ALT000471,Kaveri Power Holdings,low,2026-02-27 18:10:49,2026-02-27 23:40:39,no,Isolated endpoint HOST-9750 for forensic triage; full disk scan returned clean. Monitoring continued for 48 hours.,Database
ALT003539,Krishna Port Authority,critical,2026-04-07 01:11:28,2026-04-07 05:16:24,yes,Blocked source 10.6.157.178 at perimeter firewall pending further investigation. Closed as benign positive.,Network Device
ALT004637,Pennar Cement Industries,low,2026-03-11 14:31:52,2026-03-11 19:43:40,no,Confirmed geolocation anomaly caused by corporate VPN egress node change. Monitoring continued for 48 hours.,Firewall
ALT002767,Godavari Chemicals,low,2026-06-06 06:35:15,2026-06-06 10:57:51,no,Validated certificate chain; expired intermediate replaced by infrastructure team. Ticket closed with owner sign-off.,IoT Device
ALT000092,Meridian Trust Bank,critical,2026-05-10 11:58:59,2026-05-10 12:01:38,no,n/a,Cloud Workload
ALT001256,Arcadia Defence Systems,low,2026-02-27 04:15:23,2026-02-27 07:07:06,no,"Checked DNS query history; domain registered 400+ days ago, low risk profile. No further action required.",Endpoint
ALT003918,Malabar Gas Pipelines,high,2026-06-30 02:35:25,2026-06-30 07:30:37,no,Correlated with authentication logs for user apatel; prior successful VPN session confirmed. Monitoring continued for 48 hours.,Server
ALT000041,Meridian Trust Bank,critical,2026-01-23 03:52:34,2026-01-23 03:54:24,no,n/a,Server
ALT003959,Malabar Gas Pipelines,critical,2026-03-23 11:58:19,2026-03-23 17:15:14,no,"Checked DNS query history; domain registered 400+ days ago, low risk profile. Added to suppression list after approval.",Identity Provider
ALT001471,Arcadia Defence Systems,medium,2026-01-13 21:36:38,2026-01-14 01:58:14,no,,Cloud Workload
ALT002571,Eastern Grid Utility,low,2026-05-10 23:23:21,2026-05-11 01:41:02,no,Ran memory capture on HOST-3019; no injected process artefacts identified. No further action required.,Network Device
ALT001852,Deccan Health Network,medium,2026-01-24 08:44:23,2026-01-24 14:20:39,no,Contacted user nrao via Teams; confirmed they initiated the session from Mumbai office.,Database
ALT000339,Kaveri Power Holdings,low,2026-04-01 07:57:38,2026-04-01 13:09:42,no,Reviewed source IP 10.59.35.149 against internal threat intel; no IOC match.,Database
ALT000664,Nilgiri Water Authority,medium,2026-04-06 16:46:24,2026-04-06 20:00:15,no,Reviewed EDR telemetry timeline; parent process traced to legitimate installer.,IoT Device
ALT000866,Arcadia Defence Systems,medium,2026-06-02 20:38:10,2026-06-03 01:29:21,no,Coordinated with network team; ACL change on HOST-6620 explains traffic shift. Handed to IR team for deeper review.,Server
ALT003631,Krishna Port Authority,low,2026-06-19 22:44:57,2026-06-20 04:39:32,no,Verified backup job schedule; traffic volume consistent with nightly replication. Ticket closed with owner sign-off.,Firewall
ALT003177,Indus Financial Services,low,2026-05-08 17:49:07,2026-05-08 22:10:46,no,Matched pattern against known false-positive rule FP-28904; tuning request raised. Added to suppression list after approval.,Firewall
ALT004009,Malabar Gas Pipelines,low,2026-01-28 13:41:52,2026-01-28 18:41:50,no,Identified misconfigured scanner generating repeat alerts; owner notified. Closed as benign positive.,Cloud Workload
ALT003087,Indus Financial Services,low,2026-04-29 16:14:10,2026-04-29 21:44:28,no,Confirmed geolocation anomaly caused by corporate VPN egress node change. No further action required.,Database
ALT000815,Arcadia Defence Systems,low,2026-01-03 16:02:22,2026-01-03 21:12:42,no,Sandbox detonation of attachment returned no malicious behaviour. Closed as benign positive.,Server
ALT002185,Bharat Telecom Networks,medium,2026-03-22 16:25:33,2026-03-22 18:43:14,no,Validated certificate chain; expired intermediate replaced by infrastructure team. Closed as benign positive.,IoT Device
ALT001385,Arcadia Defence Systems,critical,2026-04-20 01:57:13,2026-04-20 04:32:57,yes,Confirmed with asset owner that HOST-5230 was undergoing patch deployment.,Network Device
ALT001663,Deccan Health Network,medium,2026-04-12 02:58:18,2026-04-12 07:43:25,no,closed,IoT Device
ALT000314,Kaveri Power Holdings,low,2026-05-10 08:34:43,2026-05-10 13:02:27,no,n/a,Endpoint
ALT004011,Malabar Gas Pipelines,low,2026-06-03 18:41:06,2026-06-03 23:52:37,no,Blocked source 10.7.197.211 at perimeter firewall pending further investigation. No further action required.,Server
ALT003684,Krishna Port Authority,low,2026-02-08 14:39:58,,no,Validated certificate chain; expired intermediate replaced by infrastructure team. Monitoring continued for 48 hours.,IoT Device
ALT004163,Narmada Steel Works,low,2026-05-14 17:46:49,2026-05-14 22:06:43,no,Compared hash against VirusTotal offline signature set; no detections. Added to suppression list after approval.,IoT Device
ALT004012,Malabar Gas Pipelines,medium,2026-05-05 02:13:35,2026-05-05 06:54:52,no,Ran memory capture on HOST-4118; no injected process artefacts identified.,IoT Device
ALT000718,Arcadia Defence Systems,high,2026-03-18 15:30:43,2026-03-18 19:12:53,yes,,Identity Provider
ALT004056,Malabar Gas Pipelines,critical,2026-04-17 11:10:23,2026-04-17 14:01:46,yes,Reset credentials for nrao as precaution; no evidence of compromise. Ticket closed with owner sign-off.,Endpoint
ALT002178,Bharat Telecom Networks,high,2026-02-01 07:24:23,2026-02-01 12:43:12,no,Validated certificate chain; expired intermediate replaced by infrastructure team.,Cloud Workload
ALT003629,Krishna Port Authority,high,2026-02-10 09:08:31,2026-02-10 14:04:36,yes,Identified misconfigured scanner generating repeat alerts; owner notified. Root cause documented in case notes.,Endpoint
ALT004591,Pennar Cement Industries,critical,2026-04-28 16:12:40,2026-04-28 21:47:02,yes,Reviewed source IP 10.11.143.110 against internal threat intel; no IOC match. Ticket closed with owner sign-off.,Server
ALT002564,Eastern Grid Utility,low,2026-05-08 22:00:32,2026-05-09 03:01:19,no,Reviewed privileged access logs; elevation was approved under ticket REQ-97889. Closed as benign positive.,Endpoint
ALT001138,Arcadia Defence Systems,low,2026-02-10 04:23:50,2026-02-10 08:40:06,no,Cross-referenced with change management ticket CHG-40959; scheduled maintenance window. Handed to IR team for deeper review.,Network Device
ALT000128,Meridian Trust Bank,low,2026-06-26 19:22:46,2026-06-26 19:26:43,no,"checked, ok",Identity Provider
ALT003185,Indus Financial Services,low,2026-05-05 09:42:55,2026-05-05 12:39:51,no,Reviewed privileged access logs; elevation was approved under ticket REQ-93537. Closed as benign positive.,Server
ALT001075,Arcadia Defence Systems,low,2026-03-17 10:46:17,2026-03-17 14:27:06,yes,Escalated to L2 after confirming lateral movement indicators on HOST-5811. Added to suppression list after approval.,Cloud Workload
ALT003970,Malabar Gas Pipelines,low,2026-02-25 10:49:49,2026-02-25 16:38:59,no,Escalated to L2 after confirming lateral movement indicators on HOST-7257. Closed as benign positive.,Identity Provider
ALT004457,Orissa Mining Federation,low,2026-03-06 07:22:39,2026-03-06 09:48:38,no,Coordinated with network team; ACL change on HOST-3976 explains traffic shift. Root cause documented in case notes.,Cloud Workload
ALT001877,Apex Power Grid Ltd,critical,2026-05-29 04:24:22,2026-05-29 07:42:11,yes,Reviewed source IP 10.14.74.244 against internal threat intel; no IOC match.,Server
ALT000288,Kaveri Power Holdings,low,2026-04-27 11:53:30,2026-04-27 14:20:13,no,n/a,Server
ALT003260,Indus Financial Services,low,2026-01-19 08:11:19,2026-01-19 14:00:59,no,Confirmed geolocation anomaly caused by corporate VPN egress node change. Ticket closed with owner sign-off.,Database
ALT000245,Meridian Trust Bank,low,2026-06-29 17:34:55,2026-06-29 17:38:34,no,n/a,Cloud Workload
ALT000651,Nilgiri Water Authority,low,2026-01-04 10:47:48,2026-01-04 13:28:31,no,Validated certificate chain; expired intermediate replaced by infrastructure team. Root cause documented in case notes.,IoT Device
ALT002739,Godavari Chemicals,critical,2026-01-23 22:08:55,2026-01-24 02:26:18,yes,Correlated with authentication logs for user mfernandes; prior successful VPN session confirmed. Handed to IR team for deeper review.,Cloud Workload
ALT003206,Indus Financial Services,low,2026-02-11 13:30:52,2026-02-11 19:05:58,no,Sandbox detonation of attachment returned no malicious behaviour. Closed as benign positive.,Server
ALT002965,Himalayan Healthcare Network,critical,2026-05-06 12:12:32,2026-05-06 17:45:28,yes,Contacted user dnair via Teams; confirmed they initiated the session from Mumbai office. Root cause documented in case notes.,Cloud Workload
ALT000234,Meridian Trust Bank,low,2026-06-20 20:17:01,2026-06-20 20:18:59,no,"checked, ok",Database
ALT002925,Himalayan Healthcare Network,high,2026-05-06 22:59:48,2026-05-07 04:59:35,no,Cross-referenced with change management ticket CHG-78653; scheduled maintenance window. Closed as benign positive.,Firewall
ALT000220,Meridian Trust Bank,critical,2026-05-28 14:14:07,2026-05-28 14:15:58,no,"checked, ok",Server
ALT002112,Bharat Telecom Networks,high,2026-02-23 03:08:33,2026-02-23 07:58:10,no,Correlated with authentication logs for user tgeorge; prior successful VPN session confirmed. Added to suppression list after approval.,Identity Provider
ALT001430,Arcadia Defence Systems,high,2026-06-29 19:44:53,2026-06-30 00:44:16,yes,Traced outbound connection to approved vendor endpoint; verified against allowlist. Ticket closed with owner sign-off.,Database
ALT003560,Krishna Port Authority,low,2026-05-05 02:53:53,2026-05-05 06:07:50,no,Isolated endpoint HOST-9514 for forensic triage; full disk scan returned clean. No further action required.,Network Device
ALT000238,Meridian Trust Bank,low,2026-05-17 11:05:55,2026-05-17 11:09:02,no,"checked, ok",Database
ALT001926,Apex Power Grid Ltd,medium,2026-05-03 18:27:28,2026-05-03 22:32:56,no,Reviewed EDR telemetry timeline; parent process traced to legitimate installer. Added to suppression list after approval.,IoT Device
ALT003445,Jupiter Aviation Control,low,2026-03-11 16:39:25,2026-03-11 22:23:43,no,Confirmed geolocation anomaly caused by corporate VPN egress node change. Added to suppression list after approval.,Endpoint
ALT002200,Bharat Telecom Networks,low,2026-06-21 10:19:09,2026-06-21 13:32:52,no,Escalated to L2 after confirming lateral movement indicators on HOST-3855. Ticket closed with owner sign-off.,Endpoint
ALT000322,Kaveri Power Holdings,critical,2026-05-19 16:08:54,2026-05-19 16:13:28,no,"Checked DNS query history; domain registered 400+ days ago, low risk profile. Handed to IR team for deeper review.",IoT Device
ALT003837,Lakshmi Insurance Group,high,2026-01-12 21:32:52,2026-01-13 00:40:20,no,Confirmed with asset owner that HOST-7703 was undergoing patch deployment. Ticket closed with owner sign-off.,Network Device
ALT001859,Deccan Health Network,low,2026-05-16 14:22:36,2026-05-16 20:04:07,no,"checked, ok",Network Device
ALT000977,Arcadia Defence Systems,low,2026-06-26 10:35:55,2026-06-26 15:56:40,no,Cross-referenced with change management ticket CHG-58101; scheduled maintenance window. Closed as benign positive.,Cloud Workload
ALT003221,Indus Financial Services,high,2026-05-14 08:29:53,2026-05-14 13:20:31,yes,Matched pattern against known false-positive rule FP-87846; tuning request raised. Root cause documented in case notes.,Cloud Workload
ALT004126,Narmada Steel Works,low,2026-01-06 01:30:49,2026-01-06 07:30:47,no,Validated certificate chain; expired intermediate replaced by infrastructure team. Added to suppression list after approval.,Identity Provider
ALT002906,Himalayan Healthcare Network,low,2026-06-05 05:40:06,2026-06-05 10:16:08,no,Matched pattern against known false-positive rule FP-96504; tuning request raised. Ticket closed with owner sign-off.,IoT Device
ALT003324,Jupiter Aviation Control,low,2026-03-20 04:26:33,2026-03-20 06:47:22,yes,Correlated with authentication logs for user tgeorge; prior successful VPN session confirmed. Monitoring continued for 48 hours.,Network Device
ALT000072,Meridian Trust Bank,medium,2026-01-21 22:14:24,2026-01-21 22:15:30,no,n/a,Endpoint
ALT001014,Arcadia Defence Systems,low,2026-03-12 00:08:36,2026-03-12 03:50:30,no,Analysed PCAP sample; payload matched benign monitoring agent heartbeat. No further action required.,Cloud Workload
ALT002246,Bharat Telecom Networks,high,2026-04-21 09:07:20,2026-04-21 14:15:27,no,Reviewed source IP 10.39.153.47 against internal threat intel; no IOC match. Added to suppression list after approval.,IoT Device
ALT002973,Himalayan Healthcare Network,high,2026-06-13 03:03:47,2026-06-13 08:28:52,yes,Correlated with authentication logs for user bshah; prior successful VPN session confirmed. Added to suppression list after approval.,Endpoint
ALT004283,Orissa Mining Federation,low,2026-05-14 10:44:02,2026-05-14 14:52:29,no,Contacted user schen via Teams; confirmed they initiated the session from Mumbai office. Closed as benign positive.,Cloud Workload
ALT000079,Meridian Trust Bank,high,2026-03-11 09:15:18,,no,n/a,Identity Provider
ALT001150,Arcadia Defence Systems,medium,2026-06-27 08:43:20,2026-06-27 13:00:32,no,Coordinated with network team; ACL change on HOST-1413 explains traffic shift. Ticket closed with owner sign-off.,Endpoint
ALT000271,Meridian Trust Bank,low,2026-02-19 18:24:44,2026-02-19 18:26:19,no,"checked, ok",Server
ALT003159,Indus Financial Services,low,2026-05-24 05:20:47,2026-05-24 09:32:55,no,Ran memory capture on HOST-2608; no injected process artefacts identified. Ticket closed with owner sign-off.,Network Device
ALT001717,Deccan Health Network,low,2026-02-21 01:07:01,2026-02-21 03:19:31,no,Escalated to L2 after confirming lateral movement indicators on HOST-3764. Handed to IR team for deeper review.,Firewall
ALT004543,Pennar Cement Industries,high,2026-06-10 16:23:03,2026-06-10 20:36:51,yes,Ran memory capture on HOST-2977; no injected process artefacts identified. Root cause documented in case notes.,Endpoint
ALT000565,Nilgiri Water Authority,medium,2026-06-19 10:50:50,2026-06-19 16:50:09,yes,Ran memory capture on HOST-2801; no injected process artefacts identified. Added to suppression list after approval.,Cloud Workload
ALT004386,Orissa Mining Federation,low,2026-03-25 09:23:41,2026-03-25 14:06:13,no,Blocked source 10.15.104.73 at perimeter firewall pending further investigation. Handed to IR team for deeper review.,IoT Device
ALT004041,Malabar Gas Pipelines,medium,2026-03-03 11:00:29,2026-03-03 13:23:05,no,Reviewed source IP 10.25.120.205 against internal threat intel; no IOC match. Added to suppression list after approval.,Cloud Workload
ALT003644,Krishna Port Authority,medium,2026-06-19 16:44:00,2026-06-19 21:43:26,yes,Reset credentials for mfernandes as precaution; no evidence of compromise. Closed as benign positive.,Firewall
ALT002078,Bharat Telecom Networks,low,2026-03-22 12:12:12,,no,Compared hash against VirusTotal offline signature set; no detections. Closed as benign positive.,Endpoint
ALT003428,Jupiter Aviation Control,low,2026-02-26 22:06:12,2026-02-27 03:00:10,no,Identified misconfigured scanner generating repeat alerts; owner notified. Monitoring continued for 48 hours.,Endpoint
ALT002568,Eastern Grid Utility,high,2026-05-20 07:30:23,2026-05-20 10:51:46,no,Reviewed privileged access logs; elevation was approved under ticket REQ-41066.,Database
ALT002798,Godavari Chemicals,medium,2026-05-03 05:44:43,2026-05-03 08:57:04,no,"Checked DNS query history; domain registered 400+ days ago, low risk profile. Monitoring continued for 48 hours.",Identity Provider
ALT001360,Arcadia Defence Systems,low,2026-06-17 17:48:57,2026-06-17 20:53:45,no,Isolated endpoint HOST-1480 for forensic triage; full disk scan returned clean. Added to suppression list after approval.,Identity Provider
ALT002780,Godavari Chemicals,low,2026-02-22 04:06:01,2026-02-22 09:12:18,no,Traced outbound connection to approved vendor endpoint; verified against allowlist.,IoT Device
ALT004649,Pennar Cement Industries,medium,2026-01-25 15:04:43,2026-01-25 20:56:00,no,Queried SIEM for related events across 24h window; no corroborating activity found. Root cause documented in case notes.,Firewall
ALT001058,Arcadia Defence Systems,medium,2026-01-15 12:30:47,2026-01-15 17:20:08,yes,Traced outbound connection to approved vendor endpoint; verified against allowlist. Ticket closed with owner sign-off.,Cloud Workload
ALT004499,Pennar Cement Industries,low,2026-02-14 00:04:13,2026-02-14 04:54:43,no,Cross-referenced with change management ticket CHG-44657; scheduled maintenance window. Handed to IR team for deeper review.,Network Device
ALT004092,Narmada Steel Works,low,2026-05-14 21:18:01,2026-05-14 23:42:13,yes,Analysed PCAP sample; payload matched benign monitoring agent heartbeat. Handed to IR team for deeper review.,Firewall
ALT000996,Arcadia Defence Systems,medium,2026-02-21 23:21:55,2026-02-22 03:32:58,no,Contacted user mfernandes via Teams; confirmed they initiated the session from Mumbai office. Ticket closed with owner sign-off.,Cloud Workload
ALT001883,Apex Power Grid Ltd,low,2026-02-15 14:29:24,2026-02-15 16:48:50,no,Blocked source 10.36.58.115 at perimeter firewall pending further investigation.,Database
ALT000958,Arcadia Defence Systems,low,2026-01-19 21:42:45,2026-01-19 23:50:18,yes,Validated certificate chain; expired intermediate replaced by infrastructure team. Added to suppression list after approval.,Cloud Workload
ALT004495,Pennar Cement Industries,low,2026-03-18 06:23:09,2026-03-18 11:34:02,no,Traced outbound connection to approved vendor endpoint; verified against allowlist. Ticket closed with owner sign-off.,IoT Device
ALT003232,Indus Financial Services,low,2026-05-03 07:33:41,2026-05-03 12:28:37,no,,Network Device
ALT004405,Orissa Mining Federation,low,2026-01-07 03:23:33,2026-01-07 05:26:02,no,Confirmed with asset owner that HOST-2498 was undergoing patch deployment. Ticket closed with owner sign-off.,Server
ALT001942,Apex Power Grid Ltd,low,2026-05-10 00:22:57,2026-05-10 03:33:52,no,Cross-referenced with change management ticket CHG-39186; scheduled maintenance window. Ticket closed with owner sign-off.,Database
ALT003952,Malabar Gas Pipelines,medium,2026-02-28 00:03:57,2026-02-28 02:23:25,no,Coordinated with network team; ACL change on HOST-1694 explains traffic shift. Added to suppression list after approval.,IoT Device
ALT002901,Himalayan Healthcare Network,low,2026-02-23 06:25:39,2026-02-23 09:26:28,no,"Checked DNS query history; domain registered 400+ days ago, low risk profile. Handed to IR team for deeper review.",Network Device
ALT004574,Pennar Cement Industries,low,2026-04-29 07:09:35,2026-04-29 09:43:46,no,Escalated to L2 after confirming lateral movement indicators on HOST-5411. No further action required.,Network Device
ALT003738,Lakshmi Insurance Group,medium,2026-03-18 00:59:21,2026-03-18 03:15:14,no,Confirmed geolocation anomaly caused by corporate VPN egress node change. Monitoring continued for 48 hours.,IoT Device
ALT002353,Cauvery Logistics Corp,medium,2026-05-11 09:44:04,2026-05-11 14:02:49,no,"Checked DNS query history; domain registered 400+ days ago, low risk profile. Monitoring continued for 48 hours.",Server
ALT001440,Arcadia Defence Systems,medium,2026-01-22 03:28:57,2026-01-22 05:38:03,no,Ran memory capture on HOST-6584; no injected process artefacts identified. Added to suppression list after approval.,IoT Device
ALT002139,Bharat Telecom Networks,low,2026-03-01 13:03:32,2026-03-01 16:47:58,no,Confirmed geolocation anomaly caused by corporate VPN egress node change.,Server
ALT002956,Himalayan Healthcare Network,high,2026-03-24 23:01:06,2026-03-25 04:02:45,yes,Reviewed EDR telemetry timeline; parent process traced to legitimate installer. Ticket closed with owner sign-off.,Firewall
ALT000461,Kaveri Power Holdings,high,2026-03-17 17:25:50,2026-03-17 17:27:53,no,n/a,Server
ALT001090,Arcadia Defence Systems,low,2026-05-25 12:05:56,2026-05-25 14:26:31,no,Reviewed source IP 10.13.190.216 against internal threat intel; no IOC match. Added to suppression list after approval.,Network Device
ALT000111,Meridian Trust Bank,medium,2026-05-01 16:39:00,2026-05-01 16:42:43,no,"checked, ok",Firewall
ALT002892,Himalayan Healthcare Network,high,2026-01-18 16:33:13,2026-01-18 20:09:12,no,Confirmed geolocation anomaly caused by corporate VPN egress node change. No further action required.,IoT Device
ALT004032,Malabar Gas Pipelines,low,2026-04-01 12:13:48,,no,Compared hash against VirusTotal offline signature set; no detections. Closed as benign positive.,Server
ALT003795,Lakshmi Insurance Group,high,2026-03-31 22:48:21,2026-04-01 03:59:09,no,Confirmed with asset owner that HOST-6307 was undergoing patch deployment. Handed to IR team for deeper review.,Endpoint
ALT001495,Konkan Maritime Ltd,low,2026-02-05 22:53:04,2026-02-06 06:18:35,no,Reviewed source IP 10.19.205.80 against internal threat intel; no IOC match. Handed to IR team for deeper review.,Cloud Workload
ALT001510,Konkan Maritime Ltd,high,2026-06-20 12:56:15,2026-06-20 23:22:08,yes,Isolated endpoint HOST-1285 for forensic triage; full disk scan returned clean. Closed as benign positive.,Server
ALT004488,Pennar Cement Industries,low,2026-03-08 11:15:24,2026-03-08 15:50:36,no,Coordinated with network team; ACL change on HOST-7577 explains traffic shift. Monitoring continued for 48 hours.,Identity Provider
ALT000583,Nilgiri Water Authority,low,2026-04-27 16:42:30,2026-04-27 21:11:22,no,,Firewall
ALT002092,Bharat Telecom Networks,low,2026-06-02 08:52:36,2026-06-02 11:05:12,no,"Checked DNS query history; domain registered 400+ days ago, low risk profile. Root cause documented in case notes.",Network Device
ALT000825,Arcadia Defence Systems,medium,2026-03-28 01:41:02,2026-03-28 04:04:18,no,Queried SIEM for related events across 24h window; no corroborating activity found. Closed as benign positive.,Database
ALT000736,Arcadia Defence Systems,high,2026-05-31 00:19:02,2026-05-31 05:03:03,no,Sandbox detonation of attachment returned no malicious behaviour.,Database
ALT004564,Pennar Cement Industries,medium,2026-03-08 22:26:12,2026-03-09 03:42:44,no,Compared hash against VirusTotal offline signature set; no detections. Closed as benign positive.,Firewall
ALT001234,Arcadia Defence Systems,medium,2026-06-07 21:53:22,2026-06-08 03:43:58,yes,Sandbox detonation of attachment returned no malicious behaviour. Root cause documented in case notes.,Firewall
ALT000377,Kaveri Power Holdings,low,2026-02-14 21:12:43,,no,Sandbox detonation of attachment returned no malicious behaviour. Root cause documented in case notes.,Firewall
ALT003156,Indus Financial Services,low,2026-05-28 00:07:02,2026-05-28 05:02:00,no,Compared hash against VirusTotal offline signature set; no detections. Monitoring continued for 48 hours.,Database
ALT003509,Krishna Port Authority,critical,2026-06-26 14:10:52,2026-06-26 17:16:25,yes,Compared hash against VirusTotal offline signature set; no detections. Handed to IR team for deeper review.,Endpoint
ALT000567,Nilgiri Water Authority,low,2026-02-11 09:44:56,2026-02-11 13:13:14,yes,Compared hash against VirusTotal offline signature set; no detections. Ticket closed with owner sign-off.,Identity Provider
ALT003252,Indus Financial Services,low,2026-01-04 18:01:05,2026-01-04 20:25:53,no,,Cloud Workload
ALT000738,Arcadia Defence Systems,low,2026-02-12 07:40:33,2026-02-12 11:03:58,no,Confirmed geolocation anomaly caused by corporate VPN egress node change. Closed as benign positive.,Cloud Workload
ALT003220,Indus Financial Services,low,2026-03-08 04:10:34,2026-03-08 09:56:32,yes,Queried SIEM for related events across 24h window; no corroborating activity found.,Server
ALT000218,Meridian Trust Bank,low,2026-04-23 01:22:45,2026-04-23 01:25:00,no,"checked, ok",Network Device
ALT002814,Godavari Chemicals,low,2026-02-02 09:59:11,2026-02-02 14:43:57,no,Analysed PCAP sample; payload matched benign monitoring agent heartbeat. Root cause documented in case notes.,Identity Provider
ALT000069,Meridian Trust Bank,high,2026-06-11 10:32:20,2026-06-11 10:35:17,no,"checked, ok",Cloud Workload
ALT001791,Deccan Health Network,medium,2026-06-10 05:27:31,2026-06-10 11:08:52,yes,Reviewed source IP 10.36.14.222 against internal threat intel; no IOC match. Handed to IR team for deeper review.,Database
ALT000700,Nilgiri Water Authority,low,2026-04-11 10:26:32,2026-04-11 16:07:10,no,Verified backup job schedule; traffic volume consistent with nightly replication. No further action required.,IoT Device
ALT002631,Eastern Grid Utility,low,2026-05-20 18:48:36,2026-05-20 20:53:56,no,Verified backup job schedule; traffic volume consistent with nightly replication. Ticket closed with owner sign-off.,Firewall
ALT004375,Orissa Mining Federation,medium,2026-02-17 11:38:54,2026-02-17 16:29:16,no,Matched pattern against known false-positive rule FP-58639; tuning request raised. Monitoring continued for 48 hours.,IoT Device
ALT003003,Himalayan Healthcare Network,low,2026-04-12 14:47:50,2026-04-12 19:34:51,no,Confirmed with asset owner that HOST-7109 was undergoing patch deployment.,Database
ALT003997,Malabar Gas Pipelines,medium,2026-06-12 17:40:40,2026-06-12 21:51:55,no,Reviewed privileged access logs; elevation was approved under ticket REQ-12369. Added to suppression list after approval.,Database
ALT004018,Malabar Gas Pipelines,low,2026-05-23 06:25:58,2026-05-23 09:36:16,no,Reset credentials for rkumar as precaution; no evidence of compromise.,IoT Device
ALT003899,Malabar Gas Pipelines,low,2026-02-23 14:28:38,2026-02-23 17:49:23,no,,IoT Device
ALT002392,Cauvery Logistics Corp,low,2026-01-27 08:35:22,2026-01-27 13:30:06,yes,Validated certificate chain; expired intermediate replaced by infrastructure team. Root cause documented in case notes.,Cloud Workload
ALT002380,Cauvery Logistics Corp,medium,2026-01-10 14:22:33,2026-01-10 16:51:06,no,Isolated endpoint HOST-3562 for forensic triage; full disk scan returned clean. No further action required.,Database
ALT004222,Narmada Steel Works,low,2026-03-13 05:41:23,2026-03-13 11:09:05,yes,Correlated with authentication logs for user tgeorge; prior successful VPN session confirmed. Monitoring continued for 48 hours.,Database
ALT001101,Arcadia Defence Systems,low,2026-01-05 06:51:01,2026-01-05 10:49:30,no,Traced outbound connection to approved vendor endpoint; verified against allowlist. Handed to IR team for deeper review.,Database
ALT000924,Arcadia Defence Systems,medium,2026-01-17 22:22:23,2026-01-18 00:39:37,no,Queried SIEM for related events across 24h window; no corroborating activity found. Monitoring continued for 48 hours.,Firewall
ALT001218,Arcadia Defence Systems,low,2026-04-22 05:21:22,2026-04-22 07:21:34,no,Reset credentials for mfernandes as precaution; no evidence of compromise. Monitoring continued for 48 hours.,Cloud Workload
ALT002374,Cauvery Logistics Corp,medium,2026-02-14 01:15:17,2026-02-14 03:55:44,no,Identified misconfigured scanner generating repeat alerts; owner notified.,Endpoint
ALT000484,Kaveri Power Holdings,low,2026-03-07 15:21:53,2026-03-07 20:31:37,no,reviewed,Endpoint
ALT004247,Narmada Steel Works,low,2026-02-18 18:03:01,2026-02-18 23:42:14,yes,Traced outbound connection to approved vendor endpoint; verified against allowlist. No further action required.,Server
ALT001753,Deccan Health Network,low,2026-03-11 06:52:01,2026-03-11 12:10:06,no,Confirmed with asset owner that HOST-2253 was undergoing patch deployment. Added to suppression list after approval.,Cloud Workload
ALT003981,Malabar Gas Pipelines,critical,2026-01-21 06:00:11,2026-01-21 10:20:35,yes,Reviewed privileged access logs; elevation was approved under ticket REQ-36140. Monitoring continued for 48 hours.,Firewall
ALT002205,Bharat Telecom Networks,low,2026-05-23 15:55:52,2026-05-23 19:34:36,no,Compared hash against VirusTotal offline signature set; no detections. Closed as benign positive.,Endpoint
ALT001726,Deccan Health Network,low,2026-02-26 00:40:21,2026-02-26 02:44:31,no,Reviewed source IP 10.42.187.222 against internal threat intel; no IOC match. Root cause documented in case notes.,Identity Provider
ALT000585,Nilgiri Water Authority,medium,2026-03-25 15:41:36,,no,"Checked DNS query history; domain registered 400+ days ago, low risk profile. Monitoring continued for 48 hours.",Firewall
ALT000440,Kaveri Power Holdings,medium,2026-04-16 06:45:38,,no,reviewed,Firewall
ALT001674,Deccan Health Network,low,2026-01-26 07:57:51,2026-01-26 10:06:47,no,Traced outbound connection to approved vendor endpoint; verified against allowlist. Added to suppression list after approval.,Endpoint
ALT002935,Himalayan Healthcare Network,medium,2026-05-29 11:17:05,2026-05-29 16:28:25,no,Reset credentials for dnair as precaution; no evidence of compromise. Ticket closed with owner sign-off.,Database
ALT004550,Pennar Cement Industries,medium,2026-02-23 04:32:05,,no,Reset credentials for jsmith as precaution; no evidence of compromise. Root cause documented in case notes.,Server
ALT003989,Malabar Gas Pipelines,low,2026-01-29 09:14:10,2026-01-29 13:31:15,no,Analysed PCAP sample; payload matched benign monitoring agent heartbeat. Handed to IR team for deeper review.,Server
ALT004454,Orissa Mining Federation,low,2026-04-03 07:35:09,2026-04-03 09:58:21,no,Cross-referenced with change management ticket CHG-62399; scheduled maintenance window. No further action required.,IoT Device
ALT003870,Malabar Gas Pipelines,low,2026-04-13 00:47:59,2026-04-13 03:18:49,no,"Checked DNS query history; domain registered 400+ days ago, low risk profile.",Database
ALT001839,Deccan Health Network,high,2026-04-08 04:42:46,2026-04-08 07:21:48,no,"checked, ok",IoT Device
ALT001468,Arcadia Defence Systems,low,2026-06-06 20:44:24,2026-06-07 01:14:43,yes,Reviewed source IP 10.33.124.209 against internal threat intel; no IOC match. No further action required.,Cloud Workload
ALT002280,Cauvery Logistics Corp,low,2026-01-08 19:55:14,2026-01-08 22:04:22,no,Documented as benign positive; rule threshold adjusted after peer review. Closed as benign positive.,Cloud Workload
ALT001539,Konkan Maritime Ltd,low,2026-06-07 17:39:39,,no,Contacted user nrao via Teams; confirmed they initiated the session from Mumbai office. Ticket closed with owner sign-off.,Server
ALT000720,Arcadia Defence Systems,medium,2026-01-20 22:14:17,2026-01-21 01:03:32,no,"Checked DNS query history; domain registered 400+ days ago, low risk profile. No further action required.",IoT Device
ALT000459,Kaveri Power Holdings,medium,2026-06-11 17:23:24,2026-06-11 21:54:13,no,Confirmed geolocation anomaly caused by corporate VPN egress node change. Ticket closed with owner sign-off.,Endpoint
ALT000928,Arcadia Defence Systems,low,2026-02-05 08:17:35,2026-02-05 13:24:23,no,Contacted user mfernandes via Teams; confirmed they initiated the session from Mumbai office. Monitoring continued for 48 hours.,Database
ALT001300,Arcadia Defence Systems,medium,2026-06-10 23:32:21,2026-06-11 04:38:34,no,Blocked source 10.37.13.147 at perimeter firewall pending further investigation.,Endpoint
ALT003072,Indus Financial Services,low,2026-03-14 19:37:26,2026-03-15 01:22:03,no,Compared hash against VirusTotal offline signature set; no detections.,Cloud Workload
ALT004090,Narmada Steel Works,high,2026-05-01 22:50:28,2026-05-02 02:40:36,no,Confirmed with asset owner that HOST-3607 was undergoing patch deployment.,Cloud Workload
ALT002623,Eastern Grid Utility,low,2026-05-30 19:16:45,2026-05-30 21:39:14,no,Isolated endpoint HOST-3852 for forensic triage; full disk scan returned clean. Added to suppression list after approval.,Endpoint
ALT004088,Narmada Steel Works,high,2026-06-08 05:38:42,2026-06-08 10:34:03,no,Matched pattern against known false-positive rule FP-55497; tuning request raised. No further action required.,Endpoint
ALT000765,Arcadia Defence Systems,low,2026-06-12 23:16:23,2026-06-13 02:17:58,no,Escalated to L2 after confirming lateral movement indicators on HOST-5350. Closed as benign positive.,Endpoint
ALT001654,Konkan Maritime Ltd,low,2026-01-06 04:56:44,2026-01-06 15:28:46,no,Reset credentials for schen as precaution; no evidence of compromise. Root cause documented in case notes.,Cloud Workload
ALT002559,Eastern Grid Utility,low,2026-05-25 07:01:02,2026-05-25 09:37:04,no,"Checked DNS query history; domain registered 400+ days ago, low risk profile. No further action required.",Network Device
ALT003811,Lakshmi Insurance Group,high,2026-06-25 13:43:17,2026-06-25 18:03:46,yes,Contacted user rkumar via Teams; confirmed they initiated the session from Mumbai office. Ticket closed with owner sign-off.,IoT Device
ALT003836,Lakshmi Insurance Group,high,2026-02-17 23:36:56,2026-02-18 01:52:15,no,Reviewed privileged access logs; elevation was approved under ticket REQ-33529. Handed to IR team for deeper review.,Database
ALT002254,Bharat Telecom Networks,medium,2026-04-27 21:15:59,,no,Matched pattern against known false-positive rule FP-54776; tuning request raised. Monitoring continued for 48 hours.,Server
ALT002820,Godavari Chemicals,high,2026-05-21 11:27:16,2026-05-21 16:29:56,no,Contacted user schen via Teams; confirmed they initiated the session from Mumbai office. Closed as benign positive.,IoT Device
ALT002969,Himalayan Healthcare Network,low,2026-05-14 01:30:55,2026-05-14 06:19:24,no,Queried SIEM for related events across 24h window; no corroborating activity found. Closed as benign positive.,Cloud Workload
ALT002675,Eastern Grid Utility,low,2026-02-02 13:34:59,2026-02-02 16:17:56,no,Confirmed geolocation anomaly caused by corporate VPN egress node change. Ticket closed with owner sign-off.,Endpoint
ALT000070,Meridian Trust Bank,low,2026-03-16 09:19:14,2026-03-16 09:23:06,no,n/a,Firewall
ALT001169,Arcadia Defence Systems,low,2026-06-09 11:50:54,2026-06-09 15:43:36,no,Reviewed EDR telemetry timeline; parent process traced to legitimate installer.,Database
ALT004026,Malabar Gas Pipelines,low,2026-01-04 02:37:44,2026-01-04 05:03:49,yes,"Checked DNS query history; domain registered 400+ days ago, low risk profile. No further action required.",Server
ALT000183,Meridian Trust Bank,medium,2026-03-21 08:26:17,2026-03-21 08:27:54,no,"checked, ok",Database
ALT003818,Lakshmi Insurance Group,low,2026-04-15 03:47:49,2026-04-15 06:09:46,no,Reviewed source IP 10.16.49.139 against internal threat intel; no IOC match. Handed to IR team for deeper review.,Endpoint
ALT000960,Arcadia Defence Systems,high,2026-03-16 00:27:56,2026-03-16 04:57:15,no,Validated certificate chain; expired intermediate replaced by infrastructure team. Added to suppression list after approval.,Endpoint
ALT000587,Nilgiri Water Authority,medium,2026-05-14 03:22:05,2026-05-14 08:10:21,no,Ran memory capture on HOST-6545; no injected process artefacts identified. Added to suppression list after approval.,Server
ALT003017,Himalayan Healthcare Network,medium,2026-01-27 17:12:45,2026-01-27 21:41:46,no,Contacted user schen via Teams; confirmed they initiated the session from Mumbai office. Handed to IR team for deeper review.,Endpoint
ALT003367,Jupiter Aviation Control,low,2026-03-29 06:48:23,2026-03-29 11:22:39,no,Escalated to L2 after confirming lateral movement indicators on HOST-1827. Added to suppression list after approval.,Cloud Workload
ALT004612,Pennar Cement Industries,low,2026-05-15 10:21:35,2026-05-15 12:52:22,no,Reviewed source IP 10.54.105.55 against internal threat intel; no IOC match. Handed to IR team for deeper review.,Endpoint
ALT003563,Krishna Port Authority,low,2026-05-13 02:06:20,2026-05-13 04:58:42,yes,Verified backup job schedule; traffic volume consistent with nightly replication.,Endpoint
ALT002750,Godavari Chemicals,low,2026-01-09 04:35:10,2026-01-09 08:00:21,no,Analysed PCAP sample; payload matched benign monitoring agent heartbeat. Handed to IR team for deeper review.,IoT Device
ALT002406,Cauvery Logistics Corp,medium,2026-01-05 20:01:44,2026-01-05 23:35:36,no,Escalated to L2 after confirming lateral movement indicators on HOST-1544. Monitoring continued for 48 hours.,Server
ALT002407,Cauvery Logistics Corp,medium,2026-02-04 14:34:21,2026-02-04 16:49:07,no,Confirmed with asset owner that HOST-8545 was undergoing patch deployment. Closed as benign positive.,IoT Device
ALT002893,Himalayan Healthcare Network,medium,2026-06-10 04:14:49,2026-06-10 06:43:41,no,Isolated endpoint HOST-6789 for forensic triage; full disk scan returned clean. Closed as benign positive.,Server
ALT002015,Apex Power Grid Ltd,low,2026-06-15 15:08:11,2026-06-15 20:36:31,yes,Blocked source 10.16.221.178 at perimeter firewall pending further investigation. Added to suppression list after approval.,IoT Device
ALT002585,Eastern Grid Utility,low,2026-06-08 06:40:42,2026-06-08 10:28:33,no,Identified misconfigured scanner generating repeat alerts; owner notified. Ticket closed with owner sign-off.,Database
ALT001728,Deccan Health Network,medium,2026-01-24 10:31:48,2026-01-24 12:35:30,no,closed,Identity Provider
ALT004330,Orissa Mining Federation,low,2026-02-16 03:19:20,2026-02-16 08:48:26,no,,Network Device
ALT001182,Arcadia Defence Systems,low,2026-04-14 18:46:52,2026-04-14 22:08:52,yes,"Checked DNS query history; domain registered 400+ days ago, low risk profile.",Firewall
ALT002670,Eastern Grid Utility,low,2026-01-05 03:03:57,2026-01-05 08:54:30,no,,Firewall
ALT004181,Narmada Steel Works,low,2026-06-29 19:02:09,2026-06-29 21:21:33,no,Ran memory capture on HOST-9180; no injected process artefacts identified.,Endpoint
ALT000884,Arcadia Defence Systems,low,2026-05-23 00:04:14,2026-05-23 03:08:23,no,Confirmed geolocation anomaly caused by corporate VPN egress node change. Monitoring continued for 48 hours.,Identity Provider
ALT002961,Himalayan Healthcare Network,low,2026-04-23 13:27:04,2026-04-23 16:49:55,no,Confirmed with asset owner that HOST-2270 was undergoing patch deployment. No further action required.,Server
ALT002323,Cauvery Logistics Corp,low,2026-05-08 08:05:13,,yes,Ran memory capture on HOST-9171; no injected process artefacts identified. Closed as benign positive.,Endpoint
ALT003953,Malabar Gas Pipelines,low,2026-03-07 09:54:21,2026-03-07 13:27:34,yes,Sandbox detonation of attachment returned no malicious behaviour. Closed as benign positive.,Network Device
ALT003144,Indus Financial Services,low,2026-01-02 03:09:15,2026-01-02 06:57:14,no,Identified misconfigured scanner generating repeat alerts; owner notified. Added to suppression list after approval.,Endpoint
ALT003490,Krishna Port Authority,medium,2026-03-23 21:36:39,2026-03-24 02:24:17,no,Reviewed EDR telemetry timeline; parent process traced to legitimate installer. No further action required.,Database
ALT001445,Arcadia Defence Systems,low,2026-06-21 00:05:14,2026-06-21 06:00:32,yes,Matched pattern against known false-positive rule FP-76455; tuning request raised. Root cause documented in case notes.,Server
ALT003669,Krishna Port Authority,low,2026-05-21 07:30:17,2026-05-21 12:02:39,no,,Identity Provider
ALT004241,Narmada Steel Works,low,2026-02-23 10:56:54,2026-02-23 16:17:38,no,Documented as benign positive; rule threshold adjusted after peer review. Monitoring continued for 48 hours.,Database
ALT001116,Arcadia Defence Systems,high,2026-01-22 16:09:01,2026-01-22 22:00:45,no,Sandbox detonation of attachment returned no malicious behaviour. Monitoring continued for 48 hours.,Network Device
ALT000959,Arcadia Defence Systems,low,2026-02-21 10:29:16,2026-02-21 15:26:09,no,Documented as benign positive; rule threshold adjusted after peer review. Monitoring continued for 48 hours.,Database
ALT004083,Narmada Steel Works,low,2026-03-31 15:08:27,2026-03-31 21:05:08,yes,Analysed PCAP sample; payload matched benign monitoring agent heartbeat. No further action required.,Server
ALT001882,Apex Power Grid Ltd,low,2026-01-25 01:41:43,2026-01-25 05:31:10,no,Correlated with authentication logs for user mfernandes; prior successful VPN session confirmed. Closed as benign positive.,Identity Provider
ALT003227,Indus Financial Services,low,2026-02-03 11:53:32,2026-02-03 15:10:23,no,Documented as benign positive; rule threshold adjusted after peer review.,Firewall
ALT003974,Malabar Gas Pipelines,low,2026-04-03 17:51:40,2026-04-03 20:07:20,no,Confirmed with asset owner that HOST-9807 was undergoing patch deployment. Ticket closed with owner sign-off.,Network Device
ALT004338,Orissa Mining Federation,high,2026-01-18 04:32:58,,no,Reviewed source IP 10.56.125.16 against internal threat intel; no IOC match. Ticket closed with owner sign-off.,IoT Device
ALT000926,Arcadia Defence Systems,low,2026-03-19 16:00:50,2026-03-19 18:23:40,no,Compared hash against VirusTotal offline signature set; no detections. Monitoring continued for 48 hours.,Firewall
ALT002175,Bharat Telecom Networks,medium,2026-06-02 08:54:30,2026-06-02 11:51:21,no,Documented as benign positive; rule threshold adjusted after peer review.,IoT Device
ALT004470,Orissa Mining Federation,low,2026-06-05 18:57:58,2026-06-05 23:37:39,no,Ran memory capture on HOST-8447; no injected process artefacts identified. No further action required.,Network Device
ALT000010,Meridian Trust Bank,medium,2026-03-12 15:11:31,2026-03-12 15:13:04,no,"checked, ok",Server
ALT001011,Arcadia Defence Systems,medium,2026-04-01 14:19:34,2026-04-01 17:12:20,no,"Checked DNS query history; domain registered 400+ days ago, low risk profile.",Endpoint
ALT002702,Godavari Chemicals,medium,2026-05-23 17:47:17,2026-05-23 22:01:14,no,Reset credentials for nrao as precaution; no evidence of compromise. Root cause documented in case notes.,Firewall
ALT003941,Malabar Gas Pipelines,medium,2026-03-26 18:06:51,2026-03-26 22:33:32,no,Ran memory capture on HOST-8594; no injected process artefacts identified. Root cause documented in case notes.,IoT Device
ALT004576,Pennar Cement Industries,critical,2026-03-25 03:06:23,2026-03-25 05:44:36,yes,"Checked DNS query history; domain registered 400+ days ago, low risk profile. No further action required.",IoT Device
ALT001833,Deccan Health Network,low,2026-04-11 05:48:15,2026-04-11 09:03:28,no,Escalated to L2 after confirming lateral movement indicators on HOST-3550. Closed as benign positive.,Database
ALT001397,Arcadia Defence Systems,medium,2026-04-07 20:17:55,2026-04-07 23:58:19,no,Ran memory capture on HOST-5079; no injected process artefacts identified. Monitoring continued for 48 hours.,IoT Device
ALT001812,Deccan Health Network,low,2026-04-15 08:31:13,2026-04-15 13:07:33,no,"checked, ok",Cloud Workload
ALT001743,Deccan Health Network,low,2026-01-15 02:34:26,2026-01-15 06:16:05,no,closed,Cloud Workload
ALT001593,Konkan Maritime Ltd,medium,2026-01-09 18:18:25,2026-01-10 02:48:15,no,Coordinated with network team; ACL change on HOST-1730 explains traffic shift. Root cause documented in case notes.,Server
ALT000595,Nilgiri Water Authority,medium,2026-06-20 17:13:14,2026-06-20 19:37:57,no,Blocked source 10.4.52.183 at perimeter firewall pending further investigation. Ticket closed with owner sign-off.,IoT Device
ALT003734,Lakshmi Insurance Group,low,2026-03-03 05:47:33,2026-03-03 08:41:12,no,Matched pattern against known false-positive rule FP-52698; tuning request raised. Closed as benign positive.,Cloud Workload
ALT003307,Jupiter Aviation Control,medium,2026-03-30 12:01:27,2026-03-30 16:35:59,yes,Cross-referenced with change management ticket CHG-79826; scheduled maintenance window. Monitoring continued for 48 hours.,Identity Provider
ALT002719,Godavari Chemicals,low,2026-02-21 20:06:21,2026-02-21 23:05:54,no,Isolated endpoint HOST-4312 for forensic triage; full disk scan returned clean. Ticket closed with owner sign-off.,Firewall
ALT004119,Narmada Steel Works,low,2026-03-23 15:44:29,2026-03-23 19:15:40,no,Reviewed privileged access logs; elevation was approved under ticket REQ-91939. Root cause documented in case notes.,Identity Provider
ALT004295,Orissa Mining Federation,high,2026-06-12 06:13:24,2026-06-12 11:26:44,no,,Firewall
ALT004555,Pennar Cement Industries,high,2026-01-11 19:02:03,2026-01-11 21:59:18,no,Compared hash against VirusTotal offline signature set; no detections. Ticket closed with owner sign-off.,Identity Provider
ALT003625,Krishna Port Authority,low,2026-01-10 18:04:26,2026-01-10 20:20:30,no,Sandbox detonation of attachment returned no malicious behaviour. No further action required.,Firewall
ALT002794,Godavari Chemicals,medium,2026-05-13 03:48:21,2026-05-13 07:58:40,no,Identified misconfigured scanner generating repeat alerts; owner notified. Root cause documented in case notes.,Endpoint
ALT000338,Kaveri Power Holdings,high,2026-01-30 06:41:49,2026-01-30 06:43:42,yes,n/a,Cloud Workload
ALT000756,Arcadia Defence Systems,medium,2026-06-09 02:11:04,2026-06-09 05:10:55,no,Validated certificate chain; expired intermediate replaced by infrastructure team. No further action required.,IoT Device
ALT004171,Narmada Steel Works,medium,2026-05-09 08:03:27,2026-05-09 12:22:36,no,Traced outbound connection to approved vendor endpoint; verified against allowlist. Handed to IR team for deeper review.,Endpoint
ALT000095,Meridian Trust Bank,medium,2026-01-27 00:17:06,2026-01-27 00:20:48,no,n/a,Cloud Workload
ALT001733,Deccan Health Network,low,2026-04-25 19:39:34,2026-04-25 22:08:28,yes,"checked, ok",Endpoint
ALT002088,Bharat Telecom Networks,low,2026-02-18 23:35:02,2026-02-19 02:42:39,no,Sandbox detonation of attachment returned no malicious behaviour.,Cloud Workload
ALT000881,Arcadia Defence Systems,high,2026-03-01 11:57:31,2026-03-01 15:14:23,no,Documented as benign positive; rule threshold adjusted after peer review. Ticket closed with owner sign-off.,Network Device
ALT001522,Konkan Maritime Ltd,medium,2026-04-17 08:46:43,2026-04-17 16:32:26,no,Reviewed EDR telemetry timeline; parent process traced to legitimate installer.,Server
ALT003411,Jupiter Aviation Control,low,2026-03-09 13:56:45,2026-03-09 19:41:30,no,Correlated with authentication logs for user kiyer; prior successful VPN session confirmed. No further action required.,Network Device
ALT003209,Indus Financial Services,critical,2026-04-02 09:41:36,2026-04-02 13:27:24,yes,Confirmed with asset owner that HOST-9589 was undergoing patch deployment. No further action required.,Identity Provider
ALT001022,Arcadia Defence Systems,critical,2026-06-14 23:05:51,2026-06-15 04:27:31,yes,Traced outbound connection to approved vendor endpoint; verified against allowlist. Monitoring continued for 48 hours.,Database
ALT001568,Konkan Maritime Ltd,high,2026-06-23 09:17:06,2026-06-23 19:01:55,yes,Escalated to L2 after confirming lateral movement indicators on HOST-3121. Monitoring continued for 48 hours.,Cloud Workload
ALT003860,Lakshmi Insurance Group,low,2026-06-16 01:26:18,2026-06-16 04:46:51,yes,Documented as benign positive; rule threshold adjusted after peer review. No further action required.,Cloud Workload
ALT000963,Arcadia Defence Systems,critical,2026-04-23 12:34:52,2026-04-23 17:50:18,yes,Blocked source 10.6.19.209 at perimeter firewall pending further investigation.,IoT Device
ALT004616,Pennar Cement Industries,low,2026-03-20 11:20:31,2026-03-20 13:45:48,no,Reviewed source IP 10.19.227.143 against internal threat intel; no IOC match. Closed as benign positive.,Identity Provider
ALT003930,Malabar Gas Pipelines,low,2026-04-22 11:58:23,2026-04-22 17:53:41,yes,Documented as benign positive; rule threshold adjusted after peer review. Handed to IR team for deeper review.,IoT Device
ALT002525,Eastern Grid Utility,low,2026-04-25 02:38:54,2026-04-25 05:18:58,no,Reset credentials for bshah as precaution; no evidence of compromise. Root cause documented in case notes.,Endpoint
ALT001523,Konkan Maritime Ltd,critical,2026-03-10 15:30:57,2026-03-11 02:02:40,yes,Traced outbound connection to approved vendor endpoint; verified against allowlist. Handed to IR team for deeper review.,Cloud Workload
ALT003792,Lakshmi Insurance Group,low,2026-05-10 20:01:15,2026-05-10 23:45:05,no,Reviewed source IP 10.48.49.15 against internal threat intel; no IOC match. Root cause documented in case notes.,Database
ALT000872,Arcadia Defence Systems,critical,2026-06-06 05:29:36,2026-06-06 07:42:06,yes,Blocked source 10.47.191.123 at perimeter firewall pending further investigation. No further action required.,Network Device
ALT001108,Arcadia Defence Systems,critical,2026-06-18 07:21:58,2026-06-18 10:05:34,no,Identified misconfigured scanner generating repeat alerts; owner notified.,Endpoint
ALT002615,Eastern Grid Utility,medium,2026-01-27 02:03:42,2026-01-27 05:45:32,no,Traced outbound connection to approved vendor endpoint; verified against allowlist. Monitoring continued for 48 hours.,Cloud Workload
ALT003786,Lakshmi Insurance Group,low,2026-02-20 20:12:14,2026-02-20 23:39:13,no,Reviewed source IP 10.5.218.131 against internal threat intel; no IOC match. Handed to IR team for deeper review.,Cloud Workload
ALT004274,Orissa Mining Federation,critical,2026-03-24 08:14:13,2026-03-24 11:54:01,no,Confirmed geolocation anomaly caused by corporate VPN egress node change. Monitoring continued for 48 hours.,Identity Provider
ALT000299,Kaveri Power Holdings,low,2026-05-08 09:04:17,2026-05-08 13:16:06,no,reviewed,Identity Provider
ALT004504,Pennar Cement Industries,medium,2026-03-03 16:24:12,2026-03-03 20:17:29,no,Traced outbound connection to approved vendor endpoint; verified against allowlist. Closed as benign positive.,Network Device
ALT001307,Arcadia Defence Systems,low,2026-05-23 02:22:30,2026-05-23 05:16:59,no,Reviewed privileged access logs; elevation was approved under ticket REQ-93860. Handed to IR team for deeper review.,Firewall
ALT001438,Arcadia Defence Systems,medium,2026-04-17 23:37:21,2026-04-18 04:07:44,no,Coordinated with network team; ACL change on HOST-7454 explains traffic shift. Root cause documented in case notes.,Network Device
ALT003732,Lakshmi Insurance Group,low,2026-04-13 18:55:52,2026-04-14 00:30:57,no,Analysed PCAP sample; payload matched benign monitoring agent heartbeat. Ticket closed with owner sign-off.,Network Device
ALT004515,Pennar Cement Industries,low,2026-05-10 17:21:51,2026-05-10 20:23:03,no,Queried SIEM for related events across 24h window; no corroborating activity found. Root cause documented in case notes.,IoT Device
ALT004226,Narmada Steel Works,low,2026-05-01 10:02:39,2026-05-01 12:41:02,no,Identified misconfigured scanner generating repeat alerts; owner notified.,Cloud Workload
ALT003034,Himalayan Healthcare Network,low,2026-02-18 16:58:26,2026-02-18 19:04:15,no,Documented as benign positive; rule threshold adjusted after peer review.,Database
ALT001870,Apex Power Grid Ltd,high,2026-01-29 06:34:12,2026-01-29 10:26:15,no,Ran memory capture on HOST-4356; no injected process artefacts identified. Added to suppression list after approval.,Database
ALT001426,Arcadia Defence Systems,low,2026-01-28 22:30:20,2026-01-29 02:12:28,no,"Checked DNS query history; domain registered 400+ days ago, low risk profile.",Cloud Workload
ALT001448,Arcadia Defence Systems,low,2026-01-17 08:14:29,2026-01-17 12:24:11,no,Compared hash against VirusTotal offline signature set; no detections. Added to suppression list after approval.,Database
ALT001790,Deccan Health Network,critical,2026-02-05 15:20:35,2026-02-05 18:01:58,yes,Cross-referenced with change management ticket CHG-58292; scheduled maintenance window. Closed as benign positive.,Server
ALT002145,Bharat Telecom Networks,medium,2026-01-07 18:19:19,2026-01-07 21:08:05,no,Escalated to L2 after confirming lateral movement indicators on HOST-4271. Ticket closed with owner sign-off.,Network Device
ALT004087,Narmada Steel Works,low,2026-06-27 21:23:10,2026-06-28 01:32:36,no,Reset credentials for rkumar as precaution; no evidence of compromise. Handed to IR team for deeper review.,Endpoint
ALT003043,Himalayan Healthcare Network,critical,2026-05-27 12:27:32,2026-05-27 16:43:16,no,Correlated with authentication logs for user mfernandes; prior successful VPN session confirmed. Closed as benign positive.,Firewall
ALT002270,Bharat Telecom Networks,medium,2026-01-11 23:48:58,2026-01-12 01:52:04,no,Reviewed privileged access logs; elevation was approved under ticket REQ-77236. Monitoring continued for 48 hours.,Firewall
ALT000280,Meridian Trust Bank,medium,2026-05-18 19:22:02,2026-05-18 19:25:46,no,n/a,Cloud Workload
ALT003142,Indus Financial Services,low,2026-05-05 04:11:15,2026-05-05 06:53:30,no,Coordinated with network team; ACL change on HOST-8339 explains traffic shift. Monitoring continued for 48 hours.,Identity Provider
ALT000976,Arcadia Defence Systems,high,2026-05-17 06:19:17,2026-05-17 10:10:58,no,Coordinated with network team; ACL change on HOST-6272 explains traffic shift. Ticket closed with owner sign-off.,Identity Provider
ALT001503,Konkan Maritime Ltd,high,2026-05-26 21:20:58,2026-05-27 06:07:10,yes,Cross-referenced with change management ticket CHG-39334; scheduled maintenance window. No further action required.,Cloud Workload
ALT003771,Lakshmi Insurance Group,low,2026-06-14 03:29:17,2026-06-14 07:58:20,no,Verified backup job schedule; traffic volume consistent with nightly replication. Root cause documented in case notes.,IoT Device
ALT003006,Himalayan Healthcare Network,low,2026-05-25 00:45:20,,no,Confirmed geolocation anomaly caused by corporate VPN egress node change. Added to suppression list after approval.,Server
ALT003579,Krishna Port Authority,critical,2026-05-10 16:19:52,2026-05-10 19:07:33,yes,Reviewed source IP 10.26.53.186 against internal threat intel; no IOC match. Closed as benign positive.,IoT Device
ALT003871,Malabar Gas Pipelines,low,2026-05-20 17:07:40,2026-05-20 21:27:42,no,Reset credentials for rkumar as precaution; no evidence of compromise. Root cause documented in case notes.,Endpoint
ALT003048,Himalayan Healthcare Network,low,2026-01-14 20:12:59,2026-01-15 00:35:03,no,Queried SIEM for related events across 24h window; no corroborating activity found.,IoT Device
ALT000316,Kaveri Power Holdings,low,2026-01-25 18:28:43,2026-01-25 22:22:31,no,reviewed,Identity Provider
ALT003679,Krishna Port Authority,critical,2026-01-29 18:55:11,2026-01-29 21:21:16,yes,Verified backup job schedule; traffic volume consistent with nightly replication. Monitoring continued for 48 hours.,IoT Device
ALT000920,Arcadia Defence Systems,medium,2026-01-21 08:22:31,2026-01-21 14:17:53,no,Cross-referenced with change management ticket CHG-16107; scheduled maintenance window. Monitoring continued for 48 hours.,Endpoint
ALT000506,Kaveri Power Holdings,medium,2026-05-14 00:54:24,2026-05-14 05:35:44,no,Contacted user jsmith via Teams; confirmed they initiated the session from Mumbai office. Closed as benign positive.,Firewall
ALT001647,Konkan Maritime Ltd,critical,2026-04-06 21:14:34,2026-04-07 06:15:30,yes,Cross-referenced with change management ticket CHG-30399; scheduled maintenance window. Added to suppression list after approval.,Cloud Workload
ALT000291,Kaveri Power Holdings,high,2026-02-05 09:32:00,2026-02-05 13:04:33,no,reviewed,Identity Provider
ALT001411,Arcadia Defence Systems,low,2026-03-05 21:39:32,2026-03-06 03:04:34,no,Coordinated with network team; ACL change on HOST-2464 explains traffic shift. Root cause documented in case notes.,Firewall
ALT003999,Malabar Gas Pipelines,medium,2026-05-24 02:26:03,2026-05-24 05:45:01,no,Queried SIEM for related events across 24h window; no corroborating activity found. Monitoring continued for 48 hours.,Firewall
ALT001364,Arcadia Defence Systems,critical,2026-06-11 16:22:54,2026-06-11 21:29:22,yes,Coordinated with network team; ACL change on HOST-2604 explains traffic shift. Handed to IR team for deeper review.,Identity Provider
ALT001709,Deccan Health Network,low,2026-03-15 12:02:12,2026-03-15 17:26:45,yes,Cross-referenced with change management ticket CHG-39492; scheduled maintenance window. No further action required.,Server
ALT004420,Orissa Mining Federation,critical,2026-05-28 19:20:38,2026-05-29 00:18:20,yes,Sandbox detonation of attachment returned no malicious behaviour. Handed to IR team for deeper review.,Server
ALT001983,Apex Power Grid Ltd,medium,2026-06-21 12:56:22,2026-06-21 17:57:44,yes,Identified misconfigured scanner generating repeat alerts; owner notified. Handed to IR team for deeper review.,Endpoint
ALT000653,Nilgiri Water Authority,medium,2026-04-11 14:08:53,2026-04-11 18:11:58,yes,Confirmed with asset owner that HOST-7608 was undergoing patch deployment. No further action required.,Network Device
ALT000105,Meridian Trust Bank,low,2026-04-12 08:25:09,2026-04-12 08:27:33,no,"checked, ok",Network Device
ALT003187,Indus Financial Services,medium,2026-03-28 09:42:36,2026-03-28 14:43:11,no,Identified misconfigured scanner generating repeat alerts; owner notified. Root cause documented in case notes.,Identity Provider
ALT000830,Arcadia Defence Systems,medium,2026-02-26 19:44:05,2026-02-26 23:10:25,no,Escalated to L2 after confirming lateral movement indicators on HOST-1818. Monitoring continued for 48 hours.,Cloud Workload
ALT000719,Arcadia Defence Systems,critical,2026-03-01 11:02:14,2026-03-01 15:13:12,yes,Contacted user nrao via Teams; confirmed they initiated the session from Mumbai office. Monitoring continued for 48 hours.,Cloud Workload
ALT001677,Deccan Health Network,high,2026-03-04 06:29:20,2026-03-04 08:35:16,yes,Compared hash against VirusTotal offline signature set; no detections.,Firewall
ALT003285,Jupiter Aviation Control,low,2026-04-06 22:47:57,2026-04-07 01:56:51,no,Reviewed privileged access logs; elevation was approved under ticket REQ-37460.,Network Device
ALT003938,Malabar Gas Pipelines,medium,2026-06-06 15:43:49,2026-06-06 18:36:12,yes,Documented as benign positive; rule threshold adjusted after peer review. Added to suppression list after approval.,Cloud Workload
ALT000269,Meridian Trust Bank,low,2026-01-30 20:02:10,2026-01-30 20:04:36,no,"checked, ok",Database
ALT000684,Nilgiri Water Authority,low,2026-03-21 06:35:25,2026-03-21 09:36:56,no,Documented as benign positive; rule threshold adjusted after peer review. Monitoring continued for 48 hours.,Network Device
ALT002075,Bharat Telecom Networks,low,2026-03-18 15:10:47,2026-03-18 20:34:07,no,Ran memory capture on HOST-7086; no injected process artefacts identified. Closed as benign positive.,Database
ALT003633,Krishna Port Authority,medium,2026-02-04 22:23:01,2026-02-05 02:25:44,no,Confirmed geolocation anomaly caused by corporate VPN egress node change. Added to suppression list after approval.,Database
ALT003499,Krishna Port Authority,high,2026-02-16 23:16:37,2026-02-17 02:45:49,yes,,Endpoint
ALT000892,Arcadia Defence Systems,low,2026-02-01 13:32:46,2026-02-01 16:47:11,no,Queried SIEM for related events across 24h window; no corroborating activity found. Root cause documented in case notes.,Database
ALT002641,Eastern Grid Utility,low,2026-03-15 12:10:41,2026-03-15 14:56:31,no,Ran memory capture on HOST-6459; no injected process artefacts identified. Ticket closed with owner sign-off.,Identity Provider
ALT000186,Meridian Trust Bank,low,2026-03-20 22:58:30,2026-03-20 23:01:35,no,n/a,Identity Provider
ALT001155,Arcadia Defence Systems,critical,2026-06-02 15:41:47,2026-06-02 20:35:42,yes,Sandbox detonation of attachment returned no malicious behaviour. Handed to IR team for deeper review.,Firewall
ALT001453,Arcadia Defence Systems,medium,2026-01-23 07:07:50,2026-01-23 11:58:00,yes,Reviewed privileged access logs; elevation was approved under ticket REQ-31925. Handed to IR team for deeper review.,Network Device
ALT001232,Arcadia Defence Systems,high,2026-06-04 02:38:03,2026-06-04 07:46:42,yes,Identified misconfigured scanner generating repeat alerts; owner notified.,Database
ALT004635,Pennar Cement Industries,medium,2026-06-12 06:41:13,2026-06-12 10:30:35,no,Reset credentials for tgeorge as precaution; no evidence of compromise. Ticket closed with owner sign-off.,Identity Provider
ALT002296,Cauvery Logistics Corp,low,2026-03-10 19:30:55,2026-03-10 23:47:20,yes,Compared hash against VirusTotal offline signature set; no detections. Added to suppression list after approval.,Endpoint
ALT001616,Konkan Maritime Ltd,low,2026-03-05 03:21:16,2026-03-05 14:48:30,yes,Matched pattern against known false-positive rule FP-43704; tuning request raised. Closed as benign positive.,Cloud Workload
ALT000359,Kaveri Power Holdings,low,2026-01-26 01:18:00,2026-01-26 07:10:56,no,Compared hash against VirusTotal offline signature set; no detections. Monitoring continued for 48 hours.,IoT Device
ALT000868,Arcadia Defence Systems,medium,2026-02-13 06:28:39,2026-02-13 10:37:32,no,Identified misconfigured scanner generating repeat alerts; owner notified. Added to suppression list after approval.,Server
ALT004341,Orissa Mining Federation,high,2026-05-18 20:02:23,2026-05-18 23:51:17,yes,Contacted user schen via Teams; confirmed they initiated the session from Mumbai office. Root cause documented in case notes.,Server
ALT000539,Nilgiri Water Authority,low,2026-01-24 08:27:03,2026-01-24 12:18:28,no,Reset credentials for tgeorge as precaution; no evidence of compromise. No further action required.,IoT Device
ALT004339,Orissa Mining Federation,low,2026-02-10 03:10:44,2026-02-10 08:04:47,no,Coordinated with network team; ACL change on HOST-3121 explains traffic shift. Handed to IR team for deeper review.,Cloud Workload
ALT003696,Lakshmi Insurance Group,low,2026-05-31 13:05:33,2026-05-31 18:28:06,no,Compared hash against VirusTotal offline signature set; no detections.,Server
ALT003614,Krishna Port Authority,low,2026-03-17 06:19:56,2026-03-17 10:05:47,no,Contacted user bshah via Teams; confirmed they initiated the session from Mumbai office. Handed to IR team for deeper review.,Firewall
ALT000822,Arcadia Defence Systems,medium,2026-04-08 02:12:48,2026-04-08 05:47:35,yes,Blocked source 10.28.125.226 at perimeter firewall pending further investigation. No further action required.,Identity Provider
ALT000962,Arcadia Defence Systems,low,2026-05-10 09:02:21,2026-05-10 11:14:55,yes,Confirmed with asset owner that HOST-4589 was undergoing patch deployment. Ticket closed with owner sign-off.,Server
ALT002572,Eastern Grid Utility,critical,2026-03-01 03:25:18,2026-03-01 07:47:51,yes,Correlated with authentication logs for user kiyer; prior successful VPN session confirmed. Added to suppression list after approval.,Database
ALT001948,Apex Power Grid Ltd,low,2026-06-07 16:11:52,2026-06-07 21:16:46,no,Isolated endpoint HOST-8675 for forensic triage; full disk scan returned clean. No further action required.,Server
ALT000274,Meridian Trust Bank,low,2026-02-07 01:43:31,2026-02-07 01:46:26,no,n/a,Firewall
ALT003796,Lakshmi Insurance Group,critical,2026-02-28 10:32:31,2026-02-28 12:52:24,yes,Coordinated with network team; ACL change on HOST-4323 explains traffic shift. No further action required.,Server
ALT002041,Apex Power Grid Ltd,medium,2026-05-26 21:58:29,2026-05-27 00:35:59,no,Escalated to L2 after confirming lateral movement indicators on HOST-8435. Closed as benign positive.,Firewall
ALT000329,Kaveri Power Holdings,low,2026-03-30 11:54:34,2026-03-30 17:04:04,yes,n/a,Network Device
ALT002314,Cauvery Logistics Corp,high,2026-02-19 22:33:34,2026-02-20 03:47:51,no,,Firewall
ALT000843,Arcadia Defence Systems,medium,2026-05-28 01:55:16,2026-05-28 04:18:09,no,Blocked source 10.25.237.154 at perimeter firewall pending further investigation. Closed as benign positive.,Cloud Workload
ALT000348,Kaveri Power Holdings,medium,2026-06-08 00:00:46,2026-06-08 04:28:28,no,n/a,Endpoint
ALT004381,Orissa Mining Federation,low,2026-05-09 09:57:45,2026-05-09 13:01:56,no,Confirmed geolocation anomaly caused by corporate VPN egress node change. Root cause documented in case notes.,Cloud Workload
ALT003781,Lakshmi Insurance Group,medium,2026-05-21 10:33:37,2026-05-21 13:05:37,no,Confirmed with asset owner that HOST-8153 was undergoing patch deployment. Ticket closed with owner sign-off.,Identity Provider
ALT002313,Cauvery Logistics Corp,low,2026-06-22 07:03:20,2026-06-22 10:23:07,yes,Identified misconfigured scanner generating repeat alerts; owner notified. No further action required.,Network Device
ALT004007,Malabar Gas Pipelines,medium,2026-05-20 08:28:59,2026-05-20 14:26:31,no,Verified backup job schedule; traffic volume consistent with nightly replication. No further action required.,Cloud Workload
ALT002034,Apex Power Grid Ltd,high,2026-06-29 22:18:23,2026-06-30 03:24:04,yes,Documented as benign positive; rule threshold adjusted after peer review. Added to suppression list after approval.,Cloud Workload
ALT004204,Narmada Steel Works,medium,2026-02-09 12:11:23,2026-02-09 17:30:43,no,Cross-referenced with change management ticket CHG-66868; scheduled maintenance window. Ticket closed with owner sign-off.,Network Device
ALT001925,Apex Power Grid Ltd,medium,2026-01-28 01:51:14,2026-01-28 04:13:37,no,Verified backup job schedule; traffic volume consistent with nightly replication. Added to suppression list after approval.,Network Device
ALT000616,Nilgiri Water Authority,medium,2026-06-05 05:23:53,2026-06-05 11:03:54,no,Documented as benign positive; rule threshold adjusted after peer review. Added to suppression list after approval.,Network Device
ALT000475,Kaveri Power Holdings,low,2026-05-24 08:26:29,2026-05-24 10:33:28,no,Validated certificate chain; expired intermediate replaced by infrastructure team.,Network Device
ALT001669,Deccan Health Network,low,2026-02-21 08:40:12,2026-02-21 14:01:10,no,Coordinated with network team; ACL change on HOST-3413 explains traffic shift.,Cloud Workload
ALT003272,Jupiter Aviation Control,low,2026-05-30 02:34:41,2026-05-30 05:29:11,no,Traced outbound connection to approved vendor endpoint; verified against allowlist. Root cause documented in case notes.,Identity Provider
ALT000939,Arcadia Defence Systems,medium,2026-05-22 18:47:32,2026-05-23 00:27:02,yes,Validated certificate chain; expired intermediate replaced by infrastructure team. No further action required.,Network Device
ALT002887,Himalayan Healthcare Network,low,2026-06-06 05:12:17,2026-06-06 10:22:22,no,Reset credentials for rkumar as precaution; no evidence of compromise. Handed to IR team for deeper review.,Endpoint
ALT003345,Jupiter Aviation Control,low,2026-01-30 05:59:25,2026-01-30 08:57:28,yes,Verified backup job schedule; traffic volume consistent with nightly replication. Monitoring continued for 48 hours.,Cloud Workload
ALT000470,Kaveri Power Holdings,medium,2026-06-18 17:31:23,2026-06-18 20:07:42,no,Queried SIEM for related events across 24h window; no corroborating activity found. Added to suppression list after approval.,Database
ALT001034,Arcadia Defence Systems,low,2026-05-04 08:29:54,,yes,Traced outbound connection to approved vendor endpoint; verified against allowlist. Closed as benign positive.,IoT Device
ALT001629,Konkan Maritime Ltd,low,2026-06-13 11:54:45,2026-06-13 21:48:15,no,Verified backup job schedule; traffic volume consistent with nightly replication. Root cause documented in case notes.,Cloud Workload
ALT002163,Bharat Telecom Networks,medium,2026-01-11 00:25:25,2026-01-11 04:21:56,no,Contacted user mfernandes via Teams; confirmed they initiated the session from Mumbai office. Closed as benign positive.,IoT Device
ALT001994,Apex Power Grid Ltd,medium,2026-04-23 03:30:19,2026-04-23 09:01:22,no,Traced outbound connection to approved vendor endpoint; verified against allowlist. Root cause documented in case notes.,Endpoint
ALT002619,Eastern Grid Utility,low,2026-05-28 05:11:21,2026-05-28 08:35:29,no,Coordinated with network team; ACL change on HOST-2679 explains traffic shift.,Server
ALT004645,Pennar Cement Industries,medium,2026-06-23 20:49:08,2026-06-24 01:31:47,no,Cross-referenced with change management ticket CHG-69261; scheduled maintenance window. Handed to IR team for deeper review.,Server
ALT000811,Arcadia Defence Systems,high,2026-03-10 16:25:27,2026-03-10 22:14:02,no,Isolated endpoint HOST-2799 for forensic triage; full disk scan returned clean. Added to suppression list after approval.,IoT Device
ALT000457,Kaveri Power Holdings,critical,2026-02-22 01:42:40,2026-02-22 06:40:18,no,Confirmed with asset owner that HOST-7391 was undergoing patch deployment. No further action required.,Firewall
ALT001172,Arcadia Defence Systems,low,2026-01-24 02:02:04,2026-01-24 06:58:35,no,Confirmed geolocation anomaly caused by corporate VPN egress node change. Ticket closed with owner sign-off.,Network Device
ALT000080,Meridian Trust Bank,high,2026-01-18 19:38:23,2026-01-18 19:40:13,no,"checked, ok",IoT Device
ALT001340,Arcadia Defence Systems,low,2026-06-09 09:52:26,2026-06-09 14:02:28,no,Reviewed source IP 10.19.12.14 against internal threat intel; no IOC match. Ticket closed with owner sign-off.,Server
ALT003762,Lakshmi Insurance Group,low,2026-01-09 10:22:30,2026-01-09 14:09:50,no,,Endpoint
ALT001303,Arcadia Defence Systems,low,2026-05-24 03:05:03,2026-05-24 06:21:08,no,Compared hash against VirusTotal offline signature set; no detections.,Firewall
ALT002216,Bharat Telecom Networks,low,2026-04-24 18:42:28,2026-04-24 22:48:54,no,Matched pattern against known false-positive rule FP-99186; tuning request raised. Closed as benign positive.,Identity Provider
ALT002664,Eastern Grid Utility,low,2026-03-26 10:41:03,2026-03-26 13:41:03,no,Verified backup job schedule; traffic volume consistent with nightly replication. Root cause documented in case notes.,Cloud Workload
ALT001577,Konkan Maritime Ltd,low,2026-03-10 03:54:50,2026-03-10 15:51:29,no,Reviewed source IP 10.13.27.109 against internal threat intel; no IOC match. No further action required.,Identity Provider
ALT001371,Arcadia Defence Systems,low,2026-04-16 20:33:08,2026-04-17 01:34:35,yes,Analysed PCAP sample; payload matched benign monitoring agent heartbeat.,IoT Device
ALT002204,Bharat Telecom Networks,high,2026-03-10 17:42:55,2026-03-10 21:50:51,no,,Firewall
ALT001513,Konkan Maritime Ltd,critical,2026-02-08 10:26:22,2026-02-08 18:50:56,yes,Identified misconfigured scanner generating repeat alerts; owner notified. Root cause documented in case notes.,Server
ALT003875,Malabar Gas Pipelines,low,2026-01-11 09:38:39,2026-01-11 13:38:27,yes,Reset credentials for jsmith as precaution; no evidence of compromise. Added to suppression list after approval.,Database
ALT000909,Arcadia Defence Systems,low,2026-01-31 20:05:15,2026-02-01 01:04:08,no,"Checked DNS query history; domain registered 400+ days ago, low risk profile. Monitoring continued for 48 hours.",Firewall
ALT004010,Malabar Gas Pipelines,low,2026-02-28 00:10:15,2026-02-28 02:23:03,no,Confirmed with asset owner that HOST-2418 was undergoing patch deployment. Added to suppression list after approval.,Network Device
ALT002201,Bharat Telecom Networks,low,2026-04-13 01:44:41,2026-04-13 06:36:31,no,Confirmed with asset owner that HOST-2384 was undergoing patch deployment.,Identity Provider
ALT002537,Eastern Grid Utility,high,2026-04-02 01:04:18,2026-04-02 04:26:34,no,Validated certificate chain; expired intermediate replaced by infrastructure team.,Identity Provider
ALT000836,Arcadia Defence Systems,low,2026-02-02 07:14:27,2026-02-02 10:59:18,no,Blocked source 10.38.59.8 at perimeter firewall pending further investigation. Ticket closed with owner sign-off.,Firewall
ALT000813,Arcadia Defence Systems,low,2026-03-27 11:51:26,2026-03-27 15:49:24,no,Documented as benign positive; rule threshold adjusted after peer review. Ticket closed with owner sign-off.,Network Device
ALT002914,Himalayan Healthcare Network,high,2026-05-23 02:09:14,2026-05-23 07:48:33,yes,,Identity Provider
ALT001822,Deccan Health Network,low,2026-02-03 12:40:44,2026-02-03 18:26:11,no,closed,IoT Device
ALT001580,Konkan Maritime Ltd,low,2026-01-12 04:39:45,2026-01-12 15:36:22,no,Documented as benign positive; rule threshold adjusted after peer review. Ticket closed with owner sign-off.,Cloud Workload
ALT004262,Narmada Steel Works,critical,2026-02-05 00:57:57,2026-02-05 03:29:50,yes,Confirmed geolocation anomaly caused by corporate VPN egress node change. Ticket closed with owner sign-off.,Network Device
ALT000760,Arcadia Defence Systems,medium,2026-02-06 18:29:55,2026-02-07 00:24:05,no,Contacted user schen via Teams; confirmed they initiated the session from Mumbai office. Added to suppression list after approval.,Identity Provider
ALT002653,Eastern Grid Utility,low,2026-03-15 18:29:51,2026-03-15 20:34:57,no,,Endpoint
ALT004014,Malabar Gas Pipelines,low,2026-02-07 05:51:31,2026-02-07 07:57:27,no,Queried SIEM for related events across 24h window; no corroborating activity found. Handed to IR team for deeper review.,Endpoint
ALT001610,Konkan Maritime Ltd,medium,2026-03-17 06:37:49,2026-03-17 16:06:17,yes,Reviewed source IP 10.39.169.65 against internal threat intel; no IOC match. Monitoring continued for 48 hours.,Server
ALT000452,Kaveri Power Holdings,medium,2026-01-13 05:45:13,2026-01-13 10:15:30,no,"Checked DNS query history; domain registered 400+ days ago, low risk profile. Handed to IR team for deeper review.",Database
ALT000086,Meridian Trust Bank,low,2026-02-11 10:45:07,2026-02-11 10:48:56,no,n/a,Firewall
ALT001273,Arcadia Defence Systems,low,2026-02-25 17:45:55,2026-02-25 20:45:27,no,Queried SIEM for related events across 24h window; no corroborating activity found. Monitoring continued for 48 hours.,Identity Provider
ALT002763,Godavari Chemicals,low,2026-02-08 04:11:14,2026-02-08 08:40:01,no,Traced outbound connection to approved vendor endpoint; verified against allowlist. No further action required.,IoT Device
ALT001018,Arcadia Defence Systems,low,2026-03-04 15:16:14,2026-03-04 19:29:34,no,Identified misconfigured scanner generating repeat alerts; owner notified.,Database
ALT002927,Himalayan Healthcare Network,high,2026-02-05 06:53:02,2026-02-05 10:05:28,no,Blocked source 10.15.109.90 at perimeter firewall pending further investigation.,Network Device
ALT001012,Arcadia Defence Systems,high,2026-06-05 06:19:13,2026-06-05 08:44:06,yes,,Identity Provider
ALT000123,Meridian Trust Bank,low,2026-06-07 02:01:38,2026-06-07 02:05:01,no,"checked, ok",Endpoint
ALT004128,Narmada Steel Works,low,2026-05-22 10:19:07,2026-05-22 14:07:37,yes,Analysed PCAP sample; payload matched benign monitoring agent heartbeat. No further action required.,Database
