alert_id,entity_name,severity,created_time,closed_time,escalated,investigation_notes,asset_type
ALT00001,Jupiter Aviation Control,Low,2025-09-04 12:29:00,2025-09-04 15:55:00,Yes,"Performed forensic triage on affected host, isolated system, initiated containment protocol.",Database
ALT00002,Jupiter Aviation Control,Low,2025-09-02 21:33:00,2025-09-03 00:49:00,No,"Cross-referenced with threat intel feed, identified C2 communication pattern, escalated to IR team.",Endpoint
ALT00003,Jupiter Aviation Control,Medium,2025-08-13 03:42:00,2025-08-13 06:39:00,No,Reviewed and closed.,Database
ALT00004,Jupiter Aviation Control,Medium,2025-08-25 13:58:00,2025-08-25 16:39:00,No,"Cross-referenced with threat intel feed, identified C2 communication pattern, escalated to IR team.",Cloud Workload
ALT00005,Jupiter Aviation Control,High,2025-08-05 09:19:00,2025-08-05 12:34:00,No,Reviewed and closed.,Server
ALT00006,Jupiter Aviation Control,Low,2025-07-13 15:42:00,2025-07-13 18:35:00,Yes,"Performed forensic triage on affected host, isolated system, initiated containment protocol.",Endpoint
ALT00007,Jupiter Aviation Control,Medium,2025-08-19 23:44:00,2025-08-20 02:40:00,Yes,"Investigated source IP, confirmed malicious signature, blocked at firewall, root cause documented.",Database
ALT00008,Jupiter Aviation Control,Low,2025-09-21 16:13:00,2025-09-21 18:57:00,No,"Investigated source IP, confirmed malicious signature, blocked at firewall, root cause documented.",Database
ALT00009,Jupiter Aviation Control,Low,2025-08-14 22:43:00,2025-08-15 01:27:00,Yes,"Performed forensic triage on affected host, isolated system, initiated containment protocol.",Server
ALT00010,Jupiter Aviation Control,Low,2025-07-24 09:59:00,2025-07-24 12:46:00,No,False positive.,Server
ALT00011,Jupiter Aviation Control,Low,2025-07-31 13:57:00,2025-07-31 17:27:00,No,"Investigated source IP, confirmed malicious signature, blocked at firewall, root cause documented.",IoT Device
ALT00012,Jupiter Aviation Control,Low,2025-07-03 03:27:00,2025-07-03 06:09:00,No,False positive.,Endpoint
ALT00013,Jupiter Aviation Control,Medium,2025-07-04 14:50:00,2025-07-04 17:31:00,Yes,False positive.,Database
ALT00014,Jupiter Aviation Control,High,2025-07-06 20:03:00,2025-07-06 22:57:00,Yes,Closed as per standard procedure.,Endpoint
ALT00015,Jupiter Aviation Control,Medium,2025-09-18 14:38:00,2025-09-18 17:50:00,No,False positive.,Network Device
ALT00016,Jupiter Aviation Control,Low,2025-07-03 13:02:00,2025-07-03 15:49:00,No,Reviewed and closed.,Cloud Workload
ALT00017,Jupiter Aviation Control,Critical,2025-08-15 08:05:00,2025-08-15 11:25:00,Yes,False positive.,Server
ALT00018,Jupiter Aviation Control,High,2025-08-11 14:45:00,2025-08-11 17:32:00,Yes,No further action required.,Cloud Workload
ALT00019,Jupiter Aviation Control,Low,2025-08-29 03:26:00,2025-08-29 06:11:00,No,"Performed forensic triage on affected host, isolated system, initiated containment protocol.",Server
ALT00020,Jupiter Aviation Control,Low,2025-07-27 11:50:00,2025-07-27 14:21:00,No,False positive.,IoT Device
ALT00021,Jupiter Aviation Control,Medium,2025-07-03 12:44:00,2025-07-03 15:52:00,No,No further action required.,IoT Device
ALT00022,Jupiter Aviation Control,High,2025-09-21 10:47:00,2025-09-21 14:10:00,No,"Correlated with SIEM logs across 3 hosts, identified lateral movement attempt, escalated.",Server
ALT00023,Jupiter Aviation Control,High,2025-07-12 22:34:00,2025-07-13 01:09:00,Yes,No further action required.,IoT Device
ALT00024,Jupiter Aviation Control,Low,2025-09-30 03:42:00,2025-09-30 06:50:00,Yes,Closed as per standard procedure.,Database
ALT00025,Jupiter Aviation Control,Low,2025-08-01 17:21:00,2025-08-01 20:11:00,No,No further action required.,Database
ALT00026,Jupiter Aviation Control,High,2025-07-12 19:13:00,2025-07-12 22:41:00,Yes,"Cross-referenced with threat intel feed, identified C2 communication pattern, escalated to IR team.",IoT Device
ALT00027,Jupiter Aviation Control,Critical,2025-09-27 03:14:00,2025-09-27 06:08:00,Yes,"Cross-referenced with threat intel feed, identified C2 communication pattern, escalated to IR team.",Server
ALT00028,Jupiter Aviation Control,Low,2025-08-26 01:38:00,2025-08-26 04:52:00,Yes,Reviewed and closed.,Endpoint
ALT00029,Jupiter Aviation Control,Medium,2025-09-07 05:02:00,2025-09-07 08:20:00,No,"Cross-referenced with threat intel feed, identified C2 communication pattern, escalated to IR team.",IoT Device
ALT00030,Jupiter Aviation Control,Low,2025-09-25 12:38:00,2025-09-25 15:39:00,No,"Correlated with SIEM logs across 3 hosts, identified lateral movement attempt, escalated.",Database
ALT00031,Jupiter Aviation Control,Low,2025-08-26 11:25:00,2025-08-26 14:15:00,No,Reviewed and closed.,IoT Device
ALT00032,Jupiter Aviation Control,High,2025-07-08 02:40:00,2025-07-08 05:19:00,Yes,False positive.,Cloud Workload
ALT00033,Jupiter Aviation Control,Medium,2025-08-27 08:37:00,2025-08-27 11:49:00,No,Reviewed and closed.,Database
ALT00034,Jupiter Aviation Control,High,2025-08-12 16:45:00,2025-08-12 19:51:00,Yes,False positive.,Cloud Workload
ALT00035,Jupiter Aviation Control,High,2025-09-21 11:31:00,2025-09-21 14:10:00,Yes,Closed as per standard procedure.,Network Device
ALT00036,Jupiter Aviation Control,Medium,2025-07-05 00:53:00,2025-07-05 03:57:00,Yes,No further action required.,Cloud Workload
ALT00037,Jupiter Aviation Control,Medium,2025-08-18 18:07:00,2025-08-18 21:09:00,Yes,"Correlated with SIEM logs across 3 hosts, identified lateral movement attempt, escalated.",IoT Device
ALT00038,Jupiter Aviation Control,High,2025-07-08 06:07:00,2025-07-08 08:50:00,Yes,Closed as per standard procedure.,Server
ALT00039,Jupiter Aviation Control,Low,2025-08-27 06:34:00,2025-08-27 09:28:00,No,"Performed forensic triage on affected host, isolated system, initiated containment protocol.",Endpoint
ALT00040,Jupiter Aviation Control,Medium,2025-07-28 20:09:00,2025-07-28 23:37:00,No,"Investigated source IP, confirmed malicious signature, blocked at firewall, root cause documented.",Cloud Workload
ALT00041,Jupiter Aviation Control,Critical,2025-09-16 10:22:00,2025-09-16 12:53:00,Yes,Closed as per standard procedure.,IoT Device
ALT00042,Jupiter Aviation Control,Low,2025-08-15 21:46:00,2025-08-16 00:21:00,No,Reviewed and closed.,Network Device
ALT00043,Jupiter Aviation Control,Medium,2025-08-20 19:10:00,2025-08-20 22:03:00,No,"Performed forensic triage on affected host, isolated system, initiated containment protocol.",Endpoint
ALT00044,Jupiter Aviation Control,Medium,2025-09-17 10:39:00,2025-09-17 13:16:00,No,False positive.,Cloud Workload
ALT00045,Jupiter Aviation Control,Medium,2025-08-01 10:08:00,2025-08-01 13:10:00,Yes,"Investigated source IP, confirmed malicious signature, blocked at firewall, root cause documented.",IoT Device
ALT00046,Jupiter Aviation Control,Low,2025-07-18 12:02:00,2025-07-18 15:07:00,No,Closed as per standard procedure.,Cloud Workload
ALT00047,Jupiter Aviation Control,High,2025-08-26 23:28:00,2025-08-27 02:21:00,Yes,Closed as per standard procedure.,Cloud Workload
ALT00048,Jupiter Aviation Control,Medium,2025-08-13 20:45:00,2025-08-13 23:19:00,Yes,"Correlated with SIEM logs across 3 hosts, identified lateral movement attempt, escalated.",IoT Device
ALT00049,Jupiter Aviation Control,Low,2025-09-15 10:03:00,2025-09-15 12:58:00,Yes,"Investigated source IP, confirmed malicious signature, blocked at firewall, root cause documented.",Network Device
ALT00050,Jupiter Aviation Control,Medium,2025-09-26 09:29:00,2025-09-26 12:38:00,No,"Performed forensic triage on affected host, isolated system, initiated containment protocol.",IoT Device
ALT00051,Jupiter Aviation Control,Medium,2025-07-29 23:57:00,2025-07-30 02:33:00,No,"Performed forensic triage on affected host, isolated system, initiated containment protocol.",Cloud Workload
ALT00052,Jupiter Aviation Control,Medium,2025-09-13 04:37:00,2025-09-13 07:52:00,No,"Correlated with SIEM logs across 3 hosts, identified lateral movement attempt, escalated.",Network Device
ALT00053,Jupiter Aviation Control,Low,2025-09-29 12:51:00,2025-09-29 16:15:00,Yes,"Cross-referenced with threat intel feed, identified C2 communication pattern, escalated to IR team.",Network Device
ALT00054,Jupiter Aviation Control,Medium,2025-09-04 11:15:00,2025-09-04 14:17:00,No,Reviewed and closed.,Endpoint
ALT00055,Jupiter Aviation Control,Medium,2025-07-03 20:06:00,2025-07-03 23:23:00,No,No further action required.,Cloud Workload
ALT00056,Jupiter Aviation Control,Medium,2025-09-24 23:51:00,2025-09-25 02:59:00,No,"Correlated with SIEM logs across 3 hosts, identified lateral movement attempt, escalated.",Network Device
ALT00057,Jupiter Aviation Control,Low,2025-09-01 05:47:00,2025-09-01 09:04:00,No,"Cross-referenced with threat intel feed, identified C2 communication pattern, escalated to IR team.",IoT Device
ALT00058,Jupiter Aviation Control,Medium,2025-07-07 20:51:00,2025-07-08 00:00:00,No,"Cross-referenced with threat intel feed, identified C2 communication pattern, escalated to IR team.",Cloud Workload
ALT00059,Jupiter Aviation Control,Low,2025-07-14 23:53:00,2025-07-15 02:58:00,Yes,No further action required.,Database
ALT00060,Jupiter Aviation Control,Low,2025-09-19 17:28:00,2025-09-19 20:49:00,No,False positive.,IoT Device
ALT00061,Jupiter Aviation Control,Low,2025-07-10 00:29:00,2025-07-10 03:25:00,No,Reviewed and closed.,IoT Device
ALT00062,Jupiter Aviation Control,Low,2025-07-24 19:28:00,2025-07-24 21:59:00,Yes,False positive.,Endpoint
ALT00063,Jupiter Aviation Control,Critical,2025-09-25 11:49:00,2025-09-25 14:43:00,No,False positive.,Database
ALT00064,Jupiter Aviation Control,Low,2025-07-29 13:26:00,2025-07-29 16:14:00,No,Closed as per standard procedure.,Network Device
ALT00065,Jupiter Aviation Control,Medium,2025-07-21 17:27:00,2025-07-21 20:36:00,No,Reviewed and closed.,Network Device
ALT00066,Jupiter Aviation Control,High,2025-07-22 21:47:00,2025-07-23 01:12:00,Yes,"Correlated with SIEM logs across 3 hosts, identified lateral movement attempt, escalated.",Endpoint
ALT00067,Jupiter Aviation Control,Low,2025-08-04 18:50:00,2025-08-04 21:22:00,No,"Correlated with SIEM logs across 3 hosts, identified lateral movement attempt, escalated.",Network Device
ALT00068,Jupiter Aviation Control,Medium,2025-07-22 18:47:00,2025-07-22 22:10:00,No,No further action required.,Server
ALT00069,Jupiter Aviation Control,Medium,2025-08-02 13:06:00,2025-08-02 16:11:00,Yes,False positive.,Cloud Workload
ALT00070,Jupiter Aviation Control,Medium,2025-08-10 22:36:00,2025-08-11 01:52:00,No,Reviewed and closed.,Database
ALT00071,Jupiter Aviation Control,Low,2025-09-01 07:14:00,2025-09-01 10:43:00,No,"Cross-referenced with threat intel feed, identified C2 communication pattern, escalated to IR team.",Cloud Workload
ALT00072,Jupiter Aviation Control,Medium,2025-09-14 18:07:00,2025-09-14 21:30:00,Yes,"Cross-referenced with threat intel feed, identified C2 communication pattern, escalated to IR team.",Network Device
ALT00073,Jupiter Aviation Control,Critical,2025-09-06 14:23:00,2025-09-06 17:00:00,Yes,No further action required.,Network Device
ALT00074,Jupiter Aviation Control,Low,2025-07-20 03:57:00,2025-07-20 07:20:00,No,"Performed forensic triage on affected host, isolated system, initiated containment protocol.",Cloud Workload
ALT00075,Jupiter Aviation Control,Low,2025-07-04 15:53:00,2025-07-04 19:15:00,No,"Cross-referenced with threat intel feed, identified C2 communication pattern, escalated to IR team.",Database
ALT00076,Jupiter Aviation Control,Low,2025-09-01 09:25:00,2025-09-01 12:19:00,No,False positive.,Database
ALT00077,Jupiter Aviation Control,Critical,2025-08-10 04:24:00,2025-08-10 07:02:00,No,Closed as per standard procedure.,Network Device
ALT00078,Jupiter Aviation Control,Critical,2025-07-08 07:35:00,2025-07-08 10:29:00,Yes,"Cross-referenced with threat intel feed, identified C2 communication pattern, escalated to IR team.",Cloud Workload
ALT00079,Jupiter Aviation Control,Low,2025-09-10 23:49:00,2025-09-11 02:50:00,No,No further action required.,Cloud Workload
ALT00080,Jupiter Aviation Control,Medium,2025-07-11 09:59:00,2025-07-11 12:54:00,No,"Cross-referenced with threat intel feed, identified C2 communication pattern, escalated to IR team.",Cloud Workload
ALT00081,Jupiter Aviation Control,Medium,2025-09-11 01:57:00,2025-09-11 05:16:00,No,False positive.,IoT Device
ALT00082,Jupiter Aviation Control,Low,2025-09-16 02:30:00,2025-09-16 05:07:00,No,"Cross-referenced with threat intel feed, identified C2 communication pattern, escalated to IR team.",Cloud Workload
ALT00083,Jupiter Aviation Control,Critical,2025-08-26 17:52:00,2025-08-26 21:02:00,Yes,Reviewed and closed.,Network Device
ALT00084,Jupiter Aviation Control,Medium,2025-08-26 09:00:00,2025-08-26 12:23:00,No,No further action required.,Endpoint
ALT00085,Jupiter Aviation Control,High,2025-08-19 04:58:00,2025-08-19 07:55:00,Yes,Closed as per standard procedure.,Endpoint
ALT00001,Eastern Water Utility,High,2025-09-04 10:40:00,2025-09-04 13:17:00,Yes,"Correlated with SIEM logs across 3 hosts, identified lateral movement attempt, escalated.",Database
ALT00002,Eastern Water Utility,Low,2025-07-02 01:08:00,2025-07-02 03:41:00,No,"Correlated with SIEM logs across 3 hosts, identified lateral movement attempt, escalated.",Server
ALT00003,Eastern Water Utility,Medium,2025-07-19 08:09:00,2025-07-19 11:12:00,No,"Correlated with SIEM logs across 3 hosts, identified lateral movement attempt, escalated.",Database
ALT00004,Eastern Water Utility,Low,2025-09-07 22:21:00,2025-09-08 00:53:00,No,"Investigated source IP, confirmed malicious signature, blocked at firewall, root cause documented.",Network Device
ALT00005,Eastern Water Utility,Low,2025-08-23 21:24:00,2025-08-24 00:22:00,Yes,Reviewed and closed.,Network Device
ALT00006,Eastern Water Utility,Low,2025-07-07 13:16:00,2025-07-07 16:10:00,No,"Performed forensic triage on affected host, isolated system, initiated containment protocol.",IoT Device
ALT00007,Eastern Water Utility,High,2025-08-30 08:45:00,2025-08-30 11:58:00,Yes,"Cross-referenced with threat intel feed, identified C2 communication pattern, escalated to IR team.",Endpoint
ALT00008,Eastern Water Utility,Medium,2025-09-04 16:33:00,2025-09-04 19:14:00,No,Closed as per standard procedure.,Cloud Workload
ALT00009,Eastern Water Utility,High,2025-09-15 09:46:00,2025-09-15 13:13:00,Yes,False positive.,Cloud Workload
ALT00010,Eastern Water Utility,Low,2025-07-23 16:56:00,2025-07-23 19:38:00,No,No further action required.,Cloud Workload
ALT00011,Eastern Water Utility,Medium,2025-09-20 07:57:00,2025-09-20 10:58:00,Yes,No further action required.,Server
ALT00012,Eastern Water Utility,Medium,2025-07-20 03:21:00,2025-07-20 06:18:00,No,"Investigated source IP, confirmed malicious signature, blocked at firewall, root cause documented.",IoT Device
ALT00013,Eastern Water Utility,Medium,2025-08-11 09:42:00,2025-08-11 12:44:00,No,No further action required.,Server
ALT00014,Eastern Water Utility,Medium,2025-07-08 10:39:00,2025-07-08 13:34:00,No,Reviewed and closed.,Cloud Workload
ALT00015,Eastern Water Utility,High,2025-08-21 10:09:00,2025-08-21 12:39:00,Yes,Closed as per standard procedure.,Cloud Workload
ALT00016,Eastern Water Utility,High,2025-08-19 03:28:00,2025-08-19 06:10:00,No,No further action required.,Endpoint
ALT00017,Eastern Water Utility,Medium,2025-09-16 17:20:00,2025-09-16 20:14:00,No,"Cross-referenced with threat intel feed, identified C2 communication pattern, escalated to IR team.",Endpoint
ALT00018,Eastern Water Utility,Medium,2025-09-23 18:42:00,2025-09-23 22:00:00,No,"Correlated with SIEM logs across 3 hosts, identified lateral movement attempt, escalated.",Database
ALT00019,Eastern Water Utility,Critical,2025-08-25 12:08:00,2025-08-25 15:06:00,Yes,"Investigated source IP, confirmed malicious signature, blocked at firewall, root cause documented.",IoT Device
ALT00020,Eastern Water Utility,Medium,2025-08-16 12:53:00,2025-08-16 16:03:00,No,"Investigated source IP, confirmed malicious signature, blocked at firewall, root cause documented.",Cloud Workload
ALT00021,Eastern Water Utility,Critical,2025-08-24 17:03:00,2025-08-24 20:29:00,Yes,False positive.,Cloud Workload
ALT00022,Eastern Water Utility,High,2025-07-24 02:56:00,2025-07-24 05:43:00,No,"Cross-referenced with threat intel feed, identified C2 communication pattern, escalated to IR team.",Cloud Workload
ALT00023,Eastern Water Utility,Low,2025-09-28 11:24:00,2025-09-28 14:25:00,No,"Cross-referenced with threat intel feed, identified C2 communication pattern, escalated to IR team.",Network Device
ALT00024,Eastern Water Utility,Low,2025-07-25 17:12:00,2025-07-25 19:48:00,Yes,"Investigated source IP, confirmed malicious signature, blocked at firewall, root cause documented.",Cloud Workload
ALT00025,Eastern Water Utility,Low,2025-09-14 20:04:00,2025-09-14 22:38:00,Yes,Closed as per standard procedure.,Cloud Workload
ALT00026,Eastern Water Utility,Medium,2025-09-10 07:01:00,2025-09-10 09:47:00,No,"Performed forensic triage on affected host, isolated system, initiated containment protocol.",Database
ALT00027,Eastern Water Utility,Critical,2025-07-16 21:53:00,2025-07-17 00:38:00,Yes,"Correlated with SIEM logs across 3 hosts, identified lateral movement attempt, escalated.",Network Device
ALT00028,Eastern Water Utility,Medium,2025-09-24 21:25:00,2025-09-25 00:36:00,No,"Investigated source IP, confirmed malicious signature, blocked at firewall, root cause documented.",Endpoint
ALT00029,Eastern Water Utility,Low,2025-08-08 02:25:00,2025-08-08 05:24:00,Yes,"Correlated with SIEM logs across 3 hosts, identified lateral movement attempt, escalated.",Database
ALT00030,Eastern Water Utility,Low,2025-09-22 18:47:00,2025-09-22 21:49:00,No,"Correlated with SIEM logs across 3 hosts, identified lateral movement attempt, escalated.",IoT Device
ALT00031,Eastern Water Utility,Medium,2025-08-08 04:29:00,2025-08-08 07:36:00,Yes,"Correlated with SIEM logs across 3 hosts, identified lateral movement attempt, escalated.",IoT Device
ALT00032,Eastern Water Utility,Medium,2025-07-27 18:11:00,2025-07-27 20:48:00,Yes,False positive.,Network Device
ALT00033,Eastern Water Utility,Medium,2025-07-21 23:38:00,2025-07-22 02:48:00,No,"Correlated with SIEM logs across 3 hosts, identified lateral movement attempt, escalated.",IoT Device
ALT00034,Eastern Water Utility,Critical,2025-09-17 01:35:00,2025-09-17 04:08:00,No,Closed as per standard procedure.,IoT Device
ALT00035,Eastern Water Utility,Low,2025-09-04 05:55:00,2025-09-04 08:57:00,No,"Performed forensic triage on affected host, isolated system, initiated containment protocol.",IoT Device
ALT00036,Eastern Water Utility,Low,2025-08-07 19:46:00,2025-08-07 22:17:00,No,"Correlated with SIEM logs across 3 hosts, identified lateral movement attempt, escalated.",Cloud Workload
ALT00037,Eastern Water Utility,High,2025-09-10 01:10:00,2025-09-10 04:05:00,Yes,"Cross-referenced with threat intel feed, identified C2 communication pattern, escalated to IR team.",IoT Device
ALT00038,Eastern Water Utility,Medium,2025-08-30 13:25:00,2025-08-30 16:13:00,No,"Correlated with SIEM logs across 3 hosts, identified lateral movement attempt, escalated.",IoT Device
ALT00039,Eastern Water Utility,High,2025-08-04 01:10:00,2025-08-04 04:40:00,Yes,"Cross-referenced with threat intel feed, identified C2 communication pattern, escalated to IR team.",Endpoint
ALT00040,Eastern Water Utility,Medium,2025-08-31 13:57:00,2025-08-31 16:32:00,No,"Investigated source IP, confirmed malicious signature, blocked at firewall, root cause documented.",Database
ALT00041,Eastern Water Utility,Low,2025-07-25 02:56:00,2025-07-25 05:39:00,Yes,"Correlated with SIEM logs across 3 hosts, identified lateral movement attempt, escalated.",Database
ALT00042,Eastern Water Utility,Medium,2025-09-01 20:05:00,2025-09-01 22:35:00,No,No further action required.,Server
ALT00043,Eastern Water Utility,High,2025-08-07 13:39:00,2025-08-07 16:30:00,No,Closed as per standard procedure.,Database
ALT00044,Eastern Water Utility,Medium,2025-09-05 04:54:00,2025-09-05 07:51:00,No,"Investigated source IP, confirmed malicious signature, blocked at firewall, root cause documented.",Endpoint
ALT00045,Eastern Water Utility,Medium,2025-07-19 14:02:00,2025-07-19 16:44:00,No,No further action required.,Cloud Workload
ALT00046,Eastern Water Utility,Low,2025-07-02 11:31:00,2025-07-02 14:39:00,No,Reviewed and closed.,Cloud Workload
ALT00047,Eastern Water Utility,Low,2025-07-18 05:57:00,2025-07-18 09:12:00,No,False positive.,Cloud Workload
ALT00048,Eastern Water Utility,Medium,2025-08-29 09:02:00,2025-08-29 11:46:00,Yes,"Correlated with SIEM logs across 3 hosts, identified lateral movement attempt, escalated.",IoT Device
ALT00049,Eastern Water Utility,Low,2025-09-22 18:19:00,2025-09-22 21:25:00,No,No further action required.,Database
ALT00050,Eastern Water Utility,Medium,2025-07-29 03:30:00,2025-07-29 06:25:00,Yes,False positive.,IoT Device
ALT00051,Eastern Water Utility,Low,2025-07-05 19:33:00,2025-07-05 22:24:00,No,Closed as per standard procedure.,Cloud Workload
ALT00052,Eastern Water Utility,Low,2025-09-12 17:14:00,2025-09-12 20:31:00,Yes,"Correlated with SIEM logs across 3 hosts, identified lateral movement attempt, escalated.",IoT Device
ALT00053,Eastern Water Utility,Critical,2025-07-17 02:49:00,2025-07-17 05:21:00,Yes,"Cross-referenced with threat intel feed, identified C2 communication pattern, escalated to IR team.",Endpoint
ALT00054,Eastern Water Utility,Medium,2025-08-18 12:56:00,2025-08-18 16:23:00,No,"Performed forensic triage on affected host, isolated system, initiated containment protocol.",Server
ALT00055,Eastern Water Utility,Medium,2025-09-05 20:28:00,2025-09-05 23:44:00,No,"Cross-referenced with threat intel feed, identified C2 communication pattern, escalated to IR team.",Server
ALT00056,Eastern Water Utility,Medium,2025-09-08 14:37:00,2025-09-08 17:56:00,No,"Investigated source IP, confirmed malicious signature, blocked at firewall, root cause documented.",Cloud Workload
ALT00057,Eastern Water Utility,Low,2025-09-10 11:21:00,2025-09-10 14:14:00,Yes,No further action required.,IoT Device
ALT00058,Eastern Water Utility,Low,2025-07-22 02:12:00,2025-07-22 05:22:00,No,"Correlated with SIEM logs across 3 hosts, identified lateral movement attempt, escalated.",IoT Device
ALT00059,Eastern Water Utility,Low,2025-07-28 22:35:00,2025-07-29 02:00:00,No,"Investigated source IP, confirmed malicious signature, blocked at firewall, root cause documented.",Cloud Workload
ALT00060,Eastern Water Utility,Low,2025-07-17 01:25:00,2025-07-17 04:17:00,Yes,"Cross-referenced with threat intel feed, identified C2 communication pattern, escalated to IR team.",Network Device
ALT00061,Eastern Water Utility,Medium,2025-08-05 11:20:00,2025-08-05 14:02:00,Yes,False positive.,Server
ALT00062,Eastern Water Utility,Low,2025-08-19 11:57:00,2025-08-19 14:32:00,Yes,"Correlated with SIEM logs across 3 hosts, identified lateral movement attempt, escalated.",Database
ALT00063,Eastern Water Utility,Medium,2025-07-18 06:34:00,2025-07-18 09:20:00,No,"Cross-referenced with threat intel feed, identified C2 communication pattern, escalated to IR team.",Cloud Workload
ALT00064,Eastern Water Utility,Low,2025-09-17 17:22:00,2025-09-17 20:06:00,No,"Correlated with SIEM logs across 3 hosts, identified lateral movement attempt, escalated.",Server
ALT00065,Eastern Water Utility,Low,2025-07-22 07:07:00,2025-07-22 09:47:00,No,"Cross-referenced with threat intel feed, identified C2 communication pattern, escalated to IR team.",Endpoint
ALT00066,Eastern Water Utility,High,2025-08-22 12:55:00,2025-08-22 16:12:00,No,"Performed forensic triage on affected host, isolated system, initiated containment protocol.",Endpoint
ALT00067,Eastern Water Utility,High,2025-07-14 20:06:00,2025-07-14 23:23:00,Yes,"Correlated with SIEM logs across 3 hosts, identified lateral movement attempt, escalated.",Server
ALT00068,Eastern Water Utility,Medium,2025-07-27 03:01:00,2025-07-27 05:56:00,No,Closed as per standard procedure.,IoT Device
ALT00069,Eastern Water Utility,Medium,2025-09-30 22:22:00,2025-09-30 23:59:59,Yes,Reviewed and closed.,Cloud Workload
ALT00070,Eastern Water Utility,Critical,2025-08-04 14:29:00,2025-08-04 17:25:00,No,Reviewed and closed.,Network Device
ALT00071,Eastern Water Utility,Critical,2025-07-20 15:11:00,2025-07-20 18:34:00,No,"Correlated with SIEM logs across 3 hosts, identified lateral movement attempt, escalated.",Server
ALT00072,Eastern Water Utility,Medium,2025-09-03 07:20:00,2025-09-03 10:45:00,No,"Investigated source IP, confirmed malicious signature, blocked at firewall, root cause documented.",IoT Device
ALT00073,Eastern Water Utility,Low,2025-07-11 23:25:00,2025-07-12 02:48:00,No,"Correlated with SIEM logs across 3 hosts, identified lateral movement attempt, escalated.",Cloud Workload
ALT00074,Eastern Water Utility,Medium,2025-07-14 17:18:00,2025-07-14 20:21:00,No,Closed as per standard procedure.,Database
ALT00075,Eastern Water Utility,Low,2025-08-04 23:27:00,2025-08-05 02:47:00,No,"Cross-referenced with threat intel feed, identified C2 communication pattern, escalated to IR team.",IoT Device
ALT00076,Eastern Water Utility,Low,2025-07-05 14:56:00,2025-07-05 17:34:00,No,False positive.,Endpoint
ALT00077,Eastern Water Utility,High,2025-08-13 18:25:00,2025-08-13 21:30:00,No,No further action required.,Cloud Workload
ALT00078,Eastern Water Utility,Low,2025-08-22 21:53:00,2025-08-23 00:45:00,No,"Cross-referenced with threat intel feed, identified C2 communication pattern, escalated to IR team.",Server
ALT00079,Eastern Water Utility,Medium,2025-09-01 19:30:00,2025-09-01 22:48:00,No,No further action required.,Database
ALT00080,Eastern Water Utility,Medium,2025-09-02 21:30:00,2025-09-03 00:05:00,No,No further action required.,Server
ALT00081,Eastern Water Utility,Low,2025-09-01 06:45:00,2025-09-01 09:49:00,Yes,"Performed forensic triage on affected host, isolated system, initiated containment protocol.",Cloud Workload
ALT00082,Eastern Water Utility,Medium,2025-07-12 10:06:00,2025-07-12 13:27:00,No,"Cross-referenced with threat intel feed, identified C2 communication pattern, escalated to IR team.",Network Device
ALT00083,Eastern Water Utility,Low,2025-09-22 08:48:00,2025-09-22 11:22:00,No,No further action required.,Cloud Workload
ALT00084,Eastern Water Utility,High,2025-08-26 08:40:00,2025-08-26 11:48:00,Yes,Reviewed and closed.,Database
ALT00085,Eastern Water Utility,Low,2025-07-28 08:04:00,2025-07-28 11:14:00,No,"Correlated with SIEM logs across 3 hosts, identified lateral movement attempt, escalated.",Network Device
ALT00086,Eastern Water Utility,Medium,2025-09-14 09:50:00,2025-09-14 12:59:00,Yes,"Investigated source IP, confirmed malicious signature, blocked at firewall, root cause documented.",Endpoint
ALT00087,Eastern Water Utility,Low,2025-09-08 00:31:00,2025-09-08 03:20:00,Yes,False positive.,Network Device
ALT00088,Eastern Water Utility,Medium,2025-08-06 14:04:00,2025-08-06 17:16:00,No,"Cross-referenced with threat intel feed, identified C2 communication pattern, escalated to IR team.",Cloud Workload
ALT00089,Eastern Water Utility,High,2025-08-21 21:10:00,2025-08-21 23:49:00,Yes,"Cross-referenced with threat intel feed, identified C2 communication pattern, escalated to IR team.",Database
ALT00090,Eastern Water Utility,Critical,2025-09-26 15:08:00,2025-09-26 17:52:00,Yes,"Correlated with SIEM logs across 3 hosts, identified lateral movement attempt, escalated.",IoT Device
ALT00091,Eastern Water Utility,Medium,2025-08-03 04:37:00,2025-08-03 07:51:00,No,No further action required.,Cloud Workload
ALT00092,Eastern Water Utility,High,2025-07-03 00:42:00,2025-07-03 03:56:00,Yes,Closed as per standard procedure.,IoT Device
ALT00093,Eastern Water Utility,Medium,2025-09-05 02:37:00,2025-09-05 05:10:00,No,Reviewed and closed.,Network Device
ALT00094,Eastern Water Utility,Medium,2025-09-22 21:17:00,2025-09-23 00:25:00,No,"Correlated with SIEM logs across 3 hosts, identified lateral movement attempt, escalated.",IoT Device
ALT00001,Indus Financial Services,Critical,2025-09-29 14:47:00,2025-09-29 14:48:00,Yes,False positive.,IoT Device
ALT00002,Indus Financial Services,Critical,2025-09-13 06:40:00,2025-09-13 09:59:00,Yes,"Correlated with SIEM logs across 3 hosts, identified lateral movement attempt, escalated.",IoT Device
ALT00003,Indus Financial Services,Low,2025-07-30 19:07:00,2025-07-30 22:18:00,No,False positive.,Cloud Workload
ALT00004,Indus Financial Services,Medium,2025-09-02 09:42:00,2025-09-02 12:33:00,No,"Performed forensic triage on affected host, isolated system, initiated containment protocol.",Network Device
ALT00005,Indus Financial Services,Low,2025-08-29 05:52:00,2025-08-29 08:29:00,Yes,No further action required.,Endpoint
ALT00006,Indus Financial Services,Critical,2025-08-21 18:27:00,2025-08-21 21:42:00,Yes,"Investigated source IP, confirmed malicious signature, blocked at firewall, root cause documented.",Cloud Workload
ALT00007,Indus Financial Services,Low,2025-08-07 06:22:00,2025-08-07 09:12:00,No,"Performed forensic triage on affected host, isolated system, initiated containment protocol.",IoT Device
ALT00008,Indus Financial Services,Critical,2025-08-21 05:03:00,2025-08-21 08:11:00,Yes,Closed as per standard procedure.,Server
ALT00009,Indus Financial Services,Low,2025-08-01 14:05:00,2025-08-01 16:41:00,No,"Correlated with SIEM logs across 3 hosts, identified lateral movement attempt, escalated.",IoT Device
ALT00010,Indus Financial Services,Critical,2025-07-17 04:36:00,2025-07-17 07:39:00,No,Reviewed and closed.,Cloud Workload
ALT00011,Indus Financial Services,High,2025-09-12 21:34:00,2025-09-12 21:35:00,No,Reviewed and closed.,Network Device
ALT00012,Indus Financial Services,Medium,2025-07-23 23:20:00,2025-07-24 02:24:00,Yes,"Investigated source IP, confirmed malicious signature, blocked at firewall, root cause documented.",Database
ALT00013,Indus Financial Services,Medium,2025-09-03 16:55:00,2025-09-03 20:20:00,No,Closed as per standard procedure.,Database
ALT00014,Indus Financial Services,Medium,2025-08-28 11:37:00,2025-08-28 14:48:00,Yes,Reviewed and closed.,Network Device
ALT00015,Indus Financial Services,Low,2025-08-17 17:16:00,2025-08-17 20:41:00,No,"Investigated source IP, confirmed malicious signature, blocked at firewall, root cause documented.",Network Device
ALT00016,Indus Financial Services,Low,2025-07-02 20:19:00,2025-07-02 22:52:00,No,"Cross-referenced with threat intel feed, identified C2 communication pattern, escalated to IR team.",Server
ALT00017,Indus Financial Services,Low,2025-08-21 23:50:00,2025-08-22 03:07:00,No,"Cross-referenced with threat intel feed, identified C2 communication pattern, escalated to IR team.",Endpoint
ALT00018,Indus Financial Services,Medium,2025-08-02 17:53:00,2025-08-02 21:00:00,No,Closed as per standard procedure.,Cloud Workload
ALT00019,Indus Financial Services,Critical,2025-08-07 19:49:00,2025-08-07 22:41:00,No,Reviewed and closed.,Cloud Workload
ALT00020,Indus Financial Services,Medium,2025-09-26 14:18:00,2025-09-26 17:31:00,No,False positive.,Database
ALT00021,Indus Financial Services,High,2025-09-25 22:51:00,2025-09-26 01:51:00,No,No further action required.,IoT Device
ALT00022,Indus Financial Services,High,2025-08-17 14:32:00,2025-08-17 17:34:00,Yes,"Cross-referenced with threat intel feed, identified C2 communication pattern, escalated to IR team.",Cloud Workload
ALT00023,Indus Financial Services,Critical,2025-07-13 06:40:00,2025-07-13 06:44:00,No,Reviewed and closed.,Database
ALT00024,Indus Financial Services,Medium,2025-08-10 02:31:00,2025-08-10 05:47:00,No,"Cross-referenced with threat intel feed, identified C2 communication pattern, escalated to IR team.",Network Device
ALT00025,Indus Financial Services,Low,2025-09-04 00:15:00,2025-09-04 03:08:00,No,Closed as per standard procedure.,Database
ALT00026,Indus Financial Services,Medium,2025-07-06 17:35:00,2025-07-06 20:08:00,No,"Investigated source IP, confirmed malicious signature, blocked at firewall, root cause documented.",Server
ALT00027,Indus Financial Services,Low,2025-09-24 04:41:00,2025-09-24 08:06:00,Yes,"Performed forensic triage on affected host, isolated system, initiated containment protocol.",Network Device
ALT00028,Indus Financial Services,Medium,2025-09-09 07:37:00,2025-09-09 10:47:00,No,Reviewed and closed.,Endpoint
ALT00029,Indus Financial Services,High,2025-07-25 20:56:00,2025-07-25 23:35:00,No,"Performed forensic triage on affected host, isolated system, initiated containment protocol.",IoT Device
ALT00030,Indus Financial Services,High,2025-09-17 05:45:00,2025-09-17 05:46:00,Yes,No further action required.,Database
ALT00031,Indus Financial Services,Critical,2025-08-07 12:04:00,2025-08-07 14:47:00,Yes,"Performed forensic triage on affected host, isolated system, initiated containment protocol.",Server
ALT00032,Indus Financial Services,Low,2025-07-04 10:15:00,2025-07-04 12:47:00,Yes,No further action required.,Endpoint
ALT00033,Indus Financial Services,Critical,2025-07-10 15:25:00,2025-07-10 18:28:00,Yes,No further action required.,IoT Device
ALT00034,Indus Financial Services,Low,2025-09-24 15:57:00,2025-09-24 18:48:00,No,"Performed forensic triage on affected host, isolated system, initiated containment protocol.",Cloud Workload
ALT00035,Indus Financial Services,Medium,2025-09-13 23:23:00,2025-09-14 02:35:00,No,"Performed forensic triage on affected host, isolated system, initiated containment protocol.",IoT Device
ALT00036,Indus Financial Services,Critical,2025-07-02 19:43:00,2025-07-02 23:05:00,Yes,False positive.,Cloud Workload
ALT00037,Indus Financial Services,Low,2025-07-09 14:45:00,2025-07-09 17:35:00,No,Reviewed and closed.,Network Device
ALT00038,Indus Financial Services,Critical,2025-08-31 13:45:00,2025-08-31 17:06:00,Yes,Reviewed and closed.,Database
ALT00039,Indus Financial Services,Low,2025-08-05 13:09:00,2025-08-05 15:40:00,No,False positive.,Network Device
ALT00040,Indus Financial Services,Medium,2025-08-27 02:49:00,2025-08-27 05:56:00,No,"Investigated source IP, confirmed malicious signature, blocked at firewall, root cause documented.",Server
ALT00041,Indus Financial Services,Low,2025-09-25 22:22:00,2025-09-26 01:14:00,No,False positive.,Database
ALT00042,Indus Financial Services,High,2025-09-15 23:41:00,2025-09-15 23:45:00,Yes,Reviewed and closed.,IoT Device
ALT00043,Indus Financial Services,Low,2025-08-04 09:27:00,2025-08-04 12:09:00,Yes,No further action required.,Database
ALT00044,Indus Financial Services,Low,2025-08-31 12:21:00,2025-08-31 15:15:00,Yes,"Performed forensic triage on affected host, isolated system, initiated containment protocol.",Endpoint
ALT00045,Indus Financial Services,Medium,2025-07-02 11:32:00,2025-07-02 14:31:00,Yes,Closed as per standard procedure.,IoT Device
ALT00046,Indus Financial Services,High,2025-07-31 08:57:00,2025-07-31 08:59:00,Yes,False positive.,IoT Device
ALT00047,Indus Financial Services,Critical,2025-09-19 19:05:00,2025-09-19 19:07:00,Yes,False positive.,Cloud Workload
ALT00048,Indus Financial Services,Critical,2025-09-08 14:39:00,2025-09-08 14:43:00,No,"Cross-referenced with threat intel feed, identified C2 communication pattern, escalated to IR team.",Endpoint
ALT00049,Indus Financial Services,Medium,2025-08-18 06:33:00,2025-08-18 09:25:00,No,Reviewed and closed.,Network Device
ALT00050,Indus Financial Services,Medium,2025-07-27 15:37:00,2025-07-27 18:30:00,No,"Cross-referenced with threat intel feed, identified C2 communication pattern, escalated to IR team.",IoT Device
ALT00051,Indus Financial Services,Medium,2025-09-05 08:01:00,2025-09-05 11:14:00,No,"Correlated with SIEM logs across 3 hosts, identified lateral movement attempt, escalated.",Server
ALT00052,Indus Financial Services,Low,2025-08-24 15:19:00,2025-08-24 18:49:00,No,No further action required.,Cloud Workload
ALT00053,Indus Financial Services,High,2025-08-27 18:16:00,2025-08-27 18:18:00,Yes,"Correlated with SIEM logs across 3 hosts, identified lateral movement attempt, escalated.",Database
ALT00054,Indus Financial Services,Low,2025-08-29 14:53:00,2025-08-29 18:18:00,No,"Correlated with SIEM logs across 3 hosts, identified lateral movement attempt, escalated.",Database
ALT00055,Indus Financial Services,Low,2025-08-02 15:24:00,2025-08-02 18:47:00,No,Reviewed and closed.,Cloud Workload
ALT00056,Indus Financial Services,Low,2025-07-01 23:37:00,2025-07-02 02:56:00,No,False positive.,Endpoint
ALT00057,Indus Financial Services,Low,2025-09-26 06:52:00,2025-09-26 10:10:00,No,"Cross-referenced with threat intel feed, identified C2 communication pattern, escalated to IR team.",Endpoint
ALT00058,Indus Financial Services,Critical,2025-09-01 01:13:00,2025-09-01 04:14:00,Yes,Reviewed and closed.,Network Device
ALT00059,Indus Financial Services,Medium,2025-08-04 06:57:00,2025-08-04 10:11:00,No,"Performed forensic triage on affected host, isolated system, initiated containment protocol.",IoT Device
ALT00060,Indus Financial Services,Low,2025-08-29 15:54:00,2025-08-29 18:28:00,No,"Performed forensic triage on affected host, isolated system, initiated containment protocol.",Endpoint
ALT00001,Fortis Defense Systems,Medium,2025-08-19 10:58:00,2025-08-19 14:01:00,No,Closed as per standard procedure.,Network Device
ALT00002,Fortis Defense Systems,Critical,2025-09-19 02:59:00,2025-09-19 05:55:00,No,"Correlated with SIEM logs across 3 hosts, identified lateral movement attempt, escalated.",Network Device
ALT00003,Fortis Defense Systems,Low,2025-08-05 05:04:00,2025-08-05 08:24:00,No,False positive.,Endpoint
ALT00004,Fortis Defense Systems,Critical,2025-08-24 23:44:00,2025-08-25 02:24:00,No,Reviewed and closed.,Endpoint
ALT00005,Fortis Defense Systems,High,2025-08-21 10:46:00,2025-08-21 13:54:00,No,"Investigated source IP, confirmed malicious signature, blocked at firewall, root cause documented.",Database
ALT00006,Fortis Defense Systems,Medium,2025-07-25 20:50:00,2025-07-25 23:32:00,No,Closed as per standard procedure.,IoT Device
ALT00007,Fortis Defense Systems,Low,2025-09-19 03:51:00,2025-09-19 07:15:00,Yes,"Investigated source IP, confirmed malicious signature, blocked at firewall, root cause documented.",Database
ALT00008,Fortis Defense Systems,Low,2025-09-05 01:02:00,2025-09-05 04:07:00,No,No further action required.,Endpoint
ALT00009,Fortis Defense Systems,Low,2025-09-28 11:57:00,2025-09-28 14:28:00,No,False positive.,IoT Device
ALT00010,Fortis Defense Systems,High,2025-09-19 01:45:00,2025-09-19 04:50:00,No,Closed as per standard procedure.,Cloud Workload
ALT00011,Fortis Defense Systems,Low,2025-07-09 13:11:00,2025-07-09 15:46:00,No,"Cross-referenced with threat intel feed, identified C2 communication pattern, escalated to IR team.",Cloud Workload
ALT00012,Fortis Defense Systems,High,2025-07-09 14:59:00,2025-07-09 17:50:00,No,"Correlated with SIEM logs across 3 hosts, identified lateral movement attempt, escalated.",Server
ALT00013,Fortis Defense Systems,High,2025-07-16 21:27:00,2025-07-17 00:56:00,No,Closed as per standard procedure.,Network Device
ALT00014,Fortis Defense Systems,Low,2025-08-09 15:25:00,2025-08-09 18:14:00,Yes,False positive.,Server
ALT00015,Fortis Defense Systems,High,2025-09-04 08:45:00,2025-09-04 11:58:00,No,"Correlated with SIEM logs across 3 hosts, identified lateral movement attempt, escalated.",Cloud Workload
ALT00016,Fortis Defense Systems,Medium,2025-07-13 16:49:00,2025-07-13 20:11:00,No,"Performed forensic triage on affected host, isolated system, initiated containment protocol.",Server
ALT00017,Fortis Defense Systems,Critical,2025-08-25 21:32:00,2025-08-26 00:09:00,No,Closed as per standard procedure.,Endpoint
ALT00018,Fortis Defense Systems,Critical,2025-08-30 09:06:00,2025-08-30 11:53:00,No,Closed as per standard procedure.,Database
ALT00019,Fortis Defense Systems,Low,2025-07-19 15:44:00,2025-07-19 19:03:00,No,"Performed forensic triage on affected host, isolated system, initiated containment protocol.",Endpoint
ALT00020,Fortis Defense Systems,Medium,2025-09-16 07:46:00,2025-09-16 10:31:00,No,"Correlated with SIEM logs across 3 hosts, identified lateral movement attempt, escalated.",Cloud Workload
ALT00021,Fortis Defense Systems,High,2025-08-28 08:07:00,2025-08-28 11:03:00,No,False positive.,IoT Device
ALT00022,Fortis Defense Systems,Critical,2025-08-09 10:11:00,2025-08-09 12:45:00,No,"Investigated source IP, confirmed malicious signature, blocked at firewall, root cause documented.",Network Device
ALT00023,Fortis Defense Systems,Medium,2025-08-02 17:46:00,2025-08-02 20:19:00,No,Reviewed and closed.,Cloud Workload
ALT00024,Fortis Defense Systems,Low,2025-09-29 01:51:00,2025-09-29 04:37:00,No,Closed as per standard procedure.,Endpoint
ALT00025,Fortis Defense Systems,Critical,2025-08-13 14:22:00,2025-08-13 17:24:00,No,"Performed forensic triage on affected host, isolated system, initiated containment protocol.",IoT Device
ALT00026,Fortis Defense Systems,Medium,2025-07-28 19:00:00,2025-07-28 22:07:00,No,"Performed forensic triage on affected host, isolated system, initiated containment protocol.",Cloud Workload
ALT00027,Fortis Defense Systems,Critical,2025-09-29 10:01:00,2025-09-29 13:15:00,Yes,"Performed forensic triage on affected host, isolated system, initiated containment protocol.",Cloud Workload
ALT00028,Fortis Defense Systems,Medium,2025-07-19 00:05:00,2025-07-19 03:14:00,Yes,False positive.,Database
ALT00029,Fortis Defense Systems,Critical,2025-09-26 15:16:00,2025-09-26 18:32:00,No,Reviewed and closed.,Endpoint
ALT00030,Fortis Defense Systems,Low,2025-08-18 21:19:00,2025-08-18 23:53:00,Yes,False positive.,Database
ALT00031,Fortis Defense Systems,Low,2025-07-12 07:20:00,2025-07-12 10:38:00,Yes,No further action required.,IoT Device
ALT00032,Fortis Defense Systems,Medium,2025-08-01 10:27:00,2025-08-01 13:47:00,No,False positive.,Network Device
ALT00033,Fortis Defense Systems,Critical,2025-08-17 16:07:00,2025-08-17 18:58:00,No,Closed as per standard procedure.,Database
ALT00034,Fortis Defense Systems,Medium,2025-09-04 10:01:00,2025-09-04 13:19:00,Yes,"Cross-referenced with threat intel feed, identified C2 communication pattern, escalated to IR team.",IoT Device
ALT00035,Fortis Defense Systems,Low,2025-07-20 08:51:00,2025-07-20 11:52:00,No,"Correlated with SIEM logs across 3 hosts, identified lateral movement attempt, escalated.",Endpoint
ALT00036,Fortis Defense Systems,Medium,2025-08-30 10:44:00,2025-08-30 13:25:00,No,False positive.,Cloud Workload
ALT00037,Fortis Defense Systems,High,2025-07-25 03:02:00,2025-07-25 05:47:00,No,"Performed forensic triage on affected host, isolated system, initiated containment protocol.",Server
ALT00038,Fortis Defense Systems,Low,2025-08-09 17:37:00,2025-08-09 20:30:00,Yes,"Correlated with SIEM logs across 3 hosts, identified lateral movement attempt, escalated.",IoT Device
ALT00039,Fortis Defense Systems,Low,2025-09-01 23:59:00,2025-09-02 02:49:00,No,"Investigated source IP, confirmed malicious signature, blocked at firewall, root cause documented.",Network Device
ALT00040,Fortis Defense Systems,Low,2025-07-01 12:36:00,2025-07-01 15:34:00,No,Reviewed and closed.,Endpoint
ALT00041,Fortis Defense Systems,Medium,2025-08-21 02:00:00,2025-08-21 05:26:00,No,Reviewed and closed.,Endpoint
ALT00042,Fortis Defense Systems,High,2025-07-14 16:05:00,2025-07-14 19:10:00,No,No further action required.,Endpoint
ALT00043,Fortis Defense Systems,Low,2025-08-20 20:30:00,2025-08-20 23:24:00,No,"Correlated with SIEM logs across 3 hosts, identified lateral movement attempt, escalated.",Server
ALT00044,Fortis Defense Systems,Low,2025-09-05 08:33:00,2025-09-05 11:17:00,No,"Investigated source IP, confirmed malicious signature, blocked at firewall, root cause documented.",Network Device
ALT00045,Fortis Defense Systems,Critical,2025-09-23 02:33:00,2025-09-23 05:50:00,No,"Correlated with SIEM logs across 3 hosts, identified lateral movement attempt, escalated.",IoT Device
ALT00046,Fortis Defense Systems,Low,2025-07-10 17:55:00,2025-07-10 20:52:00,No,Closed as per standard procedure.,Database
ALT00047,Fortis Defense Systems,Low,2025-08-17 08:31:00,2025-08-17 11:43:00,No,"Performed forensic triage on affected host, isolated system, initiated containment protocol.",Cloud Workload
ALT00048,Fortis Defense Systems,Low,2025-07-04 10:10:00,2025-07-04 13:19:00,No,"Performed forensic triage on affected host, isolated system, initiated containment protocol.",Database
ALT00049,Fortis Defense Systems,Critical,2025-08-28 15:10:00,2025-08-28 18:01:00,No,False positive.,Cloud Workload
ALT00050,Fortis Defense Systems,Low,2025-08-27 12:21:00,2025-08-27 14:54:00,No,No further action required.,IoT Device
ALT00051,Fortis Defense Systems,Low,2025-09-02 02:27:00,2025-09-02 05:03:00,Yes,"Correlated with SIEM logs across 3 hosts, identified lateral movement attempt, escalated.",Cloud Workload
ALT00052,Fortis Defense Systems,Low,2025-09-09 14:26:00,2025-09-09 17:26:00,No,False positive.,Database
ALT00053,Fortis Defense Systems,Medium,2025-08-20 18:32:00,2025-08-20 21:19:00,Yes,No further action required.,Endpoint
ALT00054,Fortis Defense Systems,Medium,2025-08-12 11:29:00,2025-08-12 14:24:00,No,Closed as per standard procedure.,Database
ALT00055,Fortis Defense Systems,Critical,2025-07-24 15:34:00,2025-07-24 18:18:00,No,Closed as per standard procedure.,Endpoint
ALT00056,Fortis Defense Systems,Medium,2025-07-16 13:13:00,2025-07-16 16:11:00,No,"Investigated source IP, confirmed malicious signature, blocked at firewall, root cause documented.",Endpoint
ALT00057,Fortis Defense Systems,Low,2025-07-14 13:06:00,2025-07-14 16:33:00,Yes,False positive.,Database
ALT00058,Fortis Defense Systems,Critical,2025-07-26 07:45:00,2025-07-26 11:13:00,No,"Investigated source IP, confirmed malicious signature, blocked at firewall, root cause documented.",Network Device
ALT00059,Fortis Defense Systems,Low,2025-07-15 16:30:00,2025-07-15 19:38:00,No,False positive.,IoT Device
ALT00060,Fortis Defense Systems,Low,2025-07-28 08:27:00,2025-07-28 11:41:00,Yes,No further action required.,IoT Device
ALT00061,Fortis Defense Systems,Low,2025-09-04 12:25:00,2025-09-04 15:25:00,No,Closed as per standard procedure.,IoT Device
ALT00062,Fortis Defense Systems,Low,2025-08-04 19:21:00,2025-08-04 22:29:00,No,"Investigated source IP, confirmed malicious signature, blocked at firewall, root cause documented.",IoT Device
ALT00063,Fortis Defense Systems,Medium,2025-08-07 07:41:00,2025-08-07 10:52:00,No,False positive.,Network Device
ALT00064,Fortis Defense Systems,Medium,2025-07-30 03:34:00,2025-07-30 06:07:00,No,False positive.,Database
ALT00065,Fortis Defense Systems,Critical,2025-07-23 02:20:00,2025-07-23 05:10:00,No,No further action required.,Database
ALT00066,Fortis Defense Systems,Medium,2025-07-03 16:16:00,2025-07-03 19:17:00,No,No further action required.,Database
ALT00067,Fortis Defense Systems,Medium,2025-08-01 11:21:00,2025-08-01 14:46:00,No,"Correlated with SIEM logs across 3 hosts, identified lateral movement attempt, escalated.",IoT Device
ALT00068,Fortis Defense Systems,Critical,2025-09-13 01:18:00,2025-09-13 03:54:00,No,Closed as per standard procedure.,Cloud Workload
ALT00069,Fortis Defense Systems,High,2025-08-08 00:42:00,2025-08-08 03:49:00,No,"Correlated with SIEM logs across 3 hosts, identified lateral movement attempt, escalated.",Endpoint
ALT00070,Fortis Defense Systems,Low,2025-09-30 03:36:00,2025-09-30 06:08:00,No,"Investigated source IP, confirmed malicious signature, blocked at firewall, root cause documented.",Cloud Workload
ALT00071,Fortis Defense Systems,Low,2025-07-09 18:14:00,2025-07-09 20:46:00,No,"Performed forensic triage on affected host, isolated system, initiated containment protocol.",Network Device
ALT00072,Fortis Defense Systems,High,2025-09-08 05:41:00,2025-09-08 08:40:00,No,Closed as per standard procedure.,IoT Device
ALT00073,Fortis Defense Systems,Low,2025-09-03 15:55:00,2025-09-03 19:01:00,Yes,"Cross-referenced with threat intel feed, identified C2 communication pattern, escalated to IR team.",Cloud Workload
ALT00074,Fortis Defense Systems,High,2025-08-10 09:04:00,2025-08-10 12:32:00,No,"Performed forensic triage on affected host, isolated system, initiated containment protocol.",Network Device
ALT00075,Fortis Defense Systems,Medium,2025-08-17 07:17:00,2025-08-17 09:56:00,No,"Correlated with SIEM logs across 3 hosts, identified lateral movement attempt, escalated.",Server
ALT00076,Fortis Defense Systems,Low,2025-09-03 19:10:00,2025-09-03 22:27:00,No,"Performed forensic triage on affected host, isolated system, initiated containment protocol.",IoT Device
ALT00077,Fortis Defense Systems,Low,2025-09-24 16:26:00,2025-09-24 19:49:00,Yes,"Cross-referenced with threat intel feed, identified C2 communication pattern, escalated to IR team.",Database
ALT00078,Fortis Defense Systems,Medium,2025-07-03 16:37:00,2025-07-03 19:28:00,No,No further action required.,Endpoint
ALT00079,Fortis Defense Systems,Medium,2025-07-08 09:27:00,2025-07-08 12:18:00,No,"Correlated with SIEM logs across 3 hosts, identified lateral movement attempt, escalated.",Endpoint
ALT00080,Fortis Defense Systems,Low,2025-08-11 22:18:00,2025-08-12 01:08:00,Yes,"Investigated source IP, confirmed malicious signature, blocked at firewall, root cause documented.",Network Device
ALT00081,Fortis Defense Systems,Low,2025-08-08 03:24:00,2025-08-08 06:49:00,No,Reviewed and closed.,Server
ALT00082,Fortis Defense Systems,Low,2025-08-02 16:37:00,2025-08-02 19:20:00,No,No further action required.,Database
ALT00083,Fortis Defense Systems,Medium,2025-09-27 10:19:00,2025-09-27 13:03:00,No,No further action required.,Cloud Workload
ALT00084,Fortis Defense Systems,Low,2025-09-26 13:54:00,2025-09-26 17:15:00,Yes,"Cross-referenced with threat intel feed, identified C2 communication pattern, escalated to IR team.",Server
ALT00085,Fortis Defense Systems,Low,2025-09-01 11:54:00,2025-09-01 14:47:00,No,"Investigated source IP, confirmed malicious signature, blocked at firewall, root cause documented.",Server
ALT00086,Fortis Defense Systems,Low,2025-09-23 05:29:00,2025-09-23 08:59:00,No,Closed as per standard procedure.,IoT Device
ALT00087,Fortis Defense Systems,Medium,2025-07-09 03:49:00,2025-07-09 06:45:00,No,No further action required.,IoT Device
ALT00088,Fortis Defense Systems,Low,2025-09-26 15:29:00,2025-09-26 18:03:00,No,No further action required.,Server
ALT00089,Fortis Defense Systems,Low,2025-09-05 14:13:00,2025-09-05 17:37:00,No,"Cross-referenced with threat intel feed, identified C2 communication pattern, escalated to IR team.",Server
ALT00090,Fortis Defense Systems,Low,2025-09-18 23:40:00,2025-09-19 03:04:00,Yes,"Investigated source IP, confirmed malicious signature, blocked at firewall, root cause documented.",IoT Device
ALT00091,Fortis Defense Systems,Low,2025-09-13 18:24:00,2025-09-13 21:08:00,Yes,"Cross-referenced with threat intel feed, identified C2 communication pattern, escalated to IR team.",Database
ALT00092,Fortis Defense Systems,Low,2025-07-19 13:24:00,2025-07-19 16:26:00,No,No further action required.,Network Device
ALT00093,Fortis Defense Systems,Low,2025-07-01 07:54:00,2025-07-01 10:56:00,Yes,"Cross-referenced with threat intel feed, identified C2 communication pattern, escalated to IR team.",Database
ALT00094,Fortis Defense Systems,Low,2025-07-21 07:53:00,2025-07-21 10:36:00,No,No further action required.,Database
ALT00095,Fortis Defense Systems,Medium,2025-09-28 15:01:00,2025-09-28 17:48:00,No,Reviewed and closed.,Endpoint
ALT00001,Ganga Oil & Gas,Low,2025-07-13 00:28:00,2025-07-13 03:26:00,No,False positive.,IoT Device
ALT00002,Ganga Oil & Gas,Medium,2025-07-10 22:47:00,2025-07-11 01:37:00,Yes,"Investigated source IP, confirmed malicious signature, blocked at firewall, root cause documented.",Endpoint
ALT00003,Ganga Oil & Gas,Critical,2025-07-10 00:18:00,2025-07-10 03:20:00,Yes,No further action required.,Database
ALT00004,Ganga Oil & Gas,Low,2025-09-02 17:25:00,2025-09-02 20:09:00,No,"Correlated with SIEM logs across 3 hosts, identified lateral movement attempt, escalated.",Database
ALT00005,Ganga Oil & Gas,Critical,2025-08-01 18:53:00,2025-08-01 21:46:00,No,"Performed forensic triage on affected host, isolated system, initiated containment protocol.",Cloud Workload
ALT00006,Ganga Oil & Gas,Low,2025-07-11 01:55:00,2025-07-11 04:47:00,Yes,"Performed forensic triage on affected host, isolated system, initiated containment protocol.",IoT Device
ALT00007,Ganga Oil & Gas,Medium,2025-08-02 20:28:00,2025-08-02 23:08:00,No,"Cross-referenced with threat intel feed, identified C2 communication pattern, escalated to IR team.",Network Device
ALT00008,Ganga Oil & Gas,Medium,2025-09-08 10:46:00,2025-09-08 13:26:00,No,Closed as per standard procedure.,IoT Device
ALT00009,Ganga Oil & Gas,Critical,2025-09-13 20:12:00,2025-09-13 22:50:00,Yes,False positive.,Endpoint
ALT00010,Ganga Oil & Gas,High,2025-09-23 13:10:00,2025-09-23 16:22:00,No,"Investigated source IP, confirmed malicious signature, blocked at firewall, root cause documented.",Cloud Workload
ALT00011,Ganga Oil & Gas,Medium,2025-08-17 02:26:00,2025-08-17 05:54:00,No,False positive.,Network Device
ALT00012,Ganga Oil & Gas,Low,2025-09-03 14:26:00,2025-09-03 17:05:00,Yes,"Performed forensic triage on affected host, isolated system, initiated containment protocol.",Endpoint
ALT00013,Ganga Oil & Gas,Medium,2025-07-17 06:01:00,2025-07-17 08:40:00,No,"Cross-referenced with threat intel feed, identified C2 communication pattern, escalated to IR team.",Server
ALT00014,Ganga Oil & Gas,Low,2025-07-25 03:33:00,2025-07-25 06:55:00,Yes,Closed as per standard procedure.,Endpoint
ALT00015,Ganga Oil & Gas,Medium,2025-09-04 21:33:00,2025-09-05 01:02:00,No,"Investigated source IP, confirmed malicious signature, blocked at firewall, root cause documented.",Endpoint
ALT00016,Ganga Oil & Gas,Critical,2025-09-17 10:22:00,2025-09-17 12:54:00,No,"Investigated source IP, confirmed malicious signature, blocked at firewall, root cause documented.",Cloud Workload
ALT00017,Ganga Oil & Gas,Critical,2025-07-07 07:43:00,2025-07-07 11:13:00,Yes,Reviewed and closed.,Endpoint
ALT00018,Ganga Oil & Gas,Low,2025-09-23 07:22:00,2025-09-23 10:15:00,No,No further action required.,Network Device
ALT00019,Ganga Oil & Gas,Medium,2025-09-29 13:43:00,2025-09-29 16:25:00,Yes,No further action required.,Cloud Workload
ALT00020,Ganga Oil & Gas,Low,2025-07-06 02:03:00,2025-07-06 05:27:00,No,"Investigated source IP, confirmed malicious signature, blocked at firewall, root cause documented.",Network Device
ALT00021,Ganga Oil & Gas,Low,2025-07-10 21:06:00,2025-07-11 00:15:00,Yes,False positive.,Server
ALT00022,Ganga Oil & Gas,High,2025-07-01 18:20:00,2025-07-01 21:36:00,No,"Cross-referenced with threat intel feed, identified C2 communication pattern, escalated to IR team.",Network Device
ALT00023,Ganga Oil & Gas,Medium,2025-07-05 14:39:00,2025-07-05 17:09:00,No,"Performed forensic triage on affected host, isolated system, initiated containment protocol.",Network Device
ALT00024,Ganga Oil & Gas,Low,2025-07-17 19:31:00,2025-07-17 22:14:00,No,"Cross-referenced with threat intel feed, identified C2 communication pattern, escalated to IR team.",Database
ALT00025,Ganga Oil & Gas,Medium,2025-07-16 16:17:00,2025-07-16 19:45:00,No,"Investigated source IP, confirmed malicious signature, blocked at firewall, root cause documented.",Server
ALT00026,Ganga Oil & Gas,Medium,2025-07-08 17:42:00,2025-07-08 20:25:00,No,"Cross-referenced with threat intel feed, identified C2 communication pattern, escalated to IR team.",Server
ALT00027,Ganga Oil & Gas,Medium,2025-07-29 21:30:00,2025-07-30 00:30:00,No,"Performed forensic triage on affected host, isolated system, initiated containment protocol.",Database
ALT00028,Ganga Oil & Gas,Low,2025-09-27 05:02:00,2025-09-27 07:43:00,Yes,False positive.,Database
ALT00029,Ganga Oil & Gas,Medium,2025-08-29 07:02:00,2025-08-29 10:06:00,No,"Investigated source IP, confirmed malicious signature, blocked at firewall, root cause documented.",Cloud Workload
ALT00030,Ganga Oil & Gas,High,2025-08-18 16:30:00,2025-08-18 19:37:00,Yes,"Cross-referenced with threat intel feed, identified C2 communication pattern, escalated to IR team.",Database
ALT00031,Ganga Oil & Gas,Low,2025-08-05 01:13:00,2025-08-05 03:46:00,Yes,"Cross-referenced with threat intel feed, identified C2 communication pattern, escalated to IR team.",Endpoint
ALT00032,Ganga Oil & Gas,Medium,2025-09-01 07:43:00,2025-09-01 10:14:00,No,"Investigated source IP, confirmed malicious signature, blocked at firewall, root cause documented.",Server
ALT00033,Ganga Oil & Gas,Medium,2025-09-22 13:31:00,2025-09-22 17:00:00,Yes,"Cross-referenced with threat intel feed, identified C2 communication pattern, escalated to IR team.",Cloud Workload
ALT00034,Ganga Oil & Gas,Medium,2025-08-26 00:13:00,2025-08-26 03:16:00,No,"Correlated with SIEM logs across 3 hosts, identified lateral movement attempt, escalated.",Network Device
ALT00035,Ganga Oil & Gas,Medium,2025-09-05 01:03:00,2025-09-05 04:15:00,No,Closed as per standard procedure.,Cloud Workload
ALT00036,Ganga Oil & Gas,Medium,2025-08-01 01:12:00,2025-08-01 04:18:00,No,"Performed forensic triage on affected host, isolated system, initiated containment protocol.",Server
ALT00037,Ganga Oil & Gas,Medium,2025-09-10 09:33:00,2025-09-10 12:47:00,No,Reviewed and closed.,IoT Device
ALT00038,Ganga Oil & Gas,Low,2025-09-24 13:03:00,2025-09-24 15:55:00,No,"Cross-referenced with threat intel feed, identified C2 communication pattern, escalated to IR team.",IoT Device
ALT00039,Ganga Oil & Gas,Low,2025-07-05 00:37:00,2025-07-05 03:29:00,No,"Cross-referenced with threat intel feed, identified C2 communication pattern, escalated to IR team.",Server
ALT00040,Ganga Oil & Gas,Medium,2025-07-05 21:22:00,2025-07-06 00:32:00,Yes,Closed as per standard procedure.,Server
ALT00041,Ganga Oil & Gas,Low,2025-08-05 23:32:00,2025-08-06 02:31:00,No,False positive.,Server
ALT00042,Ganga Oil & Gas,Medium,2025-07-30 10:07:00,2025-07-30 12:55:00,No,Closed as per standard procedure.,Database
ALT00043,Ganga Oil & Gas,Low,2025-07-13 22:13:00,2025-07-14 01:31:00,No,Reviewed and closed.,Network Device
ALT00044,Ganga Oil & Gas,Critical,2025-09-08 11:53:00,2025-09-08 14:43:00,Yes,False positive.,Database
ALT00045,Ganga Oil & Gas,Medium,2025-08-24 06:40:00,2025-08-24 09:51:00,No,"Correlated with SIEM logs across 3 hosts, identified lateral movement attempt, escalated.",Cloud Workload
ALT00046,Ganga Oil & Gas,High,2025-09-27 07:37:00,2025-09-27 10:48:00,Yes,"Cross-referenced with threat intel feed, identified C2 communication pattern, escalated to IR team.",Cloud Workload
ALT00047,Ganga Oil & Gas,Low,2025-07-29 21:13:00,2025-07-30 00:42:00,No,False positive.,Server
ALT00048,Ganga Oil & Gas,Medium,2025-07-16 09:36:00,2025-07-16 12:20:00,Yes,"Correlated with SIEM logs across 3 hosts, identified lateral movement attempt, escalated.",Endpoint
ALT00049,Ganga Oil & Gas,High,2025-07-18 15:55:00,2025-07-18 19:01:00,No,"Cross-referenced with threat intel feed, identified C2 communication pattern, escalated to IR team.",Endpoint
ALT00050,Ganga Oil & Gas,Medium,2025-07-24 11:58:00,2025-07-24 14:49:00,No,"Investigated source IP, confirmed malicious signature, blocked at firewall, root cause documented.",Database
ALT00051,Ganga Oil & Gas,Medium,2025-07-18 03:44:00,2025-07-18 07:12:00,No,Reviewed and closed.,Database
ALT00052,Ganga Oil & Gas,Low,2025-07-28 21:46:00,2025-07-29 00:56:00,No,Closed as per standard procedure.,IoT Device
ALT00053,Ganga Oil & Gas,Low,2025-07-13 18:51:00,2025-07-13 21:55:00,No,"Investigated source IP, confirmed malicious signature, blocked at firewall, root cause documented.",Network Device
ALT00054,Ganga Oil & Gas,Low,2025-09-14 04:34:00,2025-09-14 07:24:00,No,No further action required.,Network Device
ALT00055,Ganga Oil & Gas,Medium,2025-09-04 11:24:00,2025-09-04 14:07:00,No,"Performed forensic triage on affected host, isolated system, initiated containment protocol.",Endpoint
ALT00056,Ganga Oil & Gas,High,2025-08-31 03:07:00,2025-08-31 06:34:00,No,"Performed forensic triage on affected host, isolated system, initiated containment protocol.",IoT Device
ALT00057,Ganga Oil & Gas,Low,2025-09-08 10:01:00,2025-09-08 13:22:00,No,Reviewed and closed.,IoT Device
ALT00058,Ganga Oil & Gas,High,2025-07-01 22:33:00,2025-07-02 01:38:00,Yes,No further action required.,Database
ALT00059,Ganga Oil & Gas,Low,2025-08-02 02:04:00,2025-08-02 05:30:00,Yes,False positive.,IoT Device
ALT00060,Ganga Oil & Gas,Critical,2025-09-26 05:46:00,2025-09-26 08:29:00,Yes,"Cross-referenced with threat intel feed, identified C2 communication pattern, escalated to IR team.",Server
ALT00061,Ganga Oil & Gas,High,2025-09-24 17:59:00,2025-09-24 20:55:00,Yes,False positive.,IoT Device
ALT00062,Ganga Oil & Gas,Low,2025-09-22 23:35:00,2025-09-23 02:28:00,Yes,Reviewed and closed.,Network Device
ALT00063,Ganga Oil & Gas,Critical,2025-09-09 18:37:00,2025-09-09 21:29:00,Yes,No further action required.,Database
ALT00064,Ganga Oil & Gas,High,2025-07-01 07:02:00,2025-07-01 10:18:00,Yes,Closed as per standard procedure.,Server
ALT00065,Ganga Oil & Gas,Critical,2025-07-05 04:30:00,2025-07-05 07:04:00,Yes,"Correlated with SIEM logs across 3 hosts, identified lateral movement attempt, escalated.",Server
ALT00066,Ganga Oil & Gas,Medium,2025-08-14 16:45:00,2025-08-14 20:14:00,No,Reviewed and closed.,Network Device
ALT00067,Ganga Oil & Gas,Low,2025-09-07 16:32:00,2025-09-07 19:10:00,No,"Cross-referenced with threat intel feed, identified C2 communication pattern, escalated to IR team.",Endpoint
ALT00068,Ganga Oil & Gas,Low,2025-07-29 02:18:00,2025-07-29 05:18:00,No,False positive.,Server
ALT00069,Ganga Oil & Gas,Medium,2025-07-14 21:09:00,2025-07-15 00:28:00,No,No further action required.,Database
ALT00070,Ganga Oil & Gas,Low,2025-09-18 16:28:00,2025-09-18 19:20:00,No,"Investigated source IP, confirmed malicious signature, blocked at firewall, root cause documented.",Database
ALT00071,Ganga Oil & Gas,Low,2025-07-07 09:59:00,2025-07-07 12:34:00,No,"Performed forensic triage on affected host, isolated system, initiated containment protocol.",Database
ALT00072,Ganga Oil & Gas,Critical,2025-08-26 06:12:00,2025-08-26 09:36:00,No,No further action required.,Database
ALT00073,Ganga Oil & Gas,Critical,2025-08-15 00:42:00,2025-08-15 04:05:00,Yes,Reviewed and closed.,Database
ALT00074,Ganga Oil & Gas,Medium,2025-09-15 15:02:00,2025-09-15 17:57:00,Yes,Reviewed and closed.,Server
ALT00075,Ganga Oil & Gas,Medium,2025-09-28 08:14:00,2025-09-28 11:05:00,No,"Cross-referenced with threat intel feed, identified C2 communication pattern, escalated to IR team.",Server
ALT00076,Ganga Oil & Gas,Critical,2025-08-01 07:38:00,2025-08-01 10:23:00,Yes,Closed as per standard procedure.,IoT Device
ALT00077,Ganga Oil & Gas,Medium,2025-08-08 06:07:00,2025-08-08 08:39:00,No,"Cross-referenced with threat intel feed, identified C2 communication pattern, escalated to IR team.",Endpoint
ALT00078,Ganga Oil & Gas,High,2025-09-25 09:07:00,2025-09-25 11:41:00,Yes,Reviewed and closed.,Server
ALT00079,Ganga Oil & Gas,Critical,2025-07-20 05:10:00,2025-07-20 08:02:00,Yes,Closed as per standard procedure.,Cloud Workload
ALT00080,Ganga Oil & Gas,Low,2025-08-14 14:41:00,2025-08-14 18:02:00,Yes,Closed as per standard procedure.,Network Device
ALT00081,Ganga Oil & Gas,Medium,2025-08-17 02:16:00,2025-08-17 04:50:00,No,Closed as per standard procedure.,Network Device
ALT00082,Ganga Oil & Gas,Critical,2025-07-19 13:58:00,2025-07-19 16:54:00,Yes,False positive.,Database
ALT00083,Ganga Oil & Gas,Critical,2025-08-07 11:57:00,2025-08-07 14:27:00,No,No further action required.,Server
ALT00084,Ganga Oil & Gas,High,2025-09-23 11:27:00,2025-09-23 14:40:00,Yes,"Investigated source IP, confirmed malicious signature, blocked at firewall, root cause documented.",Database
ALT00085,Ganga Oil & Gas,High,2025-09-23 16:47:00,2025-09-23 19:44:00,No,"Investigated source IP, confirmed malicious signature, blocked at firewall, root cause documented.",Database
ALT00086,Ganga Oil & Gas,Medium,2025-08-21 03:52:00,2025-08-21 06:56:00,No,Closed as per standard procedure.,Database
ALT00087,Ganga Oil & Gas,Low,2025-09-14 09:36:00,2025-09-14 12:22:00,Yes,False positive.,IoT Device
ALT00088,Ganga Oil & Gas,Medium,2025-07-05 10:54:00,2025-07-05 13:51:00,No,No further action required.,Server
ALT00089,Ganga Oil & Gas,High,2025-09-19 13:49:00,2025-09-19 16:56:00,Yes,False positive.,Cloud Workload
ALT00090,Ganga Oil & Gas,Low,2025-09-21 17:30:00,2025-09-21 20:32:00,No,"Correlated with SIEM logs across 3 hosts, identified lateral movement attempt, escalated.",Cloud Workload
ALT00091,Ganga Oil & Gas,Low,2025-07-16 13:06:00,2025-07-16 15:52:00,No,"Performed forensic triage on affected host, isolated system, initiated containment protocol.",IoT Device
ALT00092,Ganga Oil & Gas,Medium,2025-09-16 07:57:00,2025-09-16 10:42:00,Yes,"Performed forensic triage on affected host, isolated system, initiated containment protocol.",Server
ALT00093,Ganga Oil & Gas,High,2025-09-27 13:22:00,2025-09-27 16:06:00,Yes,"Investigated source IP, confirmed malicious signature, blocked at firewall, root cause documented.",Server
ALT00094,Ganga Oil & Gas,High,2025-09-08 17:20:00,2025-09-08 20:26:00,Yes,False positive.,IoT Device
ALT00001,Bharat Telecom Networks,High,2025-08-12 05:11:00,2025-08-12 08:24:00,Yes,"Cross-referenced with threat intel feed, identified C2 communication pattern, escalated to IR team.",Cloud Workload
ALT00002,Bharat Telecom Networks,Low,2025-09-30 06:37:00,2025-09-30 09:41:00,No,No further action required.,Database
ALT00003,Bharat Telecom Networks,Low,2025-07-13 13:26:00,2025-07-13 16:48:00,Yes,Closed as per standard procedure.,Endpoint
ALT00004,Bharat Telecom Networks,Medium,2025-09-11 09:23:00,2025-09-11 12:00:00,No,"Performed forensic triage on affected host, isolated system, initiated containment protocol.",Network Device
ALT00005,Bharat Telecom Networks,Critical,2025-07-22 21:33:00,2025-07-23 00:08:00,Yes,No further action required.,Server
ALT00006,Bharat Telecom Networks,Low,2025-08-26 00:32:00,2025-08-26 04:01:00,Yes,Reviewed and closed.,Cloud Workload
ALT00007,Bharat Telecom Networks,Medium,2025-07-16 15:28:00,2025-07-16 18:52:00,No,"Investigated source IP, confirmed malicious signature, blocked at firewall, root cause documented.",Network Device
ALT00008,Bharat Telecom Networks,Medium,2025-07-24 00:40:00,2025-07-24 03:12:00,No,"Correlated with SIEM logs across 3 hosts, identified lateral movement attempt, escalated.",Database
ALT00009,Bharat Telecom Networks,High,2025-07-28 11:43:00,2025-07-28 14:55:00,Yes,"Investigated source IP, confirmed malicious signature, blocked at firewall, root cause documented.",IoT Device
ALT00010,Bharat Telecom Networks,Low,2025-09-25 00:18:00,2025-09-25 03:18:00,Yes,"Correlated with SIEM logs across 3 hosts, identified lateral movement attempt, escalated.",Database
ALT00011,Bharat Telecom Networks,Critical,2025-09-21 11:02:00,2025-09-21 13:49:00,Yes,False positive.,IoT Device
ALT00012,Bharat Telecom Networks,Medium,2025-09-27 17:58:00,2025-09-27 21:04:00,No,"Performed forensic triage on affected host, isolated system, initiated containment protocol.",Network Device
ALT00013,Bharat Telecom Networks,Medium,2025-07-13 03:51:00,2025-07-13 06:57:00,No,No further action required.,Database
ALT00014,Bharat Telecom Networks,Low,2025-09-24 16:54:00,2025-09-24 19:49:00,No,No further action required.,Cloud Workload
ALT00015,Bharat Telecom Networks,Low,2025-08-24 02:05:00,2025-08-24 05:01:00,No,"Correlated with SIEM logs across 3 hosts, identified lateral movement attempt, escalated.",Endpoint
ALT00016,Bharat Telecom Networks,Critical,2025-07-14 11:20:00,2025-07-14 14:33:00,Yes,Closed as per standard procedure.,Database
ALT00017,Bharat Telecom Networks,Critical,2025-08-02 23:08:00,2025-08-03 02:35:00,Yes,"Investigated source IP, confirmed malicious signature, blocked at firewall, root cause documented.",Endpoint
ALT00018,Bharat Telecom Networks,Low,2025-07-22 08:28:00,2025-07-22 11:09:00,No,False positive.,IoT Device
ALT00019,Bharat Telecom Networks,Medium,2025-09-22 05:56:00,2025-09-22 09:06:00,No,"Performed forensic triage on affected host, isolated system, initiated containment protocol.",Endpoint
ALT00020,Bharat Telecom Networks,Medium,2025-08-04 22:48:00,2025-08-05 01:40:00,No,"Cross-referenced with threat intel feed, identified C2 communication pattern, escalated to IR team.",Cloud Workload
ALT00021,Bharat Telecom Networks,High,2025-08-08 07:02:00,2025-08-08 09:34:00,No,"Performed forensic triage on affected host, isolated system, initiated containment protocol.",Cloud Workload
ALT00022,Bharat Telecom Networks,Critical,2025-09-02 07:06:00,2025-09-02 09:57:00,No,False positive.,Server
ALT00023,Bharat Telecom Networks,Medium,2025-07-16 04:07:00,2025-07-16 06:59:00,No,"Investigated source IP, confirmed malicious signature, blocked at firewall, root cause documented.",Network Device
ALT00024,Bharat Telecom Networks,High,2025-08-25 06:15:00,2025-08-25 09:09:00,Yes,"Investigated source IP, confirmed malicious signature, blocked at firewall, root cause documented.",Database
ALT00025,Bharat Telecom Networks,High,2025-09-28 05:38:00,2025-09-28 09:01:00,Yes,Reviewed and closed.,Cloud Workload
ALT00026,Bharat Telecom Networks,Low,2025-07-03 05:51:00,2025-07-03 08:55:00,No,Reviewed and closed.,IoT Device
ALT00027,Bharat Telecom Networks,Low,2025-09-10 13:24:00,2025-09-10 16:33:00,No,No further action required.,Database
ALT00028,Bharat Telecom Networks,Critical,2025-09-22 17:07:00,2025-09-22 20:01:00,Yes,"Performed forensic triage on affected host, isolated system, initiated containment protocol.",Database
ALT00029,Bharat Telecom Networks,Medium,2025-09-30 00:34:00,2025-09-30 04:02:00,Yes,Closed as per standard procedure.,Database
ALT00030,Bharat Telecom Networks,Medium,2025-08-06 20:17:00,2025-08-06 23:15:00,Yes,"Correlated with SIEM logs across 3 hosts, identified lateral movement attempt, escalated.",Network Device
ALT00031,Bharat Telecom Networks,Low,2025-07-06 03:34:00,2025-07-06 06:36:00,No,No further action required.,Endpoint
ALT00032,Bharat Telecom Networks,Low,2025-08-17 11:58:00,2025-08-17 14:55:00,No,Closed as per standard procedure.,Database
ALT00033,Bharat Telecom Networks,Medium,2025-09-16 04:30:00,2025-09-16 07:06:00,No,No further action required.,Cloud Workload
ALT00034,Bharat Telecom Networks,High,2025-09-02 07:45:00,2025-09-02 10:55:00,Yes,Closed as per standard procedure.,IoT Device
ALT00035,Bharat Telecom Networks,Medium,2025-08-01 18:47:00,2025-08-01 22:10:00,Yes,False positive.,Database
ALT00036,Bharat Telecom Networks,Low,2025-08-21 05:10:00,2025-08-21 08:23:00,No,No further action required.,Server
ALT00037,Bharat Telecom Networks,Medium,2025-07-12 03:03:00,2025-07-12 06:07:00,No,"Correlated with SIEM logs across 3 hosts, identified lateral movement attempt, escalated.",Endpoint
ALT00038,Bharat Telecom Networks,Medium,2025-09-05 13:42:00,2025-09-05 16:37:00,No,"Investigated source IP, confirmed malicious signature, blocked at firewall, root cause documented.",IoT Device
ALT00039,Bharat Telecom Networks,Low,2025-08-10 12:21:00,2025-08-10 15:24:00,No,"Correlated with SIEM logs across 3 hosts, identified lateral movement attempt, escalated.",Network Device
ALT00040,Bharat Telecom Networks,Medium,2025-08-05 12:24:00,2025-08-05 15:49:00,No,False positive.,Endpoint
ALT00041,Bharat Telecom Networks,Low,2025-08-16 02:04:00,2025-08-16 05:10:00,No,"Investigated source IP, confirmed malicious signature, blocked at firewall, root cause documented.",Network Device
ALT00042,Bharat Telecom Networks,Critical,2025-08-26 19:08:00,2025-08-26 22:19:00,Yes,False positive.,Cloud Workload
ALT00043,Bharat Telecom Networks,Medium,2025-09-27 10:10:00,2025-09-27 13:19:00,No,No further action required.,Database
ALT00044,Bharat Telecom Networks,Medium,2025-07-04 17:47:00,2025-07-04 20:25:00,No,"Performed forensic triage on affected host, isolated system, initiated containment protocol.",Database
ALT00045,Bharat Telecom Networks,High,2025-08-13 01:04:00,2025-08-13 04:27:00,Yes,"Cross-referenced with threat intel feed, identified C2 communication pattern, escalated to IR team.",IoT Device
ALT00046,Bharat Telecom Networks,Low,2025-09-12 01:54:00,2025-09-12 04:48:00,No,"Correlated with SIEM logs across 3 hosts, identified lateral movement attempt, escalated.",Database
ALT00047,Bharat Telecom Networks,Low,2025-07-15 23:54:00,2025-07-16 02:24:00,No,Closed as per standard procedure.,Cloud Workload
ALT00048,Bharat Telecom Networks,Low,2025-08-07 02:53:00,2025-08-07 06:09:00,No,No further action required.,Database
ALT00049,Bharat Telecom Networks,Low,2025-08-23 09:58:00,2025-08-23 12:50:00,No,Closed as per standard procedure.,Server
ALT00050,Bharat Telecom Networks,Critical,2025-08-31 09:33:00,2025-08-31 12:51:00,No,"Correlated with SIEM logs across 3 hosts, identified lateral movement attempt, escalated.",Database
ALT00051,Bharat Telecom Networks,Critical,2025-09-05 08:12:00,2025-09-05 11:14:00,Yes,Reviewed and closed.,Server
ALT00052,Bharat Telecom Networks,Low,2025-07-26 10:07:00,2025-07-26 13:18:00,No,"Performed forensic triage on affected host, isolated system, initiated containment protocol.",Endpoint
ALT00053,Bharat Telecom Networks,Medium,2025-09-13 21:39:00,2025-09-14 00:10:00,No,Reviewed and closed.,IoT Device
ALT00054,Bharat Telecom Networks,Low,2025-08-03 20:41:00,2025-08-04 00:08:00,No,"Performed forensic triage on affected host, isolated system, initiated containment protocol.",Server
ALT00055,Bharat Telecom Networks,Medium,2025-08-14 12:03:00,2025-08-14 15:14:00,No,"Performed forensic triage on affected host, isolated system, initiated containment protocol.",IoT Device
ALT00056,Bharat Telecom Networks,Low,2025-08-03 10:05:00,2025-08-03 13:13:00,No,"Cross-referenced with threat intel feed, identified C2 communication pattern, escalated to IR team.",Cloud Workload
ALT00057,Bharat Telecom Networks,Critical,2025-08-01 10:11:00,2025-08-01 13:19:00,Yes,"Cross-referenced with threat intel feed, identified C2 communication pattern, escalated to IR team.",Endpoint
ALT00058,Bharat Telecom Networks,Low,2025-08-03 10:56:00,2025-08-03 13:44:00,No,Reviewed and closed.,Database
ALT00059,Bharat Telecom Networks,Low,2025-07-15 22:37:00,2025-07-16 01:10:00,No,Closed as per standard procedure.,Network Device
ALT00060,Bharat Telecom Networks,Critical,2025-07-24 18:02:00,2025-07-24 21:04:00,No,"Cross-referenced with threat intel feed, identified C2 communication pattern, escalated to IR team.",Server
ALT00061,Bharat Telecom Networks,High,2025-07-05 21:57:00,2025-07-06 01:12:00,Yes,"Correlated with SIEM logs across 3 hosts, identified lateral movement attempt, escalated.",Endpoint
ALT00062,Bharat Telecom Networks,Medium,2025-08-01 18:04:00,2025-08-01 20:46:00,Yes,Reviewed and closed.,Endpoint
ALT00063,Bharat Telecom Networks,Low,2025-07-08 03:10:00,2025-07-08 06:18:00,No,Closed as per standard procedure.,Server
ALT00064,Bharat Telecom Networks,Low,2025-08-18 16:03:00,2025-08-18 18:50:00,No,"Investigated source IP, confirmed malicious signature, blocked at firewall, root cause documented.",Endpoint
ALT00065,Bharat Telecom Networks,Medium,2025-07-03 17:00:00,2025-07-03 20:00:00,No,"Investigated source IP, confirmed malicious signature, blocked at firewall, root cause documented.",Cloud Workload
ALT00066,Bharat Telecom Networks,Low,2025-07-26 14:15:00,2025-07-26 16:58:00,Yes,Closed as per standard procedure.,Network Device
ALT00067,Bharat Telecom Networks,Critical,2025-07-30 19:38:00,2025-07-30 22:57:00,Yes,Reviewed and closed.,Database
ALT00068,Bharat Telecom Networks,Low,2025-07-31 08:06:00,2025-07-31 11:18:00,No,No further action required.,Cloud Workload
ALT00069,Bharat Telecom Networks,High,2025-08-15 03:20:00,2025-08-15 06:37:00,No,"Correlated with SIEM logs across 3 hosts, identified lateral movement attempt, escalated.",Cloud Workload
ALT00070,Bharat Telecom Networks,High,2025-07-16 06:24:00,2025-07-16 09:04:00,Yes,"Correlated with SIEM logs across 3 hosts, identified lateral movement attempt, escalated.",IoT Device
ALT00071,Bharat Telecom Networks,High,2025-08-14 08:59:00,2025-08-14 11:35:00,No,"Performed forensic triage on affected host, isolated system, initiated containment protocol.",Network Device
ALT00072,Bharat Telecom Networks,Medium,2025-07-03 00:17:00,2025-07-03 03:28:00,No,False positive.,Network Device
ALT00073,Bharat Telecom Networks,Critical,2025-07-11 17:20:00,2025-07-11 20:40:00,Yes,"Performed forensic triage on affected host, isolated system, initiated containment protocol.",Network Device
ALT00074,Bharat Telecom Networks,Low,2025-09-08 13:34:00,2025-09-08 16:47:00,No,"Investigated source IP, confirmed malicious signature, blocked at firewall, root cause documented.",Database
ALT00075,Bharat Telecom Networks,Low,2025-07-06 14:35:00,2025-07-06 17:49:00,No,Closed as per standard procedure.,Endpoint
ALT00076,Bharat Telecom Networks,Low,2025-07-25 12:52:00,2025-07-25 16:11:00,No,"Cross-referenced with threat intel feed, identified C2 communication pattern, escalated to IR team.",Cloud Workload
ALT00077,Bharat Telecom Networks,Low,2025-07-15 22:01:00,2025-07-16 01:18:00,Yes,No further action required.,Endpoint
ALT00078,Bharat Telecom Networks,Low,2025-09-27 05:45:00,2025-09-27 08:16:00,No,False positive.,Network Device
ALT00079,Bharat Telecom Networks,Low,2025-09-14 20:58:00,2025-09-14 23:30:00,Yes,"Cross-referenced with threat intel feed, identified C2 communication pattern, escalated to IR team.",Database
ALT00080,Bharat Telecom Networks,Critical,2025-07-23 21:20:00,2025-07-24 00:36:00,No,"Investigated source IP, confirmed malicious signature, blocked at firewall, root cause documented.",Database
ALT00081,Bharat Telecom Networks,Medium,2025-08-12 13:25:00,2025-08-12 16:15:00,Yes,"Performed forensic triage on affected host, isolated system, initiated containment protocol.",Server
ALT00082,Bharat Telecom Networks,Critical,2025-07-10 01:23:00,2025-07-10 04:51:00,Yes,"Performed forensic triage on affected host, isolated system, initiated containment protocol.",IoT Device
ALT00083,Bharat Telecom Networks,High,2025-08-05 16:48:00,2025-08-05 19:18:00,Yes,"Cross-referenced with threat intel feed, identified C2 communication pattern, escalated to IR team.",Cloud Workload
ALT00084,Bharat Telecom Networks,High,2025-07-08 12:00:00,2025-07-08 15:22:00,Yes,"Cross-referenced with threat intel feed, identified C2 communication pattern, escalated to IR team.",Cloud Workload
ALT00085,Bharat Telecom Networks,Low,2025-09-09 22:39:00,2025-09-10 02:07:00,No,Closed as per standard procedure.,Server
ALT00086,Bharat Telecom Networks,Low,2025-07-28 03:23:00,2025-07-28 06:03:00,Yes,"Performed forensic triage on affected host, isolated system, initiated containment protocol.",IoT Device
ALT00001,Himalayan Healthcare Network,Low,2025-09-12 22:06:00,2025-09-13 00:36:00,No,"Investigated source IP, confirmed malicious signature, blocked at firewall, root cause documented.",Database
ALT00002,Himalayan Healthcare Network,High,2025-08-27 04:44:00,2025-08-27 07:30:00,Yes,"Correlated with SIEM logs across 3 hosts, identified lateral movement attempt, escalated.",IoT Device
ALT00003,Himalayan Healthcare Network,High,2025-09-02 18:30:00,2025-09-02 21:06:00,No,"Correlated with SIEM logs across 3 hosts, identified lateral movement attempt, escalated.",Server
ALT00004,Himalayan Healthcare Network,Low,2025-09-15 06:13:00,2025-09-15 09:22:00,No,No further action required.,Cloud Workload
ALT00005,Himalayan Healthcare Network,Medium,2025-08-31 20:33:00,2025-08-31 23:49:00,No,False positive.,Network Device
ALT00006,Himalayan Healthcare Network,High,2025-08-12 04:04:00,2025-08-12 07:05:00,No,"Correlated with SIEM logs across 3 hosts, identified lateral movement attempt, escalated.",Server
ALT00007,Himalayan Healthcare Network,Low,2025-07-11 12:31:00,2025-07-11 15:31:00,Yes,Closed as per standard procedure.,Network Device
ALT00008,Himalayan Healthcare Network,Medium,2025-07-13 15:08:00,2025-07-13 17:40:00,No,False positive.,Network Device
ALT00009,Himalayan Healthcare Network,Critical,2025-08-12 13:41:00,2025-08-12 16:20:00,Yes,No further action required.,Database
ALT00010,Himalayan Healthcare Network,Critical,2025-07-11 04:42:00,2025-07-11 07:38:00,No,Reviewed and closed.,Cloud Workload
ALT00011,Himalayan Healthcare Network,Critical,2025-07-12 22:52:00,2025-07-13 02:22:00,Yes,"Investigated source IP, confirmed malicious signature, blocked at firewall, root cause documented.",IoT Device
ALT00012,Himalayan Healthcare Network,Medium,2025-07-06 10:13:00,2025-07-06 13:15:00,No,No further action required.,Endpoint
ALT00013,Himalayan Healthcare Network,Medium,2025-08-30 13:29:00,2025-08-30 16:13:00,No,Reviewed and closed.,IoT Device
ALT00014,Himalayan Healthcare Network,Critical,2025-09-30 13:23:00,2025-09-30 16:03:00,No,No further action required.,Server
ALT00015,Himalayan Healthcare Network,Low,2025-07-15 23:03:00,2025-07-16 02:04:00,No,"Performed forensic triage on affected host, isolated system, initiated containment protocol.",Server
ALT00016,Himalayan Healthcare Network,Low,2025-08-31 21:06:00,2025-09-01 00:18:00,No,"Performed forensic triage on affected host, isolated system, initiated containment protocol.",Database
ALT00017,Himalayan Healthcare Network,Low,2025-09-18 00:17:00,2025-09-18 03:10:00,No,"Investigated source IP, confirmed malicious signature, blocked at firewall, root cause documented.",IoT Device
ALT00018,Himalayan Healthcare Network,Low,2025-08-08 11:06:00,2025-08-08 14:06:00,No,"Correlated with SIEM logs across 3 hosts, identified lateral movement attempt, escalated.",Database
ALT00019,Himalayan Healthcare Network,Critical,2025-07-22 20:08:00,2025-07-22 23:31:00,Yes,"Investigated source IP, confirmed malicious signature, blocked at firewall, root cause documented.",Cloud Workload
ALT00020,Himalayan Healthcare Network,Medium,2025-09-04 10:59:00,2025-09-04 13:58:00,No,Reviewed and closed.,IoT Device
ALT00021,Himalayan Healthcare Network,Low,2025-09-15 14:09:00,2025-09-15 17:34:00,Yes,Closed as per standard procedure.,Database
ALT00022,Himalayan Healthcare Network,Low,2025-08-26 08:34:00,2025-08-26 11:43:00,No,False positive.,Cloud Workload
ALT00023,Himalayan Healthcare Network,Medium,2025-09-09 23:18:00,2025-09-10 02:33:00,Yes,False positive.,Cloud Workload
ALT00024,Himalayan Healthcare Network,Low,2025-08-18 13:46:00,2025-08-18 16:41:00,No,"Investigated source IP, confirmed malicious signature, blocked at firewall, root cause documented.",Endpoint
ALT00025,Himalayan Healthcare Network,Critical,2025-07-01 11:18:00,2025-07-01 14:00:00,Yes,"Performed forensic triage on affected host, isolated system, initiated containment protocol.",Database
ALT00026,Himalayan Healthcare Network,High,2025-07-14 07:48:00,2025-07-14 10:53:00,Yes,"Correlated with SIEM logs across 3 hosts, identified lateral movement attempt, escalated.",Cloud Workload
ALT00027,Himalayan Healthcare Network,Medium,2025-07-10 13:56:00,2025-07-10 17:03:00,No,False positive.,Endpoint
ALT00028,Himalayan Healthcare Network,Low,2025-09-22 11:41:00,2025-09-22 14:19:00,No,No further action required.,IoT Device
ALT00029,Himalayan Healthcare Network,Medium,2025-09-21 21:57:00,2025-09-22 00:49:00,Yes,False positive.,Cloud Workload
ALT00030,Himalayan Healthcare Network,Medium,2025-07-30 02:05:00,2025-07-30 04:49:00,No,False positive.,Database
ALT00031,Himalayan Healthcare Network,Medium,2025-09-10 01:17:00,2025-09-10 04:32:00,Yes,No further action required.,Cloud Workload
ALT00032,Himalayan Healthcare Network,Critical,2025-09-26 22:56:00,2025-09-27 01:28:00,Yes,No further action required.,Cloud Workload
ALT00033,Himalayan Healthcare Network,Medium,2025-07-06 03:46:00,2025-07-06 07:01:00,No,False positive.,Server
ALT00034,Himalayan Healthcare Network,Critical,2025-09-08 23:16:00,2025-09-09 02:24:00,Yes,False positive.,Database
ALT00035,Himalayan Healthcare Network,Low,2025-07-08 11:35:00,2025-07-08 14:07:00,No,False positive.,Endpoint
ALT00036,Himalayan Healthcare Network,Low,2025-09-23 04:01:00,2025-09-23 07:12:00,No,False positive.,IoT Device
ALT00037,Himalayan Healthcare Network,Medium,2025-08-11 06:07:00,2025-08-11 09:23:00,No,"Correlated with SIEM logs across 3 hosts, identified lateral movement attempt, escalated.",IoT Device
ALT00038,Himalayan Healthcare Network,High,2025-09-13 20:17:00,2025-09-13 23:16:00,Yes,"Cross-referenced with threat intel feed, identified C2 communication pattern, escalated to IR team.",Endpoint
ALT00039,Himalayan Healthcare Network,Low,2025-07-29 05:11:00,2025-07-29 07:45:00,No,Closed as per standard procedure.,IoT Device
ALT00040,Himalayan Healthcare Network,Medium,2025-08-15 06:56:00,2025-08-15 09:32:00,Yes,"Correlated with SIEM logs across 3 hosts, identified lateral movement attempt, escalated.",Cloud Workload
ALT00041,Himalayan Healthcare Network,High,2025-07-06 10:24:00,2025-07-06 13:19:00,Yes,"Correlated with SIEM logs across 3 hosts, identified lateral movement attempt, escalated.",IoT Device
ALT00042,Himalayan Healthcare Network,Low,2025-08-23 09:32:00,2025-08-23 12:58:00,No,"Investigated source IP, confirmed malicious signature, blocked at firewall, root cause documented.",Cloud Workload
ALT00043,Himalayan Healthcare Network,Low,2025-09-12 13:49:00,2025-09-12 16:28:00,Yes,"Cross-referenced with threat intel feed, identified C2 communication pattern, escalated to IR team.",Cloud Workload
ALT00044,Himalayan Healthcare Network,High,2025-09-18 18:53:00,2025-09-18 21:32:00,Yes,No further action required.,Cloud Workload
ALT00045,Himalayan Healthcare Network,Low,2025-09-07 11:52:00,2025-09-07 14:33:00,No,"Performed forensic triage on affected host, isolated system, initiated containment protocol.",Database
ALT00046,Himalayan Healthcare Network,Critical,2025-08-19 21:20:00,2025-08-20 00:07:00,Yes,"Correlated with SIEM logs across 3 hosts, identified lateral movement attempt, escalated.",Endpoint
ALT00047,Himalayan Healthcare Network,Medium,2025-08-05 14:53:00,2025-08-05 18:03:00,No,Closed as per standard procedure.,Endpoint
ALT00048,Himalayan Healthcare Network,Critical,2025-07-26 21:34:00,2025-07-27 00:36:00,Yes,"Investigated source IP, confirmed malicious signature, blocked at firewall, root cause documented.",Server
ALT00049,Himalayan Healthcare Network,Low,2025-07-09 21:28:00,2025-07-10 00:54:00,No,Reviewed and closed.,Endpoint
ALT00050,Himalayan Healthcare Network,Medium,2025-09-22 20:06:00,2025-09-22 23:31:00,No,"Performed forensic triage on affected host, isolated system, initiated containment protocol.",IoT Device
ALT00051,Himalayan Healthcare Network,Low,2025-09-24 06:01:00,2025-09-24 08:42:00,Yes,No further action required.,Cloud Workload
ALT00052,Himalayan Healthcare Network,Low,2025-09-15 07:00:00,2025-09-15 10:24:00,No,"Performed forensic triage on affected host, isolated system, initiated containment protocol.",Cloud Workload
ALT00053,Himalayan Healthcare Network,Low,2025-07-08 13:12:00,2025-07-08 16:26:00,No,False positive.,Database
ALT00054,Himalayan Healthcare Network,Medium,2025-09-02 00:36:00,2025-09-02 03:45:00,No,"Investigated source IP, confirmed malicious signature, blocked at firewall, root cause documented.",Endpoint
ALT00055,Himalayan Healthcare Network,Low,2025-07-21 00:42:00,2025-07-21 03:50:00,No,"Cross-referenced with threat intel feed, identified C2 communication pattern, escalated to IR team.",Endpoint
ALT00056,Himalayan Healthcare Network,Medium,2025-09-17 12:17:00,2025-09-17 15:08:00,No,Closed as per standard procedure.,Network Device
ALT00057,Himalayan Healthcare Network,Medium,2025-07-08 14:04:00,2025-07-08 17:00:00,No,"Investigated source IP, confirmed malicious signature, blocked at firewall, root cause documented.",IoT Device
ALT00058,Himalayan Healthcare Network,High,2025-07-30 13:55:00,2025-07-30 16:52:00,No,No further action required.,IoT Device
ALT00059,Himalayan Healthcare Network,Medium,2025-09-15 23:23:00,2025-09-16 02:48:00,No,Closed as per standard procedure.,Endpoint
ALT00060,Himalayan Healthcare Network,Medium,2025-08-29 04:32:00,2025-08-29 07:05:00,No,Reviewed and closed.,Server
ALT00061,Himalayan Healthcare Network,Medium,2025-07-17 07:17:00,2025-07-17 10:09:00,No,Closed as per standard procedure.,Endpoint
ALT00062,Himalayan Healthcare Network,Low,2025-08-13 01:39:00,2025-08-13 04:17:00,No,No further action required.,IoT Device
ALT00063,Himalayan Healthcare Network,Low,2025-08-21 12:46:00,2025-08-21 15:39:00,No,Closed as per standard procedure.,Cloud Workload
ALT00064,Himalayan Healthcare Network,Low,2025-09-30 04:04:00,2025-09-30 06:58:00,Yes,Reviewed and closed.,Database
ALT00065,Himalayan Healthcare Network,Medium,2025-08-15 10:20:00,2025-08-15 13:42:00,No,"Investigated source IP, confirmed malicious signature, blocked at firewall, root cause documented.",Database
ALT00066,Himalayan Healthcare Network,Medium,2025-08-25 01:44:00,2025-08-25 04:23:00,No,"Correlated with SIEM logs across 3 hosts, identified lateral movement attempt, escalated.",Network Device
ALT00067,Himalayan Healthcare Network,High,2025-07-16 17:53:00,2025-07-16 21:03:00,Yes,"Cross-referenced with threat intel feed, identified C2 communication pattern, escalated to IR team.",Cloud Workload
ALT00068,Himalayan Healthcare Network,Critical,2025-07-07 08:46:00,2025-07-07 11:54:00,No,No further action required.,IoT Device
ALT00069,Himalayan Healthcare Network,Low,2025-09-17 07:17:00,2025-09-17 10:00:00,No,"Performed forensic triage on affected host, isolated system, initiated containment protocol.",Database
ALT00070,Himalayan Healthcare Network,Medium,2025-07-30 07:35:00,2025-07-30 10:45:00,No,"Performed forensic triage on affected host, isolated system, initiated containment protocol.",IoT Device
ALT00071,Himalayan Healthcare Network,Medium,2025-08-13 23:33:00,2025-08-14 02:30:00,No,No further action required.,Database
ALT00072,Himalayan Healthcare Network,Low,2025-09-04 18:06:00,2025-09-04 21:08:00,Yes,"Cross-referenced with threat intel feed, identified C2 communication pattern, escalated to IR team.",Server
ALT00073,Himalayan Healthcare Network,Medium,2025-08-24 22:14:00,2025-08-25 01:34:00,No,"Cross-referenced with threat intel feed, identified C2 communication pattern, escalated to IR team.",Database
ALT00074,Himalayan Healthcare Network,Medium,2025-07-20 19:00:00,2025-07-20 22:17:00,No,False positive.,Server
ALT00075,Himalayan Healthcare Network,Medium,2025-09-28 11:26:00,2025-09-28 14:13:00,No,"Performed forensic triage on affected host, isolated system, initiated containment protocol.",Server
ALT00076,Himalayan Healthcare Network,Medium,2025-08-28 11:21:00,2025-08-28 14:39:00,No,Reviewed and closed.,Cloud Workload
ALT00077,Himalayan Healthcare Network,Medium,2025-08-10 12:55:00,2025-08-10 16:12:00,No,"Performed forensic triage on affected host, isolated system, initiated containment protocol.",Endpoint
ALT00078,Himalayan Healthcare Network,Medium,2025-09-30 05:57:00,2025-09-30 08:46:00,No,Reviewed and closed.,Cloud Workload
ALT00079,Himalayan Healthcare Network,Low,2025-09-24 21:59:00,2025-09-25 00:55:00,No,"Investigated source IP, confirmed malicious signature, blocked at firewall, root cause documented.",Server
ALT00080,Himalayan Healthcare Network,High,2025-09-03 17:45:00,2025-09-03 20:45:00,Yes,"Cross-referenced with threat intel feed, identified C2 communication pattern, escalated to IR team.",Network Device
ALT00081,Himalayan Healthcare Network,Medium,2025-09-27 20:50:00,2025-09-28 00:08:00,Yes,"Correlated with SIEM logs across 3 hosts, identified lateral movement attempt, escalated.",Cloud Workload
ALT00082,Himalayan Healthcare Network,Critical,2025-07-14 20:25:00,2025-07-14 23:10:00,Yes,"Cross-referenced with threat intel feed, identified C2 communication pattern, escalated to IR team.",Endpoint
ALT00083,Himalayan Healthcare Network,Low,2025-08-25 14:18:00,2025-08-25 17:00:00,No,"Performed forensic triage on affected host, isolated system, initiated containment protocol.",Database
ALT00084,Himalayan Healthcare Network,Low,2025-09-16 01:09:00,2025-09-16 03:47:00,No,"Performed forensic triage on affected host, isolated system, initiated containment protocol.",Database
ALT00085,Himalayan Healthcare Network,Medium,2025-08-19 15:50:00,2025-08-19 18:23:00,No,"Cross-referenced with threat intel feed, identified C2 communication pattern, escalated to IR team.",Endpoint
ALT00086,Himalayan Healthcare Network,Medium,2025-08-05 12:23:00,2025-08-05 15:31:00,No,"Correlated with SIEM logs across 3 hosts, identified lateral movement attempt, escalated.",Network Device
ALT00087,Himalayan Healthcare Network,Medium,2025-08-05 23:36:00,2025-08-06 02:57:00,Yes,"Investigated source IP, confirmed malicious signature, blocked at firewall, root cause documented.",Cloud Workload
ALT00088,Himalayan Healthcare Network,Medium,2025-07-03 22:10:00,2025-07-04 01:03:00,No,False positive.,Server
ALT00089,Himalayan Healthcare Network,Low,2025-07-10 16:54:00,2025-07-10 20:06:00,Yes,"Cross-referenced with threat intel feed, identified C2 communication pattern, escalated to IR team.",Server
ALT00090,Himalayan Healthcare Network,High,2025-09-10 00:04:00,2025-09-10 02:42:00,Yes,"Correlated with SIEM logs across 3 hosts, identified lateral movement attempt, escalated.",Server
ALT00091,Himalayan Healthcare Network,Low,2025-08-14 16:41:00,2025-08-14 19:16:00,No,"Cross-referenced with threat intel feed, identified C2 communication pattern, escalated to IR team.",IoT Device
ALT00092,Himalayan Healthcare Network,Critical,2025-07-02 04:40:00,2025-07-02 07:16:00,Yes,"Investigated source IP, confirmed malicious signature, blocked at firewall, root cause documented.",IoT Device
ALT00093,Himalayan Healthcare Network,Medium,2025-07-14 21:49:00,2025-07-15 00:23:00,No,Reviewed and closed.,Endpoint
ALT00094,Himalayan Healthcare Network,Medium,2025-07-27 02:50:00,2025-07-27 05:27:00,Yes,Reviewed and closed.,Server
ALT00095,Himalayan Healthcare Network,Medium,2025-07-30 19:55:00,2025-07-30 22:27:00,Yes,"Cross-referenced with threat intel feed, identified C2 communication pattern, escalated to IR team.",IoT Device
ALT00096,Himalayan Healthcare Network,Medium,2025-07-10 12:49:00,2025-07-10 15:58:00,No,"Correlated with SIEM logs across 3 hosts, identified lateral movement attempt, escalated.",Cloud Workload
ALT00097,Himalayan Healthcare Network,Medium,2025-09-26 19:52:00,2025-09-26 22:38:00,No,"Correlated with SIEM logs across 3 hosts, identified lateral movement attempt, escalated.",Endpoint
ALT00098,Himalayan Healthcare Network,Low,2025-07-06 11:57:00,2025-07-06 15:01:00,No,Closed as per standard procedure.,Network Device
ALT00099,Himalayan Healthcare Network,High,2025-09-03 11:40:00,2025-09-03 14:55:00,No,"Correlated with SIEM logs across 3 hosts, identified lateral movement attempt, escalated.",Network Device
ALT00100,Himalayan Healthcare Network,Medium,2025-07-16 12:38:00,2025-07-16 16:07:00,No,No further action required.,Cloud Workload
ALT00001,Apex Power Grid Ltd,Low,2025-08-17 08:16:00,2025-08-17 11:35:00,No,False positive.,IoT Device
ALT00002,Apex Power Grid Ltd,Low,2025-09-19 22:53:00,2025-09-20 02:20:00,No,"Performed forensic triage on affected host, isolated system, initiated containment protocol.",Network Device
ALT00003,Apex Power Grid Ltd,Low,2025-07-01 05:09:00,2025-07-01 08:34:00,No,"Correlated with SIEM logs across 3 hosts, identified lateral movement attempt, escalated.",Endpoint
ALT00004,Apex Power Grid Ltd,High,2025-07-06 21:04:00,2025-07-07 00:15:00,Yes,Reviewed and closed.,Cloud Workload
ALT00005,Apex Power Grid Ltd,Medium,2025-07-17 21:23:00,2025-07-18 00:42:00,No,Reviewed and closed.,Endpoint
ALT00006,Apex Power Grid Ltd,Low,2025-09-22 15:10:00,2025-09-22 18:11:00,No,No further action required.,Database
ALT00007,Apex Power Grid Ltd,Low,2025-09-25 19:22:00,2025-09-25 22:48:00,No,Reviewed and closed.,Server
ALT00008,Apex Power Grid Ltd,Medium,2025-07-30 19:11:00,2025-07-30 21:53:00,No,"Cross-referenced with threat intel feed, identified C2 communication pattern, escalated to IR team.",Database
ALT00009,Apex Power Grid Ltd,Low,2025-08-10 14:29:00,2025-08-10 17:49:00,No,Reviewed and closed.,Cloud Workload
ALT00010,Apex Power Grid Ltd,Low,2025-09-06 05:45:00,2025-09-06 08:57:00,No,No further action required.,Server
ALT00011,Apex Power Grid Ltd,Low,2025-08-12 17:48:00,2025-08-12 21:05:00,No,Closed as per standard procedure.,Network Device
ALT00012,Apex Power Grid Ltd,Critical,2025-08-24 09:07:00,2025-08-24 11:51:00,No,"Correlated with SIEM logs across 3 hosts, identified lateral movement attempt, escalated.",Cloud Workload
ALT00013,Apex Power Grid Ltd,High,2025-07-30 06:39:00,2025-07-30 09:18:00,Yes,"Performed forensic triage on affected host, isolated system, initiated containment protocol.",Cloud Workload
ALT00014,Apex Power Grid Ltd,High,2025-08-02 02:34:00,2025-08-02 05:42:00,Yes,"Correlated with SIEM logs across 3 hosts, identified lateral movement attempt, escalated.",Endpoint
ALT00015,Apex Power Grid Ltd,High,2025-08-10 01:02:00,2025-08-10 04:15:00,Yes,"Correlated with SIEM logs across 3 hosts, identified lateral movement attempt, escalated.",Cloud Workload
ALT00016,Apex Power Grid Ltd,Low,2025-08-25 06:08:00,2025-08-25 09:06:00,Yes,No further action required.,Network Device
ALT00017,Apex Power Grid Ltd,Medium,2025-09-07 01:27:00,2025-09-07 04:54:00,No,No further action required.,Endpoint
ALT00018,Apex Power Grid Ltd,Low,2025-09-29 13:02:00,2025-09-29 15:44:00,No,"Correlated with SIEM logs across 3 hosts, identified lateral movement attempt, escalated.",IoT Device
ALT00019,Apex Power Grid Ltd,High,2025-08-20 15:33:00,2025-08-20 18:44:00,Yes,"Investigated source IP, confirmed malicious signature, blocked at firewall, root cause documented.",Cloud Workload
ALT00020,Apex Power Grid Ltd,High,2025-07-09 10:31:00,2025-07-09 13:05:00,Yes,Reviewed and closed.,Database
ALT00021,Apex Power Grid Ltd,Medium,2025-09-02 01:15:00,2025-09-02 04:27:00,Yes,No further action required.,Endpoint
ALT00022,Apex Power Grid Ltd,Low,2025-07-12 19:32:00,2025-07-12 22:15:00,Yes,False positive.,Endpoint
ALT00023,Apex Power Grid Ltd,Medium,2025-07-31 10:09:00,2025-07-31 12:42:00,No,"Investigated source IP, confirmed malicious signature, blocked at firewall, root cause documented.",Endpoint
ALT00024,Apex Power Grid Ltd,Medium,2025-07-12 17:11:00,2025-07-12 20:23:00,No,"Performed forensic triage on affected host, isolated system, initiated containment protocol.",Database
ALT00025,Apex Power Grid Ltd,Critical,2025-09-27 20:13:00,2025-09-27 23:42:00,No,"Correlated with SIEM logs across 3 hosts, identified lateral movement attempt, escalated.",Database
ALT00026,Apex Power Grid Ltd,High,2025-07-08 11:56:00,2025-07-08 15:02:00,Yes,"Investigated source IP, confirmed malicious signature, blocked at firewall, root cause documented.",Network Device
ALT00027,Apex Power Grid Ltd,High,2025-08-17 22:58:00,2025-08-18 01:44:00,Yes,"Investigated source IP, confirmed malicious signature, blocked at firewall, root cause documented.",Network Device
ALT00028,Apex Power Grid Ltd,Critical,2025-08-21 04:18:00,2025-08-21 06:55:00,Yes,"Investigated source IP, confirmed malicious signature, blocked at firewall, root cause documented.",Database
ALT00029,Apex Power Grid Ltd,Critical,2025-07-17 06:04:00,2025-07-17 08:35:00,No,No further action required.,IoT Device
ALT00030,Apex Power Grid Ltd,Low,2025-09-29 17:00:00,2025-09-29 19:36:00,No,False positive.,Endpoint
ALT00031,Apex Power Grid Ltd,Critical,2025-09-13 03:33:00,2025-09-13 06:58:00,Yes,False positive.,Server
ALT00032,Apex Power Grid Ltd,High,2025-07-20 10:08:00,2025-07-20 13:00:00,Yes,"Investigated source IP, confirmed malicious signature, blocked at firewall, root cause documented.",IoT Device
ALT00033,Apex Power Grid Ltd,High,2025-09-06 22:59:00,2025-09-07 01:50:00,Yes,"Performed forensic triage on affected host, isolated system, initiated containment protocol.",Cloud Workload
ALT00034,Apex Power Grid Ltd,High,2025-08-14 03:09:00,2025-08-14 06:18:00,No,"Performed forensic triage on affected host, isolated system, initiated containment protocol.",Server
ALT00035,Apex Power Grid Ltd,Low,2025-09-15 12:59:00,2025-09-15 16:25:00,No,"Cross-referenced with threat intel feed, identified C2 communication pattern, escalated to IR team.",Server
ALT00036,Apex Power Grid Ltd,High,2025-07-03 06:59:00,2025-07-03 10:28:00,Yes,Reviewed and closed.,Cloud Workload
ALT00037,Apex Power Grid Ltd,Medium,2025-08-17 13:03:00,2025-08-17 16:01:00,No,Closed as per standard procedure.,Network Device
ALT00038,Apex Power Grid Ltd,High,2025-08-24 11:57:00,2025-08-24 14:52:00,Yes,No further action required.,Database
ALT00039,Apex Power Grid Ltd,Critical,2025-09-08 03:27:00,2025-09-08 06:05:00,Yes,Closed as per standard procedure.,Endpoint
ALT00040,Apex Power Grid Ltd,High,2025-09-26 10:56:00,2025-09-26 13:50:00,Yes,Reviewed and closed.,Database
ALT00041,Apex Power Grid Ltd,Low,2025-07-09 03:32:00,2025-07-09 06:59:00,No,"Investigated source IP, confirmed malicious signature, blocked at firewall, root cause documented.",IoT Device
ALT00042,Apex Power Grid Ltd,Low,2025-07-10 08:08:00,2025-07-10 11:10:00,No,"Investigated source IP, confirmed malicious signature, blocked at firewall, root cause documented.",Database
ALT00043,Apex Power Grid Ltd,Low,2025-09-26 01:01:00,2025-09-26 04:08:00,Yes,"Investigated source IP, confirmed malicious signature, blocked at firewall, root cause documented.",Database
ALT00044,Apex Power Grid Ltd,Medium,2025-08-16 11:10:00,2025-08-16 14:17:00,No,Closed as per standard procedure.,Cloud Workload
ALT00045,Apex Power Grid Ltd,Low,2025-07-07 04:11:00,2025-07-07 07:16:00,Yes,False positive.,Server
ALT00046,Apex Power Grid Ltd,Medium,2025-09-21 05:30:00,2025-09-21 08:04:00,No,"Cross-referenced with threat intel feed, identified C2 communication pattern, escalated to IR team.",IoT Device
ALT00047,Apex Power Grid Ltd,Low,2025-09-27 14:29:00,2025-09-27 17:47:00,No,"Performed forensic triage on affected host, isolated system, initiated containment protocol.",Network Device
ALT00048,Apex Power Grid Ltd,Low,2025-07-27 20:26:00,2025-07-27 23:05:00,Yes,Reviewed and closed.,Cloud Workload
ALT00049,Apex Power Grid Ltd,Medium,2025-07-31 10:54:00,2025-07-31 14:12:00,No,Closed as per standard procedure.,Cloud Workload
ALT00050,Apex Power Grid Ltd,Low,2025-09-17 05:45:00,2025-09-17 08:54:00,No,No further action required.,Cloud Workload
ALT00051,Apex Power Grid Ltd,Critical,2025-08-03 21:28:00,2025-08-04 00:09:00,No,Closed as per standard procedure.,Database
ALT00052,Apex Power Grid Ltd,Medium,2025-08-09 01:39:00,2025-08-09 04:54:00,No,"Investigated source IP, confirmed malicious signature, blocked at firewall, root cause documented.",IoT Device
ALT00053,Apex Power Grid Ltd,Low,2025-07-31 02:57:00,2025-07-31 06:11:00,No,"Performed forensic triage on affected host, isolated system, initiated containment protocol.",Database
ALT00054,Apex Power Grid Ltd,Low,2025-08-30 23:19:00,2025-08-31 02:47:00,No,No further action required.,Server
ALT00055,Apex Power Grid Ltd,Critical,2025-07-15 09:58:00,2025-07-15 12:53:00,No,False positive.,Cloud Workload
ALT00056,Apex Power Grid Ltd,Critical,2025-09-19 18:43:00,2025-09-19 21:59:00,No,"Investigated source IP, confirmed malicious signature, blocked at firewall, root cause documented.",Network Device
ALT00057,Apex Power Grid Ltd,Medium,2025-07-29 20:09:00,2025-07-29 23:31:00,No,"Cross-referenced with threat intel feed, identified C2 communication pattern, escalated to IR team.",Server
ALT00058,Apex Power Grid Ltd,Medium,2025-08-17 04:35:00,2025-08-17 07:44:00,No,"Performed forensic triage on affected host, isolated system, initiated containment protocol.",IoT Device
ALT00059,Apex Power Grid Ltd,Low,2025-08-31 07:28:00,2025-08-31 10:33:00,No,"Performed forensic triage on affected host, isolated system, initiated containment protocol.",Endpoint
ALT00060,Apex Power Grid Ltd,High,2025-08-14 02:41:00,2025-08-14 05:39:00,Yes,Closed as per standard procedure.,Cloud Workload
ALT00061,Apex Power Grid Ltd,Medium,2025-07-01 11:40:00,2025-07-01 14:20:00,No,False positive.,Cloud Workload
ALT00062,Apex Power Grid Ltd,Critical,2025-09-06 00:36:00,2025-09-06 03:27:00,No,"Correlated with SIEM logs across 3 hosts, identified lateral movement attempt, escalated.",Server
ALT00063,Apex Power Grid Ltd,Medium,2025-07-27 16:42:00,2025-07-27 20:12:00,No,Closed as per standard procedure.,Cloud Workload
ALT00064,Apex Power Grid Ltd,Low,2025-09-21 11:42:00,2025-09-21 14:32:00,Yes,"Cross-referenced with threat intel feed, identified C2 communication pattern, escalated to IR team.",Database
ALT00065,Apex Power Grid Ltd,Low,2025-08-21 11:55:00,2025-08-21 15:08:00,No,Closed as per standard procedure.,Database
ALT00066,Apex Power Grid Ltd,Low,2025-08-26 15:06:00,2025-08-26 18:12:00,Yes,"Correlated with SIEM logs across 3 hosts, identified lateral movement attempt, escalated.",Endpoint
ALT00067,Apex Power Grid Ltd,High,2025-08-23 15:09:00,2025-08-23 18:37:00,No,"Correlated with SIEM logs across 3 hosts, identified lateral movement attempt, escalated.",Server
ALT00068,Apex Power Grid Ltd,High,2025-09-30 13:23:00,2025-09-30 15:56:00,Yes,"Performed forensic triage on affected host, isolated system, initiated containment protocol.",Endpoint
ALT00069,Apex Power Grid Ltd,Medium,2025-07-12 13:30:00,2025-07-12 17:00:00,No,Reviewed and closed.,Cloud Workload
ALT00070,Apex Power Grid Ltd,Low,2025-07-08 09:30:00,2025-07-08 12:18:00,Yes,"Investigated source IP, confirmed malicious signature, blocked at firewall, root cause documented.",Database
ALT00071,Apex Power Grid Ltd,Critical,2025-08-01 22:36:00,2025-08-02 01:26:00,No,Reviewed and closed.,IoT Device
ALT00072,Apex Power Grid Ltd,Low,2025-09-12 07:56:00,2025-09-12 10:41:00,No,Reviewed and closed.,Network Device
ALT00073,Apex Power Grid Ltd,Critical,2025-09-09 11:09:00,2025-09-09 14:21:00,No,"Correlated with SIEM logs across 3 hosts, identified lateral movement attempt, escalated.",Endpoint
ALT00074,Apex Power Grid Ltd,High,2025-09-28 08:18:00,2025-09-28 11:37:00,Yes,"Cross-referenced with threat intel feed, identified C2 communication pattern, escalated to IR team.",Network Device
ALT00075,Apex Power Grid Ltd,High,2025-09-24 05:38:00,2025-09-24 08:21:00,No,"Investigated source IP, confirmed malicious signature, blocked at firewall, root cause documented.",Cloud Workload
ALT00076,Apex Power Grid Ltd,High,2025-07-16 09:45:00,2025-07-16 13:12:00,No,"Cross-referenced with threat intel feed, identified C2 communication pattern, escalated to IR team.",Network Device
ALT00077,Apex Power Grid Ltd,Low,2025-08-01 07:57:00,2025-08-01 10:47:00,No,"Correlated with SIEM logs across 3 hosts, identified lateral movement attempt, escalated.",Endpoint
ALT00078,Apex Power Grid Ltd,Low,2025-07-09 22:49:00,2025-07-10 01:40:00,No,"Correlated with SIEM logs across 3 hosts, identified lateral movement attempt, escalated.",Server
ALT00079,Apex Power Grid Ltd,Medium,2025-07-18 16:44:00,2025-07-18 20:03:00,No,"Investigated source IP, confirmed malicious signature, blocked at firewall, root cause documented.",Network Device
ALT00080,Apex Power Grid Ltd,Low,2025-07-31 10:36:00,2025-07-31 13:50:00,No,False positive.,Endpoint
ALT00081,Apex Power Grid Ltd,Low,2025-09-24 03:05:00,2025-09-24 06:12:00,No,"Performed forensic triage on affected host, isolated system, initiated containment protocol.",Cloud Workload
ALT00082,Apex Power Grid Ltd,Low,2025-08-23 00:08:00,2025-08-23 03:36:00,No,"Cross-referenced with threat intel feed, identified C2 communication pattern, escalated to IR team.",Network Device
ALT00083,Apex Power Grid Ltd,Critical,2025-07-11 10:30:00,2025-07-11 13:03:00,Yes,No further action required.,Network Device
ALT00084,Apex Power Grid Ltd,Low,2025-07-09 12:50:00,2025-07-09 15:26:00,No,"Investigated source IP, confirmed malicious signature, blocked at firewall, root cause documented.",IoT Device
ALT00085,Apex Power Grid Ltd,Low,2025-07-13 16:09:00,2025-07-13 19:10:00,Yes,"Correlated with SIEM logs across 3 hosts, identified lateral movement attempt, escalated.",Server
ALT00086,Apex Power Grid Ltd,Low,2025-07-01 18:25:00,2025-07-01 21:14:00,No,"Investigated source IP, confirmed malicious signature, blocked at firewall, root cause documented.",Database
ALT00087,Apex Power Grid Ltd,Medium,2025-09-10 03:45:00,2025-09-10 06:28:00,No,"Performed forensic triage on affected host, isolated system, initiated containment protocol.",Server
ALT00088,Apex Power Grid Ltd,Medium,2025-07-27 16:29:00,2025-07-27 19:37:00,No,False positive.,Cloud Workload
ALT00089,Apex Power Grid Ltd,Low,2025-09-25 01:30:00,2025-09-25 04:47:00,No,Closed as per standard procedure.,Network Device
ALT00090,Apex Power Grid Ltd,Low,2025-09-06 08:33:00,2025-09-06 11:50:00,No,"Investigated source IP, confirmed malicious signature, blocked at firewall, root cause documented.",Endpoint
ALT00091,Apex Power Grid Ltd,High,2025-09-30 06:19:00,2025-09-30 08:50:00,Yes,False positive.,Server
ALT00001,Continental Banking Corp,Low,2025-09-14 18:11:00,2025-09-14 21:32:00,Yes,Reviewed and closed.,Cloud Workload
ALT00002,Continental Banking Corp,Low,2025-07-13 23:19:00,2025-07-14 02:45:00,No,"Correlated with SIEM logs across 3 hosts, identified lateral movement attempt, escalated.",Endpoint
ALT00003,Continental Banking Corp,Critical,2025-08-29 03:15:00,2025-08-29 03:19:00,No,Reviewed and closed.,Database
ALT00004,Continental Banking Corp,High,2025-09-20 17:02:00,2025-09-20 17:04:00,No,No further action required.,Server
ALT00005,Continental Banking Corp,Low,2025-09-28 02:06:00,2025-09-28 04:47:00,No,Reviewed and closed.,Database
ALT00006,Continental Banking Corp,Medium,2025-08-10 08:31:00,2025-08-10 11:52:00,No,No further action required.,Server
ALT00007,Continental Banking Corp,Medium,2025-08-06 01:11:00,2025-08-06 03:44:00,No,Closed as per standard procedure.,Network Device
ALT00008,Continental Banking Corp,Low,2025-08-22 22:36:00,2025-08-23 01:53:00,Yes,Closed as per standard procedure.,Endpoint
ALT00009,Continental Banking Corp,Medium,2025-08-01 17:13:00,2025-08-01 20:17:00,Yes,"Performed forensic triage on affected host, isolated system, initiated containment protocol.",Network Device
ALT00010,Continental Banking Corp,Low,2025-08-14 07:47:00,2025-08-14 10:57:00,Yes,Closed as per standard procedure.,Network Device
ALT00011,Continental Banking Corp,Low,2025-07-20 18:59:00,2025-07-20 22:10:00,Yes,False positive.,Server
ALT00012,Continental Banking Corp,Low,2025-08-15 13:42:00,2025-08-15 17:01:00,No,Reviewed and closed.,Endpoint
ALT00013,Continental Banking Corp,Low,2025-07-08 15:33:00,2025-07-08 18:08:00,No,False positive.,Server
ALT00014,Continental Banking Corp,Low,2025-08-13 05:38:00,2025-08-13 08:44:00,No,Closed as per standard procedure.,Network Device
ALT00015,Continental Banking Corp,Low,2025-09-03 22:22:00,2025-09-04 01:17:00,No,No further action required.,IoT Device
ALT00016,Continental Banking Corp,Low,2025-08-20 13:35:00,2025-08-20 16:51:00,No,Reviewed and closed.,Cloud Workload
ALT00017,Continental Banking Corp,Low,2025-08-15 23:37:00,2025-08-16 02:54:00,Yes,Reviewed and closed.,Cloud Workload
ALT00018,Continental Banking Corp,Low,2025-08-27 23:19:00,2025-08-28 02:03:00,No,Reviewed and closed.,Database
ALT00019,Continental Banking Corp,Low,2025-08-26 15:24:00,2025-08-26 18:32:00,No,False positive.,Cloud Workload
ALT00020,Continental Banking Corp,Medium,2025-09-04 09:57:00,2025-09-04 13:13:00,No,No further action required.,Endpoint
ALT00021,Continental Banking Corp,Medium,2025-09-25 13:43:00,2025-09-25 16:53:00,No,No further action required.,Network Device
ALT00022,Continental Banking Corp,Critical,2025-08-15 22:58:00,2025-08-15 22:59:00,Yes,False positive.,Network Device
ALT00023,Continental Banking Corp,Critical,2025-07-01 09:58:00,2025-07-01 10:00:00,No,False positive.,IoT Device
ALT00024,Continental Banking Corp,Low,2025-08-19 08:26:00,2025-08-19 11:51:00,No,Closed as per standard procedure.,IoT Device
ALT00025,Continental Banking Corp,Low,2025-08-04 15:30:00,2025-08-04 18:04:00,Yes,Reviewed and closed.,Database
ALT00026,Continental Banking Corp,Low,2025-08-30 01:25:00,2025-08-30 03:55:00,No,False positive.,Endpoint
ALT00027,Continental Banking Corp,Low,2025-09-02 22:54:00,2025-09-03 02:18:00,No,No further action required.,Endpoint
ALT00028,Continental Banking Corp,Low,2025-07-02 03:14:00,2025-07-02 06:16:00,Yes,False positive.,Server
ALT00029,Continental Banking Corp,Medium,2025-07-31 09:33:00,2025-07-31 12:54:00,No,"Performed forensic triage on affected host, isolated system, initiated containment protocol.",IoT Device
ALT00030,Continental Banking Corp,Medium,2025-08-18 07:08:00,2025-08-18 10:19:00,No,No further action required.,Network Device
ALT00031,Continental Banking Corp,High,2025-07-31 16:05:00,2025-07-31 16:09:00,No,Closed as per standard procedure.,Network Device
ALT00032,Continental Banking Corp,High,2025-09-12 13:23:00,2025-09-12 13:26:00,No,Reviewed and closed.,IoT Device
ALT00033,Continental Banking Corp,Low,2025-09-07 14:29:00,2025-09-07 17:41:00,Yes,Closed as per standard procedure.,Cloud Workload
ALT00034,Continental Banking Corp,High,2025-09-04 15:18:00,2025-09-04 15:19:00,No,Closed as per standard procedure.,Network Device
ALT00001,Delta Rail Systems,Low,2025-08-13 17:00:00,2025-08-13 19:38:00,Yes,Closed as per standard procedure.,Database
ALT00002,Delta Rail Systems,Low,2025-08-30 06:59:00,2025-08-30 10:08:00,No,Reviewed and closed.,IoT Device
ALT00003,Delta Rail Systems,Medium,2025-09-30 23:36:00,2025-09-30 23:59:59,No,"Performed forensic triage on affected host, isolated system, initiated containment protocol.",Network Device
ALT00004,Delta Rail Systems,Low,2025-08-11 11:35:00,2025-08-11 14:14:00,No,False positive.,IoT Device
ALT00005,Delta Rail Systems,Low,2025-07-13 21:49:00,2025-07-14 00:52:00,Yes,"Cross-referenced with threat intel feed, identified C2 communication pattern, escalated to IR team.",Server
ALT00006,Delta Rail Systems,Low,2025-08-15 12:24:00,2025-08-15 14:54:00,No,Closed as per standard procedure.,IoT Device
ALT00007,Delta Rail Systems,Critical,2025-08-21 17:36:00,2025-08-21 20:38:00,Yes,"Cross-referenced with threat intel feed, identified C2 communication pattern, escalated to IR team.",Network Device
ALT00008,Delta Rail Systems,Low,2025-07-19 15:24:00,2025-07-19 17:55:00,No,Reviewed and closed.,IoT Device
ALT00009,Delta Rail Systems,High,2025-09-17 02:34:00,2025-09-17 05:48:00,Yes,"Correlated with SIEM logs across 3 hosts, identified lateral movement attempt, escalated.",Server
ALT00010,Delta Rail Systems,High,2025-08-27 22:15:00,2025-08-28 00:55:00,Yes,False positive.,Server
ALT00011,Delta Rail Systems,Medium,2025-09-06 04:00:00,2025-09-06 07:09:00,No,False positive.,IoT Device
ALT00012,Delta Rail Systems,Critical,2025-07-17 11:11:00,2025-07-17 13:43:00,Yes,"Correlated with SIEM logs across 3 hosts, identified lateral movement attempt, escalated.",Endpoint
ALT00013,Delta Rail Systems,High,2025-07-21 16:12:00,2025-07-21 19:06:00,No,"Cross-referenced with threat intel feed, identified C2 communication pattern, escalated to IR team.",Server
ALT00014,Delta Rail Systems,High,2025-09-26 19:49:00,2025-09-26 23:11:00,Yes,Reviewed and closed.,Cloud Workload
ALT00015,Delta Rail Systems,Medium,2025-08-07 09:58:00,2025-08-07 13:16:00,No,Closed as per standard procedure.,IoT Device
ALT00016,Delta Rail Systems,Critical,2025-08-24 13:37:00,2025-08-24 16:50:00,Yes,Reviewed and closed.,Server
ALT00017,Delta Rail Systems,Medium,2025-08-31 04:45:00,2025-08-31 08:15:00,No,"Investigated source IP, confirmed malicious signature, blocked at firewall, root cause documented.",Cloud Workload
ALT00018,Delta Rail Systems,Critical,2025-07-07 20:53:00,2025-07-08 00:18:00,Yes,False positive.,Server
ALT00019,Delta Rail Systems,Medium,2025-09-09 23:20:00,2025-09-10 01:50:00,No,No further action required.,Database
ALT00020,Delta Rail Systems,High,2025-08-14 03:20:00,2025-08-14 06:18:00,Yes,False positive.,Database
ALT00021,Delta Rail Systems,Medium,2025-09-20 20:56:00,2025-09-20 23:56:00,No,Reviewed and closed.,IoT Device
ALT00022,Delta Rail Systems,Low,2025-08-27 17:21:00,2025-08-27 20:27:00,No,"Correlated with SIEM logs across 3 hosts, identified lateral movement attempt, escalated.",Cloud Workload
ALT00023,Delta Rail Systems,Medium,2025-09-11 02:14:00,2025-09-11 04:57:00,No,No further action required.,Cloud Workload
ALT00024,Delta Rail Systems,High,2025-09-01 01:20:00,2025-09-01 04:28:00,Yes,Reviewed and closed.,Server
ALT00025,Delta Rail Systems,Low,2025-07-24 18:57:00,2025-07-24 21:57:00,Yes,"Investigated source IP, confirmed malicious signature, blocked at firewall, root cause documented.",Server
ALT00026,Delta Rail Systems,Medium,2025-09-06 20:16:00,2025-09-06 23:33:00,No,"Performed forensic triage on affected host, isolated system, initiated containment protocol.",Cloud Workload
ALT00027,Delta Rail Systems,Critical,2025-07-19 07:58:00,2025-07-19 11:09:00,No,Closed as per standard procedure.,Endpoint
ALT00028,Delta Rail Systems,Low,2025-07-24 20:25:00,2025-07-24 23:37:00,Yes,Closed as per standard procedure.,Endpoint
ALT00029,Delta Rail Systems,Critical,2025-07-28 01:21:00,2025-07-28 03:58:00,No,Reviewed and closed.,Endpoint
ALT00030,Delta Rail Systems,Medium,2025-07-20 20:01:00,2025-07-20 22:41:00,Yes,"Correlated with SIEM logs across 3 hosts, identified lateral movement attempt, escalated.",Endpoint
ALT00031,Delta Rail Systems,High,2025-08-19 00:33:00,2025-08-19 03:30:00,No,"Correlated with SIEM logs across 3 hosts, identified lateral movement attempt, escalated.",Server
ALT00032,Delta Rail Systems,Low,2025-07-22 01:16:00,2025-07-22 04:26:00,No,No further action required.,Database
ALT00033,Delta Rail Systems,Low,2025-09-15 20:36:00,2025-09-15 23:48:00,No,"Investigated source IP, confirmed malicious signature, blocked at firewall, root cause documented.",IoT Device
ALT00034,Delta Rail Systems,Low,2025-08-16 17:34:00,2025-08-16 20:48:00,No,"Correlated with SIEM logs across 3 hosts, identified lateral movement attempt, escalated.",Endpoint
ALT00035,Delta Rail Systems,Medium,2025-07-25 08:17:00,2025-07-25 10:48:00,No,"Investigated source IP, confirmed malicious signature, blocked at firewall, root cause documented.",IoT Device
ALT00036,Delta Rail Systems,High,2025-08-14 06:24:00,2025-08-14 08:57:00,No,"Cross-referenced with threat intel feed, identified C2 communication pattern, escalated to IR team.",IoT Device
ALT00037,Delta Rail Systems,Medium,2025-08-17 03:40:00,2025-08-17 06:50:00,No,Reviewed and closed.,Database
ALT00038,Delta Rail Systems,Critical,2025-07-18 15:17:00,2025-07-18 18:37:00,Yes,Reviewed and closed.,Database
ALT00039,Delta Rail Systems,Medium,2025-09-12 08:22:00,2025-09-12 11:31:00,No,"Investigated source IP, confirmed malicious signature, blocked at firewall, root cause documented.",Endpoint
ALT00040,Delta Rail Systems,Low,2025-08-10 09:28:00,2025-08-10 12:43:00,No,"Cross-referenced with threat intel feed, identified C2 communication pattern, escalated to IR team.",Server
