alert_id,entity_name,severity,created_time,closed_time,escalated,investigation_notes,asset_type
ALT00001,Saraswati Rail Network,Low,2026-02-07 23:31:00,2026-02-08 02:07:00,No,Contacted asset owner and confirmed scheduled maintenance window covered the activity.,Cloud Workload
ALT00002,Saraswati Rail Network,Medium,2026-03-19 09:45:00,2026-03-19 12:34:00,Yes,No further action required.,Network Device
ALT00003,Saraswati Rail Network,Medium,2026-02-11 08:09:00,2026-02-11 11:31:00,No,Contacted asset owner and confirmed scheduled maintenance window covered the activity.,Server
ALT00004,Saraswati Rail Network,Low,2026-03-14 01:25:00,2026-03-14 04:12:00,No,Analysed PCAP sample; payload matched benign monitoring agent heartbeat.,Identity Provider
ALT00005,Saraswati Rail Network,Low,2026-02-13 08:03:00,2026-02-13 10:56:00,No,"Performed forensic triage on affected host, isolated system, initiated containment protocol.",Cloud Workload
ALT00006,Saraswati Rail Network,Medium,2026-02-10 05:07:00,2026-02-10 08:26:00,No,Reviewed and closed.,Firewall
ALT00007,Saraswati Rail Network,Medium,2026-02-14 21:52:00,2026-02-15 00:37:00,No,Reviewed and closed.,Network Device
ALT00008,Saraswati Rail Network,Low,2026-02-23 17:16:00,2026-02-23 20:36:00,No,Contacted asset owner and confirmed scheduled maintenance window covered the activity.,Firewall
ALT00009,Saraswati Rail Network,Low,2026-01-09 06:23:00,2026-01-09 09:38:00,No,Reviewed EDR telemetry timeline; parent process traced to legitimate installer.,Network Device
ALT00010,Saraswati Rail Network,Low,2026-01-18 10:59:00,2026-01-18 13:51:00,Yes,Analysed PCAP sample; payload matched benign monitoring agent heartbeat.,Endpoint
ALT00011,Saraswati Rail Network,Low,2026-01-06 20:18:00,2026-01-06 23:21:00,No,"Performed forensic triage on affected host, isolated system, initiated containment protocol.",Endpoint
ALT00012,Saraswati Rail Network,Low,2026-02-23 07:25:00,2026-02-23 10:38:00,No,Ran memory capture on affected host; no injected process artefacts identified.,Cloud Workload
ALT00013,Saraswati Rail Network,Low,2026-01-30 08:22:00,2026-01-30 11:48:00,No,"Investigated source IP, confirmed malicious signature, blocked at firewall, root cause documented.",Firewall
ALT00014,Saraswati Rail Network,Low,2026-03-24 16:25:00,2026-03-24 19:35:00,Yes,Contacted asset owner and confirmed scheduled maintenance window covered the activity.,Network Device
ALT00015,Saraswati Rail Network,Medium,2026-02-13 11:15:00,2026-02-13 14:35:00,No,"Cross-referenced with threat intel feed, identified C2 communication pattern, escalated to IR team.",Identity Provider
ALT00016,Saraswati Rail Network,Low,2026-02-28 17:58:00,2026-02-28 21:12:00,Yes,"Investigated source IP, confirmed malicious signature, blocked at firewall, root cause documented.",Database
ALT00017,Saraswati Rail Network,Medium,2026-02-07 03:16:00,2026-02-07 06:28:00,No,"Investigated source IP, confirmed malicious signature, blocked at firewall, root cause documented.",Firewall
ALT00018,Saraswati Rail Network,Low,2026-03-17 16:27:00,2026-03-17 19:00:00,No,"Investigated source IP, confirmed malicious signature, blocked at firewall, root cause documented.",IoT Device
ALT00019,Saraswati Rail Network,Low,2026-03-15 15:01:00,2026-03-15 17:33:00,No,Reviewed and closed.,Endpoint
ALT00020,Saraswati Rail Network,Low,2026-02-14 23:24:00,2026-02-15 02:15:00,No,Contacted asset owner and confirmed scheduled maintenance window covered the activity.,Database
ALT00021,Saraswati Rail Network,Medium,2026-03-11 15:26:00,2026-03-11 18:18:00,No,False positive.,Server
ALT00022,Saraswati Rail Network,Low,2026-01-30 11:16:00,2026-01-30 13:51:00,No,No further action required.,Endpoint
ALT00023,Saraswati Rail Network,Low,2026-01-06 03:51:00,2026-01-06 06:45:00,Yes,"Performed forensic triage on affected host, isolated system, initiated containment protocol.",Network Device
ALT00024,Saraswati Rail Network,Medium,2026-01-04 12:17:00,2026-01-04 15:07:00,No,"Investigated source IP, confirmed malicious signature, blocked at firewall, root cause documented.",IoT Device
ALT00025,Saraswati Rail Network,Medium,2026-03-10 11:11:00,2026-03-10 14:10:00,No,"Correlated with SIEM logs across 3 hosts, identified lateral movement attempt, escalated.",Identity Provider
ALT00026,Saraswati Rail Network,Low,2026-01-17 15:32:00,2026-01-17 18:26:00,No,"Correlated with SIEM logs across 3 hosts, identified lateral movement attempt, escalated.",Firewall
ALT00027,Saraswati Rail Network,Medium,2026-03-11 16:04:00,2026-03-11 18:53:00,No,"Cross-referenced with threat intel feed, identified C2 communication pattern, escalated to IR team.",Database
ALT00028,Saraswati Rail Network,Low,2026-03-30 20:16:00,2026-03-30 23:43:00,No,"Correlated with SIEM logs across 3 hosts, identified lateral movement attempt, escalated.",Firewall
ALT00029,Saraswati Rail Network,Medium,2026-03-26 18:44:00,2026-03-26 21:51:00,No,Contacted asset owner and confirmed scheduled maintenance window covered the activity.,Cloud Workload
ALT00030,Saraswati Rail Network,Medium,2026-02-18 07:25:00,2026-02-18 10:37:00,No,False positive.,Cloud Workload
ALT00031,Saraswati Rail Network,Medium,2026-01-07 14:10:00,2026-01-07 17:07:00,No,False positive.,Identity Provider
ALT00032,Saraswati Rail Network,Low,2026-02-07 02:32:00,2026-02-07 05:28:00,Yes,No further action required.,Network Device
ALT00033,Saraswati Rail Network,Medium,2026-02-11 17:44:00,2026-02-11 20:15:00,No,Closed as per standard procedure.,Endpoint
ALT00034,Saraswati Rail Network,Medium,2026-03-23 22:49:00,2026-03-24 01:58:00,No,"Cross-referenced with threat intel feed, identified C2 communication pattern, escalated to IR team.",Cloud Workload
ALT00035,Saraswati Rail Network,Low,2026-01-09 02:01:00,2026-01-09 05:06:00,Yes,Analysed PCAP sample; payload matched benign monitoring agent heartbeat.,Network Device
ALT00001,Meridian Trust Bank,Low,2026-01-27 20:18:00,2026-01-27 23:47:00,No,Closed as per standard procedure.,Firewall
ALT00002,Meridian Trust Bank,Low,2026-03-07 20:35:00,2026-03-07 23:39:00,No,Reviewed and closed.,Endpoint
ALT00003,Meridian Trust Bank,Low,2026-01-19 19:50:00,2026-01-19 22:27:00,No,No further action required.,Server
ALT00004,Meridian Trust Bank,Low,2026-02-07 12:19:00,2026-02-07 15:47:00,No,False positive.,Cloud Workload
ALT00005,Meridian Trust Bank,Low,2026-01-03 05:11:00,2026-01-03 07:50:00,No,No further action required.,Server
ALT00006,Meridian Trust Bank,Medium,2026-01-03 23:29:00,2026-01-04 02:46:00,No,Closed as per standard procedure.,Cloud Workload
ALT00007,Meridian Trust Bank,Medium,2026-02-07 07:21:00,2026-02-07 09:51:00,No,False positive.,Endpoint
ALT00008,Meridian Trust Bank,Low,2026-02-04 21:59:00,2026-02-05 00:52:00,No,Closed as per standard procedure.,IoT Device
ALT00009,Meridian Trust Bank,Low,2026-01-18 11:44:00,2026-01-18 14:56:00,No,No further action required.,IoT Device
ALT00010,Meridian Trust Bank,Medium,2026-03-10 08:47:00,2026-03-10 12:06:00,No,Closed as per standard procedure.,Cloud Workload
ALT00011,Meridian Trust Bank,Low,2026-03-16 02:34:00,2026-03-16 05:29:00,No,Reviewed and closed.,Database
ALT00012,Meridian Trust Bank,Medium,2026-03-22 05:10:00,2026-03-22 08:25:00,No,Closed as per standard procedure.,Firewall
ALT00013,Meridian Trust Bank,Low,2026-03-28 17:34:00,2026-03-28 20:26:00,No,Closed as per standard procedure.,Firewall
ALT00014,Meridian Trust Bank,Low,2026-02-23 02:00:00,2026-02-23 05:19:00,Yes,Closed as per standard procedure.,Network Device
ALT00015,Meridian Trust Bank,Low,2026-01-11 01:23:00,2026-01-11 04:11:00,No,Reviewed and closed.,Endpoint
ALT00016,Meridian Trust Bank,Low,2026-02-17 03:37:00,2026-02-17 06:55:00,No,False positive.,Database
ALT00017,Meridian Trust Bank,Low,2026-01-14 03:26:00,2026-01-14 06:31:00,No,"Correlated with SIEM logs across 3 hosts, identified lateral movement attempt, escalated.",Identity Provider
ALT00018,Meridian Trust Bank,Low,2026-03-19 22:44:00,2026-03-20 02:02:00,No,False positive.,Cloud Workload
ALT00019,Meridian Trust Bank,Low,2026-01-03 23:29:00,2026-01-04 02:34:00,No,Reviewed and closed.,Cloud Workload
ALT00020,Meridian Trust Bank,Low,2026-02-16 14:51:00,2026-02-16 17:45:00,No,No further action required.,Endpoint
ALT00021,Meridian Trust Bank,Medium,2026-03-08 04:46:00,2026-03-08 08:08:00,Yes,False positive.,Network Device
ALT00022,Meridian Trust Bank,Medium,2026-02-04 15:39:00,2026-02-04 18:49:00,No,"Performed forensic triage on affected host, isolated system, initiated containment protocol.",IoT Device
ALT00023,Meridian Trust Bank,Critical,2026-01-31 08:02:00,2026-01-31 08:04:00,No,No further action required.,Cloud Workload
ALT00024,Meridian Trust Bank,Low,2026-01-09 12:50:00,2026-01-09 15:34:00,No,False positive.,Endpoint
ALT00025,Meridian Trust Bank,High,2026-01-28 15:48:00,2026-01-28 15:49:00,No,Closed as per standard procedure.,Server
ALT00026,Meridian Trust Bank,High,2026-02-19 01:41:00,2026-02-19 01:42:00,Yes,No further action required.,Firewall
ALT00027,Meridian Trust Bank,Medium,2026-03-01 16:56:00,2026-03-01 19:28:00,Yes,No further action required.,IoT Device
ALT00028,Meridian Trust Bank,Medium,2026-03-05 11:49:00,2026-03-05 14:59:00,No,No further action required.,Server
ALT00029,Meridian Trust Bank,Low,2026-02-25 07:06:00,2026-02-25 09:48:00,No,"Cross-referenced with threat intel feed, identified C2 communication pattern, escalated to IR team.",Network Device
ALT00030,Meridian Trust Bank,Low,2026-03-23 12:59:00,2026-03-23 15:47:00,No,"Correlated with SIEM logs across 3 hosts, identified lateral movement attempt, escalated.",IoT Device
ALT00031,Meridian Trust Bank,Medium,2026-03-07 16:03:00,2026-03-07 18:51:00,No,Reviewed EDR telemetry timeline; parent process traced to legitimate installer.,Network Device
ALT00032,Meridian Trust Bank,Low,2026-02-06 02:36:00,2026-02-06 05:42:00,No,Closed as per standard procedure.,Network Device
ALT00033,Meridian Trust Bank,Low,2026-03-19 10:06:00,2026-03-19 13:16:00,No,Reviewed and closed.,Server
ALT00034,Meridian Trust Bank,Medium,2026-01-20 15:02:00,2026-01-20 17:46:00,No,Reviewed and closed.,Cloud Workload
ALT00035,Meridian Trust Bank,Medium,2026-02-13 17:09:00,2026-02-13 20:05:00,No,Closed as per standard procedure.,Server
ALT00036,Meridian Trust Bank,Medium,2026-01-03 22:16:00,2026-01-04 01:18:00,No,No further action required.,Firewall
ALT00037,Meridian Trust Bank,Low,2026-01-25 19:49:00,2026-01-25 22:58:00,No,False positive.,Server
ALT00038,Meridian Trust Bank,Low,2026-03-28 12:07:00,2026-03-28 14:56:00,Yes,Ran memory capture on affected host; no injected process artefacts identified.,IoT Device
ALT00039,Meridian Trust Bank,Medium,2026-01-09 16:30:00,2026-01-09 19:36:00,Yes,No further action required.,IoT Device
ALT00040,Meridian Trust Bank,Medium,2026-01-20 10:23:00,2026-01-20 13:36:00,Yes,"Investigated source IP, confirmed malicious signature, blocked at firewall, root cause documented.",Cloud Workload
ALT00041,Meridian Trust Bank,Medium,2026-01-26 09:48:00,2026-01-26 12:24:00,No,Reviewed and closed.,Endpoint
ALT00042,Meridian Trust Bank,Critical,2026-01-26 09:43:00,2026-01-26 09:47:00,No,False positive.,Database
ALT00043,Meridian Trust Bank,Critical,2026-02-15 03:35:00,2026-02-15 03:39:00,No,"Correlated with SIEM logs across 3 hosts, identified lateral movement attempt, escalated.",Identity Provider
ALT00044,Meridian Trust Bank,Low,2026-03-30 22:13:00,2026-03-31 01:22:00,No,Analysed PCAP sample; payload matched benign monitoring agent heartbeat.,Firewall
ALT00045,Meridian Trust Bank,Low,2026-03-26 08:12:00,2026-03-26 10:59:00,No,Reviewed and closed.,IoT Device
ALT00046,Meridian Trust Bank,Low,2026-03-31 04:28:00,2026-03-31 07:53:00,No,Reviewed and closed.,Cloud Workload
ALT00047,Meridian Trust Bank,Low,2026-02-14 03:10:00,2026-02-14 05:53:00,No,Reviewed and closed.,Cloud Workload
ALT00048,Meridian Trust Bank,Critical,2026-02-14 11:47:00,2026-02-14 11:51:00,No,Reviewed and closed.,Network Device
ALT00049,Meridian Trust Bank,Medium,2026-01-21 15:58:00,2026-01-21 18:39:00,No,Reviewed and closed.,Server
ALT00050,Meridian Trust Bank,High,2026-02-04 19:29:00,2026-02-04 19:30:00,No,False positive.,Firewall
ALT00051,Meridian Trust Bank,Low,2026-03-08 20:38:00,2026-03-08 23:32:00,Yes,Closed as per standard procedure.,Network Device
ALT00052,Meridian Trust Bank,Medium,2026-02-27 18:57:00,2026-02-27 21:38:00,No,No further action required.,Database
ALT00053,Meridian Trust Bank,Medium,2026-01-03 05:58:00,2026-01-03 09:17:00,No,False positive.,Firewall
ALT00054,Meridian Trust Bank,Low,2026-02-05 05:49:00,2026-02-05 08:55:00,No,Analysed PCAP sample; payload matched benign monitoring agent heartbeat.,Network Device
ALT00055,Meridian Trust Bank,Low,2026-01-26 19:16:00,2026-01-26 21:56:00,Yes,False positive.,Firewall
ALT00056,Meridian Trust Bank,Critical,2026-03-14 22:52:00,2026-03-14 22:53:00,Yes,No further action required.,Database
ALT00057,Meridian Trust Bank,Low,2026-03-29 22:50:00,2026-03-30 02:16:00,No,Reviewed and closed.,Network Device
ALT00058,Meridian Trust Bank,Low,2026-01-16 16:50:00,2026-01-16 19:37:00,No,Closed as per standard procedure.,Endpoint
ALT00059,Meridian Trust Bank,Low,2026-03-11 18:14:00,2026-03-11 21:27:00,No,Reviewed and closed.,Endpoint
ALT00060,Meridian Trust Bank,Low,2026-01-27 14:54:00,2026-01-27 18:10:00,No,Contacted asset owner and confirmed scheduled maintenance window covered the activity.,Endpoint
ALT00061,Meridian Trust Bank,Low,2026-02-03 03:18:00,2026-02-03 06:31:00,No,No further action required.,IoT Device
ALT00062,Meridian Trust Bank,High,2026-02-14 10:50:00,2026-02-14 10:53:00,No,Closed as per standard procedure.,Server
ALT00063,Meridian Trust Bank,High,2026-03-26 06:29:00,2026-03-26 09:10:00,Yes,Reviewed and closed.,Cloud Workload
ALT00064,Meridian Trust Bank,Medium,2026-01-04 11:24:00,2026-01-04 14:25:00,Yes,No further action required.,IoT Device
ALT00065,Meridian Trust Bank,Low,2026-03-28 15:06:00,2026-03-28 17:47:00,Yes,False positive.,Endpoint
ALT00066,Meridian Trust Bank,Low,2026-03-29 14:50:00,2026-03-29 18:15:00,No,Closed as per standard procedure.,IoT Device
ALT00067,Meridian Trust Bank,Low,2026-01-02 07:42:00,2026-01-02 11:00:00,No,No further action required.,Identity Provider
ALT00068,Meridian Trust Bank,Critical,2026-03-26 04:45:00,2026-03-26 04:48:00,No,False positive.,Endpoint
ALT00069,Meridian Trust Bank,Medium,2026-01-18 05:43:00,2026-01-18 09:12:00,No,Closed as per standard procedure.,Endpoint
ALT00070,Meridian Trust Bank,Medium,2026-02-15 07:11:00,2026-02-15 09:50:00,No,Closed as per standard procedure.,Cloud Workload
ALT00071,Meridian Trust Bank,Medium,2026-02-16 09:59:00,2026-02-16 12:33:00,No,Closed as per standard procedure.,Network Device
ALT00072,Meridian Trust Bank,Low,2026-03-26 23:27:00,2026-03-27 02:18:00,No,Closed as per standard procedure.,Network Device
ALT00073,Meridian Trust Bank,Low,2026-01-03 02:15:00,2026-01-03 05:18:00,No,"Cross-referenced with threat intel feed, identified C2 communication pattern, escalated to IR team.",Database
ALT00074,Meridian Trust Bank,Medium,2026-02-03 23:47:00,2026-02-04 02:55:00,Yes,Reviewed and closed.,Database
ALT00075,Meridian Trust Bank,Low,2026-02-12 20:48:00,2026-02-13 00:03:00,Yes,No further action required.,Network Device
ALT00076,Meridian Trust Bank,Low,2026-01-25 17:16:00,2026-01-25 19:59:00,No,False positive.,Firewall
ALT00077,Meridian Trust Bank,Low,2026-01-19 06:55:00,2026-01-19 10:21:00,Yes,No further action required.,Server
ALT00078,Meridian Trust Bank,Low,2026-02-20 17:41:00,2026-02-20 20:22:00,No,Reviewed EDR telemetry timeline; parent process traced to legitimate installer.,Firewall
ALT00079,Meridian Trust Bank,Medium,2026-03-01 09:24:00,2026-03-01 12:32:00,No,"Correlated with SIEM logs across 3 hosts, identified lateral movement attempt, escalated.",IoT Device
ALT00080,Meridian Trust Bank,Low,2026-03-07 20:45:00,2026-03-07 23:24:00,No,No further action required.,Identity Provider
ALT00081,Meridian Trust Bank,Low,2026-01-06 21:42:00,2026-01-07 00:16:00,No,False positive.,IoT Device
ALT00082,Meridian Trust Bank,Low,2026-03-22 22:59:00,2026-03-23 01:37:00,No,False positive.,Endpoint
ALT00083,Meridian Trust Bank,Low,2026-03-14 05:26:00,2026-03-14 08:55:00,No,Reviewed and closed.,Database
ALT00084,Meridian Trust Bank,Low,2026-03-22 21:56:00,2026-03-23 01:20:00,No,Reviewed and closed.,Endpoint
ALT00085,Meridian Trust Bank,High,2026-03-21 00:05:00,2026-03-21 00:09:00,No,False positive.,Identity Provider
ALT00086,Meridian Trust Bank,Low,2026-01-07 00:52:00,2026-01-07 03:37:00,Yes,Closed as per standard procedure.,Identity Provider
ALT00087,Meridian Trust Bank,Low,2026-03-23 16:40:00,2026-03-23 19:34:00,No,"Cross-referenced with threat intel feed, identified C2 communication pattern, escalated to IR team.",Database
ALT00088,Meridian Trust Bank,Low,2026-03-29 20:21:00,2026-03-29 23:45:00,No,Closed as per standard procedure.,Endpoint
ALT00089,Meridian Trust Bank,High,2026-01-26 18:44:00,2026-01-26 18:47:00,No,No further action required.,Server
ALT00090,Meridian Trust Bank,Low,2026-02-24 13:12:00,2026-02-24 15:46:00,No,Reviewed and closed.,Network Device
ALT00091,Meridian Trust Bank,Low,2026-03-19 04:36:00,2026-03-19 07:41:00,No,Closed as per standard procedure.,Identity Provider
ALT00092,Meridian Trust Bank,Low,2026-02-17 01:46:00,2026-02-17 04:26:00,No,No further action required.,Server
ALT00093,Meridian Trust Bank,High,2026-03-01 20:03:00,2026-03-01 20:07:00,Yes,Closed as per standard procedure.,Endpoint
ALT00094,Meridian Trust Bank,Low,2026-03-25 05:54:00,2026-03-25 08:53:00,No,False positive.,Cloud Workload
ALT00095,Meridian Trust Bank,Low,2026-02-01 20:47:00,2026-02-02 00:06:00,No,"Investigated source IP, confirmed malicious signature, blocked at firewall, root cause documented.",Network Device
ALT00096,Meridian Trust Bank,Medium,2026-01-15 10:32:00,2026-01-15 13:22:00,Yes,Closed as per standard procedure.,Firewall
ALT00097,Meridian Trust Bank,Low,2026-01-23 23:11:00,2026-01-24 02:33:00,Yes,Closed as per standard procedure.,IoT Device
ALT00098,Meridian Trust Bank,Medium,2026-01-14 08:51:00,2026-01-14 11:23:00,Yes,False positive.,Server
ALT00099,Meridian Trust Bank,Low,2026-01-20 18:45:00,2026-01-20 21:53:00,No,Reviewed and closed.,Network Device
ALT00100,Meridian Trust Bank,Low,2026-02-21 20:12:00,2026-02-21 23:10:00,No,False positive.,Identity Provider
ALT00101,Meridian Trust Bank,Low,2026-02-05 18:44:00,2026-02-05 21:48:00,Yes,Reviewed and closed.,Endpoint
ALT00102,Meridian Trust Bank,Medium,2026-01-08 01:54:00,2026-01-08 05:10:00,No,Reviewed and closed.,Database
ALT00103,Meridian Trust Bank,Low,2026-03-16 20:38:00,2026-03-17 00:04:00,No,Reviewed and closed.,Database
ALT00104,Meridian Trust Bank,Low,2026-02-22 18:27:00,2026-02-22 21:35:00,No,Reviewed and closed.,Cloud Workload
ALT00105,Meridian Trust Bank,High,2026-01-14 17:47:00,2026-01-14 20:40:00,No,False positive.,IoT Device
ALT00106,Meridian Trust Bank,Low,2026-02-15 12:32:00,2026-02-15 15:40:00,No,Closed as per standard procedure.,Cloud Workload
ALT00107,Meridian Trust Bank,Medium,2026-01-06 11:56:00,2026-01-06 14:52:00,No,False positive.,Firewall
ALT00108,Meridian Trust Bank,Low,2026-02-06 23:53:00,2026-02-07 03:22:00,Yes,Reviewed and closed.,Identity Provider
ALT00109,Meridian Trust Bank,Medium,2026-03-21 05:39:00,2026-03-21 08:11:00,Yes,Reviewed and closed.,Firewall
ALT00110,Meridian Trust Bank,Medium,2026-03-01 09:02:00,2026-03-01 11:59:00,No,False positive.,IoT Device
ALT00111,Meridian Trust Bank,Low,2026-01-08 20:54:00,2026-01-09 00:16:00,Yes,False positive.,Network Device
ALT00112,Meridian Trust Bank,Low,2026-03-16 19:53:00,2026-03-16 22:40:00,No,False positive.,Server
ALT00113,Meridian Trust Bank,Low,2026-01-20 00:45:00,2026-01-20 03:40:00,No,False positive.,IoT Device
ALT00114,Meridian Trust Bank,Low,2026-03-20 20:26:00,2026-03-20 23:33:00,No,Closed as per standard procedure.,IoT Device
ALT00115,Meridian Trust Bank,Low,2026-03-17 03:35:00,2026-03-17 06:44:00,No,No further action required.,Cloud Workload
ALT00116,Meridian Trust Bank,Medium,2026-03-09 00:10:00,2026-03-09 02:51:00,No,Closed as per standard procedure.,Database
ALT00117,Meridian Trust Bank,Medium,2026-01-26 21:15:00,2026-01-27 00:31:00,No,Reviewed and closed.,Network Device
ALT00118,Meridian Trust Bank,Low,2026-01-18 08:31:00,2026-01-18 11:32:00,Yes,Closed as per standard procedure.,Identity Provider
ALT00119,Meridian Trust Bank,Low,2026-03-24 00:32:00,2026-03-24 03:55:00,No,Reviewed and closed.,Cloud Workload
ALT00120,Meridian Trust Bank,Low,2026-02-06 08:26:00,2026-02-06 10:58:00,Yes,False positive.,Endpoint
ALT00121,Meridian Trust Bank,Low,2026-01-31 17:05:00,2026-01-31 20:34:00,No,"Performed forensic triage on affected host, isolated system, initiated containment protocol.",Network Device
ALT00122,Meridian Trust Bank,Medium,2026-02-28 22:13:00,2026-03-01 01:17:00,No,Closed as per standard procedure.,Cloud Workload
ALT00123,Meridian Trust Bank,Critical,2026-01-14 01:33:00,2026-01-14 01:34:00,No,Closed as per standard procedure.,Server
ALT00124,Meridian Trust Bank,Medium,2026-03-28 20:55:00,2026-03-29 00:03:00,No,"Investigated source IP, confirmed malicious signature, blocked at firewall, root cause documented.",Identity Provider
ALT00125,Meridian Trust Bank,Low,2026-02-19 06:31:00,2026-02-19 09:23:00,No,No further action required.,IoT Device
ALT00126,Meridian Trust Bank,Low,2026-03-30 08:43:00,2026-03-30 11:20:00,Yes,No further action required.,Endpoint
ALT00127,Meridian Trust Bank,Low,2026-02-22 22:16:00,2026-02-23 00:59:00,No,No further action required.,Cloud Workload
ALT00128,Meridian Trust Bank,Medium,2026-03-02 13:50:00,2026-03-02 16:41:00,No,Reviewed and closed.,Identity Provider
ALT00129,Meridian Trust Bank,Low,2026-03-09 18:51:00,2026-03-09 21:48:00,No,No further action required.,Firewall
ALT00130,Meridian Trust Bank,Low,2026-02-14 07:33:00,2026-02-14 10:30:00,Yes,Reviewed and closed.,Database
ALT00131,Meridian Trust Bank,Low,2026-01-05 15:12:00,2026-01-05 18:00:00,No,Closed as per standard procedure.,Server
ALT00132,Meridian Trust Bank,Critical,2026-03-19 12:03:00,2026-03-19 15:30:00,No,Closed as per standard procedure.,Cloud Workload
ALT00133,Meridian Trust Bank,Medium,2026-01-18 16:55:00,2026-01-18 19:46:00,No,Closed as per standard procedure.,Network Device
ALT00134,Meridian Trust Bank,Low,2026-03-29 12:43:00,2026-03-29 15:46:00,No,No further action required.,Cloud Workload
ALT00135,Meridian Trust Bank,Medium,2026-01-02 13:58:00,2026-01-02 17:03:00,No,Ran memory capture on affected host; no injected process artefacts identified.,Network Device
ALT00136,Meridian Trust Bank,High,2026-01-21 19:57:00,2026-01-21 20:00:00,No,No further action required.,Firewall
ALT00137,Meridian Trust Bank,Medium,2026-03-31 11:16:00,2026-03-31 14:22:00,No,False positive.,Server
ALT00138,Meridian Trust Bank,Low,2026-03-14 19:20:00,2026-03-14 22:16:00,No,False positive.,Firewall
ALT00139,Meridian Trust Bank,Critical,2026-03-07 06:23:00,2026-03-07 06:25:00,No,False positive.,Endpoint
ALT00140,Meridian Trust Bank,Low,2026-02-24 19:28:00,2026-02-24 22:09:00,No,False positive.,Firewall
ALT00141,Meridian Trust Bank,Low,2026-02-13 09:54:00,2026-02-13 12:53:00,No,Reviewed and closed.,Database
ALT00142,Meridian Trust Bank,Low,2026-02-01 20:31:00,2026-02-01 23:01:00,No,No further action required.,Network Device
ALT00143,Meridian Trust Bank,Low,2026-03-22 20:33:00,2026-03-22 23:30:00,No,"Correlated with SIEM logs across 3 hosts, identified lateral movement attempt, escalated.",Cloud Workload
ALT00144,Meridian Trust Bank,Low,2026-01-23 05:12:00,2026-01-23 08:11:00,No,No further action required.,Firewall
ALT00145,Meridian Trust Bank,High,2026-01-04 01:26:00,2026-01-04 01:29:00,No,Reviewed and closed.,Cloud Workload
ALT00146,Meridian Trust Bank,Medium,2026-03-03 16:03:00,2026-03-03 19:07:00,Yes,Reviewed EDR telemetry timeline; parent process traced to legitimate installer.,Cloud Workload
ALT00147,Meridian Trust Bank,Medium,2026-03-16 00:56:00,2026-03-16 04:09:00,No,Contacted asset owner and confirmed scheduled maintenance window covered the activity.,Endpoint
ALT00148,Meridian Trust Bank,Low,2026-01-01 21:09:00,2026-01-02 00:03:00,No,Reviewed and closed.,Identity Provider
ALT00149,Meridian Trust Bank,High,2026-02-14 08:33:00,2026-02-14 11:05:00,No,False positive.,Identity Provider
ALT00150,Meridian Trust Bank,Medium,2026-01-16 21:22:00,2026-01-17 00:01:00,Yes,"Performed forensic triage on affected host, isolated system, initiated containment protocol.",Cloud Workload
ALT00151,Meridian Trust Bank,Medium,2026-03-04 19:43:00,2026-03-04 22:31:00,No,Reviewed and closed.,Firewall
ALT00152,Meridian Trust Bank,Medium,2026-03-12 18:53:00,2026-03-12 21:32:00,No,Contacted asset owner and confirmed scheduled maintenance window covered the activity.,Firewall
ALT00153,Meridian Trust Bank,Low,2026-03-03 23:14:00,2026-03-04 01:51:00,No,No further action required.,Server
ALT00154,Meridian Trust Bank,Low,2026-01-13 22:34:00,2026-01-14 01:37:00,Yes,Closed as per standard procedure.,Server
ALT00155,Meridian Trust Bank,Low,2026-01-22 04:07:00,2026-01-22 07:20:00,Yes,False positive.,Firewall
ALT00156,Meridian Trust Bank,Low,2026-03-04 16:02:00,2026-03-04 19:24:00,No,No further action required.,Firewall
ALT00157,Meridian Trust Bank,Low,2026-02-01 10:34:00,2026-02-01 13:41:00,No,Ran memory capture on affected host; no injected process artefacts identified.,IoT Device
ALT00158,Meridian Trust Bank,Low,2026-02-11 09:44:00,2026-02-11 12:57:00,No,No further action required.,Database
ALT00159,Meridian Trust Bank,Medium,2026-03-23 23:30:00,2026-03-24 02:58:00,No,False positive.,Cloud Workload
ALT00160,Meridian Trust Bank,Low,2026-02-02 02:41:00,2026-02-02 05:16:00,Yes,No further action required.,IoT Device
ALT00161,Meridian Trust Bank,Low,2026-03-29 15:25:00,2026-03-29 18:13:00,Yes,No further action required.,Network Device
ALT00162,Meridian Trust Bank,Low,2026-02-09 06:07:00,2026-02-09 08:46:00,No,Reviewed and closed.,Cloud Workload
ALT00163,Meridian Trust Bank,High,2026-02-09 07:41:00,2026-02-09 07:42:00,No,Closed as per standard procedure.,Network Device
ALT00164,Meridian Trust Bank,Low,2026-03-12 10:01:00,2026-03-12 13:25:00,Yes,Closed as per standard procedure.,Identity Provider
ALT00165,Meridian Trust Bank,Low,2026-02-19 02:18:00,2026-02-19 05:35:00,No,Reviewed and closed.,Network Device
ALT00166,Meridian Trust Bank,High,2026-03-07 00:50:00,2026-03-07 00:51:00,No,False positive.,Database
ALT00167,Meridian Trust Bank,High,2026-01-18 07:12:00,2026-01-18 07:13:00,No,No further action required.,IoT Device
ALT00168,Meridian Trust Bank,Medium,2026-01-08 09:16:00,2026-01-08 11:51:00,Yes,No further action required.,Database
ALT00169,Meridian Trust Bank,Critical,2026-03-04 15:38:00,2026-03-04 15:41:00,Yes,No further action required.,Database
ALT00170,Meridian Trust Bank,Medium,2026-02-08 21:06:00,2026-02-09 00:08:00,Yes,No further action required.,Firewall
ALT00171,Meridian Trust Bank,High,2026-03-14 02:02:00,2026-03-14 02:04:00,No,False positive.,Cloud Workload
ALT00172,Meridian Trust Bank,Low,2026-02-26 19:27:00,2026-02-26 22:11:00,No,No further action required.,Network Device
ALT00173,Meridian Trust Bank,Low,2026-02-07 15:44:00,2026-02-07 19:03:00,No,Closed as per standard procedure.,Cloud Workload
ALT00174,Meridian Trust Bank,Medium,2026-03-01 19:58:00,2026-03-01 23:23:00,No,No further action required.,Firewall
ALT00175,Meridian Trust Bank,Medium,2026-02-04 15:26:00,2026-02-04 18:36:00,Yes,False positive.,Firewall
ALT00176,Meridian Trust Bank,Medium,2026-03-20 08:22:00,2026-03-20 11:04:00,No,False positive.,Endpoint
ALT00177,Meridian Trust Bank,Critical,2026-02-02 20:21:00,2026-02-02 20:23:00,No,False positive.,Database
ALT00178,Meridian Trust Bank,Low,2026-01-01 02:49:00,2026-01-01 05:57:00,No,No further action required.,Server
ALT00179,Meridian Trust Bank,Low,2026-03-12 12:15:00,2026-03-12 14:53:00,No,Closed as per standard procedure.,Server
ALT00180,Meridian Trust Bank,Medium,2026-02-17 07:29:00,2026-02-17 10:00:00,No,Analysed PCAP sample; payload matched benign monitoring agent heartbeat.,Identity Provider
ALT00181,Meridian Trust Bank,High,2026-03-21 07:27:00,2026-03-21 07:28:00,No,Closed as per standard procedure.,Database
ALT00182,Meridian Trust Bank,Low,2026-02-04 23:19:00,2026-02-05 02:06:00,No,No further action required.,Network Device
ALT00183,Meridian Trust Bank,Medium,2026-01-12 12:36:00,2026-01-12 15:43:00,Yes,Reviewed and closed.,Endpoint
ALT00184,Meridian Trust Bank,Low,2026-01-02 19:34:00,2026-01-02 22:37:00,Yes,No further action required.,Database
ALT00185,Meridian Trust Bank,High,2026-01-06 14:15:00,2026-01-06 14:19:00,No,Closed as per standard procedure.,Firewall
ALT00186,Meridian Trust Bank,Low,2026-01-03 19:36:00,2026-01-03 22:49:00,Yes,False positive.,Server
ALT00187,Meridian Trust Bank,High,2026-02-17 19:36:00,2026-02-17 19:38:00,No,Reviewed and closed.,Identity Provider
ALT00188,Meridian Trust Bank,High,2026-01-07 05:12:00,2026-01-07 05:15:00,Yes,No further action required.,Identity Provider
ALT00189,Meridian Trust Bank,Low,2026-02-17 08:19:00,2026-02-17 11:47:00,No,Closed as per standard procedure.,Network Device
ALT00190,Meridian Trust Bank,Low,2026-01-17 06:05:00,2026-01-17 08:43:00,Yes,Closed as per standard procedure.,IoT Device
ALT00191,Meridian Trust Bank,Medium,2026-03-09 14:27:00,2026-03-09 17:47:00,No,Reviewed EDR telemetry timeline; parent process traced to legitimate installer.,Endpoint
ALT00192,Meridian Trust Bank,Low,2026-03-16 10:28:00,2026-03-16 13:28:00,No,False positive.,Network Device
ALT00193,Meridian Trust Bank,Medium,2026-03-16 23:49:00,2026-03-17 02:40:00,No,"Performed forensic triage on affected host, isolated system, initiated containment protocol.",IoT Device
ALT00194,Meridian Trust Bank,Medium,2026-02-11 20:48:00,2026-02-12 00:10:00,No,Reviewed and closed.,Network Device
ALT00195,Meridian Trust Bank,Low,2026-03-14 08:01:00,2026-03-14 11:14:00,No,Reviewed EDR telemetry timeline; parent process traced to legitimate installer.,Firewall
ALT00196,Meridian Trust Bank,Medium,2026-02-06 23:58:00,2026-02-07 03:18:00,No,Closed as per standard procedure.,Cloud Workload
ALT00197,Meridian Trust Bank,Critical,2026-02-01 17:11:00,2026-02-01 17:13:00,No,Reviewed and closed.,Network Device
ALT00198,Meridian Trust Bank,Medium,2026-03-19 23:38:00,2026-03-20 03:02:00,No,No further action required.,Database
ALT00199,Meridian Trust Bank,Low,2026-03-02 15:44:00,2026-03-02 18:57:00,Yes,False positive.,Network Device
ALT00200,Meridian Trust Bank,Low,2026-01-18 10:56:00,2026-01-18 14:12:00,No,Ran memory capture on affected host; no injected process artefacts identified.,Database
ALT00201,Meridian Trust Bank,Medium,2026-03-03 10:34:00,2026-03-03 13:18:00,No,No further action required.,Identity Provider
ALT00202,Meridian Trust Bank,Low,2026-01-30 06:23:00,2026-01-30 09:15:00,No,Reviewed and closed.,IoT Device
ALT00203,Meridian Trust Bank,Low,2026-02-20 13:33:00,2026-02-20 16:11:00,No,No further action required.,Endpoint
ALT00204,Meridian Trust Bank,Medium,2026-01-05 06:19:00,2026-01-05 08:58:00,No,Closed as per standard procedure.,Database
ALT00205,Meridian Trust Bank,Medium,2026-03-10 13:06:00,2026-03-10 16:00:00,Yes,Closed as per standard procedure.,Identity Provider
ALT00206,Meridian Trust Bank,High,2026-01-08 22:27:00,2026-01-08 22:28:00,No,"Investigated source IP, confirmed malicious signature, blocked at firewall, root cause documented.",Network Device
ALT00207,Meridian Trust Bank,Low,2026-03-30 06:38:00,2026-03-30 09:53:00,No,Reviewed and closed.,Identity Provider
ALT00208,Meridian Trust Bank,Medium,2026-03-04 12:08:00,2026-03-04 14:52:00,No,No further action required.,Firewall
ALT00209,Meridian Trust Bank,Low,2026-01-23 13:13:00,2026-01-23 16:18:00,No,Closed as per standard procedure.,Cloud Workload
ALT00210,Meridian Trust Bank,Medium,2026-02-17 23:40:00,2026-02-18 02:14:00,No,False positive.,Server
ALT00001,Kaveri Power Holdings,Low,2026-03-21 01:28:00,2026-03-21 04:32:00,No,Closed as per standard procedure.,Cloud Workload
ALT00002,Kaveri Power Holdings,Low,2026-01-01 10:59:00,2026-01-01 14:12:00,No,False positive.,Identity Provider
ALT00003,Kaveri Power Holdings,Critical,2026-02-02 06:24:00,2026-02-02 06:28:00,Yes,Reviewed and closed.,Network Device
ALT00004,Kaveri Power Holdings,Critical,2026-03-06 11:48:00,2026-03-06 11:51:00,Yes,Analysed PCAP sample; payload matched benign monitoring agent heartbeat.,IoT Device
ALT00005,Kaveri Power Holdings,High,2026-03-20 02:02:00,2026-03-20 05:28:00,Yes,No further action required.,Database
ALT00006,Kaveri Power Holdings,Low,2026-03-03 00:53:00,2026-03-03 03:42:00,No,Reviewed EDR telemetry timeline; parent process traced to legitimate installer.,Endpoint
ALT00007,Kaveri Power Holdings,Low,2026-01-06 08:08:00,2026-01-06 11:10:00,No,Reviewed and closed.,Cloud Workload
ALT00008,Kaveri Power Holdings,Low,2026-01-25 08:04:00,2026-01-25 11:34:00,No,"Performed forensic triage on affected host, isolated system, initiated containment protocol.",Cloud Workload
ALT00009,Kaveri Power Holdings,Low,2026-03-28 11:02:00,2026-03-28 14:13:00,No,Reviewed EDR telemetry timeline; parent process traced to legitimate installer.,IoT Device
ALT00010,Kaveri Power Holdings,Low,2026-02-02 18:49:00,2026-02-02 21:31:00,Yes,False positive.,IoT Device
ALT00011,Kaveri Power Holdings,Low,2026-01-09 01:19:00,2026-01-09 04:31:00,No,Reviewed and closed.,Database
ALT00012,Kaveri Power Holdings,Medium,2026-03-06 20:35:00,2026-03-06 23:55:00,No,No further action required.,Server
ALT00013,Kaveri Power Holdings,High,2026-02-22 09:15:00,2026-02-22 12:30:00,Yes,Reviewed and closed.,Network Device
ALT00014,Kaveri Power Holdings,Low,2026-01-07 15:01:00,2026-01-07 18:20:00,No,"Investigated source IP, confirmed malicious signature, blocked at firewall, root cause documented.",Endpoint
ALT00015,Kaveri Power Holdings,Low,2026-01-04 16:18:00,2026-01-04 18:56:00,Yes,Contacted asset owner and confirmed scheduled maintenance window covered the activity.,Server
ALT00016,Kaveri Power Holdings,Critical,2026-01-03 01:19:00,2026-01-03 01:23:00,No,"Cross-referenced with threat intel feed, identified C2 communication pattern, escalated to IR team.",Server
ALT00017,Kaveri Power Holdings,Low,2026-02-22 06:10:00,2026-02-22 09:35:00,No,Closed as per standard procedure.,Database
ALT00018,Kaveri Power Holdings,Low,2026-01-22 00:36:00,2026-01-22 03:17:00,No,"Cross-referenced with threat intel feed, identified C2 communication pattern, escalated to IR team.",Cloud Workload
ALT00019,Kaveri Power Holdings,High,2026-03-09 09:36:00,2026-03-09 09:40:00,Yes,Analysed PCAP sample; payload matched benign monitoring agent heartbeat.,Cloud Workload
ALT00020,Kaveri Power Holdings,Low,2026-01-08 14:11:00,2026-01-08 17:01:00,Yes,Closed as per standard procedure.,Network Device
ALT00021,Kaveri Power Holdings,High,2026-03-16 03:21:00,2026-03-16 06:30:00,No,Reviewed and closed.,Identity Provider
ALT00022,Kaveri Power Holdings,Low,2026-02-26 13:44:00,2026-02-26 16:55:00,Yes,"Correlated with SIEM logs across 3 hosts, identified lateral movement attempt, escalated.",Server
ALT00023,Kaveri Power Holdings,High,2026-01-14 03:36:00,2026-01-14 06:28:00,Yes,Analysed PCAP sample; payload matched benign monitoring agent heartbeat.,IoT Device
ALT00024,Kaveri Power Holdings,Low,2026-03-06 00:38:00,2026-03-06 03:22:00,Yes,"Cross-referenced with threat intel feed, identified C2 communication pattern, escalated to IR team.",Identity Provider
ALT00025,Kaveri Power Holdings,Medium,2026-02-23 00:26:00,2026-02-23 03:18:00,Yes,False positive.,Network Device
ALT00026,Kaveri Power Holdings,Low,2026-03-26 13:36:00,2026-03-26 16:43:00,No,"Cross-referenced with threat intel feed, identified C2 communication pattern, escalated to IR team.",Cloud Workload
ALT00027,Kaveri Power Holdings,Critical,2026-01-09 15:39:00,2026-01-09 15:40:00,No,Ran memory capture on affected host; no injected process artefacts identified.,Firewall
ALT00028,Kaveri Power Holdings,Low,2026-03-23 21:04:00,2026-03-24 00:06:00,No,Closed as per standard procedure.,Network Device
ALT00029,Kaveri Power Holdings,Low,2026-02-05 22:13:00,2026-02-06 00:51:00,No,Reviewed EDR telemetry timeline; parent process traced to legitimate installer.,Database
ALT00030,Kaveri Power Holdings,Medium,2026-03-04 11:31:00,2026-03-04 14:21:00,No,Reviewed and closed.,Firewall
ALT00031,Kaveri Power Holdings,Low,2026-01-10 21:28:00,2026-01-11 00:52:00,Yes,No further action required.,Endpoint
ALT00032,Kaveri Power Holdings,Low,2026-03-24 08:20:00,2026-03-24 11:23:00,No,Reviewed and closed.,Firewall
ALT00033,Kaveri Power Holdings,Low,2026-03-02 19:06:00,2026-03-02 22:19:00,Yes,"Investigated source IP, confirmed malicious signature, blocked at firewall, root cause documented.",Database
ALT00034,Kaveri Power Holdings,Low,2026-01-27 19:21:00,2026-01-27 21:51:00,Yes,False positive.,Database
ALT00035,Kaveri Power Holdings,Medium,2026-03-31 19:52:00,2026-03-31 22:53:00,No,Closed as per standard procedure.,IoT Device
ALT00036,Kaveri Power Holdings,Medium,2026-02-20 17:48:00,2026-02-20 20:46:00,Yes,"Correlated with SIEM logs across 3 hosts, identified lateral movement attempt, escalated.",Identity Provider
ALT00037,Kaveri Power Holdings,Low,2026-03-12 19:12:00,2026-03-12 21:45:00,No,"Performed forensic triage on affected host, isolated system, initiated containment protocol.",Server
ALT00038,Kaveri Power Holdings,High,2026-03-13 04:27:00,2026-03-13 04:30:00,No,Closed as per standard procedure.,Database
ALT00039,Kaveri Power Holdings,Medium,2026-01-17 22:08:00,2026-01-18 00:54:00,No,Reviewed EDR telemetry timeline; parent process traced to legitimate installer.,Server
ALT00040,Kaveri Power Holdings,Medium,2026-02-24 00:55:00,2026-02-24 04:07:00,No,"Performed forensic triage on affected host, isolated system, initiated containment protocol.",Database
ALT00041,Kaveri Power Holdings,Medium,2026-01-17 02:54:00,2026-01-17 05:37:00,No,"Correlated with SIEM logs across 3 hosts, identified lateral movement attempt, escalated.",Server
ALT00042,Kaveri Power Holdings,Low,2026-01-28 11:40:00,2026-01-28 15:06:00,No,Closed as per standard procedure.,Server
ALT00043,Kaveri Power Holdings,Low,2026-03-05 01:15:00,2026-03-05 04:34:00,No,"Correlated with SIEM logs across 3 hosts, identified lateral movement attempt, escalated.",Network Device
ALT00044,Kaveri Power Holdings,Medium,2026-03-23 09:03:00,2026-03-23 11:35:00,No,Closed as per standard procedure.,Cloud Workload
ALT00045,Kaveri Power Holdings,Low,2026-03-27 14:28:00,2026-03-27 17:52:00,Yes,No further action required.,Cloud Workload
ALT00046,Kaveri Power Holdings,Critical,2026-02-06 21:14:00,2026-02-06 21:18:00,Yes,Ran memory capture on affected host; no injected process artefacts identified.,Identity Provider
ALT00047,Kaveri Power Holdings,High,2026-01-16 14:57:00,2026-01-16 15:00:00,Yes,False positive.,Endpoint
ALT00048,Kaveri Power Holdings,Low,2026-02-11 21:49:00,2026-02-12 01:05:00,No,Ran memory capture on affected host; no injected process artefacts identified.,Database
ALT00049,Kaveri Power Holdings,Low,2026-01-28 10:30:00,2026-01-28 13:17:00,No,Ran memory capture on affected host; no injected process artefacts identified.,Endpoint
ALT00050,Kaveri Power Holdings,Low,2026-03-09 12:01:00,2026-03-09 15:30:00,No,"Performed forensic triage on affected host, isolated system, initiated containment protocol.",Endpoint
ALT00051,Kaveri Power Holdings,Medium,2026-01-30 12:00:00,2026-01-30 15:16:00,No,False positive.,Identity Provider
ALT00052,Kaveri Power Holdings,Medium,2026-01-07 03:12:00,2026-01-07 06:22:00,No,Ran memory capture on affected host; no injected process artefacts identified.,Network Device
ALT00053,Kaveri Power Holdings,Low,2026-01-16 15:36:00,2026-01-16 18:35:00,Yes,No further action required.,Firewall
ALT00054,Kaveri Power Holdings,Medium,2026-01-21 03:00:00,2026-01-21 06:15:00,No,"Performed forensic triage on affected host, isolated system, initiated containment protocol.",Endpoint
ALT00055,Kaveri Power Holdings,Low,2026-01-03 14:13:00,2026-01-03 17:38:00,No,Reviewed and closed.,Database
ALT00056,Kaveri Power Holdings,High,2026-01-01 14:17:00,2026-01-01 17:24:00,No,False positive.,Endpoint
ALT00057,Kaveri Power Holdings,Low,2026-01-02 04:37:00,2026-01-02 07:23:00,No,Ran memory capture on affected host; no injected process artefacts identified.,Network Device
ALT00058,Kaveri Power Holdings,Low,2026-01-17 09:09:00,2026-01-17 12:01:00,Yes,No further action required.,Firewall
ALT00059,Kaveri Power Holdings,Low,2026-03-01 06:13:00,2026-03-01 09:34:00,No,Reviewed and closed.,IoT Device
ALT00060,Kaveri Power Holdings,Medium,2026-03-28 03:34:00,2026-03-28 06:24:00,Yes,Contacted asset owner and confirmed scheduled maintenance window covered the activity.,Endpoint
ALT00061,Kaveri Power Holdings,Medium,2026-02-26 21:14:00,2026-02-26 23:51:00,Yes,"Correlated with SIEM logs across 3 hosts, identified lateral movement attempt, escalated.",Cloud Workload
ALT00062,Kaveri Power Holdings,Low,2026-02-14 05:52:00,2026-02-14 09:19:00,No,Closed as per standard procedure.,Firewall
ALT00063,Kaveri Power Holdings,Low,2026-03-28 19:40:00,2026-03-28 22:56:00,Yes,Ran memory capture on affected host; no injected process artefacts identified.,Network Device
ALT00064,Kaveri Power Holdings,High,2026-03-28 04:12:00,2026-03-28 04:15:00,No,Reviewed and closed.,Network Device
ALT00065,Kaveri Power Holdings,Low,2026-02-20 23:43:00,2026-02-21 03:12:00,No,Reviewed and closed.,IoT Device
ALT00066,Kaveri Power Holdings,Medium,2026-02-22 12:14:00,2026-02-22 14:51:00,Yes,False positive.,Firewall
ALT00067,Kaveri Power Holdings,Low,2026-02-15 22:15:00,2026-02-16 01:38:00,No,Reviewed and closed.,Cloud Workload
ALT00068,Kaveri Power Holdings,Low,2026-01-22 10:56:00,2026-01-22 14:01:00,Yes,"Performed forensic triage on affected host, isolated system, initiated containment protocol.",Server
ALT00069,Kaveri Power Holdings,High,2026-03-30 04:00:00,2026-03-30 04:04:00,No,False positive.,Database
ALT00070,Kaveri Power Holdings,Critical,2026-03-08 19:38:00,2026-03-08 22:35:00,Yes,Closed as per standard procedure.,Network Device
ALT00071,Kaveri Power Holdings,Low,2026-02-20 05:03:00,2026-02-20 08:18:00,No,Reviewed and closed.,IoT Device
ALT00072,Kaveri Power Holdings,Medium,2026-02-02 09:03:00,2026-02-02 11:46:00,No,"Performed forensic triage on affected host, isolated system, initiated containment protocol.",Database
ALT00073,Kaveri Power Holdings,Medium,2026-02-15 12:53:00,2026-02-15 15:24:00,No,Reviewed and closed.,Database
ALT00074,Kaveri Power Holdings,Low,2026-02-25 04:02:00,2026-02-25 07:14:00,Yes,"Performed forensic triage on affected host, isolated system, initiated containment protocol.",Network Device
ALT00075,Kaveri Power Holdings,Medium,2026-03-06 05:55:00,2026-03-06 09:16:00,Yes,False positive.,Firewall
ALT00076,Kaveri Power Holdings,High,2026-03-20 23:45:00,2026-03-20 23:48:00,No,Analysed PCAP sample; payload matched benign monitoring agent heartbeat.,Endpoint
ALT00077,Kaveri Power Holdings,Medium,2026-02-10 17:57:00,2026-02-10 20:40:00,No,"Cross-referenced with threat intel feed, identified C2 communication pattern, escalated to IR team.",Identity Provider
ALT00078,Kaveri Power Holdings,Medium,2026-02-05 01:31:00,2026-02-05 04:58:00,No,No further action required.,Identity Provider
ALT00079,Kaveri Power Holdings,Low,2026-02-01 01:09:00,2026-02-01 03:59:00,No,Ran memory capture on affected host; no injected process artefacts identified.,Network Device
ALT00080,Kaveri Power Holdings,Medium,2026-02-07 07:22:00,2026-02-07 10:33:00,No,False positive.,Endpoint
ALT00081,Kaveri Power Holdings,Low,2026-03-05 16:57:00,2026-03-05 20:26:00,Yes,"Investigated source IP, confirmed malicious signature, blocked at firewall, root cause documented.",Network Device
ALT00082,Kaveri Power Holdings,Medium,2026-01-23 16:40:00,2026-01-23 20:00:00,No,"Investigated source IP, confirmed malicious signature, blocked at firewall, root cause documented.",IoT Device
ALT00083,Kaveri Power Holdings,Low,2026-01-14 18:13:00,2026-01-14 21:19:00,No,Reviewed EDR telemetry timeline; parent process traced to legitimate installer.,Server
ALT00084,Kaveri Power Holdings,Low,2026-02-19 22:25:00,2026-02-20 00:56:00,No,False positive.,Server
ALT00085,Kaveri Power Holdings,Low,2026-01-04 01:39:00,2026-01-04 04:16:00,No,Reviewed and closed.,Network Device
ALT00086,Kaveri Power Holdings,Low,2026-02-16 01:36:00,2026-02-16 04:29:00,No,False positive.,Endpoint
ALT00087,Kaveri Power Holdings,Medium,2026-02-01 21:16:00,2026-02-02 00:31:00,No,False positive.,Cloud Workload
ALT00088,Kaveri Power Holdings,Low,2026-02-19 20:53:00,2026-02-19 23:47:00,No,No further action required.,Cloud Workload
ALT00089,Kaveri Power Holdings,Low,2026-01-08 04:49:00,2026-01-08 07:29:00,No,Ran memory capture on affected host; no injected process artefacts identified.,Firewall
ALT00090,Kaveri Power Holdings,Low,2026-01-30 20:20:00,2026-01-30 23:05:00,No,Reviewed EDR telemetry timeline; parent process traced to legitimate installer.,IoT Device
ALT00091,Kaveri Power Holdings,Low,2026-03-26 15:11:00,2026-03-26 17:56:00,Yes,False positive.,Database
ALT00092,Kaveri Power Holdings,Low,2026-03-07 00:12:00,2026-03-07 03:35:00,No,"Cross-referenced with threat intel feed, identified C2 communication pattern, escalated to IR team.",Firewall
ALT00093,Kaveri Power Holdings,Low,2026-02-16 03:00:00,2026-02-16 06:15:00,Yes,Closed as per standard procedure.,Identity Provider
ALT00094,Kaveri Power Holdings,Medium,2026-01-27 19:05:00,2026-01-27 22:35:00,No,Analysed PCAP sample; payload matched benign monitoring agent heartbeat.,Server
ALT00095,Kaveri Power Holdings,Low,2026-01-04 07:42:00,2026-01-04 10:51:00,No,"Correlated with SIEM logs across 3 hosts, identified lateral movement attempt, escalated.",Cloud Workload
ALT00096,Kaveri Power Holdings,Critical,2026-01-23 21:48:00,2026-01-23 21:49:00,Yes,Reviewed and closed.,Network Device
ALT00097,Kaveri Power Holdings,Low,2026-03-01 23:02:00,2026-03-02 02:19:00,No,"Performed forensic triage on affected host, isolated system, initiated containment protocol.",Identity Provider
ALT00098,Kaveri Power Holdings,Low,2026-03-20 11:40:00,2026-03-20 14:10:00,Yes,False positive.,Server
ALT00099,Kaveri Power Holdings,Medium,2026-01-18 05:58:00,2026-01-18 09:08:00,No,Closed as per standard procedure.,Network Device
ALT00100,Kaveri Power Holdings,High,2026-03-06 15:53:00,2026-03-06 15:55:00,No,Closed as per standard procedure.,Server
ALT00101,Kaveri Power Holdings,Medium,2026-01-07 10:27:00,2026-01-07 13:38:00,Yes,Reviewed and closed.,Identity Provider
ALT00102,Kaveri Power Holdings,High,2026-02-25 23:25:00,2026-02-26 02:20:00,Yes,"Correlated with SIEM logs across 3 hosts, identified lateral movement attempt, escalated.",Server
ALT00103,Kaveri Power Holdings,Low,2026-01-07 15:23:00,2026-01-07 18:17:00,No,Contacted asset owner and confirmed scheduled maintenance window covered the activity.,Endpoint
ALT00104,Kaveri Power Holdings,Low,2026-02-19 22:02:00,2026-02-20 01:07:00,No,Ran memory capture on affected host; no injected process artefacts identified.,Server
ALT00105,Kaveri Power Holdings,High,2026-01-23 15:13:00,2026-01-23 17:52:00,No,"Cross-referenced with threat intel feed, identified C2 communication pattern, escalated to IR team.",Firewall
ALT00106,Kaveri Power Holdings,Medium,2026-03-05 22:33:00,2026-03-06 01:52:00,No,Ran memory capture on affected host; no injected process artefacts identified.,Cloud Workload
ALT00107,Kaveri Power Holdings,Low,2026-03-02 14:12:00,2026-03-02 17:23:00,No,Reviewed and closed.,Identity Provider
ALT00108,Kaveri Power Holdings,Critical,2026-02-09 11:52:00,2026-02-09 11:54:00,Yes,"Performed forensic triage on affected host, isolated system, initiated containment protocol.",Cloud Workload
ALT00109,Kaveri Power Holdings,Medium,2026-03-10 16:08:00,2026-03-10 18:59:00,No,Contacted asset owner and confirmed scheduled maintenance window covered the activity.,IoT Device
ALT00110,Kaveri Power Holdings,High,2026-02-10 14:30:00,2026-02-10 14:31:00,Yes,No further action required.,Network Device
ALT00111,Kaveri Power Holdings,Medium,2026-01-22 12:27:00,2026-01-22 15:24:00,No,False positive.,Database
ALT00112,Kaveri Power Holdings,Low,2026-02-15 11:29:00,2026-02-15 14:13:00,No,False positive.,Cloud Workload
ALT00113,Kaveri Power Holdings,Low,2026-03-09 01:45:00,2026-03-09 04:33:00,No,"Investigated source IP, confirmed malicious signature, blocked at firewall, root cause documented.",IoT Device
ALT00114,Kaveri Power Holdings,Medium,2026-02-23 11:38:00,2026-02-23 14:35:00,No,Closed as per standard procedure.,Endpoint
ALT00115,Kaveri Power Holdings,Low,2026-03-20 15:00:00,2026-03-20 18:19:00,No,No further action required.,Cloud Workload
ALT00116,Kaveri Power Holdings,Low,2026-01-05 15:54:00,2026-01-05 19:05:00,No,False positive.,Identity Provider
ALT00117,Kaveri Power Holdings,Low,2026-01-31 10:38:00,2026-01-31 13:20:00,Yes,"Performed forensic triage on affected host, isolated system, initiated containment protocol.",Server
ALT00118,Kaveri Power Holdings,Medium,2026-03-29 13:07:00,2026-03-29 15:57:00,No,No further action required.,Identity Provider
ALT00119,Kaveri Power Holdings,High,2026-02-20 09:59:00,2026-02-20 13:00:00,Yes,No further action required.,Cloud Workload
ALT00120,Kaveri Power Holdings,Low,2026-01-28 06:42:00,2026-01-28 09:12:00,No,"Cross-referenced with threat intel feed, identified C2 communication pattern, escalated to IR team.",Endpoint
ALT00121,Kaveri Power Holdings,Medium,2026-02-17 18:57:00,2026-02-17 21:28:00,Yes,"Correlated with SIEM logs across 3 hosts, identified lateral movement attempt, escalated.",Cloud Workload
ALT00122,Kaveri Power Holdings,Low,2026-01-11 17:05:00,2026-01-11 20:04:00,No,Analysed PCAP sample; payload matched benign monitoring agent heartbeat.,Cloud Workload
ALT00123,Kaveri Power Holdings,Low,2026-01-15 03:36:00,2026-01-15 06:55:00,No,Contacted asset owner and confirmed scheduled maintenance window covered the activity.,Database
ALT00124,Kaveri Power Holdings,Medium,2026-03-16 10:35:00,2026-03-16 13:07:00,Yes,"Investigated source IP, confirmed malicious signature, blocked at firewall, root cause documented.",Server
ALT00125,Kaveri Power Holdings,Low,2026-03-04 09:36:00,2026-03-04 12:15:00,No,Reviewed EDR telemetry timeline; parent process traced to legitimate installer.,Database
ALT00126,Kaveri Power Holdings,Low,2026-02-03 07:00:00,2026-02-03 09:45:00,No,False positive.,IoT Device
ALT00127,Kaveri Power Holdings,High,2026-01-20 13:43:00,2026-01-20 16:28:00,Yes,Reviewed and closed.,Server
ALT00128,Kaveri Power Holdings,Medium,2026-03-07 16:41:00,2026-03-07 19:26:00,No,Reviewed EDR telemetry timeline; parent process traced to legitimate installer.,Server
ALT00129,Kaveri Power Holdings,Medium,2026-02-14 22:48:00,2026-02-15 01:31:00,Yes,"Performed forensic triage on affected host, isolated system, initiated containment protocol.",Endpoint
ALT00130,Kaveri Power Holdings,Medium,2026-01-17 05:10:00,2026-01-17 08:21:00,No,Analysed PCAP sample; payload matched benign monitoring agent heartbeat.,Identity Provider
ALT00131,Kaveri Power Holdings,Medium,2026-01-02 04:35:00,2026-01-02 07:58:00,No,"Investigated source IP, confirmed malicious signature, blocked at firewall, root cause documented.",Cloud Workload
ALT00132,Kaveri Power Holdings,Low,2026-01-11 08:32:00,2026-01-11 11:58:00,No,Reviewed and closed.,IoT Device
ALT00133,Kaveri Power Holdings,Low,2026-03-01 23:33:00,2026-03-02 02:31:00,Yes,No further action required.,IoT Device
ALT00134,Kaveri Power Holdings,Critical,2026-01-23 00:58:00,2026-01-23 04:10:00,No,"Correlated with SIEM logs across 3 hosts, identified lateral movement attempt, escalated.",Endpoint
ALT00135,Kaveri Power Holdings,Low,2026-02-10 04:27:00,2026-02-10 06:57:00,No,Ran memory capture on affected host; no injected process artefacts identified.,Database
ALT00136,Kaveri Power Holdings,Medium,2026-02-06 03:19:00,2026-02-06 06:33:00,No,False positive.,Network Device
ALT00137,Kaveri Power Holdings,Medium,2026-01-01 19:50:00,2026-01-01 23:19:00,No,No further action required.,Cloud Workload
ALT00138,Kaveri Power Holdings,Low,2026-01-08 08:35:00,2026-01-08 12:00:00,No,False positive.,Server
ALT00139,Kaveri Power Holdings,Medium,2026-02-26 03:48:00,2026-02-26 06:55:00,Yes,"Cross-referenced with threat intel feed, identified C2 communication pattern, escalated to IR team.",Firewall
ALT00140,Kaveri Power Holdings,Low,2026-03-13 18:52:00,2026-03-13 21:25:00,No,"Investigated source IP, confirmed malicious signature, blocked at firewall, root cause documented.",Network Device
ALT00141,Kaveri Power Holdings,Critical,2026-01-11 10:01:00,2026-01-11 10:04:00,Yes,Closed as per standard procedure.,IoT Device
ALT00142,Kaveri Power Holdings,Low,2026-03-03 02:33:00,2026-03-03 05:22:00,No,No further action required.,Firewall
ALT00143,Kaveri Power Holdings,High,2026-01-08 00:51:00,2026-01-08 04:19:00,Yes,"Correlated with SIEM logs across 3 hosts, identified lateral movement attempt, escalated.",Network Device
ALT00144,Kaveri Power Holdings,Medium,2026-01-30 20:48:00,2026-01-30 23:46:00,No,False positive.,Database
ALT00145,Kaveri Power Holdings,Low,2026-02-04 13:04:00,2026-02-04 16:15:00,No,No further action required.,Cloud Workload
ALT00146,Kaveri Power Holdings,Low,2026-02-01 11:07:00,2026-02-01 13:45:00,Yes,False positive.,Cloud Workload
ALT00147,Kaveri Power Holdings,Low,2026-03-15 06:51:00,2026-03-15 10:04:00,No,False positive.,Identity Provider
ALT00148,Kaveri Power Holdings,Medium,2026-01-18 21:41:00,2026-01-19 00:18:00,Yes,Closed as per standard procedure.,Server
ALT00149,Kaveri Power Holdings,Low,2026-01-17 06:24:00,2026-01-17 09:10:00,No,No further action required.,Network Device
ALT00150,Kaveri Power Holdings,Low,2026-03-29 00:14:00,2026-03-29 03:14:00,No,Reviewed and closed.,Database
ALT00151,Kaveri Power Holdings,Medium,2026-02-24 11:06:00,2026-02-24 14:24:00,No,False positive.,Database
ALT00152,Kaveri Power Holdings,High,2026-03-14 04:49:00,2026-03-14 04:52:00,Yes,Ran memory capture on affected host; no injected process artefacts identified.,Identity Provider
ALT00153,Kaveri Power Holdings,Low,2026-01-01 09:30:00,2026-01-01 12:01:00,No,Reviewed and closed.,Cloud Workload
ALT00154,Kaveri Power Holdings,Medium,2026-01-31 05:13:00,2026-01-31 07:43:00,No,Ran memory capture on affected host; no injected process artefacts identified.,IoT Device
ALT00155,Kaveri Power Holdings,Low,2026-02-05 23:29:00,2026-02-06 02:14:00,Yes,"Cross-referenced with threat intel feed, identified C2 communication pattern, escalated to IR team.",Endpoint
ALT00156,Kaveri Power Holdings,Low,2026-02-22 02:01:00,2026-02-22 05:17:00,Yes,Reviewed and closed.,Network Device
ALT00157,Kaveri Power Holdings,Medium,2026-02-21 06:51:00,2026-02-21 10:09:00,No,"Correlated with SIEM logs across 3 hosts, identified lateral movement attempt, escalated.",Endpoint
ALT00158,Kaveri Power Holdings,Low,2026-02-24 06:28:00,2026-02-24 09:32:00,Yes,No further action required.,Cloud Workload
ALT00159,Kaveri Power Holdings,Medium,2026-03-24 05:54:00,2026-03-24 08:48:00,No,"Investigated source IP, confirmed malicious signature, blocked at firewall, root cause documented.",Database
ALT00160,Kaveri Power Holdings,High,2026-02-28 01:20:00,2026-02-28 04:08:00,Yes,Reviewed EDR telemetry timeline; parent process traced to legitimate installer.,Identity Provider
ALT00161,Kaveri Power Holdings,High,2026-03-16 16:48:00,2026-03-16 16:50:00,No,Reviewed and closed.,Network Device
ALT00162,Kaveri Power Holdings,Medium,2026-02-07 16:42:00,2026-02-07 19:41:00,No,False positive.,Server
ALT00163,Kaveri Power Holdings,Low,2026-02-04 15:23:00,2026-02-04 18:11:00,No,Analysed PCAP sample; payload matched benign monitoring agent heartbeat.,Network Device
ALT00164,Kaveri Power Holdings,Medium,2026-03-25 09:07:00,2026-03-25 12:14:00,Yes,Analysed PCAP sample; payload matched benign monitoring agent heartbeat.,Server
ALT00165,Kaveri Power Holdings,Low,2026-02-04 05:04:00,2026-02-04 07:57:00,No,No further action required.,IoT Device
ALT00166,Kaveri Power Holdings,Low,2026-02-02 05:40:00,2026-02-02 08:44:00,No,Reviewed and closed.,Firewall
ALT00167,Kaveri Power Holdings,Medium,2026-03-18 02:06:00,2026-03-18 05:12:00,No,Ran memory capture on affected host; no injected process artefacts identified.,IoT Device
ALT00168,Kaveri Power Holdings,Low,2026-03-22 20:48:00,2026-03-22 23:44:00,Yes,Contacted asset owner and confirmed scheduled maintenance window covered the activity.,Cloud Workload
ALT00169,Kaveri Power Holdings,Medium,2026-02-08 23:23:00,2026-02-09 02:31:00,No,Reviewed and closed.,Endpoint
ALT00170,Kaveri Power Holdings,Low,2026-02-02 03:50:00,2026-02-02 06:40:00,No,Ran memory capture on affected host; no injected process artefacts identified.,Firewall
ALT00171,Kaveri Power Holdings,Low,2026-02-18 18:21:00,2026-02-18 21:40:00,Yes,"Correlated with SIEM logs across 3 hosts, identified lateral movement attempt, escalated.",Server
ALT00172,Kaveri Power Holdings,Medium,2026-01-20 03:40:00,2026-01-20 06:36:00,No,No further action required.,Server
ALT00173,Kaveri Power Holdings,High,2026-03-29 16:36:00,2026-03-29 20:05:00,Yes,Closed as per standard procedure.,Network Device
ALT00174,Kaveri Power Holdings,Low,2026-01-09 14:23:00,2026-01-09 17:49:00,No,No further action required.,Endpoint
ALT00175,Kaveri Power Holdings,Low,2026-02-09 18:34:00,2026-02-09 22:01:00,No,Closed as per standard procedure.,Server
ALT00176,Kaveri Power Holdings,Medium,2026-02-04 22:22:00,2026-02-05 01:20:00,Yes,Reviewed EDR telemetry timeline; parent process traced to legitimate installer.,Endpoint
ALT00177,Kaveri Power Holdings,Medium,2026-03-23 00:50:00,2026-03-23 03:32:00,No,Reviewed and closed.,Firewall
ALT00178,Kaveri Power Holdings,Low,2026-01-27 05:46:00,2026-01-27 08:39:00,No,Closed as per standard procedure.,Endpoint
ALT00179,Kaveri Power Holdings,Medium,2026-02-17 15:34:00,2026-02-17 18:14:00,No,False positive.,Server
ALT00180,Kaveri Power Holdings,High,2026-03-16 15:01:00,2026-03-16 18:29:00,Yes,Reviewed and closed.,IoT Device
ALT00181,Kaveri Power Holdings,High,2026-03-06 22:40:00,2026-03-07 01:41:00,No,Closed as per standard procedure.,Endpoint
ALT00182,Kaveri Power Holdings,Low,2026-03-08 11:48:00,2026-03-08 15:02:00,Yes,Reviewed and closed.,Network Device
ALT00183,Kaveri Power Holdings,Low,2026-01-28 08:01:00,2026-01-28 11:01:00,No,No further action required.,Firewall
ALT00184,Kaveri Power Holdings,Low,2026-02-05 04:12:00,2026-02-05 07:20:00,Yes,False positive.,Endpoint
ALT00185,Kaveri Power Holdings,Medium,2026-02-06 13:50:00,2026-02-06 16:24:00,No,"Cross-referenced with threat intel feed, identified C2 communication pattern, escalated to IR team.",Identity Provider
ALT00186,Kaveri Power Holdings,High,2026-01-05 22:12:00,2026-01-05 22:16:00,Yes,False positive.,Server
ALT00187,Kaveri Power Holdings,Low,2026-02-16 12:22:00,2026-02-16 15:12:00,Yes,Reviewed EDR telemetry timeline; parent process traced to legitimate installer.,Identity Provider
ALT00188,Kaveri Power Holdings,Medium,2026-02-04 19:32:00,2026-02-04 22:50:00,No,No further action required.,Identity Provider
ALT00189,Kaveri Power Holdings,Medium,2026-03-03 06:50:00,2026-03-03 09:25:00,No,No further action required.,Identity Provider
ALT00190,Kaveri Power Holdings,Medium,2026-03-15 06:53:00,2026-03-15 10:06:00,No,Closed as per standard procedure.,Database
ALT00191,Kaveri Power Holdings,Low,2026-01-20 19:55:00,2026-01-20 22:27:00,Yes,Ran memory capture on affected host; no injected process artefacts identified.,Endpoint
ALT00192,Kaveri Power Holdings,Low,2026-03-27 16:23:00,2026-03-27 19:52:00,No,Reviewed and closed.,Cloud Workload
ALT00193,Kaveri Power Holdings,Low,2026-01-20 18:33:00,2026-01-20 21:16:00,No,Reviewed EDR telemetry timeline; parent process traced to legitimate installer.,Server
ALT00194,Kaveri Power Holdings,Low,2026-01-20 23:14:00,2026-01-21 01:55:00,No,False positive.,Cloud Workload
ALT00195,Kaveri Power Holdings,Medium,2026-02-20 05:28:00,2026-02-20 08:36:00,No,No further action required.,IoT Device
ALT00196,Kaveri Power Holdings,Low,2026-01-26 10:59:00,2026-01-26 14:29:00,Yes,Analysed PCAP sample; payload matched benign monitoring agent heartbeat.,Identity Provider
ALT00197,Kaveri Power Holdings,Medium,2026-01-28 02:00:00,2026-01-28 04:49:00,Yes,Reviewed and closed.,IoT Device
ALT00198,Kaveri Power Holdings,Low,2026-01-23 08:44:00,2026-01-23 11:30:00,Yes,"Investigated source IP, confirmed malicious signature, blocked at firewall, root cause documented.",Server
ALT00199,Kaveri Power Holdings,Medium,2026-01-26 15:09:00,2026-01-26 17:59:00,Yes,"Correlated with SIEM logs across 3 hosts, identified lateral movement attempt, escalated.",Network Device
ALT00200,Kaveri Power Holdings,Low,2026-02-13 00:21:00,2026-02-13 03:19:00,No,Analysed PCAP sample; payload matched benign monitoring agent heartbeat.,Identity Provider
ALT00201,Kaveri Power Holdings,Low,2026-02-13 05:21:00,2026-02-13 07:54:00,No,Contacted asset owner and confirmed scheduled maintenance window covered the activity.,Endpoint
ALT00202,Kaveri Power Holdings,Medium,2026-01-01 14:19:00,2026-01-01 17:00:00,No,False positive.,Server
ALT00203,Kaveri Power Holdings,Low,2026-02-20 01:43:00,2026-02-20 04:14:00,Yes,Analysed PCAP sample; payload matched benign monitoring agent heartbeat.,Endpoint
ALT00204,Kaveri Power Holdings,Low,2026-03-29 09:21:00,2026-03-29 12:37:00,Yes,False positive.,Endpoint
ALT00205,Kaveri Power Holdings,Medium,2026-03-28 13:06:00,2026-03-28 16:24:00,No,Contacted asset owner and confirmed scheduled maintenance window covered the activity.,Identity Provider
ALT00206,Kaveri Power Holdings,Low,2026-01-12 12:42:00,2026-01-12 15:22:00,No,Analysed PCAP sample; payload matched benign monitoring agent heartbeat.,Endpoint
ALT00207,Kaveri Power Holdings,Low,2026-03-17 15:24:00,2026-03-17 18:47:00,Yes,Reviewed EDR telemetry timeline; parent process traced to legitimate installer.,Network Device
ALT00208,Kaveri Power Holdings,High,2026-03-05 06:30:00,2026-03-05 09:26:00,No,Closed as per standard procedure.,Database
ALT00209,Kaveri Power Holdings,Critical,2026-02-25 14:13:00,2026-02-25 14:14:00,Yes,No further action required.,Server
ALT00210,Kaveri Power Holdings,Low,2026-02-12 13:48:00,2026-02-12 16:58:00,No,No further action required.,IoT Device
ALT00211,Kaveri Power Holdings,High,2026-02-18 01:01:00,2026-02-18 04:04:00,Yes,Reviewed EDR telemetry timeline; parent process traced to legitimate installer.,Firewall
ALT00212,Kaveri Power Holdings,Low,2026-01-29 17:08:00,2026-01-29 20:26:00,No,Reviewed and closed.,Firewall
ALT00213,Kaveri Power Holdings,Medium,2026-03-04 06:53:00,2026-03-04 10:02:00,No,"Investigated source IP, confirmed malicious signature, blocked at firewall, root cause documented.",Database
ALT00214,Kaveri Power Holdings,Critical,2026-02-04 20:40:00,2026-02-04 20:42:00,No,Contacted asset owner and confirmed scheduled maintenance window covered the activity.,IoT Device
ALT00215,Kaveri Power Holdings,Medium,2026-03-09 01:25:00,2026-03-09 04:20:00,No,Reviewed and closed.,Database
ALT00216,Kaveri Power Holdings,High,2026-03-04 06:42:00,2026-03-04 09:57:00,Yes,"Correlated with SIEM logs across 3 hosts, identified lateral movement attempt, escalated.",Endpoint
ALT00217,Kaveri Power Holdings,Medium,2026-02-24 20:27:00,2026-02-24 23:05:00,Yes,"Performed forensic triage on affected host, isolated system, initiated containment protocol.",Endpoint
ALT00218,Kaveri Power Holdings,Low,2026-03-18 16:53:00,2026-03-18 20:21:00,Yes,No further action required.,Endpoint
ALT00219,Kaveri Power Holdings,Low,2026-01-06 08:12:00,2026-01-06 10:59:00,No,Ran memory capture on affected host; no injected process artefacts identified.,Firewall
ALT00220,Kaveri Power Holdings,Critical,2026-01-05 16:27:00,2026-01-05 19:05:00,No,"Cross-referenced with threat intel feed, identified C2 communication pattern, escalated to IR team.",IoT Device
ALT00221,Kaveri Power Holdings,Low,2026-01-22 09:38:00,2026-01-22 12:16:00,No,Ran memory capture on affected host; no injected process artefacts identified.,Endpoint
ALT00222,Kaveri Power Holdings,Critical,2026-01-04 00:29:00,2026-01-04 00:33:00,No,Closed as per standard procedure.,Identity Provider
ALT00223,Kaveri Power Holdings,Critical,2026-02-02 23:38:00,2026-02-03 02:57:00,Yes,"Cross-referenced with threat intel feed, identified C2 communication pattern, escalated to IR team.",Server
ALT00224,Kaveri Power Holdings,Medium,2026-01-02 01:19:00,2026-01-02 04:36:00,No,"Cross-referenced with threat intel feed, identified C2 communication pattern, escalated to IR team.",IoT Device
ALT00225,Kaveri Power Holdings,Medium,2026-03-31 04:18:00,2026-03-31 07:44:00,No,No further action required.,Cloud Workload
ALT00226,Kaveri Power Holdings,Medium,2026-02-05 10:12:00,2026-02-05 12:46:00,No,"Correlated with SIEM logs across 3 hosts, identified lateral movement attempt, escalated.",Endpoint
ALT00227,Kaveri Power Holdings,Low,2026-02-13 15:30:00,2026-02-13 18:43:00,No,"Investigated source IP, confirmed malicious signature, blocked at firewall, root cause documented.",Network Device
ALT00228,Kaveri Power Holdings,Low,2026-03-22 09:52:00,2026-03-22 12:53:00,Yes,Reviewed EDR telemetry timeline; parent process traced to legitimate installer.,IoT Device
ALT00229,Kaveri Power Holdings,Low,2026-02-16 23:31:00,2026-02-17 02:55:00,Yes,No further action required.,Endpoint
ALT00230,Kaveri Power Holdings,Low,2026-03-09 16:01:00,2026-03-09 18:41:00,No,Ran memory capture on affected host; no injected process artefacts identified.,IoT Device
ALT00231,Kaveri Power Holdings,High,2026-01-03 05:50:00,2026-01-03 05:52:00,Yes,Contacted asset owner and confirmed scheduled maintenance window covered the activity.,Endpoint
ALT00232,Kaveri Power Holdings,High,2026-02-16 16:12:00,2026-02-16 16:15:00,Yes,Contacted asset owner and confirmed scheduled maintenance window covered the activity.,Network Device
ALT00233,Kaveri Power Holdings,Low,2026-03-25 15:25:00,2026-03-25 17:58:00,No,"Investigated source IP, confirmed malicious signature, blocked at firewall, root cause documented.",Endpoint
ALT00234,Kaveri Power Holdings,Low,2026-02-11 18:45:00,2026-02-11 21:42:00,Yes,Reviewed and closed.,Database
ALT00235,Kaveri Power Holdings,Low,2026-01-07 03:43:00,2026-01-07 06:54:00,Yes,Ran memory capture on affected host; no injected process artefacts identified.,Network Device
ALT00236,Kaveri Power Holdings,Critical,2026-02-12 05:37:00,2026-02-12 08:46:00,Yes,Reviewed and closed.,Network Device
ALT00237,Kaveri Power Holdings,Low,2026-01-08 04:38:00,2026-01-08 07:49:00,Yes,No further action required.,Firewall
ALT00238,Kaveri Power Holdings,Low,2026-01-05 22:13:00,2026-01-06 01:12:00,No,Contacted asset owner and confirmed scheduled maintenance window covered the activity.,Server
ALT00239,Kaveri Power Holdings,Low,2026-03-15 15:54:00,2026-03-15 19:07:00,Yes,Closed as per standard procedure.,Firewall
ALT00240,Kaveri Power Holdings,Medium,2026-01-18 11:07:00,2026-01-18 13:40:00,No,"Performed forensic triage on affected host, isolated system, initiated containment protocol.",Database
ALT00241,Kaveri Power Holdings,Medium,2026-03-29 14:07:00,2026-03-29 16:49:00,No,Closed as per standard procedure.,Database
ALT00242,Kaveri Power Holdings,Low,2026-03-30 20:37:00,2026-03-30 23:09:00,No,No further action required.,Identity Provider
ALT00243,Kaveri Power Holdings,Low,2026-01-13 10:28:00,2026-01-13 13:30:00,No,"Performed forensic triage on affected host, isolated system, initiated containment protocol.",Firewall
ALT00244,Kaveri Power Holdings,Low,2026-03-25 17:59:00,2026-03-25 21:06:00,No,Closed as per standard procedure.,Cloud Workload
ALT00245,Kaveri Power Holdings,Low,2026-01-25 04:57:00,2026-01-25 08:00:00,No,False positive.,Endpoint
ALT00001,Arcadia Defence Systems,Low,2026-03-16 16:50:00,2026-03-16 19:47:00,Yes,Ran memory capture on affected host; no injected process artefacts identified.,Endpoint
ALT00002,Arcadia Defence Systems,Low,2026-01-19 07:55:00,2026-01-19 11:09:00,Yes,False positive.,Endpoint
ALT00003,Arcadia Defence Systems,Low,2026-01-27 05:54:00,2026-01-27 09:11:00,No,False positive.,Identity Provider
ALT00004,Arcadia Defence Systems,Critical,2026-01-11 19:33:00,2026-01-11 22:42:00,No,"Performed forensic triage on affected host, isolated system, initiated containment protocol.",Database
ALT00005,Arcadia Defence Systems,Medium,2026-03-08 16:09:00,2026-03-08 19:35:00,No,False positive.,Network Device
ALT00006,Arcadia Defence Systems,Low,2026-02-02 16:08:00,2026-02-02 19:02:00,No,Closed as per standard procedure.,Database
ALT00007,Arcadia Defence Systems,Medium,2026-01-20 00:04:00,2026-01-20 03:26:00,Yes,Reviewed and closed.,Server
ALT00008,Arcadia Defence Systems,High,2026-01-30 10:13:00,2026-01-30 12:57:00,Yes,Analysed PCAP sample; payload matched benign monitoring agent heartbeat.,Network Device
ALT00009,Arcadia Defence Systems,Low,2026-02-12 08:57:00,2026-02-12 11:45:00,Yes,"Correlated with SIEM logs across 3 hosts, identified lateral movement attempt, escalated.",IoT Device
ALT00010,Arcadia Defence Systems,Low,2026-02-09 03:17:00,2026-02-09 06:21:00,No,Reviewed and closed.,Identity Provider
ALT00011,Arcadia Defence Systems,Medium,2026-02-20 21:10:00,2026-02-21 00:05:00,No,"Correlated with SIEM logs across 3 hosts, identified lateral movement attempt, escalated.",Firewall
ALT00012,Arcadia Defence Systems,Low,2026-02-26 19:13:00,2026-02-26 21:59:00,No,False positive.,Database
ALT00013,Arcadia Defence Systems,Low,2026-01-16 22:06:00,2026-01-17 00:51:00,Yes,False positive.,Network Device
ALT00014,Arcadia Defence Systems,Low,2026-03-06 01:30:00,2026-03-06 04:08:00,No,"Correlated with SIEM logs across 3 hosts, identified lateral movement attempt, escalated.",Firewall
ALT00015,Arcadia Defence Systems,Medium,2026-02-22 19:56:00,2026-02-22 22:43:00,Yes,"Cross-referenced with threat intel feed, identified C2 communication pattern, escalated to IR team.",Identity Provider
ALT00016,Arcadia Defence Systems,Medium,2026-03-21 23:55:00,2026-03-22 02:33:00,No,Analysed PCAP sample; payload matched benign monitoring agent heartbeat.,Identity Provider
ALT00017,Arcadia Defence Systems,Medium,2026-01-09 16:40:00,2026-01-09 19:19:00,No,Reviewed EDR telemetry timeline; parent process traced to legitimate installer.,Cloud Workload
ALT00018,Arcadia Defence Systems,Low,2026-01-22 05:25:00,2026-01-22 08:15:00,No,Reviewed and closed.,Server
ALT00019,Arcadia Defence Systems,Medium,2026-01-20 14:25:00,2026-01-20 17:25:00,No,Contacted asset owner and confirmed scheduled maintenance window covered the activity.,Endpoint
ALT00020,Arcadia Defence Systems,Medium,2026-02-26 02:52:00,2026-02-26 06:20:00,Yes,"Correlated with SIEM logs across 3 hosts, identified lateral movement attempt, escalated.",Endpoint
ALT00021,Arcadia Defence Systems,Medium,2026-02-06 05:14:00,2026-02-06 07:56:00,No,Reviewed EDR telemetry timeline; parent process traced to legitimate installer.,Database
ALT00022,Arcadia Defence Systems,Medium,2026-03-27 21:15:00,2026-03-28 00:07:00,No,False positive.,IoT Device
ALT00023,Arcadia Defence Systems,Low,2026-02-11 21:14:00,2026-02-12 00:24:00,No,"Cross-referenced with threat intel feed, identified C2 communication pattern, escalated to IR team.",Firewall
ALT00024,Arcadia Defence Systems,Low,2026-02-26 21:43:00,2026-02-27 00:56:00,No,Closed as per standard procedure.,Firewall
ALT00025,Arcadia Defence Systems,High,2026-01-27 13:52:00,2026-01-27 16:31:00,Yes,Reviewed EDR telemetry timeline; parent process traced to legitimate installer.,Server
ALT00026,Arcadia Defence Systems,Medium,2026-03-24 05:23:00,2026-03-24 08:37:00,No,Reviewed EDR telemetry timeline; parent process traced to legitimate installer.,Identity Provider
ALT00027,Arcadia Defence Systems,Critical,2026-01-19 00:19:00,2026-01-19 03:04:00,Yes,"Performed forensic triage on affected host, isolated system, initiated containment protocol.",Endpoint
ALT00028,Arcadia Defence Systems,High,2026-01-18 17:25:00,2026-01-18 20:12:00,No,Reviewed and closed.,Server
ALT00029,Arcadia Defence Systems,Low,2026-03-13 16:09:00,2026-03-13 19:35:00,No,"Performed forensic triage on affected host, isolated system, initiated containment protocol.",Firewall
ALT00030,Arcadia Defence Systems,Critical,2026-01-29 04:21:00,2026-01-29 06:54:00,No,Analysed PCAP sample; payload matched benign monitoring agent heartbeat.,Firewall
ALT00031,Arcadia Defence Systems,Medium,2026-03-06 00:55:00,2026-03-06 03:59:00,No,Ran memory capture on affected host; no injected process artefacts identified.,Server
ALT00032,Arcadia Defence Systems,High,2026-02-05 04:42:00,2026-02-05 07:26:00,Yes,False positive.,Firewall
ALT00033,Arcadia Defence Systems,Low,2026-01-29 23:15:00,2026-01-30 01:59:00,No,"Cross-referenced with threat intel feed, identified C2 communication pattern, escalated to IR team.",Identity Provider
ALT00034,Arcadia Defence Systems,Low,2026-02-26 15:59:00,2026-02-26 19:06:00,Yes,Reviewed EDR telemetry timeline; parent process traced to legitimate installer.,Endpoint
ALT00035,Arcadia Defence Systems,Low,2026-02-06 20:10:00,2026-02-06 23:13:00,No,"Investigated source IP, confirmed malicious signature, blocked at firewall, root cause documented.",Identity Provider
ALT00036,Arcadia Defence Systems,Medium,2026-03-24 04:33:00,2026-03-24 07:16:00,No,Closed as per standard procedure.,Server
ALT00037,Arcadia Defence Systems,Medium,2026-03-13 12:49:00,2026-03-13 16:02:00,No,Closed as per standard procedure.,Firewall
ALT00038,Arcadia Defence Systems,High,2026-03-25 10:33:00,2026-03-25 13:37:00,No,Reviewed and closed.,Cloud Workload
ALT00039,Arcadia Defence Systems,High,2026-02-17 23:48:00,2026-02-18 02:18:00,Yes,False positive.,Firewall
ALT00040,Arcadia Defence Systems,Low,2026-02-09 05:30:00,2026-02-09 08:46:00,No,Reviewed and closed.,Database
ALT00041,Arcadia Defence Systems,Medium,2026-01-18 21:23:00,2026-01-18 23:56:00,Yes,Reviewed and closed.,Firewall
ALT00042,Arcadia Defence Systems,Medium,2026-02-17 21:17:00,2026-02-18 00:30:00,No,"Correlated with SIEM logs across 3 hosts, identified lateral movement attempt, escalated.",Endpoint
ALT00043,Arcadia Defence Systems,Medium,2026-01-08 16:09:00,2026-01-08 19:37:00,No,"Cross-referenced with threat intel feed, identified C2 communication pattern, escalated to IR team.",IoT Device
ALT00044,Arcadia Defence Systems,Low,2026-02-14 06:43:00,2026-02-14 09:52:00,No,"Investigated source IP, confirmed malicious signature, blocked at firewall, root cause documented.",Firewall
ALT00045,Arcadia Defence Systems,Low,2026-01-20 04:25:00,2026-01-20 07:48:00,No,Ran memory capture on affected host; no injected process artefacts identified.,Firewall
ALT00046,Arcadia Defence Systems,Low,2026-03-05 14:15:00,2026-03-05 17:01:00,Yes,"Performed forensic triage on affected host, isolated system, initiated containment protocol.",Endpoint
ALT00047,Arcadia Defence Systems,Low,2026-03-10 19:14:00,2026-03-10 21:46:00,No,Analysed PCAP sample; payload matched benign monitoring agent heartbeat.,Cloud Workload
ALT00048,Arcadia Defence Systems,Low,2026-01-03 11:15:00,2026-01-03 13:52:00,No,No further action required.,Identity Provider
ALT00049,Arcadia Defence Systems,Medium,2026-02-09 06:35:00,2026-02-09 09:05:00,No,"Correlated with SIEM logs across 3 hosts, identified lateral movement attempt, escalated.",Network Device
ALT00050,Arcadia Defence Systems,Low,2026-01-10 20:36:00,2026-01-10 23:43:00,No,"Performed forensic triage on affected host, isolated system, initiated containment protocol.",Identity Provider
ALT00051,Arcadia Defence Systems,High,2026-03-01 23:26:00,2026-03-02 02:51:00,No,Ran memory capture on affected host; no injected process artefacts identified.,Server
ALT00052,Arcadia Defence Systems,High,2026-02-08 07:22:00,2026-02-08 10:20:00,Yes,Closed as per standard procedure.,Firewall
ALT00053,Arcadia Defence Systems,Low,2026-01-03 22:22:00,2026-01-04 00:56:00,No,No further action required.,Endpoint
ALT00054,Arcadia Defence Systems,Medium,2026-01-23 23:21:00,2026-01-24 02:33:00,No,Closed as per standard procedure.,Cloud Workload
ALT00055,Arcadia Defence Systems,Medium,2026-02-28 01:42:00,2026-02-28 04:29:00,No,Closed as per standard procedure.,IoT Device
ALT00056,Arcadia Defence Systems,Low,2026-03-16 23:34:00,2026-03-17 02:27:00,No,"Cross-referenced with threat intel feed, identified C2 communication pattern, escalated to IR team.",Network Device
ALT00057,Arcadia Defence Systems,Low,2026-01-29 18:12:00,2026-01-29 21:04:00,No,Reviewed EDR telemetry timeline; parent process traced to legitimate installer.,Network Device
ALT00058,Arcadia Defence Systems,Low,2026-02-19 01:59:00,2026-02-19 04:38:00,No,"Correlated with SIEM logs across 3 hosts, identified lateral movement attempt, escalated.",Firewall
ALT00059,Arcadia Defence Systems,Medium,2026-01-05 08:15:00,2026-01-05 11:44:00,No,"Cross-referenced with threat intel feed, identified C2 communication pattern, escalated to IR team.",Cloud Workload
ALT00060,Arcadia Defence Systems,Low,2026-03-28 16:47:00,2026-03-28 19:21:00,No,Reviewed and closed.,Firewall
ALT00061,Arcadia Defence Systems,Critical,2026-02-06 08:16:00,2026-02-06 10:53:00,Yes,"Correlated with SIEM logs across 3 hosts, identified lateral movement attempt, escalated.",IoT Device
ALT00062,Arcadia Defence Systems,Low,2026-02-16 06:59:00,2026-02-16 09:33:00,Yes,"Cross-referenced with threat intel feed, identified C2 communication pattern, escalated to IR team.",Firewall
ALT00063,Arcadia Defence Systems,Low,2026-02-01 01:15:00,2026-02-01 04:38:00,No,Closed as per standard procedure.,Cloud Workload
ALT00064,Arcadia Defence Systems,Critical,2026-01-26 03:44:00,2026-01-26 06:30:00,Yes,Reviewed EDR telemetry timeline; parent process traced to legitimate installer.,Endpoint
ALT00065,Arcadia Defence Systems,Medium,2026-03-17 23:45:00,2026-03-18 02:59:00,No,"Performed forensic triage on affected host, isolated system, initiated containment protocol.",Firewall
ALT00066,Arcadia Defence Systems,High,2026-01-07 04:45:00,2026-01-07 07:33:00,Yes,Reviewed and closed.,Server
ALT00067,Arcadia Defence Systems,Low,2026-02-13 05:43:00,2026-02-13 08:48:00,No,Contacted asset owner and confirmed scheduled maintenance window covered the activity.,Firewall
ALT00068,Arcadia Defence Systems,Low,2026-02-21 18:38:00,2026-02-21 21:33:00,Yes,"Investigated source IP, confirmed malicious signature, blocked at firewall, root cause documented.",Cloud Workload
ALT00069,Arcadia Defence Systems,Medium,2026-03-21 11:31:00,2026-03-21 14:52:00,No,Reviewed EDR telemetry timeline; parent process traced to legitimate installer.,Server
ALT00070,Arcadia Defence Systems,Low,2026-02-04 05:26:00,2026-02-04 08:41:00,Yes,"Performed forensic triage on affected host, isolated system, initiated containment protocol.",Firewall
ALT00071,Arcadia Defence Systems,Medium,2026-03-25 14:07:00,2026-03-25 16:43:00,No,Reviewed and closed.,Database
ALT00072,Arcadia Defence Systems,Low,2026-01-26 09:25:00,2026-01-26 12:33:00,No,Analysed PCAP sample; payload matched benign monitoring agent heartbeat.,Server
ALT00073,Arcadia Defence Systems,Medium,2026-01-31 04:02:00,2026-01-31 07:18:00,No,"Performed forensic triage on affected host, isolated system, initiated containment protocol.",Identity Provider
ALT00074,Arcadia Defence Systems,Critical,2026-03-09 22:20:00,2026-03-10 01:12:00,No,"Cross-referenced with threat intel feed, identified C2 communication pattern, escalated to IR team.",Network Device
ALT00075,Arcadia Defence Systems,Medium,2026-01-14 17:57:00,2026-01-14 21:18:00,No,"Performed forensic triage on affected host, isolated system, initiated containment protocol.",Identity Provider
ALT00076,Arcadia Defence Systems,Medium,2026-01-21 11:36:00,2026-01-21 14:19:00,No,"Correlated with SIEM logs across 3 hosts, identified lateral movement attempt, escalated.",Firewall
ALT00077,Arcadia Defence Systems,Low,2026-02-05 04:49:00,2026-02-05 08:04:00,No,Analysed PCAP sample; payload matched benign monitoring agent heartbeat.,Network Device
ALT00078,Arcadia Defence Systems,Low,2026-02-16 12:25:00,2026-02-16 15:22:00,Yes,False positive.,Endpoint
ALT00079,Arcadia Defence Systems,Medium,2026-03-15 18:26:00,2026-03-15 21:46:00,Yes,Reviewed EDR telemetry timeline; parent process traced to legitimate installer.,Server
ALT00080,Arcadia Defence Systems,High,2026-01-22 02:21:00,2026-01-22 05:22:00,No,"Investigated source IP, confirmed malicious signature, blocked at firewall, root cause documented.",Endpoint
ALT00081,Arcadia Defence Systems,Low,2026-03-01 13:00:00,2026-03-01 16:04:00,No,Ran memory capture on affected host; no injected process artefacts identified.,Endpoint
ALT00082,Arcadia Defence Systems,Low,2026-03-05 12:25:00,2026-03-05 15:45:00,Yes,Contacted asset owner and confirmed scheduled maintenance window covered the activity.,Endpoint
ALT00083,Arcadia Defence Systems,Low,2026-03-23 05:45:00,2026-03-23 08:34:00,No,No further action required.,Cloud Workload
ALT00084,Arcadia Defence Systems,Medium,2026-01-23 11:43:00,2026-01-23 15:02:00,No,Reviewed and closed.,Identity Provider
ALT00085,Arcadia Defence Systems,Medium,2026-02-08 10:05:00,2026-02-08 12:57:00,No,Analysed PCAP sample; payload matched benign monitoring agent heartbeat.,Identity Provider
ALT00086,Arcadia Defence Systems,Medium,2026-02-08 15:26:00,2026-02-08 18:07:00,No,"Cross-referenced with threat intel feed, identified C2 communication pattern, escalated to IR team.",Identity Provider
ALT00087,Arcadia Defence Systems,Low,2026-03-03 16:48:00,2026-03-03 19:43:00,No,"Investigated source IP, confirmed malicious signature, blocked at firewall, root cause documented.",Endpoint
ALT00088,Arcadia Defence Systems,Low,2026-03-19 06:35:00,2026-03-19 09:26:00,No,"Performed forensic triage on affected host, isolated system, initiated containment protocol.",Database
ALT00089,Arcadia Defence Systems,High,2026-01-29 16:08:00,2026-01-29 19:20:00,Yes,"Cross-referenced with threat intel feed, identified C2 communication pattern, escalated to IR team.",Server
ALT00090,Arcadia Defence Systems,Low,2026-03-15 18:17:00,2026-03-15 21:29:00,Yes,"Cross-referenced with threat intel feed, identified C2 communication pattern, escalated to IR team.",Endpoint
ALT00091,Arcadia Defence Systems,Low,2026-03-03 03:54:00,2026-03-03 06:39:00,No,"Cross-referenced with threat intel feed, identified C2 communication pattern, escalated to IR team.",Firewall
ALT00092,Arcadia Defence Systems,Medium,2026-03-18 08:17:00,2026-03-18 11:02:00,No,Reviewed and closed.,Cloud Workload
ALT00093,Arcadia Defence Systems,Critical,2026-01-12 11:46:00,2026-01-12 15:14:00,No,Reviewed EDR telemetry timeline; parent process traced to legitimate installer.,Server
ALT00094,Arcadia Defence Systems,Low,2026-02-13 10:08:00,2026-02-13 12:56:00,No,Reviewed and closed.,Identity Provider
ALT00095,Arcadia Defence Systems,Medium,2026-03-07 04:28:00,2026-03-07 07:00:00,No,"Performed forensic triage on affected host, isolated system, initiated containment protocol.",Endpoint
ALT00096,Arcadia Defence Systems,Low,2026-03-24 01:49:00,2026-03-24 05:11:00,No,Reviewed EDR telemetry timeline; parent process traced to legitimate installer.,IoT Device
ALT00097,Arcadia Defence Systems,Medium,2026-02-22 12:58:00,2026-02-22 16:26:00,No,Reviewed EDR telemetry timeline; parent process traced to legitimate installer.,Database
ALT00098,Arcadia Defence Systems,Low,2026-03-26 00:29:00,2026-03-26 03:09:00,No,Contacted asset owner and confirmed scheduled maintenance window covered the activity.,Network Device
ALT00099,Arcadia Defence Systems,Medium,2026-03-13 22:08:00,2026-03-14 01:07:00,No,Reviewed and closed.,IoT Device
ALT00100,Arcadia Defence Systems,Low,2026-02-14 00:27:00,2026-02-14 03:43:00,No,No further action required.,Database
ALT00101,Arcadia Defence Systems,Medium,2026-01-29 10:58:00,2026-01-29 14:15:00,No,Closed as per standard procedure.,Database
ALT00102,Arcadia Defence Systems,Low,2026-02-05 16:30:00,2026-02-05 19:45:00,No,Ran memory capture on affected host; no injected process artefacts identified.,IoT Device
ALT00103,Arcadia Defence Systems,High,2026-03-31 21:03:00,2026-03-31 23:59:59,Yes,Ran memory capture on affected host; no injected process artefacts identified.,Server
ALT00104,Arcadia Defence Systems,Low,2026-03-05 13:18:00,2026-03-05 16:04:00,No,"Cross-referenced with threat intel feed, identified C2 communication pattern, escalated to IR team.",Identity Provider
ALT00105,Arcadia Defence Systems,Medium,2026-01-05 12:11:00,2026-01-05 15:39:00,No,"Investigated source IP, confirmed malicious signature, blocked at firewall, root cause documented.",Identity Provider
ALT00106,Arcadia Defence Systems,Low,2026-03-17 07:35:00,2026-03-17 10:52:00,No,False positive.,Server
ALT00107,Arcadia Defence Systems,Low,2026-03-03 03:12:00,2026-03-03 06:40:00,No,No further action required.,Cloud Workload
ALT00108,Arcadia Defence Systems,Low,2026-02-02 21:57:00,2026-02-03 00:56:00,Yes,Contacted asset owner and confirmed scheduled maintenance window covered the activity.,Cloud Workload
ALT00109,Arcadia Defence Systems,Low,2026-01-23 15:02:00,2026-01-23 17:49:00,Yes,"Performed forensic triage on affected host, isolated system, initiated containment protocol.",Identity Provider
ALT00110,Arcadia Defence Systems,Medium,2026-03-21 22:19:00,2026-03-22 01:14:00,No,Analysed PCAP sample; payload matched benign monitoring agent heartbeat.,Server
ALT00111,Arcadia Defence Systems,Low,2026-02-17 15:10:00,2026-02-17 17:59:00,No,Reviewed and closed.,Server
ALT00112,Arcadia Defence Systems,Low,2026-03-09 03:44:00,2026-03-09 06:30:00,No,"Investigated source IP, confirmed malicious signature, blocked at firewall, root cause documented.",Network Device
ALT00113,Arcadia Defence Systems,Medium,2026-03-29 12:32:00,2026-03-29 15:48:00,No,Closed as per standard procedure.,Database
ALT00114,Arcadia Defence Systems,High,2026-02-01 23:05:00,2026-02-02 02:14:00,Yes,Contacted asset owner and confirmed scheduled maintenance window covered the activity.,Identity Provider
ALT00115,Arcadia Defence Systems,Low,2026-03-28 18:30:00,2026-03-28 21:03:00,No,Reviewed and closed.,Identity Provider
ALT00116,Arcadia Defence Systems,Critical,2026-02-09 18:13:00,2026-02-09 21:27:00,Yes,"Cross-referenced with threat intel feed, identified C2 communication pattern, escalated to IR team.",Firewall
ALT00117,Arcadia Defence Systems,Low,2026-02-12 05:29:00,2026-02-12 08:21:00,No,"Cross-referenced with threat intel feed, identified C2 communication pattern, escalated to IR team.",Endpoint
ALT00118,Arcadia Defence Systems,High,2026-03-17 20:48:00,2026-03-18 00:08:00,Yes,Analysed PCAP sample; payload matched benign monitoring agent heartbeat.,Identity Provider
ALT00119,Arcadia Defence Systems,Medium,2026-03-31 14:19:00,2026-03-31 17:20:00,No,Ran memory capture on affected host; no injected process artefacts identified.,Identity Provider
ALT00120,Arcadia Defence Systems,Low,2026-03-06 13:29:00,2026-03-06 16:50:00,Yes,Closed as per standard procedure.,Database
ALT00121,Arcadia Defence Systems,Medium,2026-03-15 23:44:00,2026-03-16 02:44:00,No,Contacted asset owner and confirmed scheduled maintenance window covered the activity.,Server
ALT00122,Arcadia Defence Systems,Medium,2026-02-14 02:28:00,2026-02-14 05:51:00,No,Contacted asset owner and confirmed scheduled maintenance window covered the activity.,Cloud Workload
ALT00123,Arcadia Defence Systems,Low,2026-03-07 02:48:00,2026-03-07 06:09:00,No,"Performed forensic triage on affected host, isolated system, initiated containment protocol.",Firewall
ALT00124,Arcadia Defence Systems,Low,2026-01-24 12:19:00,2026-01-24 15:39:00,No,"Performed forensic triage on affected host, isolated system, initiated containment protocol.",Endpoint
ALT00125,Arcadia Defence Systems,Critical,2026-03-29 05:06:00,2026-03-29 07:59:00,No,Closed as per standard procedure.,Firewall
ALT00126,Arcadia Defence Systems,High,2026-03-01 21:01:00,2026-03-02 00:09:00,Yes,"Investigated source IP, confirmed malicious signature, blocked at firewall, root cause documented.",Firewall
ALT00127,Arcadia Defence Systems,Low,2026-01-04 09:03:00,2026-01-04 12:04:00,Yes,Contacted asset owner and confirmed scheduled maintenance window covered the activity.,IoT Device
ALT00128,Arcadia Defence Systems,Low,2026-03-04 00:57:00,2026-03-04 03:36:00,No,Ran memory capture on affected host; no injected process artefacts identified.,IoT Device
ALT00129,Arcadia Defence Systems,Low,2026-03-04 17:06:00,2026-03-04 20:24:00,No,Analysed PCAP sample; payload matched benign monitoring agent heartbeat.,Server
ALT00130,Arcadia Defence Systems,Low,2026-02-13 20:08:00,2026-02-13 22:39:00,No,Reviewed and closed.,Network Device
ALT00131,Arcadia Defence Systems,Medium,2026-01-14 11:18:00,2026-01-14 14:01:00,No,Reviewed and closed.,Server
ALT00132,Arcadia Defence Systems,Low,2026-02-27 04:50:00,2026-02-27 08:11:00,No,Analysed PCAP sample; payload matched benign monitoring agent heartbeat.,Cloud Workload
ALT00133,Arcadia Defence Systems,Medium,2026-01-31 03:27:00,2026-01-31 06:49:00,No,Closed as per standard procedure.,Network Device
ALT00134,Arcadia Defence Systems,Low,2026-02-21 05:17:00,2026-02-21 08:09:00,No,No further action required.,Identity Provider
ALT00135,Arcadia Defence Systems,Medium,2026-01-03 21:27:00,2026-01-04 00:15:00,Yes,Analysed PCAP sample; payload matched benign monitoring agent heartbeat.,Firewall
ALT00136,Arcadia Defence Systems,Low,2026-01-13 05:53:00,2026-01-13 08:40:00,Yes,False positive.,Endpoint
ALT00137,Arcadia Defence Systems,Medium,2026-01-09 23:44:00,2026-01-10 02:23:00,No,"Investigated source IP, confirmed malicious signature, blocked at firewall, root cause documented.",Server
ALT00138,Arcadia Defence Systems,Medium,2026-01-06 01:19:00,2026-01-06 03:51:00,No,Reviewed EDR telemetry timeline; parent process traced to legitimate installer.,Identity Provider
ALT00139,Arcadia Defence Systems,Critical,2026-01-04 18:22:00,2026-01-04 21:52:00,Yes,Ran memory capture on affected host; no injected process artefacts identified.,Cloud Workload
ALT00140,Arcadia Defence Systems,High,2026-01-16 15:05:00,2026-01-16 17:57:00,Yes,No further action required.,Identity Provider
ALT00141,Arcadia Defence Systems,Medium,2026-01-05 03:33:00,2026-01-05 06:38:00,No,No further action required.,Identity Provider
ALT00142,Arcadia Defence Systems,Low,2026-03-25 03:55:00,2026-03-25 06:49:00,No,Reviewed and closed.,Firewall
ALT00143,Arcadia Defence Systems,Medium,2026-03-03 01:58:00,2026-03-03 05:15:00,No,Contacted asset owner and confirmed scheduled maintenance window covered the activity.,Network Device
ALT00144,Arcadia Defence Systems,Medium,2026-02-27 13:50:00,2026-02-27 17:20:00,No,Reviewed EDR telemetry timeline; parent process traced to legitimate installer.,IoT Device
ALT00145,Arcadia Defence Systems,Medium,2026-02-15 15:12:00,2026-02-15 18:28:00,Yes,"Correlated with SIEM logs across 3 hosts, identified lateral movement attempt, escalated.",Firewall
ALT00146,Arcadia Defence Systems,Low,2026-01-11 12:48:00,2026-01-11 15:59:00,No,"Cross-referenced with threat intel feed, identified C2 communication pattern, escalated to IR team.",Server
ALT00147,Arcadia Defence Systems,Low,2026-02-01 00:13:00,2026-02-01 02:53:00,No,False positive.,Firewall
ALT00148,Arcadia Defence Systems,Medium,2026-02-01 19:29:00,2026-02-01 22:02:00,No,"Correlated with SIEM logs across 3 hosts, identified lateral movement attempt, escalated.",Identity Provider
ALT00149,Arcadia Defence Systems,Medium,2026-02-03 21:45:00,2026-02-04 00:59:00,No,Contacted asset owner and confirmed scheduled maintenance window covered the activity.,Firewall
ALT00150,Arcadia Defence Systems,Low,2026-03-04 15:08:00,2026-03-04 18:28:00,No,Analysed PCAP sample; payload matched benign monitoring agent heartbeat.,Network Device
ALT00151,Arcadia Defence Systems,Medium,2026-01-17 18:36:00,2026-01-17 21:59:00,Yes,"Correlated with SIEM logs across 3 hosts, identified lateral movement attempt, escalated.",Database
ALT00152,Arcadia Defence Systems,High,2026-01-24 10:12:00,2026-01-24 13:37:00,Yes,Reviewed EDR telemetry timeline; parent process traced to legitimate installer.,Network Device
ALT00153,Arcadia Defence Systems,High,2026-02-24 11:59:00,2026-02-24 15:19:00,Yes,Analysed PCAP sample; payload matched benign monitoring agent heartbeat.,IoT Device
ALT00154,Arcadia Defence Systems,Low,2026-01-29 03:36:00,2026-01-29 06:44:00,No,No further action required.,Identity Provider
ALT00155,Arcadia Defence Systems,Low,2026-02-19 12:53:00,2026-02-19 15:31:00,No,"Investigated source IP, confirmed malicious signature, blocked at firewall, root cause documented.",Cloud Workload
ALT00156,Arcadia Defence Systems,Low,2026-02-13 01:34:00,2026-02-13 04:55:00,Yes,Closed as per standard procedure.,Identity Provider
ALT00157,Arcadia Defence Systems,Low,2026-01-05 03:23:00,2026-01-05 06:06:00,Yes,No further action required.,Identity Provider
ALT00158,Arcadia Defence Systems,Low,2026-03-29 01:53:00,2026-03-29 05:18:00,No,"Performed forensic triage on affected host, isolated system, initiated containment protocol.",Network Device
ALT00159,Arcadia Defence Systems,Critical,2026-02-13 07:30:00,2026-02-13 10:36:00,Yes,Closed as per standard procedure.,Database
ALT00160,Arcadia Defence Systems,Low,2026-02-11 09:58:00,2026-02-11 13:05:00,Yes,Ran memory capture on affected host; no injected process artefacts identified.,Network Device
ALT00161,Arcadia Defence Systems,High,2026-03-02 14:33:00,2026-03-02 17:41:00,Yes,Analysed PCAP sample; payload matched benign monitoring agent heartbeat.,Firewall
ALT00162,Arcadia Defence Systems,Medium,2026-02-24 15:38:00,2026-02-24 19:07:00,Yes,Reviewed EDR telemetry timeline; parent process traced to legitimate installer.,Cloud Workload
ALT00163,Arcadia Defence Systems,Low,2026-01-03 08:25:00,2026-01-03 11:44:00,No,"Cross-referenced with threat intel feed, identified C2 communication pattern, escalated to IR team.",Endpoint
ALT00164,Arcadia Defence Systems,Medium,2026-01-15 21:21:00,2026-01-16 00:21:00,Yes,Ran memory capture on affected host; no injected process artefacts identified.,Server
ALT00165,Arcadia Defence Systems,Low,2026-02-13 19:26:00,2026-02-13 22:27:00,No,False positive.,Identity Provider
ALT00166,Arcadia Defence Systems,Low,2026-03-11 00:57:00,2026-03-11 04:09:00,Yes,Analysed PCAP sample; payload matched benign monitoring agent heartbeat.,Cloud Workload
ALT00167,Arcadia Defence Systems,Medium,2026-01-27 11:01:00,2026-01-27 14:27:00,No,"Cross-referenced with threat intel feed, identified C2 communication pattern, escalated to IR team.",Firewall
ALT00168,Arcadia Defence Systems,Medium,2026-02-27 16:01:00,2026-02-27 19:13:00,No,False positive.,IoT Device
ALT00169,Arcadia Defence Systems,Low,2026-03-13 12:09:00,2026-03-13 14:57:00,No,Analysed PCAP sample; payload matched benign monitoring agent heartbeat.,Cloud Workload
ALT00170,Arcadia Defence Systems,High,2026-01-10 02:51:00,2026-01-10 06:10:00,No,Closed as per standard procedure.,Firewall
ALT00171,Arcadia Defence Systems,Low,2026-02-18 05:34:00,2026-02-18 08:30:00,No,"Performed forensic triage on affected host, isolated system, initiated containment protocol.",Endpoint
ALT00172,Arcadia Defence Systems,Low,2026-02-09 21:49:00,2026-02-10 00:56:00,No,False positive.,Network Device
ALT00173,Arcadia Defence Systems,Low,2026-01-29 08:34:00,2026-01-29 11:24:00,No,"Performed forensic triage on affected host, isolated system, initiated containment protocol.",Database
ALT00174,Arcadia Defence Systems,Medium,2026-03-01 06:07:00,2026-03-01 08:48:00,No,Reviewed EDR telemetry timeline; parent process traced to legitimate installer.,Firewall
ALT00175,Arcadia Defence Systems,Medium,2026-01-09 06:55:00,2026-01-09 09:41:00,No,"Correlated with SIEM logs across 3 hosts, identified lateral movement attempt, escalated.",Endpoint
ALT00176,Arcadia Defence Systems,Medium,2026-03-08 23:49:00,2026-03-09 02:22:00,No,Ran memory capture on affected host; no injected process artefacts identified.,Endpoint
ALT00177,Arcadia Defence Systems,Low,2026-02-22 06:35:00,2026-02-22 09:23:00,No,Reviewed EDR telemetry timeline; parent process traced to legitimate installer.,Database
ALT00178,Arcadia Defence Systems,Low,2026-01-11 08:29:00,2026-01-11 11:06:00,Yes,False positive.,Server
ALT00179,Arcadia Defence Systems,Low,2026-01-02 08:33:00,2026-01-02 11:25:00,No,No further action required.,Firewall
ALT00180,Arcadia Defence Systems,Low,2026-03-30 09:18:00,2026-03-30 12:37:00,No,Contacted asset owner and confirmed scheduled maintenance window covered the activity.,IoT Device
ALT00181,Arcadia Defence Systems,Medium,2026-02-06 12:42:00,2026-02-06 15:44:00,No,"Investigated source IP, confirmed malicious signature, blocked at firewall, root cause documented.",Cloud Workload
ALT00182,Arcadia Defence Systems,High,2026-01-02 09:59:00,2026-01-02 13:14:00,Yes,Closed as per standard procedure.,Endpoint
ALT00183,Arcadia Defence Systems,Low,2026-03-14 16:43:00,2026-03-14 19:56:00,No,Closed as per standard procedure.,Database
ALT00184,Arcadia Defence Systems,Low,2026-01-17 23:22:00,2026-01-18 02:45:00,No,"Investigated source IP, confirmed malicious signature, blocked at firewall, root cause documented.",Identity Provider
ALT00185,Arcadia Defence Systems,Low,2026-02-09 05:54:00,2026-02-09 08:39:00,No,No further action required.,IoT Device
ALT00186,Arcadia Defence Systems,Medium,2026-03-18 10:11:00,2026-03-18 13:15:00,No,Reviewed EDR telemetry timeline; parent process traced to legitimate installer.,Identity Provider
ALT00187,Arcadia Defence Systems,Low,2026-02-01 09:03:00,2026-02-01 12:32:00,No,"Correlated with SIEM logs across 3 hosts, identified lateral movement attempt, escalated.",Database
ALT00188,Arcadia Defence Systems,Low,2026-01-01 08:05:00,2026-01-01 10:45:00,Yes,Reviewed and closed.,Network Device
ALT00189,Arcadia Defence Systems,Low,2026-02-12 20:24:00,2026-02-12 23:29:00,No,Ran memory capture on affected host; no injected process artefacts identified.,Network Device
ALT00190,Arcadia Defence Systems,Low,2026-03-27 03:22:00,2026-03-27 06:32:00,No,Analysed PCAP sample; payload matched benign monitoring agent heartbeat.,Firewall
ALT00191,Arcadia Defence Systems,High,2026-03-26 21:12:00,2026-03-26 23:55:00,No,Ran memory capture on affected host; no injected process artefacts identified.,Network Device
ALT00192,Arcadia Defence Systems,Low,2026-03-14 18:11:00,2026-03-14 20:43:00,No,Analysed PCAP sample; payload matched benign monitoring agent heartbeat.,Database
ALT00193,Arcadia Defence Systems,Critical,2026-03-09 16:01:00,2026-03-09 18:45:00,No,False positive.,Firewall
ALT00194,Arcadia Defence Systems,Low,2026-02-02 01:03:00,2026-02-02 03:56:00,Yes,"Correlated with SIEM logs across 3 hosts, identified lateral movement attempt, escalated.",Database
ALT00195,Arcadia Defence Systems,Low,2026-02-13 14:32:00,2026-02-13 17:19:00,No,"Performed forensic triage on affected host, isolated system, initiated containment protocol.",Server
ALT00196,Arcadia Defence Systems,Low,2026-02-17 02:15:00,2026-02-17 05:24:00,No,Ran memory capture on affected host; no injected process artefacts identified.,Identity Provider
ALT00197,Arcadia Defence Systems,Medium,2026-03-29 21:19:00,2026-03-29 23:56:00,Yes,Contacted asset owner and confirmed scheduled maintenance window covered the activity.,Endpoint
ALT00198,Arcadia Defence Systems,Low,2026-02-21 23:36:00,2026-02-22 02:27:00,No,No further action required.,Endpoint
ALT00199,Arcadia Defence Systems,Medium,2026-03-26 07:35:00,2026-03-26 10:47:00,No,"Performed forensic triage on affected host, isolated system, initiated containment protocol.",Network Device
ALT00200,Arcadia Defence Systems,Low,2026-02-11 04:23:00,2026-02-11 07:03:00,No,Reviewed EDR telemetry timeline; parent process traced to legitimate installer.,Network Device
ALT00201,Arcadia Defence Systems,Critical,2026-03-25 20:57:00,2026-03-25 23:49:00,No,"Correlated with SIEM logs across 3 hosts, identified lateral movement attempt, escalated.",Endpoint
ALT00202,Arcadia Defence Systems,Low,2026-03-07 05:21:00,2026-03-07 08:51:00,No,"Investigated source IP, confirmed malicious signature, blocked at firewall, root cause documented.",IoT Device
ALT00203,Arcadia Defence Systems,High,2026-02-26 11:40:00,2026-02-26 14:13:00,Yes,Contacted asset owner and confirmed scheduled maintenance window covered the activity.,Database
ALT00204,Arcadia Defence Systems,Low,2026-01-21 05:26:00,2026-01-21 08:36:00,No,False positive.,Database
ALT00205,Arcadia Defence Systems,Critical,2026-01-10 20:20:00,2026-01-10 23:15:00,No,No further action required.,Server
ALT00206,Arcadia Defence Systems,Low,2026-02-22 03:56:00,2026-02-22 06:41:00,No,"Investigated source IP, confirmed malicious signature, blocked at firewall, root cause documented.",Firewall
ALT00207,Arcadia Defence Systems,High,2026-01-14 13:26:00,2026-01-14 16:13:00,Yes,No further action required.,Server
ALT00208,Arcadia Defence Systems,Medium,2026-01-26 05:51:00,2026-01-26 08:42:00,No,Analysed PCAP sample; payload matched benign monitoring agent heartbeat.,Network Device
ALT00209,Arcadia Defence Systems,Low,2026-01-11 16:08:00,2026-01-11 18:41:00,No,Reviewed and closed.,IoT Device
ALT00210,Arcadia Defence Systems,High,2026-02-10 07:31:00,2026-02-10 10:56:00,Yes,"Performed forensic triage on affected host, isolated system, initiated containment protocol.",Firewall
ALT00211,Arcadia Defence Systems,Critical,2026-02-09 06:36:00,2026-02-09 09:44:00,No,Reviewed and closed.,Cloud Workload
ALT00212,Arcadia Defence Systems,Low,2026-02-10 07:40:00,2026-02-10 11:10:00,Yes,Contacted asset owner and confirmed scheduled maintenance window covered the activity.,Database
ALT00213,Arcadia Defence Systems,Low,2026-02-11 07:18:00,2026-02-11 10:43:00,Yes,"Performed forensic triage on affected host, isolated system, initiated containment protocol.",Database
ALT00214,Arcadia Defence Systems,Low,2026-01-08 14:52:00,2026-01-08 17:41:00,No,"Investigated source IP, confirmed malicious signature, blocked at firewall, root cause documented.",Server
ALT00215,Arcadia Defence Systems,Low,2026-03-10 08:59:00,2026-03-10 11:53:00,No,False positive.,Endpoint
ALT00216,Arcadia Defence Systems,Low,2026-03-05 21:26:00,2026-03-06 00:32:00,No,Contacted asset owner and confirmed scheduled maintenance window covered the activity.,Firewall
ALT00217,Arcadia Defence Systems,Low,2026-01-20 00:25:00,2026-01-20 03:45:00,No,Reviewed EDR telemetry timeline; parent process traced to legitimate installer.,Database
ALT00218,Arcadia Defence Systems,Medium,2026-03-18 22:19:00,2026-03-19 01:47:00,No,"Cross-referenced with threat intel feed, identified C2 communication pattern, escalated to IR team.",Firewall
ALT00219,Arcadia Defence Systems,Low,2026-03-13 16:41:00,2026-03-13 19:44:00,No,"Cross-referenced with threat intel feed, identified C2 communication pattern, escalated to IR team.",Cloud Workload
ALT00220,Arcadia Defence Systems,Low,2026-01-02 16:02:00,2026-01-02 18:53:00,No,"Cross-referenced with threat intel feed, identified C2 communication pattern, escalated to IR team.",Endpoint
ALT00221,Arcadia Defence Systems,Low,2026-01-16 15:21:00,2026-01-16 18:09:00,No,"Cross-referenced with threat intel feed, identified C2 communication pattern, escalated to IR team.",Endpoint
ALT00222,Arcadia Defence Systems,Low,2026-02-05 21:24:00,2026-02-06 00:50:00,No,Closed as per standard procedure.,Cloud Workload
ALT00223,Arcadia Defence Systems,Low,2026-02-12 23:18:00,2026-02-13 02:24:00,No,False positive.,IoT Device
ALT00224,Arcadia Defence Systems,Low,2026-02-14 23:23:00,2026-02-15 02:32:00,Yes,Ran memory capture on affected host; no injected process artefacts identified.,Server
ALT00225,Arcadia Defence Systems,Critical,2026-02-06 22:06:00,2026-02-07 01:24:00,Yes,"Performed forensic triage on affected host, isolated system, initiated containment protocol.",Network Device
ALT00226,Arcadia Defence Systems,Low,2026-01-23 18:51:00,2026-01-23 22:09:00,No,Ran memory capture on affected host; no injected process artefacts identified.,IoT Device
ALT00227,Arcadia Defence Systems,Medium,2026-02-10 10:42:00,2026-02-10 13:45:00,No,Closed as per standard procedure.,Database
ALT00228,Arcadia Defence Systems,Medium,2026-02-10 12:30:00,2026-02-10 15:02:00,No,"Performed forensic triage on affected host, isolated system, initiated containment protocol.",IoT Device
ALT00229,Arcadia Defence Systems,Low,2026-02-27 08:32:00,2026-02-27 11:14:00,Yes,False positive.,Firewall
ALT00230,Arcadia Defence Systems,Medium,2026-03-10 06:10:00,2026-03-10 09:10:00,No,Reviewed and closed.,IoT Device
ALT00231,Arcadia Defence Systems,Low,2026-03-04 07:55:00,2026-03-04 10:39:00,Yes,"Cross-referenced with threat intel feed, identified C2 communication pattern, escalated to IR team.",Cloud Workload
ALT00232,Arcadia Defence Systems,Medium,2026-02-02 05:07:00,2026-02-02 08:10:00,No,"Cross-referenced with threat intel feed, identified C2 communication pattern, escalated to IR team.",Endpoint
ALT00233,Arcadia Defence Systems,High,2026-03-25 19:16:00,2026-03-25 21:47:00,Yes,"Cross-referenced with threat intel feed, identified C2 communication pattern, escalated to IR team.",IoT Device
ALT00234,Arcadia Defence Systems,Low,2026-03-19 05:39:00,2026-03-19 08:33:00,No,Ran memory capture on affected host; no injected process artefacts identified.,Database
ALT00235,Arcadia Defence Systems,Medium,2026-02-19 10:23:00,2026-02-19 13:07:00,No,Contacted asset owner and confirmed scheduled maintenance window covered the activity.,Firewall
ALT00236,Arcadia Defence Systems,High,2026-01-28 23:07:00,2026-01-29 02:29:00,No,Reviewed and closed.,Database
ALT00237,Arcadia Defence Systems,Medium,2026-03-09 06:32:00,2026-03-09 09:10:00,Yes,No further action required.,Endpoint
ALT00238,Arcadia Defence Systems,Low,2026-01-22 02:15:00,2026-01-22 05:35:00,Yes,False positive.,Identity Provider
ALT00239,Arcadia Defence Systems,Low,2026-01-07 01:53:00,2026-01-07 04:30:00,No,Reviewed EDR telemetry timeline; parent process traced to legitimate installer.,Server
ALT00240,Arcadia Defence Systems,Medium,2026-03-16 15:21:00,2026-03-16 18:09:00,Yes,"Cross-referenced with threat intel feed, identified C2 communication pattern, escalated to IR team.",Network Device
ALT00241,Arcadia Defence Systems,High,2026-03-29 05:55:00,2026-03-29 08:36:00,No,"Correlated with SIEM logs across 3 hosts, identified lateral movement attempt, escalated.",Endpoint
ALT00242,Arcadia Defence Systems,Low,2026-03-11 21:11:00,2026-03-11 23:41:00,No,"Investigated source IP, confirmed malicious signature, blocked at firewall, root cause documented.",IoT Device
ALT00243,Arcadia Defence Systems,High,2026-01-06 22:38:00,2026-01-07 01:48:00,Yes,Closed as per standard procedure.,Server
ALT00244,Arcadia Defence Systems,Low,2026-01-31 03:39:00,2026-01-31 06:23:00,Yes,Reviewed EDR telemetry timeline; parent process traced to legitimate installer.,Server
ALT00245,Arcadia Defence Systems,Low,2026-01-22 20:43:00,2026-01-22 23:13:00,No,Contacted asset owner and confirmed scheduled maintenance window covered the activity.,IoT Device
ALT00246,Arcadia Defence Systems,High,2026-02-02 13:47:00,2026-02-02 16:31:00,Yes,False positive.,Server
ALT00247,Arcadia Defence Systems,Medium,2026-01-30 01:43:00,2026-01-30 04:29:00,Yes,Contacted asset owner and confirmed scheduled maintenance window covered the activity.,Identity Provider
ALT00248,Arcadia Defence Systems,Low,2026-01-31 06:27:00,2026-01-31 09:19:00,No,"Performed forensic triage on affected host, isolated system, initiated containment protocol.",Database
ALT00249,Arcadia Defence Systems,Low,2026-03-22 14:30:00,2026-03-22 17:03:00,No,No further action required.,IoT Device
ALT00250,Arcadia Defence Systems,Low,2026-01-31 11:01:00,2026-01-31 13:49:00,No,"Correlated with SIEM logs across 3 hosts, identified lateral movement attempt, escalated.",Server
ALT00251,Arcadia Defence Systems,Low,2026-02-12 14:02:00,2026-02-12 17:23:00,No,Ran memory capture on affected host; no injected process artefacts identified.,Firewall
ALT00252,Arcadia Defence Systems,Medium,2026-03-22 22:42:00,2026-03-23 02:01:00,No,False positive.,IoT Device
ALT00253,Arcadia Defence Systems,Medium,2026-02-21 04:58:00,2026-02-21 07:49:00,Yes,Reviewed EDR telemetry timeline; parent process traced to legitimate installer.,Firewall
ALT00254,Arcadia Defence Systems,Low,2026-02-11 04:52:00,2026-02-11 07:51:00,No,Closed as per standard procedure.,IoT Device
ALT00255,Arcadia Defence Systems,Low,2026-02-18 10:07:00,2026-02-18 13:26:00,No,"Investigated source IP, confirmed malicious signature, blocked at firewall, root cause documented.",Firewall
ALT00256,Arcadia Defence Systems,Low,2026-01-25 14:35:00,2026-01-25 17:38:00,No,No further action required.,Network Device
ALT00257,Arcadia Defence Systems,Low,2026-03-25 01:27:00,2026-03-25 04:15:00,No,Ran memory capture on affected host; no injected process artefacts identified.,Identity Provider
ALT00258,Arcadia Defence Systems,Medium,2026-03-02 19:48:00,2026-03-02 22:59:00,No,Reviewed EDR telemetry timeline; parent process traced to legitimate installer.,Endpoint
ALT00259,Arcadia Defence Systems,Medium,2026-02-14 23:59:00,2026-02-15 03:07:00,Yes,"Investigated source IP, confirmed malicious signature, blocked at firewall, root cause documented.",Server
ALT00260,Arcadia Defence Systems,High,2026-01-10 15:58:00,2026-01-10 18:43:00,Yes,"Performed forensic triage on affected host, isolated system, initiated containment protocol.",Network Device
ALT00261,Arcadia Defence Systems,Low,2026-03-09 03:47:00,2026-03-09 06:59:00,Yes,Reviewed and closed.,Firewall
ALT00262,Arcadia Defence Systems,Low,2026-01-17 08:28:00,2026-01-17 11:49:00,No,Ran memory capture on affected host; no injected process artefacts identified.,IoT Device
ALT00263,Arcadia Defence Systems,Medium,2026-01-11 18:31:00,2026-01-11 21:36:00,No,"Investigated source IP, confirmed malicious signature, blocked at firewall, root cause documented.",Server
ALT00264,Arcadia Defence Systems,Medium,2026-01-17 23:01:00,2026-01-18 02:16:00,Yes,Contacted asset owner and confirmed scheduled maintenance window covered the activity.,Database
ALT00265,Arcadia Defence Systems,Low,2026-01-16 18:18:00,2026-01-16 21:08:00,No,Ran memory capture on affected host; no injected process artefacts identified.,IoT Device
ALT00266,Arcadia Defence Systems,Critical,2026-02-24 09:54:00,2026-02-24 12:25:00,Yes,Reviewed and closed.,Network Device
ALT00267,Arcadia Defence Systems,Low,2026-01-18 02:18:00,2026-01-18 05:30:00,No,False positive.,Network Device
ALT00268,Arcadia Defence Systems,High,2026-02-13 23:15:00,2026-02-14 02:08:00,Yes,Reviewed EDR telemetry timeline; parent process traced to legitimate installer.,Network Device
ALT00269,Arcadia Defence Systems,Low,2026-03-04 03:47:00,2026-03-04 07:08:00,Yes,Contacted asset owner and confirmed scheduled maintenance window covered the activity.,Server
ALT00270,Arcadia Defence Systems,High,2026-01-03 03:04:00,2026-01-03 05:45:00,Yes,Reviewed EDR telemetry timeline; parent process traced to legitimate installer.,Database
ALT00271,Arcadia Defence Systems,High,2026-02-04 07:05:00,2026-02-04 10:11:00,Yes,Closed as per standard procedure.,Firewall
ALT00272,Arcadia Defence Systems,Low,2026-02-15 22:43:00,2026-02-16 01:55:00,No,Closed as per standard procedure.,Network Device
ALT00273,Arcadia Defence Systems,Low,2026-02-09 17:06:00,2026-02-09 19:46:00,No,"Correlated with SIEM logs across 3 hosts, identified lateral movement attempt, escalated.",Cloud Workload
ALT00274,Arcadia Defence Systems,Low,2026-01-02 17:48:00,2026-01-02 21:04:00,No,False positive.,Identity Provider
ALT00275,Arcadia Defence Systems,Low,2026-01-17 12:35:00,2026-01-17 15:44:00,No,"Correlated with SIEM logs across 3 hosts, identified lateral movement attempt, escalated.",Endpoint
ALT00276,Arcadia Defence Systems,Medium,2026-02-22 02:16:00,2026-02-22 05:25:00,No,"Performed forensic triage on affected host, isolated system, initiated containment protocol.",Firewall
ALT00277,Arcadia Defence Systems,Medium,2026-01-02 08:21:00,2026-01-02 11:33:00,No,Analysed PCAP sample; payload matched benign monitoring agent heartbeat.,Endpoint
ALT00278,Arcadia Defence Systems,Medium,2026-01-19 11:37:00,2026-01-19 14:40:00,No,False positive.,Database
ALT00279,Arcadia Defence Systems,Critical,2026-03-04 18:30:00,2026-03-04 21:30:00,Yes,"Performed forensic triage on affected host, isolated system, initiated containment protocol.",Server
ALT00280,Arcadia Defence Systems,Low,2026-02-14 14:15:00,2026-02-14 17:12:00,No,Ran memory capture on affected host; no injected process artefacts identified.,Cloud Workload
ALT00281,Arcadia Defence Systems,High,2026-03-16 06:17:00,2026-03-16 08:58:00,Yes,No further action required.,Cloud Workload
ALT00282,Arcadia Defence Systems,Low,2026-02-27 12:32:00,2026-02-27 15:30:00,No,False positive.,Network Device
ALT00283,Arcadia Defence Systems,Medium,2026-03-09 11:06:00,2026-03-09 14:16:00,Yes,"Cross-referenced with threat intel feed, identified C2 communication pattern, escalated to IR team.",Identity Provider
ALT00284,Arcadia Defence Systems,Low,2026-01-10 01:44:00,2026-01-10 04:20:00,No,"Correlated with SIEM logs across 3 hosts, identified lateral movement attempt, escalated.",Network Device
ALT00285,Arcadia Defence Systems,Medium,2026-03-23 23:26:00,2026-03-24 02:30:00,Yes,False positive.,IoT Device
ALT00286,Arcadia Defence Systems,High,2026-02-06 03:32:00,2026-02-06 06:26:00,No,No further action required.,Server
ALT00287,Arcadia Defence Systems,Medium,2026-01-17 01:15:00,2026-01-17 04:40:00,No,Reviewed EDR telemetry timeline; parent process traced to legitimate installer.,Endpoint
ALT00288,Arcadia Defence Systems,High,2026-01-24 15:47:00,2026-01-24 18:19:00,Yes,"Cross-referenced with threat intel feed, identified C2 communication pattern, escalated to IR team.",Network Device
ALT00289,Arcadia Defence Systems,Low,2026-01-05 07:16:00,2026-01-05 09:52:00,No,Closed as per standard procedure.,Identity Provider
ALT00290,Arcadia Defence Systems,High,2026-01-19 08:59:00,2026-01-19 11:47:00,No,Reviewed EDR telemetry timeline; parent process traced to legitimate installer.,Identity Provider
ALT00291,Arcadia Defence Systems,Low,2026-03-26 02:54:00,2026-03-26 06:11:00,No,Ran memory capture on affected host; no injected process artefacts identified.,Identity Provider
ALT00292,Arcadia Defence Systems,Medium,2026-01-15 16:41:00,2026-01-15 19:31:00,No,Ran memory capture on affected host; no injected process artefacts identified.,Endpoint
ALT00293,Arcadia Defence Systems,Low,2026-03-07 15:37:00,2026-03-07 19:00:00,No,Analysed PCAP sample; payload matched benign monitoring agent heartbeat.,Identity Provider
ALT00294,Arcadia Defence Systems,High,2026-02-23 00:03:00,2026-02-23 02:36:00,Yes,Closed as per standard procedure.,Server
ALT00295,Arcadia Defence Systems,Medium,2026-03-13 21:54:00,2026-03-14 00:29:00,No,Contacted asset owner and confirmed scheduled maintenance window covered the activity.,Cloud Workload
ALT00296,Arcadia Defence Systems,Medium,2026-02-01 08:56:00,2026-02-01 12:25:00,No,Contacted asset owner and confirmed scheduled maintenance window covered the activity.,Database
ALT00297,Arcadia Defence Systems,Low,2026-03-25 20:07:00,2026-03-25 23:28:00,Yes,Closed as per standard procedure.,Endpoint
ALT00298,Arcadia Defence Systems,Medium,2026-03-07 17:14:00,2026-03-07 20:23:00,No,Reviewed and closed.,Database
ALT00299,Arcadia Defence Systems,Low,2026-03-12 17:30:00,2026-03-12 21:00:00,No,Analysed PCAP sample; payload matched benign monitoring agent heartbeat.,Server
ALT00300,Arcadia Defence Systems,Low,2026-01-07 18:09:00,2026-01-07 20:54:00,Yes,"Investigated source IP, confirmed malicious signature, blocked at firewall, root cause documented.",IoT Device
ALT00301,Arcadia Defence Systems,Low,2026-03-05 07:55:00,2026-03-05 11:04:00,No,Ran memory capture on affected host; no injected process artefacts identified.,IoT Device
ALT00302,Arcadia Defence Systems,Low,2026-03-21 23:16:00,2026-03-22 02:26:00,No,Analysed PCAP sample; payload matched benign monitoring agent heartbeat.,Database
ALT00303,Arcadia Defence Systems,Medium,2026-03-10 15:56:00,2026-03-10 18:45:00,Yes,Contacted asset owner and confirmed scheduled maintenance window covered the activity.,Network Device
ALT00304,Arcadia Defence Systems,Critical,2026-03-22 22:49:00,2026-03-23 01:49:00,No,"Performed forensic triage on affected host, isolated system, initiated containment protocol.",Database
ALT00305,Arcadia Defence Systems,Low,2026-02-26 04:09:00,2026-02-26 07:09:00,No,Reviewed EDR telemetry timeline; parent process traced to legitimate installer.,Endpoint
ALT00306,Arcadia Defence Systems,Low,2026-01-07 08:46:00,2026-01-07 12:07:00,No,"Cross-referenced with threat intel feed, identified C2 communication pattern, escalated to IR team.",IoT Device
ALT00307,Arcadia Defence Systems,High,2026-01-02 20:50:00,2026-01-03 00:12:00,No,"Investigated source IP, confirmed malicious signature, blocked at firewall, root cause documented.",Cloud Workload
ALT00308,Arcadia Defence Systems,Low,2026-02-15 15:27:00,2026-02-15 18:50:00,No,Closed as per standard procedure.,Identity Provider
ALT00309,Arcadia Defence Systems,Medium,2026-01-13 22:33:00,2026-01-14 01:16:00,No,Reviewed EDR telemetry timeline; parent process traced to legitimate installer.,Server
ALT00310,Arcadia Defence Systems,Medium,2026-01-21 19:25:00,2026-01-21 22:40:00,No,Reviewed EDR telemetry timeline; parent process traced to legitimate installer.,Firewall
ALT00311,Arcadia Defence Systems,High,2026-02-19 12:26:00,2026-02-19 15:01:00,No,False positive.,Identity Provider
ALT00312,Arcadia Defence Systems,Low,2026-02-13 22:50:00,2026-02-14 01:53:00,No,No further action required.,Endpoint
ALT00313,Arcadia Defence Systems,Medium,2026-03-26 20:40:00,2026-03-26 23:53:00,No,Reviewed EDR telemetry timeline; parent process traced to legitimate installer.,Identity Provider
ALT00314,Arcadia Defence Systems,Critical,2026-03-22 20:09:00,2026-03-22 23:26:00,Yes,Reviewed and closed.,Server
ALT00315,Arcadia Defence Systems,Low,2026-02-28 17:34:00,2026-02-28 20:26:00,No,Closed as per standard procedure.,Database
ALT00316,Arcadia Defence Systems,Low,2026-03-18 10:38:00,2026-03-18 13:32:00,Yes,Reviewed and closed.,Identity Provider
ALT00317,Arcadia Defence Systems,Low,2026-01-26 15:18:00,2026-01-26 17:50:00,No,Reviewed and closed.,Database
ALT00318,Arcadia Defence Systems,Low,2026-02-08 15:13:00,2026-02-08 17:49:00,No,"Correlated with SIEM logs across 3 hosts, identified lateral movement attempt, escalated.",Firewall
ALT00319,Arcadia Defence Systems,Low,2026-01-07 17:04:00,2026-01-07 19:55:00,No,"Correlated with SIEM logs across 3 hosts, identified lateral movement attempt, escalated.",Server
ALT00320,Arcadia Defence Systems,Medium,2026-01-20 05:01:00,2026-01-20 08:24:00,No,Reviewed EDR telemetry timeline; parent process traced to legitimate installer.,IoT Device
ALT00321,Arcadia Defence Systems,Low,2026-01-15 01:15:00,2026-01-15 03:45:00,Yes,False positive.,Endpoint
ALT00322,Arcadia Defence Systems,Medium,2026-02-10 06:11:00,2026-02-10 08:55:00,Yes,Reviewed EDR telemetry timeline; parent process traced to legitimate installer.,Cloud Workload
ALT00323,Arcadia Defence Systems,High,2026-03-03 16:16:00,2026-03-03 19:18:00,Yes,Contacted asset owner and confirmed scheduled maintenance window covered the activity.,Server
ALT00324,Arcadia Defence Systems,Critical,2026-02-17 14:21:00,2026-02-17 17:01:00,Yes,"Investigated source IP, confirmed malicious signature, blocked at firewall, root cause documented.",Firewall
ALT00325,Arcadia Defence Systems,High,2026-03-01 18:26:00,2026-03-01 21:01:00,Yes,No further action required.,Identity Provider
ALT00326,Arcadia Defence Systems,Critical,2026-02-16 11:23:00,2026-02-16 14:41:00,No,"Cross-referenced with threat intel feed, identified C2 communication pattern, escalated to IR team.",IoT Device
ALT00327,Arcadia Defence Systems,Medium,2026-03-06 06:08:00,2026-03-06 08:43:00,No,Reviewed EDR telemetry timeline; parent process traced to legitimate installer.,Cloud Workload
ALT00328,Arcadia Defence Systems,Low,2026-03-27 01:17:00,2026-03-27 04:02:00,No,Reviewed EDR telemetry timeline; parent process traced to legitimate installer.,Endpoint
ALT00329,Arcadia Defence Systems,High,2026-01-28 04:53:00,2026-01-28 07:32:00,Yes,Reviewed and closed.,Database
ALT00330,Arcadia Defence Systems,Low,2026-02-14 09:03:00,2026-02-14 11:33:00,No,"Performed forensic triage on affected host, isolated system, initiated containment protocol.",Network Device
ALT00331,Arcadia Defence Systems,Low,2026-01-22 01:28:00,2026-01-22 04:51:00,Yes,"Performed forensic triage on affected host, isolated system, initiated containment protocol.",IoT Device
ALT00332,Arcadia Defence Systems,Low,2026-01-30 10:31:00,2026-01-30 14:01:00,Yes,Reviewed and closed.,IoT Device
ALT00333,Arcadia Defence Systems,Low,2026-01-30 16:13:00,2026-01-30 19:13:00,No,"Investigated source IP, confirmed malicious signature, blocked at firewall, root cause documented.",Database
ALT00334,Arcadia Defence Systems,Low,2026-02-13 12:51:00,2026-02-13 15:50:00,No,"Cross-referenced with threat intel feed, identified C2 communication pattern, escalated to IR team.",Database
ALT00335,Arcadia Defence Systems,Low,2026-01-21 23:35:00,2026-01-22 02:29:00,No,False positive.,Server
ALT00336,Arcadia Defence Systems,Low,2026-01-22 15:10:00,2026-01-22 18:30:00,No,No further action required.,Identity Provider
ALT00337,Arcadia Defence Systems,Low,2026-03-08 06:31:00,2026-03-08 09:53:00,No,"Performed forensic triage on affected host, isolated system, initiated containment protocol.",Endpoint
ALT00338,Arcadia Defence Systems,High,2026-01-03 18:35:00,2026-01-03 21:54:00,Yes,Ran memory capture on affected host; no injected process artefacts identified.,Endpoint
ALT00339,Arcadia Defence Systems,Low,2026-03-10 13:57:00,2026-03-10 16:38:00,Yes,Closed as per standard procedure.,Database
ALT00340,Arcadia Defence Systems,Medium,2026-02-10 07:26:00,2026-02-10 10:07:00,No,Reviewed EDR telemetry timeline; parent process traced to legitimate installer.,Server
ALT00341,Arcadia Defence Systems,Medium,2026-01-18 11:54:00,2026-01-18 15:04:00,No,Analysed PCAP sample; payload matched benign monitoring agent heartbeat.,Network Device
ALT00342,Arcadia Defence Systems,Medium,2026-03-12 10:52:00,2026-03-12 14:14:00,No,Contacted asset owner and confirmed scheduled maintenance window covered the activity.,Database
ALT00343,Arcadia Defence Systems,Low,2026-01-04 14:03:00,2026-01-04 16:38:00,No,Ran memory capture on affected host; no injected process artefacts identified.,IoT Device
ALT00344,Arcadia Defence Systems,High,2026-03-04 05:45:00,2026-03-04 08:37:00,No,No further action required.,Identity Provider
ALT00345,Arcadia Defence Systems,Low,2026-02-02 10:04:00,2026-02-02 13:34:00,Yes,"Performed forensic triage on affected host, isolated system, initiated containment protocol.",Database
ALT00346,Arcadia Defence Systems,Low,2026-02-22 08:59:00,2026-02-22 12:00:00,Yes,Ran memory capture on affected host; no injected process artefacts identified.,Firewall
ALT00347,Arcadia Defence Systems,Critical,2026-03-30 22:26:00,2026-03-31 01:42:00,Yes,Analysed PCAP sample; payload matched benign monitoring agent heartbeat.,Database
ALT00348,Arcadia Defence Systems,Low,2026-01-27 06:39:00,2026-01-27 09:26:00,Yes,"Cross-referenced with threat intel feed, identified C2 communication pattern, escalated to IR team.",Firewall
ALT00349,Arcadia Defence Systems,Medium,2026-02-04 07:36:00,2026-02-04 10:09:00,Yes,Ran memory capture on affected host; no injected process artefacts identified.,Cloud Workload
ALT00350,Arcadia Defence Systems,Low,2026-02-25 04:51:00,2026-02-25 08:05:00,No,Ran memory capture on affected host; no injected process artefacts identified.,Cloud Workload
ALT00351,Arcadia Defence Systems,Medium,2026-02-12 07:32:00,2026-02-12 10:44:00,Yes,"Cross-referenced with threat intel feed, identified C2 communication pattern, escalated to IR team.",Firewall
ALT00352,Arcadia Defence Systems,Critical,2026-01-02 18:43:00,2026-01-02 22:02:00,No,False positive.,Cloud Workload
ALT00353,Arcadia Defence Systems,Low,2026-02-20 20:52:00,2026-02-20 23:54:00,No,Reviewed and closed.,Endpoint
ALT00354,Arcadia Defence Systems,High,2026-02-11 18:00:00,2026-02-11 21:02:00,Yes,Reviewed and closed.,Network Device
ALT00355,Arcadia Defence Systems,Medium,2026-01-25 10:18:00,2026-01-25 12:56:00,No,Ran memory capture on affected host; no injected process artefacts identified.,Firewall
ALT00356,Arcadia Defence Systems,Low,2026-01-17 07:08:00,2026-01-17 09:46:00,No,Reviewed and closed.,Database
ALT00357,Arcadia Defence Systems,High,2026-03-09 03:04:00,2026-03-09 06:17:00,Yes,Contacted asset owner and confirmed scheduled maintenance window covered the activity.,Identity Provider
ALT00358,Arcadia Defence Systems,High,2026-03-29 07:39:00,2026-03-29 10:56:00,Yes,Reviewed and closed.,Firewall
ALT00359,Arcadia Defence Systems,Medium,2026-01-03 11:08:00,2026-01-03 14:10:00,Yes,Analysed PCAP sample; payload matched benign monitoring agent heartbeat.,Server
ALT00360,Arcadia Defence Systems,Medium,2026-03-21 09:02:00,2026-03-21 12:31:00,No,Ran memory capture on affected host; no injected process artefacts identified.,Cloud Workload
ALT00361,Arcadia Defence Systems,Critical,2026-02-21 05:30:00,2026-02-21 08:20:00,Yes,Reviewed EDR telemetry timeline; parent process traced to legitimate installer.,Firewall
ALT00362,Arcadia Defence Systems,Low,2026-02-05 04:06:00,2026-02-05 07:13:00,No,Closed as per standard procedure.,IoT Device
ALT00363,Arcadia Defence Systems,High,2026-02-01 07:27:00,2026-02-01 10:52:00,Yes,Closed as per standard procedure.,Endpoint
ALT00364,Arcadia Defence Systems,High,2026-01-14 18:55:00,2026-01-14 21:25:00,No,Contacted asset owner and confirmed scheduled maintenance window covered the activity.,Database
ALT00365,Arcadia Defence Systems,High,2026-01-05 03:53:00,2026-01-05 07:19:00,No,Ran memory capture on affected host; no injected process artefacts identified.,Endpoint
ALT00366,Arcadia Defence Systems,Medium,2026-02-02 01:38:00,2026-02-02 04:20:00,No,Closed as per standard procedure.,IoT Device
ALT00367,Arcadia Defence Systems,Medium,2026-01-26 14:34:00,2026-01-26 17:08:00,No,No further action required.,Network Device
ALT00368,Arcadia Defence Systems,Low,2026-02-18 14:02:00,2026-02-18 17:13:00,No,"Correlated with SIEM logs across 3 hosts, identified lateral movement attempt, escalated.",Identity Provider
ALT00369,Arcadia Defence Systems,High,2026-02-17 05:19:00,2026-02-17 07:57:00,Yes,"Investigated source IP, confirmed malicious signature, blocked at firewall, root cause documented.",Identity Provider
ALT00370,Arcadia Defence Systems,Low,2026-01-16 09:56:00,2026-01-16 12:34:00,Yes,"Performed forensic triage on affected host, isolated system, initiated containment protocol.",IoT Device
ALT00371,Arcadia Defence Systems,High,2026-03-30 02:55:00,2026-03-30 05:43:00,Yes,"Correlated with SIEM logs across 3 hosts, identified lateral movement attempt, escalated.",Cloud Workload
ALT00372,Arcadia Defence Systems,Critical,2026-02-20 01:16:00,2026-02-20 04:45:00,No,Analysed PCAP sample; payload matched benign monitoring agent heartbeat.,Cloud Workload
ALT00373,Arcadia Defence Systems,Low,2026-03-10 15:50:00,2026-03-10 18:49:00,No,Analysed PCAP sample; payload matched benign monitoring agent heartbeat.,Identity Provider
ALT00374,Arcadia Defence Systems,Medium,2026-03-28 05:09:00,2026-03-28 08:26:00,No,No further action required.,Cloud Workload
ALT00375,Arcadia Defence Systems,Low,2026-03-02 06:40:00,2026-03-02 09:50:00,Yes,Analysed PCAP sample; payload matched benign monitoring agent heartbeat.,IoT Device
ALT00376,Arcadia Defence Systems,Low,2026-03-03 18:02:00,2026-03-03 21:28:00,Yes,"Investigated source IP, confirmed malicious signature, blocked at firewall, root cause documented.",Cloud Workload
ALT00377,Arcadia Defence Systems,Low,2026-03-22 16:19:00,2026-03-22 19:48:00,No,Ran memory capture on affected host; no injected process artefacts identified.,Database
ALT00378,Arcadia Defence Systems,Medium,2026-02-15 23:18:00,2026-02-16 02:20:00,No,"Performed forensic triage on affected host, isolated system, initiated containment protocol.",Database
ALT00379,Arcadia Defence Systems,Low,2026-01-22 12:30:00,2026-01-22 15:19:00,Yes,Contacted asset owner and confirmed scheduled maintenance window covered the activity.,Server
ALT00380,Arcadia Defence Systems,Low,2026-01-21 03:21:00,2026-01-21 06:09:00,No,"Investigated source IP, confirmed malicious signature, blocked at firewall, root cause documented.",Identity Provider
ALT00381,Arcadia Defence Systems,Low,2026-01-23 11:19:00,2026-01-23 14:41:00,Yes,Ran memory capture on affected host; no injected process artefacts identified.,IoT Device
ALT00382,Arcadia Defence Systems,Low,2026-01-19 13:15:00,2026-01-19 16:28:00,Yes,False positive.,Firewall
ALT00383,Arcadia Defence Systems,High,2026-03-24 02:11:00,2026-03-24 05:30:00,Yes,Closed as per standard procedure.,Firewall
ALT00384,Arcadia Defence Systems,Medium,2026-02-14 04:35:00,2026-02-14 07:56:00,No,"Cross-referenced with threat intel feed, identified C2 communication pattern, escalated to IR team.",Server
ALT00385,Arcadia Defence Systems,Medium,2026-03-25 20:54:00,2026-03-26 00:24:00,No,Reviewed EDR telemetry timeline; parent process traced to legitimate installer.,Identity Provider
ALT00386,Arcadia Defence Systems,Low,2026-03-18 09:33:00,2026-03-18 12:26:00,No,Contacted asset owner and confirmed scheduled maintenance window covered the activity.,Identity Provider
ALT00387,Arcadia Defence Systems,Low,2026-03-16 02:31:00,2026-03-16 05:16:00,No,Closed as per standard procedure.,Endpoint
ALT00388,Arcadia Defence Systems,Low,2026-03-07 01:20:00,2026-03-07 04:03:00,Yes,Reviewed EDR telemetry timeline; parent process traced to legitimate installer.,Identity Provider
ALT00389,Arcadia Defence Systems,Medium,2026-01-13 12:30:00,2026-01-13 15:17:00,No,"Investigated source IP, confirmed malicious signature, blocked at firewall, root cause documented.",Database
ALT00390,Arcadia Defence Systems,Low,2026-03-08 12:18:00,2026-03-08 15:18:00,No,"Correlated with SIEM logs across 3 hosts, identified lateral movement attempt, escalated.",Endpoint
ALT00391,Arcadia Defence Systems,Medium,2026-02-24 01:57:00,2026-02-24 05:19:00,No,False positive.,IoT Device
ALT00392,Arcadia Defence Systems,Low,2026-02-22 17:30:00,2026-02-22 20:52:00,Yes,Closed as per standard procedure.,Identity Provider
ALT00393,Arcadia Defence Systems,Low,2026-01-31 03:33:00,2026-01-31 06:29:00,No,Reviewed EDR telemetry timeline; parent process traced to legitimate installer.,Cloud Workload
ALT00394,Arcadia Defence Systems,Low,2026-03-06 10:47:00,2026-03-06 13:17:00,No,Reviewed EDR telemetry timeline; parent process traced to legitimate installer.,Firewall
ALT00395,Arcadia Defence Systems,Medium,2026-02-10 16:44:00,2026-02-10 19:41:00,No,"Cross-referenced with threat intel feed, identified C2 communication pattern, escalated to IR team.",Server
ALT00396,Arcadia Defence Systems,Low,2026-03-07 17:58:00,2026-03-07 20:46:00,No,"Cross-referenced with threat intel feed, identified C2 communication pattern, escalated to IR team.",Identity Provider
ALT00397,Arcadia Defence Systems,Low,2026-02-09 00:35:00,2026-02-09 03:07:00,No,"Correlated with SIEM logs across 3 hosts, identified lateral movement attempt, escalated.",Endpoint
ALT00398,Arcadia Defence Systems,High,2026-03-14 15:43:00,2026-03-14 18:33:00,Yes,Reviewed and closed.,Endpoint
ALT00399,Arcadia Defence Systems,Low,2026-03-30 01:52:00,2026-03-30 04:51:00,No,Ran memory capture on affected host; no injected process artefacts identified.,Cloud Workload
ALT00400,Arcadia Defence Systems,Medium,2026-03-01 03:05:00,2026-03-01 05:48:00,No,"Investigated source IP, confirmed malicious signature, blocked at firewall, root cause documented.",Identity Provider
ALT00401,Arcadia Defence Systems,Critical,2026-03-28 18:20:00,2026-03-28 21:26:00,Yes,Analysed PCAP sample; payload matched benign monitoring agent heartbeat.,Database
ALT00402,Arcadia Defence Systems,Medium,2026-02-21 08:43:00,2026-02-21 11:19:00,No,Analysed PCAP sample; payload matched benign monitoring agent heartbeat.,Identity Provider
ALT00403,Arcadia Defence Systems,Low,2026-01-04 05:25:00,2026-01-04 08:26:00,No,"Investigated source IP, confirmed malicious signature, blocked at firewall, root cause documented.",Identity Provider
ALT00404,Arcadia Defence Systems,Low,2026-02-07 16:14:00,2026-02-07 18:54:00,No,Contacted asset owner and confirmed scheduled maintenance window covered the activity.,Firewall
ALT00405,Arcadia Defence Systems,Critical,2026-03-20 01:56:00,2026-03-20 04:26:00,Yes,Closed as per standard procedure.,Server
ALT00406,Arcadia Defence Systems,Low,2026-02-11 12:54:00,2026-02-11 16:23:00,No,Closed as per standard procedure.,Identity Provider
ALT00407,Arcadia Defence Systems,Medium,2026-03-11 13:55:00,2026-03-11 17:02:00,No,"Performed forensic triage on affected host, isolated system, initiated containment protocol.",Firewall
ALT00408,Arcadia Defence Systems,Critical,2026-01-14 19:52:00,2026-01-14 23:20:00,Yes,Ran memory capture on affected host; no injected process artefacts identified.,Network Device
ALT00409,Arcadia Defence Systems,Low,2026-03-29 02:56:00,2026-03-29 06:05:00,No,Analysed PCAP sample; payload matched benign monitoring agent heartbeat.,Server
ALT00410,Arcadia Defence Systems,Medium,2026-02-07 02:26:00,2026-02-07 05:32:00,No,Reviewed EDR telemetry timeline; parent process traced to legitimate installer.,Database
ALT00411,Arcadia Defence Systems,Low,2026-01-23 21:31:00,2026-01-24 00:57:00,No,No further action required.,Network Device
ALT00412,Arcadia Defence Systems,Medium,2026-02-16 18:35:00,2026-02-16 21:51:00,Yes,Reviewed EDR telemetry timeline; parent process traced to legitimate installer.,Server
ALT00413,Arcadia Defence Systems,High,2026-02-12 08:21:00,2026-02-12 11:00:00,Yes,No further action required.,Server
ALT00414,Arcadia Defence Systems,Medium,2026-01-30 06:22:00,2026-01-30 09:44:00,No,"Cross-referenced with threat intel feed, identified C2 communication pattern, escalated to IR team.",Identity Provider
ALT00415,Arcadia Defence Systems,Low,2026-02-16 09:12:00,2026-02-16 12:12:00,No,"Correlated with SIEM logs across 3 hosts, identified lateral movement attempt, escalated.",Network Device
ALT00416,Arcadia Defence Systems,High,2026-03-16 08:04:00,2026-03-16 10:43:00,Yes,Reviewed and closed.,Firewall
ALT00417,Arcadia Defence Systems,High,2026-02-28 11:20:00,2026-02-28 14:24:00,Yes,No further action required.,Cloud Workload
ALT00418,Arcadia Defence Systems,High,2026-01-07 11:25:00,2026-01-07 14:23:00,Yes,Analysed PCAP sample; payload matched benign monitoring agent heartbeat.,Identity Provider
ALT00419,Arcadia Defence Systems,Low,2026-01-02 19:45:00,2026-01-02 23:03:00,No,"Performed forensic triage on affected host, isolated system, initiated containment protocol.",Cloud Workload
ALT00420,Arcadia Defence Systems,Low,2026-02-09 22:55:00,2026-02-10 01:55:00,Yes,No further action required.,Network Device
ALT00421,Arcadia Defence Systems,Medium,2026-02-24 15:20:00,2026-02-24 18:37:00,Yes,Ran memory capture on affected host; no injected process artefacts identified.,Cloud Workload
ALT00422,Arcadia Defence Systems,Medium,2026-02-07 02:28:00,2026-02-07 05:18:00,No,Ran memory capture on affected host; no injected process artefacts identified.,Cloud Workload
ALT00423,Arcadia Defence Systems,Low,2026-03-21 12:31:00,2026-03-21 15:05:00,No,"Cross-referenced with threat intel feed, identified C2 communication pattern, escalated to IR team.",Identity Provider
ALT00424,Arcadia Defence Systems,High,2026-01-23 01:56:00,2026-01-23 05:08:00,Yes,"Performed forensic triage on affected host, isolated system, initiated containment protocol.",Database
ALT00425,Arcadia Defence Systems,Low,2026-03-11 13:16:00,2026-03-11 16:37:00,No,"Cross-referenced with threat intel feed, identified C2 communication pattern, escalated to IR team.",IoT Device
ALT00426,Arcadia Defence Systems,Medium,2026-03-25 20:37:00,2026-03-25 23:56:00,No,"Performed forensic triage on affected host, isolated system, initiated containment protocol.",Endpoint
ALT00427,Arcadia Defence Systems,Medium,2026-01-09 20:44:00,2026-01-10 00:00:00,Yes,Closed as per standard procedure.,Database
ALT00428,Arcadia Defence Systems,Medium,2026-03-05 00:08:00,2026-03-05 02:43:00,No,Reviewed EDR telemetry timeline; parent process traced to legitimate installer.,Endpoint
ALT00429,Arcadia Defence Systems,Low,2026-02-21 07:19:00,2026-02-21 10:24:00,No,Closed as per standard procedure.,Cloud Workload
ALT00430,Arcadia Defence Systems,Low,2026-01-02 01:22:00,2026-01-02 04:01:00,No,"Investigated source IP, confirmed malicious signature, blocked at firewall, root cause documented.",Identity Provider
ALT00431,Arcadia Defence Systems,Low,2026-03-05 19:42:00,2026-03-05 22:25:00,Yes,False positive.,Cloud Workload
ALT00432,Arcadia Defence Systems,Medium,2026-01-11 08:28:00,2026-01-11 11:38:00,No,No further action required.,Identity Provider
ALT00433,Arcadia Defence Systems,Critical,2026-03-21 07:39:00,2026-03-21 10:35:00,No,No further action required.,Database
ALT00434,Arcadia Defence Systems,Medium,2026-02-15 16:34:00,2026-02-15 19:24:00,No,Reviewed and closed.,Firewall
ALT00435,Arcadia Defence Systems,Medium,2026-03-19 12:27:00,2026-03-19 15:19:00,No,"Cross-referenced with threat intel feed, identified C2 communication pattern, escalated to IR team.",Server
ALT00436,Arcadia Defence Systems,Low,2026-01-23 14:31:00,2026-01-23 17:56:00,No,No further action required.,Endpoint
ALT00437,Arcadia Defence Systems,High,2026-03-18 03:51:00,2026-03-18 07:01:00,No,"Investigated source IP, confirmed malicious signature, blocked at firewall, root cause documented.",Cloud Workload
ALT00438,Arcadia Defence Systems,Low,2026-03-02 00:18:00,2026-03-02 03:06:00,No,Reviewed and closed.,Network Device
ALT00439,Arcadia Defence Systems,Low,2026-03-06 00:50:00,2026-03-06 03:45:00,No,"Cross-referenced with threat intel feed, identified C2 communication pattern, escalated to IR team.",Database
ALT00440,Arcadia Defence Systems,Low,2026-01-17 07:12:00,2026-01-17 10:42:00,No,Ran memory capture on affected host; no injected process artefacts identified.,Endpoint
ALT00441,Arcadia Defence Systems,High,2026-03-08 14:01:00,2026-03-08 16:48:00,No,"Performed forensic triage on affected host, isolated system, initiated containment protocol.",Endpoint
ALT00442,Arcadia Defence Systems,High,2026-03-30 01:16:00,2026-03-30 04:28:00,Yes,Reviewed EDR telemetry timeline; parent process traced to legitimate installer.,Network Device
ALT00443,Arcadia Defence Systems,Low,2026-03-25 02:05:00,2026-03-25 04:41:00,No,Contacted asset owner and confirmed scheduled maintenance window covered the activity.,Server
ALT00444,Arcadia Defence Systems,Low,2026-02-12 03:32:00,2026-02-12 06:46:00,Yes,"Correlated with SIEM logs across 3 hosts, identified lateral movement attempt, escalated.",Cloud Workload
ALT00445,Arcadia Defence Systems,Medium,2026-01-07 16:55:00,2026-01-07 20:06:00,No,No further action required.,Firewall
ALT00446,Arcadia Defence Systems,High,2026-02-27 21:59:00,2026-02-28 00:49:00,Yes,Analysed PCAP sample; payload matched benign monitoring agent heartbeat.,Server
ALT00447,Arcadia Defence Systems,Low,2026-01-13 10:07:00,2026-01-13 12:41:00,No,No further action required.,Database
ALT00448,Arcadia Defence Systems,Low,2026-02-22 03:23:00,2026-02-22 06:13:00,Yes,Ran memory capture on affected host; no injected process artefacts identified.,Identity Provider
ALT00449,Arcadia Defence Systems,Low,2026-03-06 21:59:00,2026-03-07 00:41:00,No,Reviewed and closed.,Firewall
ALT00450,Arcadia Defence Systems,Low,2026-03-12 18:48:00,2026-03-12 21:27:00,No,Reviewed EDR telemetry timeline; parent process traced to legitimate installer.,Firewall
ALT00451,Arcadia Defence Systems,Low,2026-03-04 03:21:00,2026-03-04 06:04:00,No,Closed as per standard procedure.,Cloud Workload
ALT00452,Arcadia Defence Systems,Low,2026-01-08 07:05:00,2026-01-08 10:35:00,No,"Cross-referenced with threat intel feed, identified C2 communication pattern, escalated to IR team.",Identity Provider
ALT00453,Arcadia Defence Systems,High,2026-02-12 00:21:00,2026-02-12 03:23:00,Yes,Closed as per standard procedure.,Identity Provider
ALT00454,Arcadia Defence Systems,Low,2026-03-31 06:42:00,2026-03-31 10:00:00,No,No further action required.,Endpoint
ALT00455,Arcadia Defence Systems,Low,2026-01-14 19:48:00,2026-01-14 22:28:00,No,Ran memory capture on affected host; no injected process artefacts identified.,Firewall
ALT00456,Arcadia Defence Systems,Low,2026-03-26 16:06:00,2026-03-26 19:12:00,No,No further action required.,Network Device
ALT00457,Arcadia Defence Systems,Medium,2026-01-07 00:38:00,2026-01-07 04:03:00,No,Reviewed EDR telemetry timeline; parent process traced to legitimate installer.,Firewall
ALT00458,Arcadia Defence Systems,Low,2026-01-25 11:05:00,2026-01-25 14:02:00,No,"Cross-referenced with threat intel feed, identified C2 communication pattern, escalated to IR team.",IoT Device
ALT00459,Arcadia Defence Systems,Low,2026-01-26 00:55:00,2026-01-26 04:21:00,Yes,Closed as per standard procedure.,IoT Device
ALT00460,Arcadia Defence Systems,Low,2026-01-04 18:12:00,2026-01-04 21:25:00,Yes,Reviewed and closed.,Server
ALT00461,Arcadia Defence Systems,Low,2026-03-12 19:01:00,2026-03-12 22:13:00,Yes,Contacted asset owner and confirmed scheduled maintenance window covered the activity.,Network Device
ALT00462,Arcadia Defence Systems,Low,2026-01-24 17:55:00,2026-01-24 20:34:00,Yes,"Correlated with SIEM logs across 3 hosts, identified lateral movement attempt, escalated.",Database
ALT00463,Arcadia Defence Systems,High,2026-02-13 06:43:00,2026-02-13 09:19:00,Yes,"Performed forensic triage on affected host, isolated system, initiated containment protocol.",Database
ALT00464,Arcadia Defence Systems,Low,2026-03-13 13:22:00,2026-03-13 15:55:00,No,No further action required.,Network Device
ALT00465,Arcadia Defence Systems,High,2026-03-13 04:28:00,2026-03-13 07:52:00,Yes,False positive.,Identity Provider
ALT00466,Arcadia Defence Systems,Low,2026-03-02 00:39:00,2026-03-02 03:37:00,No,"Cross-referenced with threat intel feed, identified C2 communication pattern, escalated to IR team.",Server
ALT00467,Arcadia Defence Systems,Medium,2026-03-21 03:39:00,2026-03-21 06:51:00,No,Ran memory capture on affected host; no injected process artefacts identified.,Network Device
ALT00468,Arcadia Defence Systems,Low,2026-03-21 05:06:00,2026-03-21 07:40:00,No,Analysed PCAP sample; payload matched benign monitoring agent heartbeat.,IoT Device
ALT00469,Arcadia Defence Systems,Medium,2026-03-29 11:39:00,2026-03-29 14:27:00,No,Reviewed EDR telemetry timeline; parent process traced to legitimate installer.,IoT Device
ALT00470,Arcadia Defence Systems,Low,2026-03-13 04:33:00,2026-03-13 07:42:00,No,Ran memory capture on affected host; no injected process artefacts identified.,Firewall
ALT00471,Arcadia Defence Systems,Low,2026-02-08 15:45:00,2026-02-08 18:54:00,No,Reviewed and closed.,Database
ALT00472,Arcadia Defence Systems,Low,2026-01-21 04:42:00,2026-01-21 08:06:00,No,Closed as per standard procedure.,Identity Provider
ALT00473,Arcadia Defence Systems,Low,2026-03-15 18:34:00,2026-03-15 21:06:00,No,False positive.,Identity Provider
ALT00474,Arcadia Defence Systems,Low,2026-03-11 00:11:00,2026-03-11 02:47:00,No,"Cross-referenced with threat intel feed, identified C2 communication pattern, escalated to IR team.",Firewall
ALT00475,Arcadia Defence Systems,Medium,2026-02-13 02:09:00,2026-02-13 05:09:00,No,Reviewed and closed.,Endpoint
ALT00476,Arcadia Defence Systems,Critical,2026-01-10 14:17:00,2026-01-10 17:11:00,No,Reviewed EDR telemetry timeline; parent process traced to legitimate installer.,Server
ALT00477,Arcadia Defence Systems,Medium,2026-01-27 05:10:00,2026-01-27 07:51:00,No,Analysed PCAP sample; payload matched benign monitoring agent heartbeat.,Database
ALT00478,Arcadia Defence Systems,Medium,2026-03-31 03:29:00,2026-03-31 06:34:00,No,"Investigated source IP, confirmed malicious signature, blocked at firewall, root cause documented.",Firewall
ALT00479,Arcadia Defence Systems,Low,2026-02-06 04:49:00,2026-02-06 07:57:00,Yes,"Cross-referenced with threat intel feed, identified C2 communication pattern, escalated to IR team.",Endpoint
ALT00480,Arcadia Defence Systems,High,2026-02-16 14:34:00,2026-02-16 17:49:00,Yes,Contacted asset owner and confirmed scheduled maintenance window covered the activity.,Identity Provider
ALT00481,Arcadia Defence Systems,Low,2026-02-02 16:07:00,2026-02-02 19:21:00,No,No further action required.,Firewall
ALT00482,Arcadia Defence Systems,Low,2026-02-16 10:30:00,2026-02-16 13:23:00,No,"Correlated with SIEM logs across 3 hosts, identified lateral movement attempt, escalated.",Firewall
ALT00483,Arcadia Defence Systems,Medium,2026-02-15 07:20:00,2026-02-15 10:40:00,Yes,No further action required.,Cloud Workload
ALT00484,Arcadia Defence Systems,High,2026-02-13 04:46:00,2026-02-13 07:31:00,Yes,Analysed PCAP sample; payload matched benign monitoring agent heartbeat.,Firewall
ALT00485,Arcadia Defence Systems,Medium,2026-02-14 17:16:00,2026-02-14 20:26:00,No,False positive.,Cloud Workload
ALT00486,Arcadia Defence Systems,Medium,2026-03-18 01:51:00,2026-03-18 04:59:00,Yes,"Cross-referenced with threat intel feed, identified C2 communication pattern, escalated to IR team.",Identity Provider
ALT00487,Arcadia Defence Systems,Low,2026-03-13 03:13:00,2026-03-13 05:56:00,Yes,"Investigated source IP, confirmed malicious signature, blocked at firewall, root cause documented.",Firewall
ALT00488,Arcadia Defence Systems,Low,2026-03-24 02:56:00,2026-03-24 06:02:00,No,Contacted asset owner and confirmed scheduled maintenance window covered the activity.,Network Device
ALT00489,Arcadia Defence Systems,Low,2026-02-01 00:30:00,2026-02-01 03:00:00,No,Reviewed and closed.,Firewall
ALT00490,Arcadia Defence Systems,Medium,2026-02-05 17:22:00,2026-02-05 20:13:00,No,Reviewed and closed.,Network Device
ALT00491,Arcadia Defence Systems,Medium,2026-01-22 12:57:00,2026-01-22 15:39:00,No,False positive.,Network Device
ALT00492,Arcadia Defence Systems,High,2026-01-05 03:31:00,2026-01-05 06:06:00,Yes,Ran memory capture on affected host; no injected process artefacts identified.,Firewall
ALT00493,Arcadia Defence Systems,Low,2026-02-15 17:00:00,2026-02-15 19:38:00,No,Reviewed EDR telemetry timeline; parent process traced to legitimate installer.,Endpoint
ALT00494,Arcadia Defence Systems,Low,2026-03-02 03:24:00,2026-03-02 06:01:00,No,Analysed PCAP sample; payload matched benign monitoring agent heartbeat.,Network Device
ALT00495,Arcadia Defence Systems,Low,2026-01-04 06:08:00,2026-01-04 09:21:00,Yes,"Performed forensic triage on affected host, isolated system, initiated containment protocol.",Identity Provider
ALT00496,Arcadia Defence Systems,Medium,2026-03-31 09:31:00,2026-03-31 12:06:00,No,False positive.,Identity Provider
ALT00497,Arcadia Defence Systems,Medium,2026-01-27 06:33:00,2026-01-27 09:53:00,No,Reviewed and closed.,Endpoint
ALT00498,Arcadia Defence Systems,Critical,2026-01-12 13:10:00,2026-01-12 15:56:00,No,Closed as per standard procedure.,Network Device
ALT00499,Arcadia Defence Systems,Low,2026-02-22 21:21:00,2026-02-23 00:14:00,No,"Cross-referenced with threat intel feed, identified C2 communication pattern, escalated to IR team.",Endpoint
ALT00500,Arcadia Defence Systems,Low,2026-03-25 00:57:00,2026-03-25 03:29:00,No,"Performed forensic triage on affected host, isolated system, initiated containment protocol.",Cloud Workload
ALT00501,Arcadia Defence Systems,Medium,2026-03-22 12:16:00,2026-03-22 15:42:00,No,"Investigated source IP, confirmed malicious signature, blocked at firewall, root cause documented.",Identity Provider
ALT00502,Arcadia Defence Systems,Low,2026-03-11 18:06:00,2026-03-11 21:07:00,Yes,"Correlated with SIEM logs across 3 hosts, identified lateral movement attempt, escalated.",IoT Device
ALT00503,Arcadia Defence Systems,Low,2026-01-08 04:35:00,2026-01-08 07:46:00,Yes,Analysed PCAP sample; payload matched benign monitoring agent heartbeat.,Endpoint
ALT00504,Arcadia Defence Systems,Medium,2026-01-17 00:55:00,2026-01-17 04:00:00,No,Reviewed EDR telemetry timeline; parent process traced to legitimate installer.,Identity Provider
ALT00505,Arcadia Defence Systems,Low,2026-01-12 05:25:00,2026-01-12 08:21:00,Yes,"Cross-referenced with threat intel feed, identified C2 communication pattern, escalated to IR team.",Endpoint
ALT00506,Arcadia Defence Systems,Medium,2026-02-20 05:15:00,2026-02-20 08:07:00,Yes,No further action required.,Cloud Workload
ALT00507,Arcadia Defence Systems,High,2026-02-21 06:02:00,2026-02-21 09:21:00,Yes,"Investigated source IP, confirmed malicious signature, blocked at firewall, root cause documented.",Endpoint
ALT00508,Arcadia Defence Systems,Low,2026-01-25 01:58:00,2026-01-25 05:16:00,No,Reviewed and closed.,Cloud Workload
ALT00509,Arcadia Defence Systems,High,2026-02-20 18:33:00,2026-02-20 21:22:00,Yes,Reviewed EDR telemetry timeline; parent process traced to legitimate installer.,Cloud Workload
ALT00510,Arcadia Defence Systems,Low,2026-01-16 17:30:00,2026-01-16 20:23:00,Yes,"Investigated source IP, confirmed malicious signature, blocked at firewall, root cause documented.",Identity Provider
ALT00511,Arcadia Defence Systems,Low,2026-01-24 15:14:00,2026-01-24 18:29:00,No,"Performed forensic triage on affected host, isolated system, initiated containment protocol.",Identity Provider
ALT00512,Arcadia Defence Systems,Low,2026-03-09 02:03:00,2026-03-09 05:05:00,No,Reviewed EDR telemetry timeline; parent process traced to legitimate installer.,Database
ALT00513,Arcadia Defence Systems,Medium,2026-03-21 16:07:00,2026-03-21 18:52:00,No,False positive.,Database
ALT00514,Arcadia Defence Systems,High,2026-01-24 02:49:00,2026-01-24 06:16:00,Yes,False positive.,Server
ALT00515,Arcadia Defence Systems,High,2026-01-16 19:44:00,2026-01-16 22:35:00,Yes,Reviewed and closed.,Identity Provider
ALT00516,Arcadia Defence Systems,Medium,2026-02-06 00:05:00,2026-02-06 02:36:00,No,Closed as per standard procedure.,Identity Provider
ALT00517,Arcadia Defence Systems,High,2026-01-11 15:23:00,2026-01-11 18:18:00,Yes,Reviewed and closed.,Network Device
ALT00518,Arcadia Defence Systems,Low,2026-03-01 17:20:00,2026-03-01 20:36:00,No,Analysed PCAP sample; payload matched benign monitoring agent heartbeat.,Network Device
ALT00519,Arcadia Defence Systems,Low,2026-01-09 23:19:00,2026-01-10 02:00:00,Yes,No further action required.,Endpoint
ALT00520,Arcadia Defence Systems,Medium,2026-03-17 15:34:00,2026-03-17 18:29:00,No,"Cross-referenced with threat intel feed, identified C2 communication pattern, escalated to IR team.",Cloud Workload
ALT00521,Arcadia Defence Systems,Medium,2026-03-30 19:20:00,2026-03-30 22:19:00,Yes,No further action required.,Network Device
ALT00522,Arcadia Defence Systems,Low,2026-02-22 07:42:00,2026-02-22 10:54:00,Yes,"Investigated source IP, confirmed malicious signature, blocked at firewall, root cause documented.",IoT Device
ALT00523,Arcadia Defence Systems,Critical,2026-01-05 01:58:00,2026-01-05 05:18:00,Yes,Analysed PCAP sample; payload matched benign monitoring agent heartbeat.,Database
ALT00524,Arcadia Defence Systems,Medium,2026-03-20 15:25:00,2026-03-20 17:59:00,No,"Investigated source IP, confirmed malicious signature, blocked at firewall, root cause documented.",Server
ALT00525,Arcadia Defence Systems,Medium,2026-03-04 01:29:00,2026-03-04 04:30:00,No,"Cross-referenced with threat intel feed, identified C2 communication pattern, escalated to IR team.",IoT Device
ALT00526,Arcadia Defence Systems,High,2026-01-04 07:09:00,2026-01-04 10:06:00,Yes,Closed as per standard procedure.,Network Device
ALT00527,Arcadia Defence Systems,Critical,2026-02-01 04:33:00,2026-02-01 07:51:00,Yes,False positive.,Network Device
ALT00528,Arcadia Defence Systems,Low,2026-02-08 01:17:00,2026-02-08 03:55:00,Yes,Reviewed EDR telemetry timeline; parent process traced to legitimate installer.,Database
ALT00529,Arcadia Defence Systems,Low,2026-01-15 15:55:00,2026-01-15 18:54:00,No,"Cross-referenced with threat intel feed, identified C2 communication pattern, escalated to IR team.",Database
ALT00530,Arcadia Defence Systems,Low,2026-02-24 15:49:00,2026-02-24 18:32:00,No,"Performed forensic triage on affected host, isolated system, initiated containment protocol.",Identity Provider
ALT00531,Arcadia Defence Systems,Low,2026-01-01 20:13:00,2026-01-01 23:21:00,No,No further action required.,Network Device
ALT00532,Arcadia Defence Systems,Medium,2026-01-11 01:56:00,2026-01-11 05:22:00,Yes,"Cross-referenced with threat intel feed, identified C2 communication pattern, escalated to IR team.",IoT Device
ALT00533,Arcadia Defence Systems,Critical,2026-02-17 00:17:00,2026-02-17 03:00:00,Yes,Contacted asset owner and confirmed scheduled maintenance window covered the activity.,Endpoint
ALT00534,Arcadia Defence Systems,Low,2026-02-19 10:52:00,2026-02-19 14:21:00,No,Contacted asset owner and confirmed scheduled maintenance window covered the activity.,IoT Device
ALT00535,Arcadia Defence Systems,Low,2026-01-01 19:27:00,2026-01-01 22:02:00,Yes,Reviewed EDR telemetry timeline; parent process traced to legitimate installer.,Database
ALT00536,Arcadia Defence Systems,Low,2026-01-26 11:32:00,2026-01-26 14:11:00,No,Ran memory capture on affected host; no injected process artefacts identified.,Endpoint
ALT00537,Arcadia Defence Systems,Critical,2026-03-02 23:06:00,2026-03-03 02:24:00,Yes,Ran memory capture on affected host; no injected process artefacts identified.,Server
ALT00538,Arcadia Defence Systems,Low,2026-01-15 11:34:00,2026-01-15 14:05:00,No,"Investigated source IP, confirmed malicious signature, blocked at firewall, root cause documented.",Cloud Workload
ALT00539,Arcadia Defence Systems,Medium,2026-01-12 19:57:00,2026-01-12 23:11:00,No,Reviewed and closed.,Identity Provider
ALT00540,Arcadia Defence Systems,Low,2026-01-11 01:27:00,2026-01-11 04:45:00,No,Reviewed and closed.,Server
ALT00541,Arcadia Defence Systems,Low,2026-02-05 10:50:00,2026-02-05 13:44:00,No,"Correlated with SIEM logs across 3 hosts, identified lateral movement attempt, escalated.",IoT Device
ALT00542,Arcadia Defence Systems,Medium,2026-02-18 06:54:00,2026-02-18 10:00:00,No,"Investigated source IP, confirmed malicious signature, blocked at firewall, root cause documented.",IoT Device
ALT00543,Arcadia Defence Systems,Low,2026-02-08 03:45:00,2026-02-08 06:47:00,No,Reviewed and closed.,Identity Provider
ALT00544,Arcadia Defence Systems,Critical,2026-02-05 19:17:00,2026-02-05 22:12:00,Yes,"Performed forensic triage on affected host, isolated system, initiated containment protocol.",Identity Provider
ALT00545,Arcadia Defence Systems,Low,2026-03-31 02:37:00,2026-03-31 05:24:00,No,Analysed PCAP sample; payload matched benign monitoring agent heartbeat.,Endpoint
ALT00546,Arcadia Defence Systems,Low,2026-03-10 04:04:00,2026-03-10 06:56:00,No,Ran memory capture on affected host; no injected process artefacts identified.,Identity Provider
ALT00547,Arcadia Defence Systems,Low,2026-01-10 10:20:00,2026-01-10 13:35:00,No,No further action required.,Network Device
ALT00548,Arcadia Defence Systems,Medium,2026-01-06 02:51:00,2026-01-06 06:18:00,Yes,Reviewed and closed.,Server
ALT00549,Arcadia Defence Systems,Medium,2026-03-20 15:48:00,2026-03-20 19:04:00,No,Contacted asset owner and confirmed scheduled maintenance window covered the activity.,Endpoint
ALT00550,Arcadia Defence Systems,High,2026-01-20 19:36:00,2026-01-20 22:14:00,Yes,No further action required.,Firewall
ALT00551,Arcadia Defence Systems,Medium,2026-03-31 23:18:00,2026-03-31 23:59:59,No,"Investigated source IP, confirmed malicious signature, blocked at firewall, root cause documented.",IoT Device
ALT00552,Arcadia Defence Systems,Medium,2026-01-31 06:11:00,2026-01-31 09:32:00,Yes,No further action required.,Endpoint
ALT00553,Arcadia Defence Systems,Low,2026-01-29 14:20:00,2026-01-29 17:26:00,No,"Correlated with SIEM logs across 3 hosts, identified lateral movement attempt, escalated.",Identity Provider
ALT00554,Arcadia Defence Systems,Medium,2026-01-20 02:31:00,2026-01-20 05:12:00,No,No further action required.,Identity Provider
ALT00555,Arcadia Defence Systems,Low,2026-03-07 06:37:00,2026-03-07 09:48:00,No,Closed as per standard procedure.,Database
ALT00556,Arcadia Defence Systems,Low,2026-02-21 01:55:00,2026-02-21 05:14:00,No,False positive.,Cloud Workload
ALT00557,Arcadia Defence Systems,Low,2026-03-17 03:36:00,2026-03-17 06:35:00,No,No further action required.,Server
ALT00558,Arcadia Defence Systems,Medium,2026-01-04 16:29:00,2026-01-04 19:11:00,No,"Cross-referenced with threat intel feed, identified C2 communication pattern, escalated to IR team.",IoT Device
ALT00559,Arcadia Defence Systems,Low,2026-01-16 15:01:00,2026-01-16 18:20:00,No,"Correlated with SIEM logs across 3 hosts, identified lateral movement attempt, escalated.",Cloud Workload
ALT00560,Arcadia Defence Systems,Low,2026-02-03 22:01:00,2026-02-04 01:15:00,No,Analysed PCAP sample; payload matched benign monitoring agent heartbeat.,Endpoint
ALT00561,Arcadia Defence Systems,Low,2026-03-01 23:48:00,2026-03-02 02:24:00,No,Reviewed EDR telemetry timeline; parent process traced to legitimate installer.,Database
ALT00562,Arcadia Defence Systems,Low,2026-02-11 23:26:00,2026-02-12 02:18:00,No,Contacted asset owner and confirmed scheduled maintenance window covered the activity.,Database
ALT00563,Arcadia Defence Systems,Low,2026-03-07 18:02:00,2026-03-07 21:11:00,No,"Investigated source IP, confirmed malicious signature, blocked at firewall, root cause documented.",Network Device
ALT00564,Arcadia Defence Systems,Medium,2026-03-27 15:35:00,2026-03-27 19:00:00,No,False positive.,Cloud Workload
ALT00565,Arcadia Defence Systems,Low,2026-02-23 12:46:00,2026-02-23 15:39:00,No,"Investigated source IP, confirmed malicious signature, blocked at firewall, root cause documented.",Firewall
ALT00566,Arcadia Defence Systems,Low,2026-02-20 09:06:00,2026-02-20 11:43:00,No,Reviewed EDR telemetry timeline; parent process traced to legitimate installer.,Identity Provider
ALT00567,Arcadia Defence Systems,Medium,2026-02-06 02:37:00,2026-02-06 05:19:00,Yes,Reviewed and closed.,Database
ALT00568,Arcadia Defence Systems,Low,2026-02-18 07:31:00,2026-02-18 10:26:00,No,Analysed PCAP sample; payload matched benign monitoring agent heartbeat.,Endpoint
ALT00569,Arcadia Defence Systems,Low,2026-03-23 19:15:00,2026-03-23 21:49:00,No,"Investigated source IP, confirmed malicious signature, blocked at firewall, root cause documented.",Server
ALT00570,Arcadia Defence Systems,High,2026-01-28 16:23:00,2026-01-28 19:50:00,Yes,Reviewed and closed.,Endpoint
ALT00571,Arcadia Defence Systems,Medium,2026-01-07 01:06:00,2026-01-07 04:12:00,No,Closed as per standard procedure.,IoT Device
ALT00572,Arcadia Defence Systems,Low,2026-03-31 18:41:00,2026-03-31 21:19:00,No,Reviewed and closed.,Server
ALT00573,Arcadia Defence Systems,Medium,2026-03-01 23:44:00,2026-03-02 02:40:00,No,"Investigated source IP, confirmed malicious signature, blocked at firewall, root cause documented.",Endpoint
ALT00574,Arcadia Defence Systems,High,2026-03-11 18:07:00,2026-03-11 21:01:00,Yes,Reviewed and closed.,Cloud Workload
ALT00575,Arcadia Defence Systems,High,2026-01-14 16:31:00,2026-01-14 19:40:00,Yes,Contacted asset owner and confirmed scheduled maintenance window covered the activity.,Database
ALT00576,Arcadia Defence Systems,Low,2026-03-23 04:20:00,2026-03-23 07:30:00,No,"Correlated with SIEM logs across 3 hosts, identified lateral movement attempt, escalated.",Identity Provider
ALT00577,Arcadia Defence Systems,High,2026-02-14 22:37:00,2026-02-15 01:16:00,Yes,"Correlated with SIEM logs across 3 hosts, identified lateral movement attempt, escalated.",Identity Provider
ALT00578,Arcadia Defence Systems,Medium,2026-03-20 08:02:00,2026-03-20 11:19:00,No,No further action required.,IoT Device
ALT00579,Arcadia Defence Systems,Low,2026-01-23 07:41:00,2026-01-23 10:42:00,No,"Performed forensic triage on affected host, isolated system, initiated containment protocol.",Firewall
ALT00580,Arcadia Defence Systems,Medium,2026-03-17 19:16:00,2026-03-17 21:49:00,No,"Correlated with SIEM logs across 3 hosts, identified lateral movement attempt, escalated.",Server
ALT00581,Arcadia Defence Systems,Low,2026-01-19 09:58:00,2026-01-19 12:29:00,No,Ran memory capture on affected host; no injected process artefacts identified.,Network Device
ALT00582,Arcadia Defence Systems,High,2026-02-27 02:03:00,2026-02-27 04:54:00,Yes,Reviewed EDR telemetry timeline; parent process traced to legitimate installer.,Cloud Workload
ALT00583,Arcadia Defence Systems,Medium,2026-01-28 13:38:00,2026-01-28 16:19:00,No,Closed as per standard procedure.,Cloud Workload
ALT00584,Arcadia Defence Systems,Low,2026-01-23 04:44:00,2026-01-23 07:16:00,Yes,Contacted asset owner and confirmed scheduled maintenance window covered the activity.,Server
ALT00585,Arcadia Defence Systems,Critical,2026-02-09 21:11:00,2026-02-10 00:20:00,Yes,"Cross-referenced with threat intel feed, identified C2 communication pattern, escalated to IR team.",Endpoint
ALT00586,Arcadia Defence Systems,High,2026-02-13 06:08:00,2026-02-13 09:02:00,Yes,No further action required.,Endpoint
ALT00587,Arcadia Defence Systems,Low,2026-01-14 22:16:00,2026-01-15 01:42:00,No,"Cross-referenced with threat intel feed, identified C2 communication pattern, escalated to IR team.",Database
ALT00588,Arcadia Defence Systems,Medium,2026-02-09 23:11:00,2026-02-10 02:15:00,No,False positive.,IoT Device
ALT00589,Arcadia Defence Systems,Medium,2026-01-20 22:43:00,2026-01-21 01:20:00,No,Contacted asset owner and confirmed scheduled maintenance window covered the activity.,Cloud Workload
ALT00590,Arcadia Defence Systems,Low,2026-01-13 05:01:00,2026-01-13 07:50:00,No,Contacted asset owner and confirmed scheduled maintenance window covered the activity.,Firewall
ALT00591,Arcadia Defence Systems,Low,2026-03-23 00:34:00,2026-03-23 03:21:00,Yes,Analysed PCAP sample; payload matched benign monitoring agent heartbeat.,Identity Provider
ALT00592,Arcadia Defence Systems,High,2026-03-31 19:35:00,2026-03-31 22:07:00,Yes,"Performed forensic triage on affected host, isolated system, initiated containment protocol.",Endpoint
ALT00593,Arcadia Defence Systems,Low,2026-03-24 23:57:00,2026-03-25 02:34:00,No,Reviewed EDR telemetry timeline; parent process traced to legitimate installer.,Endpoint
ALT00594,Arcadia Defence Systems,Low,2026-02-02 18:16:00,2026-02-02 21:08:00,No,Reviewed EDR telemetry timeline; parent process traced to legitimate installer.,Network Device
ALT00595,Arcadia Defence Systems,Low,2026-03-03 21:14:00,2026-03-04 00:18:00,No,Reviewed EDR telemetry timeline; parent process traced to legitimate installer.,Firewall
ALT00596,Arcadia Defence Systems,Low,2026-02-01 08:29:00,2026-02-01 11:32:00,Yes,False positive.,Network Device
ALT00597,Arcadia Defence Systems,Medium,2026-02-28 05:54:00,2026-02-28 09:05:00,No,Reviewed and closed.,Network Device
ALT00598,Arcadia Defence Systems,Medium,2026-02-03 00:27:00,2026-02-03 03:03:00,Yes,"Performed forensic triage on affected host, isolated system, initiated containment protocol.",Network Device
ALT00599,Arcadia Defence Systems,Medium,2026-03-15 20:56:00,2026-03-16 00:02:00,No,False positive.,Firewall
ALT00600,Arcadia Defence Systems,High,2026-01-10 19:51:00,2026-01-10 23:12:00,No,No further action required.,Cloud Workload
ALT00601,Arcadia Defence Systems,Low,2026-02-13 02:36:00,2026-02-13 05:45:00,No,No further action required.,Cloud Workload
ALT00602,Arcadia Defence Systems,Low,2026-03-14 23:07:00,2026-03-15 01:37:00,Yes,Analysed PCAP sample; payload matched benign monitoring agent heartbeat.,Cloud Workload
ALT00603,Arcadia Defence Systems,Low,2026-02-04 10:19:00,2026-02-04 12:53:00,No,Reviewed EDR telemetry timeline; parent process traced to legitimate installer.,IoT Device
ALT00604,Arcadia Defence Systems,Low,2026-01-23 14:56:00,2026-01-23 18:05:00,No,No further action required.,Identity Provider
ALT00605,Arcadia Defence Systems,Medium,2026-02-20 11:34:00,2026-02-20 14:33:00,No,False positive.,Database
ALT00606,Arcadia Defence Systems,Low,2026-01-19 10:01:00,2026-01-19 12:39:00,No,No further action required.,Network Device
ALT00607,Arcadia Defence Systems,Critical,2026-02-19 11:30:00,2026-02-19 14:51:00,Yes,"Cross-referenced with threat intel feed, identified C2 communication pattern, escalated to IR team.",Database
ALT00608,Arcadia Defence Systems,Critical,2026-02-23 08:54:00,2026-02-23 11:45:00,No,Ran memory capture on affected host; no injected process artefacts identified.,Database
ALT00609,Arcadia Defence Systems,Low,2026-01-28 16:59:00,2026-01-28 19:39:00,No,Ran memory capture on affected host; no injected process artefacts identified.,IoT Device
ALT00610,Arcadia Defence Systems,Medium,2026-01-05 02:56:00,2026-01-05 06:18:00,No,"Performed forensic triage on affected host, isolated system, initiated containment protocol.",IoT Device
ALT00611,Arcadia Defence Systems,High,2026-03-24 08:43:00,2026-03-24 11:34:00,Yes,Closed as per standard procedure.,Cloud Workload
ALT00612,Arcadia Defence Systems,Low,2026-01-08 23:59:00,2026-01-09 02:31:00,No,"Cross-referenced with threat intel feed, identified C2 communication pattern, escalated to IR team.",Cloud Workload
ALT00613,Arcadia Defence Systems,Medium,2026-01-17 20:13:00,2026-01-17 22:51:00,No,Ran memory capture on affected host; no injected process artefacts identified.,Identity Provider
ALT00614,Arcadia Defence Systems,Low,2026-01-16 07:58:00,2026-01-16 11:00:00,No,Analysed PCAP sample; payload matched benign monitoring agent heartbeat.,Network Device
ALT00615,Arcadia Defence Systems,Low,2026-03-09 04:16:00,2026-03-09 06:47:00,Yes,Reviewed EDR telemetry timeline; parent process traced to legitimate installer.,Endpoint
ALT00616,Arcadia Defence Systems,Low,2026-03-30 10:31:00,2026-03-30 13:09:00,No,No further action required.,Network Device
ALT00617,Arcadia Defence Systems,High,2026-02-12 04:06:00,2026-02-12 06:39:00,Yes,No further action required.,Network Device
ALT00618,Arcadia Defence Systems,Low,2026-02-07 09:36:00,2026-02-07 12:15:00,No,Analysed PCAP sample; payload matched benign monitoring agent heartbeat.,IoT Device
ALT00619,Arcadia Defence Systems,Low,2026-02-07 04:53:00,2026-02-07 08:22:00,No,"Correlated with SIEM logs across 3 hosts, identified lateral movement attempt, escalated.",Identity Provider
ALT00620,Arcadia Defence Systems,Medium,2026-01-04 03:08:00,2026-01-04 06:03:00,No,Closed as per standard procedure.,Cloud Workload
ALT00001,Konkan Maritime Ltd,Low,2026-02-13 01:06:00,2026-02-13 06:44:00,No,No further action required.,Database
ALT00002,Konkan Maritime Ltd,Low,2026-01-06 14:38:00,2026-01-06 19:59:00,No,"Cross-referenced with threat intel feed, identified C2 communication pattern, escalated to IR team.",Identity Provider
ALT00003,Konkan Maritime Ltd,Low,2026-03-27 21:09:00,2026-03-28 02:55:00,No,Ran memory capture on affected host; no injected process artefacts identified.,Server
ALT00004,Konkan Maritime Ltd,High,2026-03-07 02:06:00,2026-03-07 07:18:00,Yes,Analysed PCAP sample; payload matched benign monitoring agent heartbeat.,Database
ALT00005,Konkan Maritime Ltd,Medium,2026-01-31 21:56:00,2026-02-01 03:16:00,Yes,"Performed forensic triage on affected host, isolated system, initiated containment protocol.",Cloud Workload
ALT00006,Konkan Maritime Ltd,Medium,2026-03-20 14:33:00,2026-03-20 19:24:00,No,Reviewed EDR telemetry timeline; parent process traced to legitimate installer.,Server
ALT00007,Konkan Maritime Ltd,High,2026-02-17 20:41:00,2026-02-18 01:53:00,Yes,"Performed forensic triage on affected host, isolated system, initiated containment protocol.",Server
ALT00008,Konkan Maritime Ltd,Medium,2026-01-21 00:51:00,2026-01-21 05:47:00,No,Closed as per standard procedure.,Database
ALT00009,Konkan Maritime Ltd,High,2026-01-31 13:56:00,2026-01-31 19:54:00,Yes,No further action required.,Database
ALT00010,Konkan Maritime Ltd,High,2026-02-28 13:17:00,2026-02-28 18:17:00,No,Ran memory capture on affected host; no injected process artefacts identified.,Server
ALT00011,Konkan Maritime Ltd,Medium,2026-02-02 03:43:00,2026-02-02 08:27:00,No,Reviewed EDR telemetry timeline; parent process traced to legitimate installer.,Database
ALT00012,Konkan Maritime Ltd,Medium,2026-02-08 04:49:00,2026-02-08 09:56:00,No,"Performed forensic triage on affected host, isolated system, initiated containment protocol.",Database
ALT00013,Konkan Maritime Ltd,Low,2026-03-12 15:46:00,2026-03-12 20:50:00,No,"Investigated source IP, confirmed malicious signature, blocked at firewall, root cause documented.",Database
ALT00014,Konkan Maritime Ltd,Medium,2026-03-18 20:14:00,2026-03-19 01:24:00,Yes,No further action required.,Server
ALT00015,Konkan Maritime Ltd,Medium,2026-02-21 16:43:00,2026-02-21 22:05:00,No,False positive.,Server
ALT00016,Konkan Maritime Ltd,Medium,2026-03-11 14:08:00,2026-03-11 20:17:00,No,Reviewed and closed.,Database
ALT00017,Konkan Maritime Ltd,Critical,2026-03-22 11:12:00,2026-03-22 17:14:00,Yes,Closed as per standard procedure.,Identity Provider
ALT00018,Konkan Maritime Ltd,Medium,2026-03-16 12:28:00,2026-03-16 17:31:00,No,Analysed PCAP sample; payload matched benign monitoring agent heartbeat.,Database
ALT00019,Konkan Maritime Ltd,Medium,2026-03-03 01:25:00,2026-03-03 06:07:00,No,Contacted asset owner and confirmed scheduled maintenance window covered the activity.,Identity Provider
ALT00020,Konkan Maritime Ltd,Low,2026-03-30 04:09:00,2026-03-30 09:48:00,No,"Correlated with SIEM logs across 3 hosts, identified lateral movement attempt, escalated.",Server
ALT00021,Konkan Maritime Ltd,Medium,2026-01-31 14:21:00,2026-01-31 20:31:00,No,False positive.,Database
ALT00022,Konkan Maritime Ltd,Low,2026-02-09 14:17:00,2026-02-09 21:12:00,No,Reviewed and closed.,Database
ALT00023,Konkan Maritime Ltd,High,2026-03-24 13:08:00,2026-03-24 19:22:00,Yes,"Performed forensic triage on affected host, isolated system, initiated containment protocol.",Database
ALT00024,Konkan Maritime Ltd,Low,2026-02-21 14:16:00,2026-02-21 19:38:00,No,Reviewed EDR telemetry timeline; parent process traced to legitimate installer.,Identity Provider
ALT00025,Konkan Maritime Ltd,Low,2026-03-13 03:48:00,2026-03-13 10:19:00,Yes,Reviewed and closed.,Database
ALT00026,Konkan Maritime Ltd,Low,2026-02-20 12:20:00,2026-02-20 19:03:00,Yes,No further action required.,Cloud Workload
ALT00027,Konkan Maritime Ltd,Critical,2026-02-03 09:30:00,2026-02-03 14:24:00,Yes,"Cross-referenced with threat intel feed, identified C2 communication pattern, escalated to IR team.",Identity Provider
ALT00028,Konkan Maritime Ltd,Low,2026-02-14 13:33:00,2026-02-14 18:14:00,Yes,"Correlated with SIEM logs across 3 hosts, identified lateral movement attempt, escalated.",Identity Provider
ALT00029,Konkan Maritime Ltd,Medium,2026-02-16 07:21:00,2026-02-16 12:53:00,No,Contacted asset owner and confirmed scheduled maintenance window covered the activity.,Cloud Workload
ALT00030,Konkan Maritime Ltd,Medium,2026-03-08 07:49:00,2026-03-08 12:50:00,No,"Investigated source IP, confirmed malicious signature, blocked at firewall, root cause documented.",Database
ALT00031,Konkan Maritime Ltd,Low,2026-01-08 23:20:00,2026-01-09 06:15:00,Yes,Reviewed and closed.,Database
ALT00032,Konkan Maritime Ltd,Medium,2026-03-02 11:42:00,2026-03-02 18:02:00,Yes,Reviewed and closed.,Cloud Workload
ALT00033,Konkan Maritime Ltd,Critical,2026-01-16 18:16:00,2026-01-17 00:45:00,Yes,Analysed PCAP sample; payload matched benign monitoring agent heartbeat.,Cloud Workload
ALT00034,Konkan Maritime Ltd,Critical,2026-01-24 10:31:00,2026-01-24 15:17:00,Yes,Analysed PCAP sample; payload matched benign monitoring agent heartbeat.,Database
ALT00035,Konkan Maritime Ltd,Low,2026-01-05 17:18:00,2026-01-05 22:08:00,No,Ran memory capture on affected host; no injected process artefacts identified.,Cloud Workload
ALT00036,Konkan Maritime Ltd,Low,2026-01-01 16:44:00,2026-01-01 22:54:00,No,"Correlated with SIEM logs across 3 hosts, identified lateral movement attempt, escalated.",Cloud Workload
ALT00037,Konkan Maritime Ltd,Low,2026-03-11 01:32:00,2026-03-11 08:03:00,No,"Correlated with SIEM logs across 3 hosts, identified lateral movement attempt, escalated.",Server
ALT00038,Konkan Maritime Ltd,Medium,2026-01-19 13:01:00,2026-01-19 17:59:00,No,Ran memory capture on affected host; no injected process artefacts identified.,Identity Provider
ALT00039,Konkan Maritime Ltd,High,2026-01-18 19:42:00,2026-01-19 01:08:00,Yes,"Cross-referenced with threat intel feed, identified C2 communication pattern, escalated to IR team.",Cloud Workload
ALT00040,Konkan Maritime Ltd,Medium,2026-03-24 22:54:00,2026-03-25 04:15:00,No,"Performed forensic triage on affected host, isolated system, initiated containment protocol.",Server
ALT00041,Konkan Maritime Ltd,High,2026-02-20 05:35:00,2026-02-20 12:34:00,No,Ran memory capture on affected host; no injected process artefacts identified.,Identity Provider
ALT00042,Konkan Maritime Ltd,Low,2026-02-23 13:07:00,2026-02-23 18:30:00,No,False positive.,Database
ALT00043,Konkan Maritime Ltd,Low,2026-01-21 23:30:00,2026-01-22 05:52:00,Yes,Ran memory capture on affected host; no injected process artefacts identified.,Server
ALT00044,Konkan Maritime Ltd,Critical,2026-02-18 19:09:00,2026-02-18 23:50:00,Yes,"Cross-referenced with threat intel feed, identified C2 communication pattern, escalated to IR team.",Cloud Workload
ALT00045,Konkan Maritime Ltd,Low,2026-02-13 20:51:00,2026-02-14 02:28:00,No,"Performed forensic triage on affected host, isolated system, initiated containment protocol.",Cloud Workload
ALT00046,Konkan Maritime Ltd,Low,2026-01-15 07:51:00,2026-01-15 13:40:00,No,Ran memory capture on affected host; no injected process artefacts identified.,Cloud Workload
ALT00047,Konkan Maritime Ltd,High,2026-02-07 09:04:00,2026-02-07 14:29:00,Yes,Ran memory capture on affected host; no injected process artefacts identified.,Database
ALT00048,Konkan Maritime Ltd,Medium,2026-01-18 23:09:00,2026-01-19 04:54:00,No,"Investigated source IP, confirmed malicious signature, blocked at firewall, root cause documented.",Database
ALT00049,Konkan Maritime Ltd,Medium,2026-03-22 09:36:00,2026-03-22 14:30:00,No,Closed as per standard procedure.,Cloud Workload
ALT00050,Konkan Maritime Ltd,Low,2026-02-12 14:08:00,2026-02-12 18:49:00,No,"Cross-referenced with threat intel feed, identified C2 communication pattern, escalated to IR team.",Database
ALT00051,Konkan Maritime Ltd,Medium,2026-03-12 21:19:00,2026-03-13 02:43:00,No,Reviewed EDR telemetry timeline; parent process traced to legitimate installer.,Server
ALT00052,Konkan Maritime Ltd,Medium,2026-02-05 10:46:00,2026-02-05 16:23:00,No,Reviewed EDR telemetry timeline; parent process traced to legitimate installer.,Cloud Workload
ALT00053,Konkan Maritime Ltd,Medium,2026-01-07 17:10:00,2026-01-07 22:58:00,No,"Performed forensic triage on affected host, isolated system, initiated containment protocol.",Identity Provider
ALT00054,Konkan Maritime Ltd,Low,2026-03-13 21:35:00,2026-03-14 03:13:00,No,Reviewed EDR telemetry timeline; parent process traced to legitimate installer.,Cloud Workload
ALT00055,Konkan Maritime Ltd,High,2026-03-10 13:13:00,2026-03-10 19:14:00,No,"Performed forensic triage on affected host, isolated system, initiated containment protocol.",Database
ALT00056,Konkan Maritime Ltd,Critical,2026-02-11 20:32:00,2026-02-12 03:16:00,No,Closed as per standard procedure.,Database
ALT00057,Konkan Maritime Ltd,Medium,2026-02-26 15:14:00,2026-02-26 20:35:00,Yes,No further action required.,Database
ALT00058,Konkan Maritime Ltd,Medium,2026-03-26 05:54:00,2026-03-26 11:53:00,No,Closed as per standard procedure.,Cloud Workload
ALT00059,Konkan Maritime Ltd,Critical,2026-03-15 19:52:00,2026-03-16 01:28:00,No,No further action required.,Database
ALT00060,Konkan Maritime Ltd,Low,2026-03-02 06:23:00,2026-03-02 11:34:00,No,Contacted asset owner and confirmed scheduled maintenance window covered the activity.,Server
ALT00061,Konkan Maritime Ltd,Low,2026-02-19 23:27:00,2026-02-20 04:21:00,No,"Correlated with SIEM logs across 3 hosts, identified lateral movement attempt, escalated.",Database
ALT00062,Konkan Maritime Ltd,Low,2026-01-29 21:41:00,2026-01-30 02:43:00,Yes,Closed as per standard procedure.,Database
ALT00063,Konkan Maritime Ltd,High,2026-02-23 22:33:00,2026-02-24 04:20:00,No,"Cross-referenced with threat intel feed, identified C2 communication pattern, escalated to IR team.",Server
ALT00064,Konkan Maritime Ltd,High,2026-03-15 22:32:00,2026-03-16 04:31:00,Yes,"Correlated with SIEM logs across 3 hosts, identified lateral movement attempt, escalated.",Server
ALT00065,Konkan Maritime Ltd,Medium,2026-01-21 21:34:00,2026-01-22 04:06:00,No,Ran memory capture on affected host; no injected process artefacts identified.,Identity Provider
ALT00066,Konkan Maritime Ltd,Low,2026-01-23 17:44:00,2026-01-23 23:53:00,No,"Performed forensic triage on affected host, isolated system, initiated containment protocol.",Server
ALT00067,Konkan Maritime Ltd,Critical,2026-02-10 00:24:00,2026-02-10 06:28:00,Yes,"Correlated with SIEM logs across 3 hosts, identified lateral movement attempt, escalated.",Cloud Workload
ALT00068,Konkan Maritime Ltd,Critical,2026-01-22 08:39:00,2026-01-22 13:19:00,Yes,"Investigated source IP, confirmed malicious signature, blocked at firewall, root cause documented.",Server
ALT00069,Konkan Maritime Ltd,Low,2026-03-06 05:07:00,2026-03-06 11:04:00,No,Contacted asset owner and confirmed scheduled maintenance window covered the activity.,Cloud Workload
ALT00070,Konkan Maritime Ltd,Low,2026-03-27 15:26:00,2026-03-27 22:15:00,No,"Investigated source IP, confirmed malicious signature, blocked at firewall, root cause documented.",Server
ALT00071,Konkan Maritime Ltd,High,2026-02-10 23:31:00,2026-02-11 04:31:00,No,False positive.,Server
ALT00072,Konkan Maritime Ltd,Medium,2026-03-19 21:56:00,2026-03-20 03:58:00,No,No further action required.,Cloud Workload
ALT00073,Konkan Maritime Ltd,High,2026-01-06 12:33:00,2026-01-06 19:02:00,Yes,Reviewed EDR telemetry timeline; parent process traced to legitimate installer.,Database
ALT00074,Konkan Maritime Ltd,Medium,2026-01-13 06:58:00,2026-01-13 12:39:00,Yes,Ran memory capture on affected host; no injected process artefacts identified.,Identity Provider
ALT00075,Konkan Maritime Ltd,High,2026-03-20 10:07:00,2026-03-20 15:17:00,Yes,Closed as per standard procedure.,Server
ALT00076,Konkan Maritime Ltd,High,2026-03-19 04:11:00,2026-03-19 11:00:00,No,"Performed forensic triage on affected host, isolated system, initiated containment protocol.",Server
ALT00077,Konkan Maritime Ltd,Low,2026-02-06 05:35:00,2026-02-06 12:27:00,No,Closed as per standard procedure.,Database
ALT00078,Konkan Maritime Ltd,High,2026-02-13 06:49:00,2026-02-13 13:16:00,No,"Correlated with SIEM logs across 3 hosts, identified lateral movement attempt, escalated.",Database
ALT00079,Konkan Maritime Ltd,Medium,2026-01-01 04:33:00,2026-01-01 09:29:00,No,"Performed forensic triage on affected host, isolated system, initiated containment protocol.",Cloud Workload
ALT00080,Konkan Maritime Ltd,Low,2026-02-21 17:12:00,2026-02-21 22:42:00,No,No further action required.,Cloud Workload
ALT00081,Konkan Maritime Ltd,High,2026-02-26 11:26:00,2026-02-26 18:26:00,No,Contacted asset owner and confirmed scheduled maintenance window covered the activity.,Server
ALT00082,Konkan Maritime Ltd,Low,2026-01-28 03:33:00,2026-01-28 08:13:00,No,"Correlated with SIEM logs across 3 hosts, identified lateral movement attempt, escalated.",Cloud Workload
ALT00083,Konkan Maritime Ltd,High,2026-03-30 13:44:00,2026-03-30 19:58:00,Yes,"Cross-referenced with threat intel feed, identified C2 communication pattern, escalated to IR team.",Cloud Workload
ALT00084,Konkan Maritime Ltd,High,2026-01-01 05:21:00,2026-01-01 11:31:00,No,Analysed PCAP sample; payload matched benign monitoring agent heartbeat.,Identity Provider
ALT00085,Konkan Maritime Ltd,Critical,2026-03-22 08:48:00,2026-03-22 14:25:00,Yes,"Performed forensic triage on affected host, isolated system, initiated containment protocol.",Database
ALT00086,Konkan Maritime Ltd,Low,2026-03-06 05:59:00,2026-03-06 11:28:00,No,Closed as per standard procedure.,Server
ALT00087,Konkan Maritime Ltd,Low,2026-01-13 23:09:00,2026-01-14 04:45:00,No,Closed as per standard procedure.,Database
ALT00088,Konkan Maritime Ltd,High,2026-03-04 19:57:00,2026-03-05 01:25:00,No,"Correlated with SIEM logs across 3 hosts, identified lateral movement attempt, escalated.",Server
ALT00089,Konkan Maritime Ltd,Medium,2026-02-21 02:27:00,2026-02-21 08:01:00,No,"Performed forensic triage on affected host, isolated system, initiated containment protocol.",Cloud Workload
ALT00090,Konkan Maritime Ltd,High,2026-02-25 00:50:00,2026-02-25 05:32:00,Yes,Contacted asset owner and confirmed scheduled maintenance window covered the activity.,Database
ALT00091,Konkan Maritime Ltd,High,2026-01-15 09:11:00,2026-01-15 15:26:00,Yes,False positive.,Identity Provider
ALT00092,Konkan Maritime Ltd,Critical,2026-02-04 02:15:00,2026-02-04 09:06:00,No,Contacted asset owner and confirmed scheduled maintenance window covered the activity.,Identity Provider
ALT00093,Konkan Maritime Ltd,Critical,2026-03-19 06:17:00,2026-03-19 12:16:00,Yes,Reviewed EDR telemetry timeline; parent process traced to legitimate installer.,Server
ALT00094,Konkan Maritime Ltd,Critical,2026-02-27 14:04:00,2026-02-27 19:03:00,Yes,"Performed forensic triage on affected host, isolated system, initiated containment protocol.",Server
ALT00095,Konkan Maritime Ltd,Critical,2026-02-06 22:42:00,2026-02-07 05:09:00,Yes,Analysed PCAP sample; payload matched benign monitoring agent heartbeat.,Cloud Workload
ALT00096,Konkan Maritime Ltd,High,2026-03-08 09:06:00,2026-03-08 15:43:00,No,False positive.,Database
ALT00097,Konkan Maritime Ltd,Critical,2026-03-09 20:49:00,2026-03-10 01:38:00,No,Ran memory capture on affected host; no injected process artefacts identified.,Server
ALT00098,Konkan Maritime Ltd,Low,2026-01-17 08:51:00,2026-01-17 13:32:00,No,"Investigated source IP, confirmed malicious signature, blocked at firewall, root cause documented.",Cloud Workload
ALT00099,Konkan Maritime Ltd,High,2026-02-15 03:21:00,2026-02-15 09:43:00,No,"Investigated source IP, confirmed malicious signature, blocked at firewall, root cause documented.",Cloud Workload
ALT00100,Konkan Maritime Ltd,High,2026-01-10 08:37:00,2026-01-10 14:57:00,Yes,No further action required.,Server
ALT00101,Konkan Maritime Ltd,Medium,2026-01-25 06:14:00,2026-01-25 12:45:00,No,No further action required.,Cloud Workload
ALT00102,Konkan Maritime Ltd,Low,2026-03-30 06:04:00,2026-03-30 11:49:00,No,False positive.,Identity Provider
ALT00103,Konkan Maritime Ltd,Low,2026-03-23 07:01:00,2026-03-23 13:43:00,No,Reviewed EDR telemetry timeline; parent process traced to legitimate installer.,Server
ALT00104,Konkan Maritime Ltd,Medium,2026-03-14 05:56:00,2026-03-14 10:38:00,No,Analysed PCAP sample; payload matched benign monitoring agent heartbeat.,Cloud Workload
ALT00105,Konkan Maritime Ltd,Medium,2026-03-20 06:54:00,2026-03-20 12:43:00,No,Ran memory capture on affected host; no injected process artefacts identified.,Database
ALT00106,Konkan Maritime Ltd,Low,2026-02-20 17:17:00,2026-02-20 22:18:00,No,Ran memory capture on affected host; no injected process artefacts identified.,Identity Provider
ALT00107,Konkan Maritime Ltd,Medium,2026-03-14 00:12:00,2026-03-14 06:14:00,Yes,Closed as per standard procedure.,Database
ALT00108,Konkan Maritime Ltd,Low,2026-02-23 09:11:00,2026-02-23 15:32:00,No,Reviewed and closed.,Server
ALT00109,Konkan Maritime Ltd,Medium,2026-02-15 12:34:00,2026-02-15 17:57:00,No,False positive.,Identity Provider
ALT00110,Konkan Maritime Ltd,Low,2026-02-23 15:49:00,2026-02-23 21:17:00,No,Reviewed EDR telemetry timeline; parent process traced to legitimate installer.,Cloud Workload
ALT00111,Konkan Maritime Ltd,High,2026-01-20 07:44:00,2026-01-20 12:37:00,Yes,"Performed forensic triage on affected host, isolated system, initiated containment protocol.",Server
ALT00112,Konkan Maritime Ltd,Medium,2026-03-14 23:24:00,2026-03-15 05:36:00,No,"Performed forensic triage on affected host, isolated system, initiated containment protocol.",Server
ALT00113,Konkan Maritime Ltd,High,2026-02-15 16:45:00,2026-02-15 21:49:00,Yes,"Performed forensic triage on affected host, isolated system, initiated containment protocol.",Server
ALT00114,Konkan Maritime Ltd,High,2026-02-15 05:56:00,2026-02-15 12:28:00,No,False positive.,Database
ALT00115,Konkan Maritime Ltd,Critical,2026-02-18 11:25:00,2026-02-18 18:17:00,Yes,False positive.,Cloud Workload
ALT00116,Konkan Maritime Ltd,Medium,2026-03-26 18:56:00,2026-03-27 00:52:00,No,Contacted asset owner and confirmed scheduled maintenance window covered the activity.,Identity Provider
ALT00117,Konkan Maritime Ltd,High,2026-03-13 17:32:00,2026-03-13 23:55:00,No,Closed as per standard procedure.,Server
ALT00118,Konkan Maritime Ltd,Medium,2026-02-16 02:07:00,2026-02-16 08:46:00,Yes,Ran memory capture on affected host; no injected process artefacts identified.,Database
ALT00119,Konkan Maritime Ltd,Low,2026-02-04 21:01:00,2026-02-05 02:05:00,No,Reviewed EDR telemetry timeline; parent process traced to legitimate installer.,Cloud Workload
ALT00120,Konkan Maritime Ltd,High,2026-01-11 06:42:00,2026-01-11 13:10:00,Yes,Reviewed EDR telemetry timeline; parent process traced to legitimate installer.,Database
ALT00121,Konkan Maritime Ltd,Medium,2026-01-31 03:31:00,2026-01-31 09:20:00,No,Closed as per standard procedure.,Cloud Workload
ALT00122,Konkan Maritime Ltd,High,2026-01-12 05:28:00,2026-01-12 11:28:00,No,"Correlated with SIEM logs across 3 hosts, identified lateral movement attempt, escalated.",Identity Provider
ALT00123,Konkan Maritime Ltd,Critical,2026-01-11 01:50:00,2026-01-11 07:14:00,Yes,Ran memory capture on affected host; no injected process artefacts identified.,Cloud Workload
ALT00124,Konkan Maritime Ltd,Critical,2026-01-20 10:20:00,2026-01-20 15:01:00,Yes,"Cross-referenced with threat intel feed, identified C2 communication pattern, escalated to IR team.",Identity Provider
ALT00125,Konkan Maritime Ltd,Medium,2026-03-24 14:33:00,2026-03-24 19:30:00,No,Analysed PCAP sample; payload matched benign monitoring agent heartbeat.,Database
ALT00126,Konkan Maritime Ltd,High,2026-01-13 17:16:00,2026-01-13 23:16:00,No,Reviewed EDR telemetry timeline; parent process traced to legitimate installer.,Server
ALT00127,Konkan Maritime Ltd,High,2026-02-03 13:37:00,2026-02-03 19:16:00,No,Reviewed EDR telemetry timeline; parent process traced to legitimate installer.,Identity Provider
ALT00128,Konkan Maritime Ltd,Medium,2026-03-05 17:48:00,2026-03-06 00:22:00,No,Closed as per standard procedure.,Cloud Workload
ALT00129,Konkan Maritime Ltd,Low,2026-01-25 12:03:00,2026-01-25 19:03:00,No,No further action required.,Database
ALT00130,Konkan Maritime Ltd,Medium,2026-01-13 05:08:00,2026-01-13 10:48:00,No,No further action required.,Cloud Workload
ALT00131,Konkan Maritime Ltd,High,2026-01-27 12:43:00,2026-01-27 17:53:00,Yes,Closed as per standard procedure.,Server
ALT00132,Konkan Maritime Ltd,Low,2026-03-03 16:17:00,2026-03-03 22:25:00,No,Analysed PCAP sample; payload matched benign monitoring agent heartbeat.,Identity Provider
ALT00133,Konkan Maritime Ltd,Low,2026-02-06 01:05:00,2026-02-06 06:21:00,No,"Performed forensic triage on affected host, isolated system, initiated containment protocol.",Identity Provider
ALT00134,Konkan Maritime Ltd,Medium,2026-02-22 19:37:00,2026-02-23 00:21:00,No,No further action required.,Database
ALT00135,Konkan Maritime Ltd,Medium,2026-02-26 07:13:00,2026-02-26 13:33:00,No,Ran memory capture on affected host; no injected process artefacts identified.,Identity Provider
ALT00136,Konkan Maritime Ltd,Medium,2026-03-04 19:46:00,2026-03-05 01:50:00,No,"Investigated source IP, confirmed malicious signature, blocked at firewall, root cause documented.",Cloud Workload
ALT00137,Konkan Maritime Ltd,Medium,2026-01-25 17:14:00,2026-01-26 00:03:00,No,"Cross-referenced with threat intel feed, identified C2 communication pattern, escalated to IR team.",Database
ALT00138,Konkan Maritime Ltd,High,2026-02-09 20:52:00,2026-02-10 01:52:00,Yes,No further action required.,Identity Provider
ALT00139,Konkan Maritime Ltd,Critical,2026-01-21 21:53:00,2026-01-22 03:20:00,Yes,"Cross-referenced with threat intel feed, identified C2 communication pattern, escalated to IR team.",Server
ALT00140,Konkan Maritime Ltd,Critical,2026-01-20 15:14:00,2026-01-20 20:10:00,No,"Investigated source IP, confirmed malicious signature, blocked at firewall, root cause documented.",Identity Provider
ALT00141,Konkan Maritime Ltd,High,2026-02-19 10:32:00,2026-02-19 16:47:00,Yes,False positive.,Identity Provider
ALT00142,Konkan Maritime Ltd,Low,2026-03-21 07:38:00,2026-03-21 12:25:00,No,"Cross-referenced with threat intel feed, identified C2 communication pattern, escalated to IR team.",Cloud Workload
ALT00143,Konkan Maritime Ltd,Medium,2026-02-28 08:37:00,2026-02-28 15:09:00,Yes,Analysed PCAP sample; payload matched benign monitoring agent heartbeat.,Cloud Workload
ALT00144,Konkan Maritime Ltd,Medium,2026-01-19 13:24:00,2026-01-19 20:19:00,No,Analysed PCAP sample; payload matched benign monitoring agent heartbeat.,Identity Provider
ALT00145,Konkan Maritime Ltd,High,2026-03-29 05:24:00,2026-03-29 12:21:00,No,"Cross-referenced with threat intel feed, identified C2 communication pattern, escalated to IR team.",Cloud Workload
ALT00146,Konkan Maritime Ltd,Low,2026-02-23 14:37:00,2026-02-23 21:10:00,Yes,"Investigated source IP, confirmed malicious signature, blocked at firewall, root cause documented.",Cloud Workload
ALT00147,Konkan Maritime Ltd,High,2026-02-06 07:53:00,2026-02-06 12:53:00,Yes,"Performed forensic triage on affected host, isolated system, initiated containment protocol.",Identity Provider
ALT00148,Konkan Maritime Ltd,Low,2026-03-10 05:10:00,2026-03-10 09:51:00,No,"Cross-referenced with threat intel feed, identified C2 communication pattern, escalated to IR team.",Cloud Workload
ALT00149,Konkan Maritime Ltd,High,2026-03-28 01:51:00,2026-03-28 07:47:00,No,"Cross-referenced with threat intel feed, identified C2 communication pattern, escalated to IR team.",Identity Provider
ALT00150,Konkan Maritime Ltd,Low,2026-02-04 16:34:00,2026-02-04 22:16:00,Yes,Reviewed EDR telemetry timeline; parent process traced to legitimate installer.,Identity Provider
ALT00151,Konkan Maritime Ltd,High,2026-02-07 21:26:00,2026-02-08 02:30:00,Yes,Ran memory capture on affected host; no injected process artefacts identified.,Cloud Workload
ALT00152,Konkan Maritime Ltd,Low,2026-01-18 19:33:00,2026-01-19 01:47:00,Yes,Ran memory capture on affected host; no injected process artefacts identified.,Cloud Workload
ALT00153,Konkan Maritime Ltd,Low,2026-02-17 00:43:00,2026-02-17 06:01:00,Yes,False positive.,Database
ALT00154,Konkan Maritime Ltd,High,2026-03-29 20:35:00,2026-03-30 01:49:00,Yes,Closed as per standard procedure.,Cloud Workload
ALT00155,Konkan Maritime Ltd,Low,2026-02-04 03:03:00,2026-02-04 08:35:00,Yes,Reviewed and closed.,Identity Provider
ALT00156,Konkan Maritime Ltd,Critical,2026-02-03 21:10:00,2026-02-04 03:13:00,Yes,"Performed forensic triage on affected host, isolated system, initiated containment protocol.",Identity Provider
ALT00157,Konkan Maritime Ltd,Medium,2026-01-14 17:32:00,2026-01-14 23:24:00,Yes,False positive.,Database
ALT00158,Konkan Maritime Ltd,Critical,2026-03-25 00:30:00,2026-03-25 07:29:00,Yes,Ran memory capture on affected host; no injected process artefacts identified.,Identity Provider
ALT00159,Konkan Maritime Ltd,Low,2026-03-27 03:17:00,2026-03-27 10:01:00,No,"Correlated with SIEM logs across 3 hosts, identified lateral movement attempt, escalated.",Server
ALT00160,Konkan Maritime Ltd,Medium,2026-01-14 12:53:00,2026-01-14 19:37:00,No,"Correlated with SIEM logs across 3 hosts, identified lateral movement attempt, escalated.",Cloud Workload
ALT00161,Konkan Maritime Ltd,Critical,2026-01-16 08:49:00,2026-01-16 14:47:00,Yes,"Cross-referenced with threat intel feed, identified C2 communication pattern, escalated to IR team.",Server
ALT00162,Konkan Maritime Ltd,High,2026-02-20 22:32:00,2026-02-21 04:41:00,No,Analysed PCAP sample; payload matched benign monitoring agent heartbeat.,Server
ALT00163,Konkan Maritime Ltd,High,2026-01-08 08:07:00,2026-01-08 13:07:00,Yes,False positive.,Server
ALT00164,Konkan Maritime Ltd,Medium,2026-02-22 01:43:00,2026-02-22 06:31:00,No,Contacted asset owner and confirmed scheduled maintenance window covered the activity.,Identity Provider
ALT00165,Konkan Maritime Ltd,Low,2026-01-22 01:09:00,2026-01-22 06:45:00,Yes,Analysed PCAP sample; payload matched benign monitoring agent heartbeat.,Identity Provider
ALT00166,Konkan Maritime Ltd,Low,2026-03-11 11:42:00,2026-03-11 18:33:00,No,Analysed PCAP sample; payload matched benign monitoring agent heartbeat.,Database
ALT00167,Konkan Maritime Ltd,High,2026-01-01 06:29:00,2026-01-01 11:10:00,Yes,"Investigated source IP, confirmed malicious signature, blocked at firewall, root cause documented.",Server
ALT00168,Konkan Maritime Ltd,Critical,2026-03-06 01:10:00,2026-03-06 06:21:00,Yes,Closed as per standard procedure.,Server
ALT00169,Konkan Maritime Ltd,Low,2026-03-07 06:06:00,2026-03-07 12:29:00,No,"Cross-referenced with threat intel feed, identified C2 communication pattern, escalated to IR team.",Database
ALT00170,Konkan Maritime Ltd,Low,2026-01-03 23:10:00,2026-01-04 06:03:00,No,"Investigated source IP, confirmed malicious signature, blocked at firewall, root cause documented.",Server
ALT00171,Konkan Maritime Ltd,Medium,2026-01-11 02:50:00,2026-01-11 08:34:00,No,"Investigated source IP, confirmed malicious signature, blocked at firewall, root cause documented.",Server
ALT00172,Konkan Maritime Ltd,Medium,2026-01-14 20:06:00,2026-01-15 01:45:00,Yes,Reviewed EDR telemetry timeline; parent process traced to legitimate installer.,Server
ALT00173,Konkan Maritime Ltd,Medium,2026-03-04 01:22:00,2026-03-04 08:16:00,No,Ran memory capture on affected host; no injected process artefacts identified.,Identity Provider
ALT00174,Konkan Maritime Ltd,High,2026-03-04 14:37:00,2026-03-04 20:39:00,No,Contacted asset owner and confirmed scheduled maintenance window covered the activity.,Cloud Workload
ALT00175,Konkan Maritime Ltd,Low,2026-03-29 16:09:00,2026-03-29 22:33:00,No,"Correlated with SIEM logs across 3 hosts, identified lateral movement attempt, escalated.",Cloud Workload
ALT00176,Konkan Maritime Ltd,Medium,2026-02-04 22:15:00,2026-02-05 03:20:00,No,No further action required.,Server
ALT00177,Konkan Maritime Ltd,Critical,2026-01-27 22:12:00,2026-01-28 04:39:00,Yes,"Correlated with SIEM logs across 3 hosts, identified lateral movement attempt, escalated.",Database
ALT00178,Konkan Maritime Ltd,High,2026-03-07 15:34:00,2026-03-07 20:18:00,No,"Cross-referenced with threat intel feed, identified C2 communication pattern, escalated to IR team.",Server
ALT00179,Konkan Maritime Ltd,High,2026-01-02 18:09:00,2026-01-03 01:09:00,No,Contacted asset owner and confirmed scheduled maintenance window covered the activity.,Server
ALT00180,Konkan Maritime Ltd,Low,2026-02-19 04:06:00,2026-02-19 10:06:00,No,Analysed PCAP sample; payload matched benign monitoring agent heartbeat.,Cloud Workload
ALT00181,Konkan Maritime Ltd,Low,2026-01-16 23:01:00,2026-01-17 05:11:00,Yes,No further action required.,Cloud Workload
ALT00182,Konkan Maritime Ltd,Low,2026-03-16 17:50:00,2026-03-17 00:28:00,No,Analysed PCAP sample; payload matched benign monitoring agent heartbeat.,Cloud Workload
ALT00183,Konkan Maritime Ltd,Medium,2026-02-16 15:40:00,2026-02-16 22:22:00,No,False positive.,Cloud Workload
ALT00184,Konkan Maritime Ltd,Medium,2026-02-07 15:01:00,2026-02-07 19:57:00,No,Closed as per standard procedure.,Cloud Workload
ALT00185,Konkan Maritime Ltd,Low,2026-02-05 13:29:00,2026-02-05 19:02:00,Yes,"Investigated source IP, confirmed malicious signature, blocked at firewall, root cause documented.",Server
ALT00186,Konkan Maritime Ltd,Medium,2026-02-27 22:36:00,2026-02-28 03:23:00,Yes,Closed as per standard procedure.,Cloud Workload
ALT00187,Konkan Maritime Ltd,Low,2026-02-28 03:47:00,2026-02-28 10:44:00,No,"Cross-referenced with threat intel feed, identified C2 communication pattern, escalated to IR team.",Identity Provider
ALT00188,Konkan Maritime Ltd,Low,2026-01-10 09:17:00,2026-01-10 14:17:00,No,Analysed PCAP sample; payload matched benign monitoring agent heartbeat.,Identity Provider
ALT00189,Konkan Maritime Ltd,Low,2026-01-28 14:57:00,2026-01-28 20:51:00,No,False positive.,Identity Provider
ALT00190,Konkan Maritime Ltd,Medium,2026-02-16 16:47:00,2026-02-16 23:47:00,Yes,"Performed forensic triage on affected host, isolated system, initiated containment protocol.",Server
ALT00001,Nilgiri Water Authority,Medium,2026-03-30 23:54:00,2026-03-31 02:40:00,Yes,"Performed forensic triage on affected host, isolated system, initiated containment protocol.",Database
ALT00002,Nilgiri Water Authority,Low,2026-02-10 22:26:00,2026-02-11 01:41:00,No,Ran memory capture on affected host; no injected process artefacts identified.,Database
ALT00003,Nilgiri Water Authority,Low,2026-01-16 01:08:00,2026-01-16 04:05:00,No,Reviewed EDR telemetry timeline; parent process traced to legitimate installer.,Server
ALT00004,Nilgiri Water Authority,Low,2026-03-27 11:08:00,2026-03-27 14:09:00,Yes,Closed as per standard procedure.,Firewall
ALT00005,Nilgiri Water Authority,Medium,2026-02-10 12:06:00,2026-02-10 14:56:00,Yes,Closed as per standard procedure.,Cloud Workload
ALT00006,Nilgiri Water Authority,Medium,2026-03-25 15:31:00,2026-03-25 18:18:00,No,Reviewed EDR telemetry timeline; parent process traced to legitimate installer.,Network Device
ALT00007,Nilgiri Water Authority,Low,2026-02-12 21:58:00,2026-02-13 01:20:00,No,Reviewed EDR telemetry timeline; parent process traced to legitimate installer.,Cloud Workload
ALT00008,Nilgiri Water Authority,Low,2026-02-12 12:07:00,2026-02-12 15:23:00,Yes,False positive.,Cloud Workload
ALT00009,Nilgiri Water Authority,Low,2026-03-13 02:25:00,2026-03-13 05:13:00,No,Contacted asset owner and confirmed scheduled maintenance window covered the activity.,IoT Device
ALT00010,Nilgiri Water Authority,Medium,2026-01-28 02:25:00,2026-01-28 05:14:00,Yes,"Correlated with SIEM logs across 3 hosts, identified lateral movement attempt, escalated.",Database
ALT00011,Nilgiri Water Authority,Medium,2026-01-15 13:48:00,2026-01-15 17:07:00,No,No further action required.,Endpoint
ALT00012,Nilgiri Water Authority,Low,2026-03-16 03:19:00,2026-03-16 06:21:00,No,False positive.,Network Device
ALT00013,Nilgiri Water Authority,Medium,2026-03-04 11:49:00,2026-03-04 14:55:00,No,Ran memory capture on affected host; no injected process artefacts identified.,Network Device
ALT00014,Nilgiri Water Authority,Medium,2026-01-13 14:22:00,2026-01-13 16:55:00,No,Ran memory capture on affected host; no injected process artefacts identified.,Cloud Workload
ALT00015,Nilgiri Water Authority,Low,2026-02-07 00:15:00,2026-02-07 02:46:00,Yes,"Investigated source IP, confirmed malicious signature, blocked at firewall, root cause documented.",Database
ALT00016,Nilgiri Water Authority,Low,2026-03-27 02:26:00,2026-03-27 05:12:00,No,"Correlated with SIEM logs across 3 hosts, identified lateral movement attempt, escalated.",Identity Provider
ALT00017,Nilgiri Water Authority,Low,2026-01-16 05:28:00,2026-01-16 08:53:00,No,Closed as per standard procedure.,Database
ALT00018,Nilgiri Water Authority,Low,2026-03-07 06:36:00,2026-03-07 09:07:00,No,"Correlated with SIEM logs across 3 hosts, identified lateral movement attempt, escalated.",Firewall
ALT00019,Nilgiri Water Authority,Low,2026-01-22 17:11:00,2026-01-22 20:10:00,Yes,Reviewed and closed.,Database
ALT00020,Nilgiri Water Authority,Medium,2026-01-26 08:39:00,2026-01-26 11:42:00,No,Contacted asset owner and confirmed scheduled maintenance window covered the activity.,Database
ALT00021,Nilgiri Water Authority,Low,2026-02-05 05:23:00,2026-02-05 07:57:00,No,Reviewed and closed.,Endpoint
ALT00022,Nilgiri Water Authority,Low,2026-03-11 16:29:00,2026-03-11 19:28:00,Yes,"Performed forensic triage on affected host, isolated system, initiated containment protocol.",Database
ALT00023,Nilgiri Water Authority,Low,2026-03-11 03:30:00,2026-03-11 06:19:00,No,"Investigated source IP, confirmed malicious signature, blocked at firewall, root cause documented.",IoT Device
ALT00024,Nilgiri Water Authority,Low,2026-02-14 22:14:00,2026-02-15 01:17:00,No,Reviewed EDR telemetry timeline; parent process traced to legitimate installer.,Identity Provider
ALT00025,Nilgiri Water Authority,Low,2026-03-13 22:28:00,2026-03-14 01:57:00,Yes,"Correlated with SIEM logs across 3 hosts, identified lateral movement attempt, escalated.",Firewall
ALT00026,Nilgiri Water Authority,Medium,2026-01-02 23:32:00,2026-01-03 02:24:00,No,Reviewed EDR telemetry timeline; parent process traced to legitimate installer.,Cloud Workload
ALT00027,Nilgiri Water Authority,Medium,2026-03-27 17:50:00,2026-03-27 20:30:00,Yes,Ran memory capture on affected host; no injected process artefacts identified.,Server
ALT00028,Nilgiri Water Authority,Low,2026-01-25 08:07:00,2026-01-25 10:37:00,No,Reviewed EDR telemetry timeline; parent process traced to legitimate installer.,Identity Provider
ALT00029,Nilgiri Water Authority,Medium,2026-03-09 01:12:00,2026-03-09 04:22:00,No,No further action required.,Firewall
ALT00030,Nilgiri Water Authority,Low,2026-02-12 11:33:00,2026-02-12 14:17:00,Yes,Reviewed and closed.,Database
ALT00031,Nilgiri Water Authority,Medium,2026-01-27 11:44:00,2026-01-27 15:06:00,No,No further action required.,IoT Device
ALT00032,Nilgiri Water Authority,Low,2026-02-23 11:49:00,2026-02-23 15:07:00,No,"Correlated with SIEM logs across 3 hosts, identified lateral movement attempt, escalated.",Firewall
ALT00033,Nilgiri Water Authority,Low,2026-01-29 11:40:00,2026-01-29 14:28:00,No,Contacted asset owner and confirmed scheduled maintenance window covered the activity.,Database
ALT00034,Nilgiri Water Authority,Low,2026-03-21 14:26:00,2026-03-21 17:17:00,Yes,Closed as per standard procedure.,Server
ALT00035,Nilgiri Water Authority,Medium,2026-02-28 20:24:00,2026-02-28 22:58:00,No,Reviewed EDR telemetry timeline; parent process traced to legitimate installer.,Server
ALT00036,Nilgiri Water Authority,Medium,2026-02-13 19:30:00,2026-02-13 22:04:00,Yes,False positive.,Cloud Workload
ALT00037,Nilgiri Water Authority,Low,2026-01-19 19:20:00,2026-01-19 21:52:00,Yes,Reviewed EDR telemetry timeline; parent process traced to legitimate installer.,Identity Provider
ALT00038,Nilgiri Water Authority,Low,2026-01-25 18:03:00,2026-01-25 21:17:00,Yes,"Cross-referenced with threat intel feed, identified C2 communication pattern, escalated to IR team.",Identity Provider
ALT00039,Nilgiri Water Authority,Low,2026-01-10 10:56:00,2026-01-10 13:48:00,No,Closed as per standard procedure.,Server
ALT00040,Nilgiri Water Authority,Medium,2026-01-17 19:31:00,2026-01-17 22:06:00,No,Contacted asset owner and confirmed scheduled maintenance window covered the activity.,Identity Provider
ALT00041,Nilgiri Water Authority,Medium,2026-03-25 15:31:00,2026-03-25 18:37:00,No,No further action required.,Identity Provider
ALT00042,Nilgiri Water Authority,Low,2026-03-25 13:06:00,2026-03-25 15:41:00,No,Ran memory capture on affected host; no injected process artefacts identified.,Identity Provider
ALT00043,Nilgiri Water Authority,Medium,2026-03-05 14:39:00,2026-03-05 17:55:00,No,Reviewed and closed.,Server
ALT00044,Nilgiri Water Authority,Medium,2026-02-05 02:28:00,2026-02-05 05:35:00,No,"Correlated with SIEM logs across 3 hosts, identified lateral movement attempt, escalated.",Identity Provider
ALT00045,Nilgiri Water Authority,Medium,2026-02-08 09:48:00,2026-02-08 12:32:00,No,"Performed forensic triage on affected host, isolated system, initiated containment protocol.",Endpoint
ALT00046,Nilgiri Water Authority,Low,2026-03-25 08:03:00,2026-03-25 11:08:00,Yes,"Correlated with SIEM logs across 3 hosts, identified lateral movement attempt, escalated.",IoT Device
ALT00047,Nilgiri Water Authority,Low,2026-02-15 19:00:00,2026-02-15 21:51:00,No,"Cross-referenced with threat intel feed, identified C2 communication pattern, escalated to IR team.",Firewall
ALT00048,Nilgiri Water Authority,Medium,2026-01-05 13:52:00,2026-01-05 16:27:00,No,"Cross-referenced with threat intel feed, identified C2 communication pattern, escalated to IR team.",Identity Provider
ALT00049,Nilgiri Water Authority,Medium,2026-01-11 00:48:00,2026-01-11 04:18:00,No,False positive.,Database
ALT00050,Nilgiri Water Authority,Medium,2026-01-08 04:15:00,2026-01-08 07:26:00,No,"Performed forensic triage on affected host, isolated system, initiated containment protocol.",Network Device
ALT00051,Nilgiri Water Authority,Medium,2026-03-16 01:09:00,2026-03-16 04:15:00,No,Closed as per standard procedure.,Endpoint
ALT00052,Nilgiri Water Authority,Medium,2026-02-22 11:23:00,2026-02-22 13:59:00,No,"Cross-referenced with threat intel feed, identified C2 communication pattern, escalated to IR team.",Firewall
ALT00053,Nilgiri Water Authority,Low,2026-03-30 13:20:00,2026-03-30 16:43:00,No,"Correlated with SIEM logs across 3 hosts, identified lateral movement attempt, escalated.",Firewall
ALT00054,Nilgiri Water Authority,Low,2026-02-04 09:22:00,2026-02-04 12:29:00,Yes,Reviewed EDR telemetry timeline; parent process traced to legitimate installer.,Identity Provider
ALT00055,Nilgiri Water Authority,Low,2026-03-25 20:15:00,2026-03-25 23:32:00,No,Ran memory capture on affected host; no injected process artefacts identified.,Network Device
ALT00056,Nilgiri Water Authority,Low,2026-03-16 00:32:00,2026-03-16 03:14:00,No,Ran memory capture on affected host; no injected process artefacts identified.,IoT Device
ALT00057,Nilgiri Water Authority,Low,2026-03-15 22:41:00,2026-03-16 01:35:00,No,"Correlated with SIEM logs across 3 hosts, identified lateral movement attempt, escalated.",Network Device
ALT00058,Nilgiri Water Authority,Low,2026-01-09 06:23:00,2026-01-09 09:18:00,Yes,Contacted asset owner and confirmed scheduled maintenance window covered the activity.,IoT Device
ALT00059,Nilgiri Water Authority,Low,2026-01-23 04:41:00,2026-01-23 07:12:00,No,"Performed forensic triage on affected host, isolated system, initiated containment protocol.",Cloud Workload
ALT00060,Nilgiri Water Authority,Low,2026-03-11 09:57:00,2026-03-11 12:53:00,Yes,No further action required.,Network Device
ALT00061,Nilgiri Water Authority,Medium,2026-03-04 05:23:00,2026-03-04 07:59:00,No,Reviewed and closed.,IoT Device
ALT00062,Nilgiri Water Authority,Low,2026-01-03 00:02:00,2026-01-03 02:59:00,No,Reviewed EDR telemetry timeline; parent process traced to legitimate installer.,Identity Provider
ALT00063,Nilgiri Water Authority,Medium,2026-01-09 11:08:00,2026-01-09 14:22:00,Yes,False positive.,Server
ALT00064,Nilgiri Water Authority,Low,2026-02-14 10:11:00,2026-02-14 12:48:00,Yes,Ran memory capture on affected host; no injected process artefacts identified.,Database
ALT00065,Nilgiri Water Authority,Low,2026-01-26 08:26:00,2026-01-26 11:14:00,No,False positive.,Firewall
ALT00066,Nilgiri Water Authority,Low,2026-02-06 03:12:00,2026-02-06 06:23:00,No,"Performed forensic triage on affected host, isolated system, initiated containment protocol.",Database
ALT00067,Nilgiri Water Authority,Medium,2026-01-21 07:21:00,2026-01-21 10:09:00,Yes,"Performed forensic triage on affected host, isolated system, initiated containment protocol.",Endpoint
ALT00068,Nilgiri Water Authority,Low,2026-03-20 15:17:00,2026-03-20 18:28:00,No,Reviewed and closed.,Database
ALT00069,Nilgiri Water Authority,Low,2026-01-24 22:38:00,2026-01-25 01:26:00,Yes,Analysed PCAP sample; payload matched benign monitoring agent heartbeat.,IoT Device
ALT00070,Nilgiri Water Authority,Low,2026-01-11 01:12:00,2026-01-11 04:09:00,Yes,Contacted asset owner and confirmed scheduled maintenance window covered the activity.,Endpoint
ALT00071,Nilgiri Water Authority,Low,2026-02-26 00:33:00,2026-02-26 03:42:00,No,No further action required.,Identity Provider
ALT00072,Nilgiri Water Authority,Medium,2026-03-09 09:32:00,2026-03-09 12:14:00,Yes,Reviewed and closed.,Firewall
ALT00073,Nilgiri Water Authority,Low,2026-03-23 12:53:00,2026-03-23 15:56:00,No,No further action required.,Cloud Workload
ALT00074,Nilgiri Water Authority,Low,2026-03-13 11:01:00,2026-03-13 13:50:00,Yes,"Performed forensic triage on affected host, isolated system, initiated containment protocol.",Identity Provider
ALT00075,Nilgiri Water Authority,Low,2026-02-08 01:53:00,2026-02-08 04:41:00,No,False positive.,Server
ALT00076,Nilgiri Water Authority,Medium,2026-03-05 12:24:00,2026-03-05 15:09:00,No,Contacted asset owner and confirmed scheduled maintenance window covered the activity.,IoT Device
ALT00077,Nilgiri Water Authority,Low,2026-01-17 13:13:00,2026-01-17 16:39:00,No,"Correlated with SIEM logs across 3 hosts, identified lateral movement attempt, escalated.",Identity Provider
ALT00078,Nilgiri Water Authority,Medium,2026-02-06 06:29:00,2026-02-06 09:26:00,No,No further action required.,Firewall
ALT00079,Nilgiri Water Authority,Low,2026-01-29 00:29:00,2026-01-29 03:00:00,Yes,"Correlated with SIEM logs across 3 hosts, identified lateral movement attempt, escalated.",Network Device
ALT00080,Nilgiri Water Authority,Low,2026-03-14 04:59:00,2026-03-14 07:49:00,No,"Cross-referenced with threat intel feed, identified C2 communication pattern, escalated to IR team.",Identity Provider
ALT00081,Nilgiri Water Authority,Medium,2026-01-01 04:03:00,2026-01-01 06:46:00,Yes,False positive.,Firewall
ALT00082,Nilgiri Water Authority,Low,2026-03-10 16:41:00,2026-03-10 20:08:00,No,False positive.,IoT Device
ALT00083,Nilgiri Water Authority,Low,2026-02-26 06:19:00,2026-02-26 08:59:00,No,Ran memory capture on affected host; no injected process artefacts identified.,Identity Provider
ALT00084,Nilgiri Water Authority,Medium,2026-02-01 07:24:00,2026-02-01 10:44:00,No,"Cross-referenced with threat intel feed, identified C2 communication pattern, escalated to IR team.",Firewall
ALT00085,Nilgiri Water Authority,Medium,2026-03-25 03:47:00,2026-03-25 06:45:00,Yes,Analysed PCAP sample; payload matched benign monitoring agent heartbeat.,Database
ALT00086,Nilgiri Water Authority,Low,2026-03-24 01:59:00,2026-03-24 04:56:00,No,"Performed forensic triage on affected host, isolated system, initiated containment protocol.",Identity Provider
ALT00087,Nilgiri Water Authority,Low,2026-02-19 09:57:00,2026-02-19 12:27:00,No,No further action required.,Endpoint
ALT00088,Nilgiri Water Authority,Low,2026-03-03 23:17:00,2026-03-04 02:03:00,No,Reviewed and closed.,Server
ALT00089,Nilgiri Water Authority,Low,2026-03-31 17:07:00,2026-03-31 20:11:00,No,"Correlated with SIEM logs across 3 hosts, identified lateral movement attempt, escalated.",Identity Provider
ALT00090,Nilgiri Water Authority,Medium,2026-01-13 07:36:00,2026-01-13 10:51:00,No,"Correlated with SIEM logs across 3 hosts, identified lateral movement attempt, escalated.",Identity Provider
ALT00091,Nilgiri Water Authority,Low,2026-01-09 04:33:00,2026-01-09 07:15:00,No,No further action required.,IoT Device
ALT00092,Nilgiri Water Authority,Medium,2026-03-21 02:41:00,2026-03-21 05:40:00,No,Reviewed and closed.,IoT Device
ALT00093,Nilgiri Water Authority,Medium,2026-01-25 22:55:00,2026-01-26 01:33:00,No,Reviewed and closed.,IoT Device
ALT00094,Nilgiri Water Authority,Medium,2026-03-17 02:18:00,2026-03-17 05:36:00,No,Closed as per standard procedure.,IoT Device
ALT00095,Nilgiri Water Authority,Medium,2026-03-30 11:39:00,2026-03-30 14:30:00,Yes,Closed as per standard procedure.,Cloud Workload
ALT00096,Nilgiri Water Authority,Low,2026-02-22 23:10:00,2026-02-23 02:28:00,No,Analysed PCAP sample; payload matched benign monitoring agent heartbeat.,Server
ALT00097,Nilgiri Water Authority,Low,2026-03-07 06:48:00,2026-03-07 10:00:00,Yes,Analysed PCAP sample; payload matched benign monitoring agent heartbeat.,IoT Device
ALT00098,Nilgiri Water Authority,Low,2026-02-23 09:58:00,2026-02-23 13:12:00,No,"Performed forensic triage on affected host, isolated system, initiated containment protocol.",IoT Device
ALT00099,Nilgiri Water Authority,Low,2026-01-13 00:48:00,2026-01-13 03:32:00,No,Reviewed EDR telemetry timeline; parent process traced to legitimate installer.,Identity Provider
ALT00100,Nilgiri Water Authority,Low,2026-01-03 08:54:00,2026-01-03 11:49:00,No,Ran memory capture on affected host; no injected process artefacts identified.,Endpoint
ALT00101,Nilgiri Water Authority,Low,2026-01-31 15:24:00,2026-01-31 18:09:00,No,"Correlated with SIEM logs across 3 hosts, identified lateral movement attempt, escalated.",Server
ALT00102,Nilgiri Water Authority,Low,2026-02-20 15:14:00,2026-02-20 18:01:00,No,"Investigated source IP, confirmed malicious signature, blocked at firewall, root cause documented.",Firewall
ALT00103,Nilgiri Water Authority,Low,2026-02-09 16:45:00,2026-02-09 19:48:00,Yes,Closed as per standard procedure.,Database
ALT00104,Nilgiri Water Authority,Medium,2026-02-18 17:23:00,2026-02-18 20:21:00,No,"Correlated with SIEM logs across 3 hosts, identified lateral movement attempt, escalated.",Database
ALT00105,Nilgiri Water Authority,Low,2026-02-05 06:44:00,2026-02-05 10:02:00,No,"Correlated with SIEM logs across 3 hosts, identified lateral movement attempt, escalated.",Endpoint
ALT00106,Nilgiri Water Authority,Medium,2026-03-18 02:21:00,2026-03-18 04:56:00,No,No further action required.,Database
ALT00107,Nilgiri Water Authority,Low,2026-03-20 06:02:00,2026-03-20 09:27:00,No,Analysed PCAP sample; payload matched benign monitoring agent heartbeat.,Network Device
ALT00108,Nilgiri Water Authority,Low,2026-03-04 06:40:00,2026-03-04 09:55:00,No,No further action required.,Identity Provider
ALT00109,Nilgiri Water Authority,Medium,2026-02-24 23:04:00,2026-02-25 02:19:00,No,Reviewed and closed.,Server
ALT00110,Nilgiri Water Authority,Low,2026-03-24 01:29:00,2026-03-24 04:43:00,No,Reviewed and closed.,IoT Device
ALT00111,Nilgiri Water Authority,Low,2026-03-24 09:41:00,2026-03-24 12:45:00,Yes,"Investigated source IP, confirmed malicious signature, blocked at firewall, root cause documented.",Identity Provider
ALT00112,Nilgiri Water Authority,Medium,2026-02-19 15:24:00,2026-02-19 18:09:00,No,Contacted asset owner and confirmed scheduled maintenance window covered the activity.,Endpoint
ALT00113,Nilgiri Water Authority,Medium,2026-03-08 10:43:00,2026-03-08 14:01:00,No,"Performed forensic triage on affected host, isolated system, initiated containment protocol.",IoT Device
ALT00114,Nilgiri Water Authority,Low,2026-02-10 03:37:00,2026-02-10 07:03:00,No,"Performed forensic triage on affected host, isolated system, initiated containment protocol.",Database
ALT00115,Nilgiri Water Authority,Medium,2026-03-09 04:05:00,2026-03-09 06:40:00,No,Contacted asset owner and confirmed scheduled maintenance window covered the activity.,IoT Device
ALT00116,Nilgiri Water Authority,Medium,2026-02-13 20:52:00,2026-02-13 23:24:00,No,Analysed PCAP sample; payload matched benign monitoring agent heartbeat.,Firewall
ALT00117,Nilgiri Water Authority,Medium,2026-01-21 23:49:00,2026-01-22 02:30:00,No,"Correlated with SIEM logs across 3 hosts, identified lateral movement attempt, escalated.",Server
ALT00118,Nilgiri Water Authority,Low,2026-01-07 05:56:00,2026-01-07 09:22:00,No,"Investigated source IP, confirmed malicious signature, blocked at firewall, root cause documented.",IoT Device
ALT00119,Nilgiri Water Authority,Low,2026-01-05 02:06:00,2026-01-05 04:55:00,No,"Investigated source IP, confirmed malicious signature, blocked at firewall, root cause documented.",Server
ALT00120,Nilgiri Water Authority,Low,2026-03-09 02:34:00,2026-03-09 05:06:00,Yes,"Correlated with SIEM logs across 3 hosts, identified lateral movement attempt, escalated.",Endpoint
ALT00121,Nilgiri Water Authority,Medium,2026-01-26 23:54:00,2026-01-27 02:24:00,Yes,"Correlated with SIEM logs across 3 hosts, identified lateral movement attempt, escalated.",Database
ALT00122,Nilgiri Water Authority,Medium,2026-02-01 02:39:00,2026-02-01 05:47:00,Yes,Closed as per standard procedure.,Firewall
ALT00123,Nilgiri Water Authority,Low,2026-02-17 15:26:00,2026-02-17 18:53:00,Yes,No further action required.,Identity Provider
ALT00124,Nilgiri Water Authority,Medium,2026-03-22 04:34:00,2026-03-22 07:55:00,No,Reviewed EDR telemetry timeline; parent process traced to legitimate installer.,IoT Device
ALT00125,Nilgiri Water Authority,Medium,2026-02-11 03:37:00,2026-02-11 06:19:00,Yes,No further action required.,Firewall
ALT00126,Nilgiri Water Authority,Low,2026-03-17 07:49:00,2026-03-17 10:31:00,No,Ran memory capture on affected host; no injected process artefacts identified.,Database
ALT00127,Nilgiri Water Authority,Medium,2026-03-22 19:30:00,2026-03-22 22:34:00,No,Analysed PCAP sample; payload matched benign monitoring agent heartbeat.,Network Device
ALT00128,Nilgiri Water Authority,Medium,2026-03-13 02:15:00,2026-03-13 04:54:00,Yes,Analysed PCAP sample; payload matched benign monitoring agent heartbeat.,Network Device
ALT00129,Nilgiri Water Authority,Medium,2026-03-16 01:30:00,2026-03-16 04:09:00,No,"Correlated with SIEM logs across 3 hosts, identified lateral movement attempt, escalated.",Network Device
ALT00130,Nilgiri Water Authority,Low,2026-03-03 10:20:00,2026-03-03 12:56:00,Yes,"Cross-referenced with threat intel feed, identified C2 communication pattern, escalated to IR team.",Server
ALT00131,Nilgiri Water Authority,Low,2026-03-07 20:48:00,2026-03-08 00:12:00,No,"Correlated with SIEM logs across 3 hosts, identified lateral movement attempt, escalated.",Endpoint
ALT00132,Nilgiri Water Authority,Low,2026-01-12 07:54:00,2026-01-12 10:31:00,No,Contacted asset owner and confirmed scheduled maintenance window covered the activity.,Identity Provider
ALT00133,Nilgiri Water Authority,Low,2026-03-04 09:04:00,2026-03-04 12:22:00,Yes,Reviewed and closed.,IoT Device
ALT00134,Nilgiri Water Authority,Low,2026-03-29 05:20:00,2026-03-29 08:31:00,Yes,"Cross-referenced with threat intel feed, identified C2 communication pattern, escalated to IR team.",Identity Provider
ALT00135,Nilgiri Water Authority,Low,2026-01-10 14:51:00,2026-01-10 18:01:00,Yes,Closed as per standard procedure.,Database
ALT00136,Nilgiri Water Authority,Low,2026-02-09 11:59:00,2026-02-09 14:47:00,No,Closed as per standard procedure.,Identity Provider
ALT00137,Nilgiri Water Authority,Medium,2026-03-07 02:18:00,2026-03-07 04:56:00,No,Reviewed and closed.,Database
ALT00138,Nilgiri Water Authority,Low,2026-03-02 09:26:00,2026-03-02 11:58:00,No,Reviewed and closed.,IoT Device
ALT00139,Nilgiri Water Authority,Low,2026-03-12 02:29:00,2026-03-12 05:12:00,No,No further action required.,Identity Provider
ALT00140,Nilgiri Water Authority,Low,2026-02-13 16:04:00,2026-02-13 19:32:00,No,No further action required.,IoT Device
ALT00141,Nilgiri Water Authority,Medium,2026-03-22 05:05:00,2026-03-22 07:58:00,No,No further action required.,IoT Device
ALT00142,Nilgiri Water Authority,Medium,2026-01-29 08:42:00,2026-01-29 12:04:00,Yes,Closed as per standard procedure.,Database
ALT00143,Nilgiri Water Authority,Low,2026-02-17 10:01:00,2026-02-17 13:11:00,Yes,Closed as per standard procedure.,Firewall
ALT00144,Nilgiri Water Authority,Medium,2026-03-08 22:09:00,2026-03-09 01:39:00,No,Analysed PCAP sample; payload matched benign monitoring agent heartbeat.,Server
ALT00145,Nilgiri Water Authority,Low,2026-03-07 15:13:00,2026-03-07 17:44:00,No,Reviewed EDR telemetry timeline; parent process traced to legitimate installer.,Database
ALT00146,Nilgiri Water Authority,Low,2026-03-05 23:45:00,2026-03-06 02:28:00,Yes,"Performed forensic triage on affected host, isolated system, initiated containment protocol.",Endpoint
ALT00147,Nilgiri Water Authority,Low,2026-01-12 00:46:00,2026-01-12 04:08:00,Yes,"Cross-referenced with threat intel feed, identified C2 communication pattern, escalated to IR team.",Identity Provider
ALT00148,Nilgiri Water Authority,Low,2026-02-17 01:23:00,2026-02-17 04:30:00,No,Contacted asset owner and confirmed scheduled maintenance window covered the activity.,Server
ALT00149,Nilgiri Water Authority,Medium,2026-03-24 16:12:00,2026-03-24 19:27:00,No,Closed as per standard procedure.,Firewall
ALT00150,Nilgiri Water Authority,Low,2026-03-08 15:55:00,2026-03-08 18:30:00,No,Analysed PCAP sample; payload matched benign monitoring agent heartbeat.,IoT Device
ALT00151,Nilgiri Water Authority,Medium,2026-01-07 15:11:00,2026-01-07 18:14:00,No,False positive.,Endpoint
ALT00152,Nilgiri Water Authority,Low,2026-03-16 22:08:00,2026-03-17 00:48:00,No,Contacted asset owner and confirmed scheduled maintenance window covered the activity.,Endpoint
ALT00153,Nilgiri Water Authority,Low,2026-02-08 04:16:00,2026-02-08 07:43:00,No,Analysed PCAP sample; payload matched benign monitoring agent heartbeat.,IoT Device
ALT00154,Nilgiri Water Authority,Medium,2026-03-29 05:08:00,2026-03-29 08:05:00,No,"Cross-referenced with threat intel feed, identified C2 communication pattern, escalated to IR team.",Server
ALT00155,Nilgiri Water Authority,Low,2026-01-06 09:46:00,2026-01-06 13:08:00,No,Analysed PCAP sample; payload matched benign monitoring agent heartbeat.,IoT Device
ALT00156,Nilgiri Water Authority,Low,2026-02-11 03:38:00,2026-02-11 06:23:00,No,"Performed forensic triage on affected host, isolated system, initiated containment protocol.",IoT Device
ALT00157,Nilgiri Water Authority,Low,2026-01-10 03:58:00,2026-01-10 06:39:00,No,Ran memory capture on affected host; no injected process artefacts identified.,Network Device
ALT00158,Nilgiri Water Authority,Medium,2026-01-07 14:53:00,2026-01-07 18:16:00,No,"Investigated source IP, confirmed malicious signature, blocked at firewall, root cause documented.",Firewall
ALT00159,Nilgiri Water Authority,Low,2026-01-29 15:00:00,2026-01-29 17:35:00,No,"Performed forensic triage on affected host, isolated system, initiated containment protocol.",Firewall
ALT00160,Nilgiri Water Authority,Low,2026-02-01 03:36:00,2026-02-01 06:59:00,No,Analysed PCAP sample; payload matched benign monitoring agent heartbeat.,Identity Provider
ALT00161,Nilgiri Water Authority,Low,2026-03-28 03:28:00,2026-03-28 06:05:00,No,"Investigated source IP, confirmed malicious signature, blocked at firewall, root cause documented.",Identity Provider
ALT00162,Nilgiri Water Authority,Low,2026-02-10 22:11:00,2026-02-11 01:27:00,No,"Cross-referenced with threat intel feed, identified C2 communication pattern, escalated to IR team.",IoT Device
ALT00163,Nilgiri Water Authority,Medium,2026-03-23 16:01:00,2026-03-23 18:52:00,No,Reviewed and closed.,Database
ALT00164,Nilgiri Water Authority,Low,2026-03-04 03:39:00,2026-03-04 06:12:00,No,Closed as per standard procedure.,Cloud Workload
ALT00165,Nilgiri Water Authority,Medium,2026-02-21 07:45:00,2026-02-21 10:40:00,No,Ran memory capture on affected host; no injected process artefacts identified.,Server
ALT00166,Nilgiri Water Authority,Low,2026-03-15 07:43:00,2026-03-15 10:23:00,No,No further action required.,Endpoint
ALT00167,Nilgiri Water Authority,Low,2026-03-30 01:16:00,2026-03-30 04:24:00,No,Reviewed and closed.,Endpoint
ALT00168,Nilgiri Water Authority,Medium,2026-01-23 08:25:00,2026-01-23 10:55:00,No,"Cross-referenced with threat intel feed, identified C2 communication pattern, escalated to IR team.",Endpoint
ALT00169,Nilgiri Water Authority,Low,2026-01-29 23:15:00,2026-01-30 02:41:00,No,"Correlated with SIEM logs across 3 hosts, identified lateral movement attempt, escalated.",Firewall
ALT00170,Nilgiri Water Authority,Low,2026-02-28 08:26:00,2026-02-28 11:11:00,No,No further action required.,Identity Provider
ALT00171,Nilgiri Water Authority,Medium,2026-01-28 13:59:00,2026-01-28 17:23:00,Yes,Contacted asset owner and confirmed scheduled maintenance window covered the activity.,Cloud Workload
ALT00172,Nilgiri Water Authority,Low,2026-03-23 06:36:00,2026-03-23 09:06:00,No,"Correlated with SIEM logs across 3 hosts, identified lateral movement attempt, escalated.",Database
ALT00001,Deccan Health Network,Medium,2026-01-02 23:51:00,2026-01-03 03:00:00,No,"Cross-referenced with threat intel feed, identified C2 communication pattern, escalated to IR team.",Endpoint
ALT00002,Deccan Health Network,Low,2026-01-02 02:12:00,2026-01-02 05:27:00,No,Reviewed EDR telemetry timeline; parent process traced to legitimate installer.,Server
ALT00003,Deccan Health Network,Low,2026-03-16 16:49:00,2026-03-16 19:44:00,No,Ran memory capture on affected host; no injected process artefacts identified.,Server
ALT00004,Deccan Health Network,Low,2026-03-18 05:09:00,2026-03-18 08:07:00,No,"Correlated with SIEM logs across 3 hosts, identified lateral movement attempt, escalated.",Identity Provider
ALT00005,Deccan Health Network,Medium,2026-01-07 20:25:00,2026-01-07 23:36:00,No,Analysed PCAP sample; payload matched benign monitoring agent heartbeat.,Firewall
ALT00006,Deccan Health Network,Low,2026-03-17 02:56:00,2026-03-17 05:44:00,No,Contacted asset owner and confirmed scheduled maintenance window covered the activity.,Identity Provider
ALT00007,Deccan Health Network,Medium,2026-03-02 08:08:00,2026-03-02 10:38:00,No,Reviewed EDR telemetry timeline; parent process traced to legitimate installer.,Server
ALT00008,Deccan Health Network,Low,2026-03-09 10:14:00,2026-03-09 12:52:00,No,False positive.,Identity Provider
ALT00009,Deccan Health Network,Low,2026-01-12 13:34:00,2026-01-12 16:26:00,Yes,Contacted asset owner and confirmed scheduled maintenance window covered the activity.,Server
ALT00010,Deccan Health Network,Critical,2026-02-08 11:31:00,2026-02-08 14:38:00,Yes,False positive.,Network Device
ALT00011,Deccan Health Network,Medium,2026-01-18 17:11:00,2026-01-18 20:19:00,No,"Cross-referenced with threat intel feed, identified C2 communication pattern, escalated to IR team.",Server
ALT00012,Deccan Health Network,Low,2026-01-29 19:27:00,2026-01-29 22:39:00,No,Ran memory capture on affected host; no injected process artefacts identified.,Firewall
ALT00013,Deccan Health Network,Low,2026-03-18 21:12:00,2026-03-19 00:19:00,No,"Investigated source IP, confirmed malicious signature, blocked at firewall, root cause documented.",Database
ALT00014,Deccan Health Network,Medium,2026-02-07 22:44:00,2026-02-08 02:01:00,Yes,Reviewed EDR telemetry timeline; parent process traced to legitimate installer.,Cloud Workload
ALT00015,Deccan Health Network,Medium,2026-03-04 09:29:00,2026-03-04 12:01:00,Yes,"Performed forensic triage on affected host, isolated system, initiated containment protocol.",IoT Device
ALT00016,Deccan Health Network,Low,2026-03-25 11:03:00,2026-03-25 14:18:00,Yes,Contacted asset owner and confirmed scheduled maintenance window covered the activity.,Firewall
ALT00017,Deccan Health Network,Medium,2026-01-23 12:07:00,2026-01-23 15:35:00,No,Reviewed EDR telemetry timeline; parent process traced to legitimate installer.,Identity Provider
ALT00018,Deccan Health Network,Medium,2026-03-18 11:03:00,2026-03-18 14:16:00,No,Reviewed EDR telemetry timeline; parent process traced to legitimate installer.,Cloud Workload
ALT00019,Deccan Health Network,Low,2026-01-13 16:05:00,2026-01-13 18:40:00,Yes,No further action required.,Database
ALT00020,Deccan Health Network,Low,2026-03-09 11:06:00,2026-03-09 14:22:00,No,"Performed forensic triage on affected host, isolated system, initiated containment protocol.",Endpoint
ALT00021,Deccan Health Network,Low,2026-03-07 23:38:00,2026-03-08 02:44:00,No,Contacted asset owner and confirmed scheduled maintenance window covered the activity.,Endpoint
ALT00022,Deccan Health Network,Low,2026-02-11 00:17:00,2026-02-11 03:23:00,Yes,No further action required.,Identity Provider
ALT00023,Deccan Health Network,Low,2026-02-25 07:58:00,2026-02-25 10:39:00,No,Contacted asset owner and confirmed scheduled maintenance window covered the activity.,Endpoint
ALT00024,Deccan Health Network,Medium,2026-02-09 09:02:00,2026-02-09 12:14:00,No,Closed as per standard procedure.,Identity Provider
ALT00025,Deccan Health Network,Low,2026-01-08 19:23:00,2026-01-08 22:30:00,No,No further action required.,Network Device
ALT00026,Deccan Health Network,High,2026-03-26 05:21:00,2026-03-26 08:23:00,Yes,Analysed PCAP sample; payload matched benign monitoring agent heartbeat.,Network Device
ALT00027,Deccan Health Network,Low,2026-02-08 21:41:00,2026-02-09 00:15:00,No,Contacted asset owner and confirmed scheduled maintenance window covered the activity.,IoT Device
ALT00028,Deccan Health Network,Medium,2026-01-26 17:01:00,2026-01-26 19:51:00,No,"Performed forensic triage on affected host, isolated system, initiated containment protocol.",Identity Provider
ALT00029,Deccan Health Network,Medium,2026-02-08 18:55:00,2026-02-08 21:48:00,No,No further action required.,Endpoint
ALT00030,Deccan Health Network,Low,2026-01-18 15:59:00,2026-01-18 19:12:00,Yes,"Investigated source IP, confirmed malicious signature, blocked at firewall, root cause documented.",Firewall
ALT00031,Deccan Health Network,Low,2026-03-17 03:07:00,2026-03-17 06:01:00,Yes,Contacted asset owner and confirmed scheduled maintenance window covered the activity.,Network Device
ALT00032,Deccan Health Network,Low,2026-01-07 18:15:00,2026-01-07 21:07:00,No,False positive.,Identity Provider
ALT00033,Deccan Health Network,Medium,2026-01-11 10:38:00,2026-01-11 13:57:00,No,Contacted asset owner and confirmed scheduled maintenance window covered the activity.,Server
ALT00034,Deccan Health Network,Low,2026-03-21 09:53:00,2026-03-21 13:20:00,No,Closed as per standard procedure.,IoT Device
ALT00035,Deccan Health Network,Low,2026-02-17 19:17:00,2026-02-17 22:21:00,No,"Cross-referenced with threat intel feed, identified C2 communication pattern, escalated to IR team.",Endpoint
ALT00036,Deccan Health Network,Low,2026-01-24 16:05:00,2026-01-24 18:49:00,No,"Correlated with SIEM logs across 3 hosts, identified lateral movement attempt, escalated.",Endpoint
ALT00037,Deccan Health Network,Low,2026-01-23 06:27:00,2026-01-23 09:56:00,Yes,"Investigated source IP, confirmed malicious signature, blocked at firewall, root cause documented.",Server
ALT00038,Deccan Health Network,Low,2026-03-27 08:23:00,2026-03-27 11:09:00,No,Closed as per standard procedure.,IoT Device
ALT00039,Deccan Health Network,Medium,2026-02-24 17:21:00,2026-02-24 20:20:00,No,Contacted asset owner and confirmed scheduled maintenance window covered the activity.,Cloud Workload
ALT00040,Deccan Health Network,Low,2026-02-15 18:02:00,2026-02-15 20:47:00,No,Reviewed and closed.,Endpoint
ALT00041,Deccan Health Network,Low,2026-03-13 12:26:00,2026-03-13 15:47:00,No,Reviewed EDR telemetry timeline; parent process traced to legitimate installer.,IoT Device
ALT00042,Deccan Health Network,High,2026-03-29 06:53:00,2026-03-29 06:55:00,No,Closed as per standard procedure.,IoT Device
ALT00043,Deccan Health Network,Medium,2026-03-20 22:39:00,2026-03-21 01:27:00,No,Closed as per standard procedure.,Identity Provider
ALT00044,Deccan Health Network,High,2026-02-09 06:47:00,2026-02-09 10:02:00,Yes,Reviewed EDR telemetry timeline; parent process traced to legitimate installer.,IoT Device
ALT00045,Deccan Health Network,Low,2026-02-15 21:42:00,2026-02-16 00:37:00,No,Reviewed EDR telemetry timeline; parent process traced to legitimate installer.,Firewall
ALT00046,Deccan Health Network,High,2026-03-14 13:01:00,2026-03-14 15:32:00,Yes,False positive.,Endpoint
ALT00047,Deccan Health Network,High,2026-03-06 05:17:00,2026-03-06 08:02:00,Yes,Closed as per standard procedure.,Cloud Workload
ALT00048,Deccan Health Network,Medium,2026-03-19 06:49:00,2026-03-19 09:53:00,No,"Correlated with SIEM logs across 3 hosts, identified lateral movement attempt, escalated.",Server
ALT00049,Deccan Health Network,Medium,2026-01-21 23:21:00,2026-01-22 02:37:00,No,No further action required.,IoT Device
ALT00050,Deccan Health Network,Low,2026-03-01 07:14:00,2026-03-01 10:01:00,No,"Investigated source IP, confirmed malicious signature, blocked at firewall, root cause documented.",Database
ALT00051,Deccan Health Network,Medium,2026-02-15 02:08:00,2026-02-15 05:26:00,No,Analysed PCAP sample; payload matched benign monitoring agent heartbeat.,Endpoint
ALT00052,Deccan Health Network,Low,2026-03-16 14:54:00,2026-03-16 18:15:00,No,Analysed PCAP sample; payload matched benign monitoring agent heartbeat.,Network Device
ALT00053,Deccan Health Network,Low,2026-03-21 05:21:00,2026-03-21 08:17:00,No,Closed as per standard procedure.,Network Device
ALT00054,Deccan Health Network,Low,2026-01-01 13:55:00,2026-01-01 17:22:00,Yes,Analysed PCAP sample; payload matched benign monitoring agent heartbeat.,Server
ALT00055,Deccan Health Network,Low,2026-02-02 06:56:00,2026-02-02 10:15:00,No,Analysed PCAP sample; payload matched benign monitoring agent heartbeat.,Firewall
ALT00056,Deccan Health Network,Low,2026-01-21 11:08:00,2026-01-21 14:00:00,No,Analysed PCAP sample; payload matched benign monitoring agent heartbeat.,IoT Device
ALT00057,Deccan Health Network,Low,2026-02-23 02:50:00,2026-02-23 05:59:00,No,Reviewed and closed.,Server
ALT00058,Deccan Health Network,Medium,2026-02-03 13:15:00,2026-02-03 16:22:00,No,Reviewed EDR telemetry timeline; parent process traced to legitimate installer.,Cloud Workload
ALT00059,Deccan Health Network,Low,2026-02-06 00:07:00,2026-02-06 02:46:00,No,Reviewed EDR telemetry timeline; parent process traced to legitimate installer.,Endpoint
ALT00060,Deccan Health Network,Low,2026-03-29 12:17:00,2026-03-29 15:07:00,Yes,Reviewed and closed.,Identity Provider
ALT00061,Deccan Health Network,Low,2026-02-11 06:12:00,2026-02-11 08:43:00,No,Contacted asset owner and confirmed scheduled maintenance window covered the activity.,Identity Provider
ALT00062,Deccan Health Network,Low,2026-03-06 16:51:00,2026-03-06 19:32:00,Yes,Analysed PCAP sample; payload matched benign monitoring agent heartbeat.,Endpoint
ALT00063,Deccan Health Network,High,2026-03-28 15:35:00,2026-03-28 18:57:00,Yes,"Investigated source IP, confirmed malicious signature, blocked at firewall, root cause documented.",Network Device
ALT00064,Deccan Health Network,Low,2026-01-21 14:28:00,2026-01-21 17:33:00,No,False positive.,Identity Provider
ALT00065,Deccan Health Network,Medium,2026-03-29 13:30:00,2026-03-29 16:51:00,No,"Performed forensic triage on affected host, isolated system, initiated containment protocol.",Server
ALT00066,Deccan Health Network,Low,2026-02-01 21:45:00,2026-02-02 00:53:00,No,"Investigated source IP, confirmed malicious signature, blocked at firewall, root cause documented.",Database
ALT00067,Deccan Health Network,Medium,2026-02-21 19:43:00,2026-02-21 22:28:00,No,Reviewed and closed.,Identity Provider
ALT00068,Deccan Health Network,Low,2026-02-16 13:36:00,2026-02-16 16:55:00,Yes,False positive.,Database
ALT00069,Deccan Health Network,Low,2026-01-12 00:33:00,2026-01-12 03:59:00,No,No further action required.,Endpoint
ALT00070,Deccan Health Network,Medium,2026-01-20 11:45:00,2026-01-20 14:25:00,No,Closed as per standard procedure.,Cloud Workload
ALT00071,Deccan Health Network,Low,2026-02-08 18:58:00,2026-02-08 21:36:00,No,"Cross-referenced with threat intel feed, identified C2 communication pattern, escalated to IR team.",Server
ALT00072,Deccan Health Network,High,2026-02-11 04:30:00,2026-02-11 07:32:00,Yes,No further action required.,Server
ALT00073,Deccan Health Network,Low,2026-01-03 09:39:00,2026-01-03 12:54:00,No,No further action required.,Database
ALT00074,Deccan Health Network,High,2026-03-30 02:04:00,2026-03-30 04:56:00,Yes,"Investigated source IP, confirmed malicious signature, blocked at firewall, root cause documented.",Database
ALT00075,Deccan Health Network,Low,2026-03-06 22:18:00,2026-03-07 01:47:00,No,Analysed PCAP sample; payload matched benign monitoring agent heartbeat.,Firewall
ALT00076,Deccan Health Network,Medium,2026-02-02 13:06:00,2026-02-02 15:47:00,No,No further action required.,Cloud Workload
ALT00077,Deccan Health Network,Medium,2026-02-01 15:46:00,2026-02-01 18:58:00,No,Reviewed EDR telemetry timeline; parent process traced to legitimate installer.,IoT Device
ALT00078,Deccan Health Network,Low,2026-03-30 23:47:00,2026-03-31 03:14:00,Yes,"Correlated with SIEM logs across 3 hosts, identified lateral movement attempt, escalated.",Server
ALT00079,Deccan Health Network,Low,2026-02-16 05:12:00,2026-02-16 08:32:00,No,"Performed forensic triage on affected host, isolated system, initiated containment protocol.",Database
ALT00080,Deccan Health Network,Medium,2026-03-31 13:23:00,2026-03-31 16:28:00,No,No further action required.,Database
ALT00081,Deccan Health Network,High,2026-01-11 13:24:00,2026-01-11 16:19:00,Yes,Contacted asset owner and confirmed scheduled maintenance window covered the activity.,Network Device
ALT00082,Deccan Health Network,Low,2026-03-18 20:09:00,2026-03-18 23:26:00,Yes,Reviewed and closed.,Firewall
ALT00083,Deccan Health Network,Medium,2026-01-03 03:35:00,2026-01-03 06:09:00,No,"Performed forensic triage on affected host, isolated system, initiated containment protocol.",Database
ALT00084,Deccan Health Network,Critical,2026-01-19 15:33:00,2026-01-19 18:35:00,Yes,Closed as per standard procedure.,Cloud Workload
ALT00085,Deccan Health Network,High,2026-02-03 11:25:00,2026-02-03 14:22:00,Yes,False positive.,Server
ALT00086,Deccan Health Network,High,2026-03-26 20:51:00,2026-03-27 00:19:00,Yes,"Cross-referenced with threat intel feed, identified C2 communication pattern, escalated to IR team.",Database
ALT00087,Deccan Health Network,Low,2026-03-21 00:52:00,2026-03-21 04:09:00,No,Analysed PCAP sample; payload matched benign monitoring agent heartbeat.,Network Device
ALT00088,Deccan Health Network,Low,2026-01-15 14:35:00,2026-01-15 17:34:00,No,False positive.,Database
ALT00089,Deccan Health Network,Low,2026-01-13 09:32:00,2026-01-13 12:04:00,Yes,Closed as per standard procedure.,Cloud Workload
ALT00090,Deccan Health Network,Critical,2026-03-28 02:46:00,2026-03-28 05:50:00,No,Reviewed and closed.,Endpoint
ALT00091,Deccan Health Network,Low,2026-03-30 12:21:00,2026-03-30 15:37:00,No,Reviewed and closed.,Firewall
ALT00092,Deccan Health Network,High,2026-02-17 07:44:00,2026-02-17 11:00:00,Yes,Contacted asset owner and confirmed scheduled maintenance window covered the activity.,Cloud Workload
ALT00093,Deccan Health Network,Low,2026-02-12 00:15:00,2026-02-12 03:13:00,Yes,Ran memory capture on affected host; no injected process artefacts identified.,Database
ALT00094,Deccan Health Network,Medium,2026-03-23 00:21:00,2026-03-23 03:34:00,No,Reviewed and closed.,Server
ALT00095,Deccan Health Network,Critical,2026-01-21 00:39:00,2026-01-21 03:27:00,Yes,No further action required.,Database
ALT00096,Deccan Health Network,High,2026-01-17 23:52:00,2026-01-18 02:49:00,Yes,No further action required.,Identity Provider
ALT00097,Deccan Health Network,Low,2026-03-19 08:23:00,2026-03-19 11:08:00,No,"Correlated with SIEM logs across 3 hosts, identified lateral movement attempt, escalated.",Database
ALT00098,Deccan Health Network,Medium,2026-02-28 14:08:00,2026-02-28 17:29:00,No,No further action required.,Endpoint
ALT00099,Deccan Health Network,Medium,2026-03-05 18:21:00,2026-03-05 21:34:00,No,"Investigated source IP, confirmed malicious signature, blocked at firewall, root cause documented.",Endpoint
ALT00100,Deccan Health Network,Low,2026-02-08 12:33:00,2026-02-08 15:58:00,No,Analysed PCAP sample; payload matched benign monitoring agent heartbeat.,Identity Provider
ALT00101,Deccan Health Network,Low,2026-01-12 15:57:00,2026-01-12 18:52:00,No,No further action required.,Network Device
ALT00102,Deccan Health Network,Low,2026-03-03 10:16:00,2026-03-03 12:47:00,No,"Cross-referenced with threat intel feed, identified C2 communication pattern, escalated to IR team.",Firewall
ALT00103,Deccan Health Network,Critical,2026-02-07 16:38:00,2026-02-07 19:28:00,No,Closed as per standard procedure.,Server
ALT00104,Deccan Health Network,Low,2026-02-02 00:10:00,2026-02-02 02:58:00,No,"Investigated source IP, confirmed malicious signature, blocked at firewall, root cause documented.",Endpoint
ALT00105,Deccan Health Network,Low,2026-01-14 08:16:00,2026-01-14 11:06:00,No,"Performed forensic triage on affected host, isolated system, initiated containment protocol.",Firewall
ALT00106,Deccan Health Network,Low,2026-02-06 09:23:00,2026-02-06 11:58:00,No,Reviewed and closed.,Server
ALT00107,Deccan Health Network,Critical,2026-01-20 19:19:00,2026-01-20 22:11:00,Yes,Reviewed and closed.,Identity Provider
ALT00108,Deccan Health Network,High,2026-01-27 06:35:00,2026-01-27 09:44:00,Yes,"Investigated source IP, confirmed malicious signature, blocked at firewall, root cause documented.",Identity Provider
ALT00109,Deccan Health Network,Medium,2026-03-20 01:14:00,2026-03-20 04:36:00,No,False positive.,Cloud Workload
ALT00110,Deccan Health Network,Low,2026-02-01 13:13:00,2026-02-01 15:56:00,Yes,"Cross-referenced with threat intel feed, identified C2 communication pattern, escalated to IR team.",Database
ALT00111,Deccan Health Network,Low,2026-03-16 01:42:00,2026-03-16 04:35:00,No,Closed as per standard procedure.,Endpoint
ALT00112,Deccan Health Network,Low,2026-02-06 03:06:00,2026-02-06 06:06:00,No,False positive.,Endpoint
ALT00113,Deccan Health Network,Medium,2026-02-08 12:30:00,2026-02-08 15:26:00,No,Reviewed EDR telemetry timeline; parent process traced to legitimate installer.,Database
ALT00114,Deccan Health Network,Medium,2026-01-31 23:37:00,2026-02-01 02:36:00,No,Ran memory capture on affected host; no injected process artefacts identified.,Database
ALT00115,Deccan Health Network,Low,2026-01-03 09:14:00,2026-01-03 12:26:00,No,Ran memory capture on affected host; no injected process artefacts identified.,Cloud Workload
ALT00116,Deccan Health Network,High,2026-01-19 13:51:00,2026-01-19 16:28:00,Yes,"Investigated source IP, confirmed malicious signature, blocked at firewall, root cause documented.",Database
ALT00117,Deccan Health Network,Medium,2026-03-27 18:13:00,2026-03-27 21:24:00,No,"Performed forensic triage on affected host, isolated system, initiated containment protocol.",IoT Device
ALT00118,Deccan Health Network,Low,2026-02-01 18:47:00,2026-02-01 21:33:00,No,Contacted asset owner and confirmed scheduled maintenance window covered the activity.,Cloud Workload
ALT00119,Deccan Health Network,Critical,2026-01-29 13:33:00,2026-01-29 17:02:00,Yes,"Cross-referenced with threat intel feed, identified C2 communication pattern, escalated to IR team.",Database
ALT00120,Deccan Health Network,Low,2026-02-16 15:12:00,2026-02-16 18:15:00,No,Analysed PCAP sample; payload matched benign monitoring agent heartbeat.,Database
ALT00121,Deccan Health Network,Low,2026-02-09 03:04:00,2026-02-09 05:43:00,No,Analysed PCAP sample; payload matched benign monitoring agent heartbeat.,Network Device
ALT00122,Deccan Health Network,Low,2026-01-22 23:46:00,2026-01-23 03:13:00,No,False positive.,Firewall
ALT00123,Deccan Health Network,High,2026-02-28 03:56:00,2026-02-28 06:40:00,Yes,"Investigated source IP, confirmed malicious signature, blocked at firewall, root cause documented.",Server
ALT00124,Deccan Health Network,Low,2026-02-06 06:50:00,2026-02-06 10:00:00,No,Reviewed and closed.,Network Device
ALT00125,Deccan Health Network,Low,2026-01-15 13:35:00,2026-01-15 16:05:00,No,No further action required.,Network Device
ALT00126,Deccan Health Network,Medium,2026-02-12 03:57:00,2026-02-12 06:34:00,Yes,False positive.,Identity Provider
ALT00127,Deccan Health Network,Low,2026-03-03 12:08:00,2026-03-03 15:24:00,No,No further action required.,IoT Device
ALT00128,Deccan Health Network,High,2026-03-14 17:54:00,2026-03-14 17:57:00,Yes,False positive.,Server
ALT00129,Deccan Health Network,Low,2026-03-25 23:59:00,2026-03-26 03:21:00,No,Reviewed and closed.,Identity Provider
ALT00130,Deccan Health Network,Low,2026-01-14 00:36:00,2026-01-14 03:49:00,No,Contacted asset owner and confirmed scheduled maintenance window covered the activity.,Firewall
ALT00131,Deccan Health Network,Medium,2026-01-19 14:25:00,2026-01-19 17:44:00,No,Ran memory capture on affected host; no injected process artefacts identified.,IoT Device
ALT00132,Deccan Health Network,Low,2026-01-14 12:28:00,2026-01-14 15:47:00,No,No further action required.,Server
ALT00133,Deccan Health Network,Low,2026-03-31 14:34:00,2026-03-31 18:02:00,No,"Correlated with SIEM logs across 3 hosts, identified lateral movement attempt, escalated.",Cloud Workload
ALT00134,Deccan Health Network,Low,2026-02-02 19:50:00,2026-02-02 22:31:00,No,False positive.,Firewall
ALT00135,Deccan Health Network,Low,2026-02-06 12:20:00,2026-02-06 15:09:00,No,False positive.,Endpoint
ALT00136,Deccan Health Network,Low,2026-02-17 04:26:00,2026-02-17 07:47:00,No,Analysed PCAP sample; payload matched benign monitoring agent heartbeat.,Server
ALT00137,Deccan Health Network,High,2026-01-30 18:39:00,2026-01-30 18:42:00,Yes,Analysed PCAP sample; payload matched benign monitoring agent heartbeat.,Identity Provider
ALT00138,Deccan Health Network,High,2026-03-29 08:27:00,2026-03-29 11:08:00,No,"Cross-referenced with threat intel feed, identified C2 communication pattern, escalated to IR team.",Server
ALT00139,Deccan Health Network,Low,2026-01-03 15:14:00,2026-01-03 17:45:00,No,"Performed forensic triage on affected host, isolated system, initiated containment protocol.",Database
ALT00140,Deccan Health Network,Low,2026-02-07 09:00:00,2026-02-07 12:02:00,Yes,No further action required.,Cloud Workload
ALT00141,Deccan Health Network,Medium,2026-02-26 11:24:00,2026-02-26 14:36:00,No,"Investigated source IP, confirmed malicious signature, blocked at firewall, root cause documented.",Endpoint
ALT00142,Deccan Health Network,Medium,2026-01-21 00:08:00,2026-01-21 03:22:00,No,No further action required.,Database
ALT00143,Deccan Health Network,High,2026-03-24 00:19:00,2026-03-24 03:10:00,Yes,"Cross-referenced with threat intel feed, identified C2 communication pattern, escalated to IR team.",Identity Provider
ALT00144,Deccan Health Network,Low,2026-02-22 02:53:00,2026-02-22 05:36:00,Yes,No further action required.,Cloud Workload
ALT00145,Deccan Health Network,Medium,2026-01-29 04:24:00,2026-01-29 07:24:00,No,Closed as per standard procedure.,Identity Provider
ALT00146,Deccan Health Network,High,2026-01-19 04:40:00,2026-01-19 07:55:00,Yes,"Correlated with SIEM logs across 3 hosts, identified lateral movement attempt, escalated.",Database
ALT00147,Deccan Health Network,Low,2026-02-17 16:43:00,2026-02-17 19:48:00,No,No further action required.,Server
ALT00148,Deccan Health Network,Low,2026-02-25 00:33:00,2026-02-25 03:21:00,No,Ran memory capture on affected host; no injected process artefacts identified.,Server
ALT00149,Deccan Health Network,Medium,2026-01-22 04:17:00,2026-01-22 06:58:00,Yes,No further action required.,Server
ALT00150,Deccan Health Network,Low,2026-01-07 08:42:00,2026-01-07 11:41:00,No,"Cross-referenced with threat intel feed, identified C2 communication pattern, escalated to IR team.",Identity Provider
ALT00151,Deccan Health Network,Low,2026-01-19 02:06:00,2026-01-19 05:33:00,No,"Investigated source IP, confirmed malicious signature, blocked at firewall, root cause documented.",Network Device
ALT00152,Deccan Health Network,Low,2026-03-19 05:13:00,2026-03-19 08:20:00,No,Analysed PCAP sample; payload matched benign monitoring agent heartbeat.,Cloud Workload
ALT00153,Deccan Health Network,Low,2026-02-23 13:24:00,2026-02-23 16:25:00,Yes,Reviewed EDR telemetry timeline; parent process traced to legitimate installer.,Firewall
ALT00154,Deccan Health Network,High,2026-02-10 06:59:00,2026-02-10 10:24:00,Yes,"Performed forensic triage on affected host, isolated system, initiated containment protocol.",Endpoint
ALT00155,Deccan Health Network,Medium,2026-01-07 10:45:00,2026-01-07 13:55:00,Yes,False positive.,Cloud Workload
ALT00156,Deccan Health Network,High,2026-01-08 04:54:00,2026-01-08 07:50:00,Yes,No further action required.,Server
ALT00157,Deccan Health Network,Medium,2026-01-14 16:05:00,2026-01-14 19:22:00,No,"Cross-referenced with threat intel feed, identified C2 communication pattern, escalated to IR team.",Network Device
ALT00158,Deccan Health Network,Medium,2026-02-24 08:52:00,2026-02-24 11:33:00,No,Reviewed EDR telemetry timeline; parent process traced to legitimate installer.,Endpoint
ALT00159,Deccan Health Network,Low,2026-03-06 17:27:00,2026-03-06 20:49:00,No,Ran memory capture on affected host; no injected process artefacts identified.,Network Device
ALT00160,Deccan Health Network,High,2026-01-06 18:29:00,2026-01-06 21:25:00,No,Reviewed and closed.,Identity Provider
ALT00161,Deccan Health Network,Medium,2026-03-31 05:39:00,2026-03-31 08:49:00,Yes,"Cross-referenced with threat intel feed, identified C2 communication pattern, escalated to IR team.",Firewall
ALT00162,Deccan Health Network,Medium,2026-03-13 03:06:00,2026-03-13 05:57:00,Yes,False positive.,Cloud Workload
ALT00163,Deccan Health Network,High,2026-01-20 17:15:00,2026-01-20 19:57:00,Yes,No further action required.,IoT Device
ALT00164,Deccan Health Network,Medium,2026-01-04 16:24:00,2026-01-04 19:32:00,No,Analysed PCAP sample; payload matched benign monitoring agent heartbeat.,Firewall
ALT00165,Deccan Health Network,Low,2026-03-19 04:05:00,2026-03-19 06:44:00,No,Ran memory capture on affected host; no injected process artefacts identified.,Database
ALT00166,Deccan Health Network,Critical,2026-03-03 10:53:00,2026-03-03 13:30:00,Yes,False positive.,Cloud Workload
ALT00167,Deccan Health Network,Medium,2026-02-22 01:12:00,2026-02-22 04:14:00,No,False positive.,Server
ALT00168,Deccan Health Network,Medium,2026-01-31 20:43:00,2026-02-01 00:11:00,No,Reviewed EDR telemetry timeline; parent process traced to legitimate installer.,Firewall
ALT00169,Deccan Health Network,Critical,2026-01-03 22:38:00,2026-01-04 02:07:00,Yes,"Correlated with SIEM logs across 3 hosts, identified lateral movement attempt, escalated.",IoT Device
ALT00170,Deccan Health Network,Low,2026-03-01 22:54:00,2026-03-02 01:36:00,No,Closed as per standard procedure.,Cloud Workload
ALT00171,Deccan Health Network,Medium,2026-03-14 21:55:00,2026-03-15 01:06:00,No,"Cross-referenced with threat intel feed, identified C2 communication pattern, escalated to IR team.",Server
ALT00172,Deccan Health Network,Low,2026-02-26 01:21:00,2026-02-26 04:14:00,Yes,Analysed PCAP sample; payload matched benign monitoring agent heartbeat.,Server
ALT00173,Deccan Health Network,Low,2026-03-13 22:48:00,2026-03-14 02:08:00,No,False positive.,Server
ALT00174,Deccan Health Network,High,2026-02-21 01:18:00,2026-02-21 01:20:00,Yes,"Performed forensic triage on affected host, isolated system, initiated containment protocol.",Network Device
ALT00175,Deccan Health Network,Medium,2026-01-31 01:29:00,2026-01-31 04:30:00,No,No further action required.,IoT Device
ALT00176,Deccan Health Network,Low,2026-02-15 02:08:00,2026-02-15 05:34:00,No,Reviewed EDR telemetry timeline; parent process traced to legitimate installer.,Firewall
ALT00177,Deccan Health Network,Low,2026-02-16 22:09:00,2026-02-17 00:46:00,No,Closed as per standard procedure.,Network Device
ALT00178,Deccan Health Network,Medium,2026-02-27 02:33:00,2026-02-27 05:11:00,No,Analysed PCAP sample; payload matched benign monitoring agent heartbeat.,Cloud Workload
ALT00179,Deccan Health Network,Low,2026-01-13 10:30:00,2026-01-13 13:26:00,No,False positive.,Network Device
ALT00180,Deccan Health Network,High,2026-02-03 18:34:00,2026-02-03 21:04:00,Yes,Closed as per standard procedure.,Firewall
ALT00181,Deccan Health Network,Low,2026-02-26 01:57:00,2026-02-26 04:39:00,Yes,Analysed PCAP sample; payload matched benign monitoring agent heartbeat.,Endpoint
ALT00182,Deccan Health Network,Medium,2026-01-27 22:44:00,2026-01-28 02:10:00,No,Analysed PCAP sample; payload matched benign monitoring agent heartbeat.,Server
ALT00183,Deccan Health Network,High,2026-03-15 20:06:00,2026-03-15 23:23:00,Yes,False positive.,Firewall
ALT00184,Deccan Health Network,Low,2026-03-28 17:06:00,2026-03-28 20:12:00,No,"Correlated with SIEM logs across 3 hosts, identified lateral movement attempt, escalated.",Cloud Workload
ALT00185,Deccan Health Network,Low,2026-01-06 19:56:00,2026-01-06 22:51:00,No,Reviewed EDR telemetry timeline; parent process traced to legitimate installer.,Server
ALT00186,Deccan Health Network,Low,2026-02-01 05:04:00,2026-02-01 08:20:00,No,Analysed PCAP sample; payload matched benign monitoring agent heartbeat.,Identity Provider
ALT00187,Deccan Health Network,Low,2026-01-28 18:27:00,2026-01-28 21:35:00,No,Closed as per standard procedure.,Cloud Workload
ALT00188,Deccan Health Network,Low,2026-02-13 12:24:00,2026-02-13 15:03:00,No,Ran memory capture on affected host; no injected process artefacts identified.,Firewall
ALT00189,Deccan Health Network,Medium,2026-03-20 19:51:00,2026-03-20 22:41:00,No,Analysed PCAP sample; payload matched benign monitoring agent heartbeat.,Network Device
ALT00190,Deccan Health Network,Low,2026-01-21 10:33:00,2026-01-21 13:42:00,No,Reviewed EDR telemetry timeline; parent process traced to legitimate installer.,Cloud Workload
ALT00191,Deccan Health Network,Low,2026-03-12 14:41:00,2026-03-12 17:44:00,Yes,"Correlated with SIEM logs across 3 hosts, identified lateral movement attempt, escalated.",Cloud Workload
ALT00192,Deccan Health Network,High,2026-01-25 17:57:00,2026-01-25 21:00:00,Yes,False positive.,Firewall
ALT00193,Deccan Health Network,High,2026-03-23 19:54:00,2026-03-23 23:03:00,Yes,False positive.,Firewall
ALT00194,Deccan Health Network,Low,2026-02-28 08:42:00,2026-02-28 12:08:00,No,No further action required.,Identity Provider
ALT00195,Deccan Health Network,Medium,2026-02-10 11:43:00,2026-02-10 14:15:00,No,Reviewed and closed.,Database
ALT00196,Deccan Health Network,Medium,2026-03-11 14:29:00,2026-03-11 17:17:00,No,No further action required.,Identity Provider
ALT00197,Deccan Health Network,Low,2026-02-23 08:49:00,2026-02-23 12:08:00,Yes,"Correlated with SIEM logs across 3 hosts, identified lateral movement attempt, escalated.",Database
ALT00198,Deccan Health Network,Critical,2026-02-13 02:15:00,2026-02-13 05:39:00,Yes,No further action required.,IoT Device
ALT00199,Deccan Health Network,High,2026-01-31 06:26:00,2026-01-31 09:35:00,Yes,Contacted asset owner and confirmed scheduled maintenance window covered the activity.,Endpoint
ALT00200,Deccan Health Network,Critical,2026-02-22 12:40:00,2026-02-22 15:35:00,Yes,Ran memory capture on affected host; no injected process artefacts identified.,Identity Provider
ALT00001,Apex Power Grid Ltd,Medium,2026-03-12 06:09:00,2026-03-12 09:04:00,No,"Correlated with SIEM logs across 3 hosts, identified lateral movement attempt, escalated.",Network Device
ALT00002,Apex Power Grid Ltd,Low,2026-02-27 16:20:00,2026-02-27 19:44:00,No,Analysed PCAP sample; payload matched benign monitoring agent heartbeat.,IoT Device
ALT00003,Apex Power Grid Ltd,High,2026-03-18 14:30:00,2026-03-18 17:31:00,Yes,Reviewed EDR telemetry timeline; parent process traced to legitimate installer.,IoT Device
ALT00004,Apex Power Grid Ltd,Medium,2026-03-11 00:15:00,2026-03-11 03:02:00,No,"Cross-referenced with threat intel feed, identified C2 communication pattern, escalated to IR team.",Firewall
ALT00005,Apex Power Grid Ltd,Low,2026-03-11 03:25:00,2026-03-11 06:01:00,No,"Cross-referenced with threat intel feed, identified C2 communication pattern, escalated to IR team.",Identity Provider
ALT00006,Apex Power Grid Ltd,Low,2026-01-28 21:14:00,2026-01-29 00:35:00,No,"Correlated with SIEM logs across 3 hosts, identified lateral movement attempt, escalated.",Endpoint
ALT00007,Apex Power Grid Ltd,Low,2026-02-14 02:33:00,2026-02-14 05:59:00,No,"Performed forensic triage on affected host, isolated system, initiated containment protocol.",Identity Provider
ALT00008,Apex Power Grid Ltd,Low,2026-02-04 13:40:00,2026-02-04 16:29:00,Yes,No further action required.,Firewall
ALT00009,Apex Power Grid Ltd,High,2026-01-15 23:36:00,2026-01-16 02:25:00,No,"Investigated source IP, confirmed malicious signature, blocked at firewall, root cause documented.",Network Device
ALT00010,Apex Power Grid Ltd,Medium,2026-01-25 15:15:00,2026-01-25 17:45:00,No,"Investigated source IP, confirmed malicious signature, blocked at firewall, root cause documented.",Database
ALT00011,Apex Power Grid Ltd,Low,2026-03-16 11:04:00,2026-03-16 13:48:00,No,Analysed PCAP sample; payload matched benign monitoring agent heartbeat.,Database
ALT00012,Apex Power Grid Ltd,Low,2026-02-06 01:53:00,2026-02-06 05:20:00,Yes,Analysed PCAP sample; payload matched benign monitoring agent heartbeat.,Endpoint
ALT00013,Apex Power Grid Ltd,Low,2026-03-28 21:17:00,2026-03-29 00:31:00,No,Ran memory capture on affected host; no injected process artefacts identified.,IoT Device
ALT00014,Apex Power Grid Ltd,Medium,2026-03-08 09:19:00,2026-03-08 12:18:00,No,Reviewed EDR telemetry timeline; parent process traced to legitimate installer.,Cloud Workload
ALT00015,Apex Power Grid Ltd,Medium,2026-03-22 12:12:00,2026-03-22 15:23:00,No,Closed as per standard procedure.,Network Device
ALT00016,Apex Power Grid Ltd,Low,2026-03-03 06:22:00,2026-03-03 09:38:00,No,Analysed PCAP sample; payload matched benign monitoring agent heartbeat.,IoT Device
ALT00017,Apex Power Grid Ltd,Low,2026-02-13 18:23:00,2026-02-13 21:43:00,Yes,Reviewed and closed.,Identity Provider
ALT00018,Apex Power Grid Ltd,Medium,2026-03-15 08:00:00,2026-03-15 11:14:00,No,Ran memory capture on affected host; no injected process artefacts identified.,Database
ALT00019,Apex Power Grid Ltd,Low,2026-02-13 10:51:00,2026-02-13 14:11:00,No,Reviewed and closed.,Network Device
ALT00020,Apex Power Grid Ltd,Low,2026-01-16 22:54:00,2026-01-17 02:20:00,No,No further action required.,Firewall
ALT00021,Apex Power Grid Ltd,Low,2026-02-21 02:53:00,2026-02-21 05:48:00,No,Reviewed and closed.,IoT Device
ALT00022,Apex Power Grid Ltd,Medium,2026-01-01 15:30:00,2026-01-01 18:17:00,No,"Correlated with SIEM logs across 3 hosts, identified lateral movement attempt, escalated.",Identity Provider
ALT00023,Apex Power Grid Ltd,Medium,2026-01-18 15:51:00,2026-01-18 19:09:00,No,Analysed PCAP sample; payload matched benign monitoring agent heartbeat.,Network Device
ALT00024,Apex Power Grid Ltd,Low,2026-03-31 02:24:00,2026-03-31 05:23:00,No,"Investigated source IP, confirmed malicious signature, blocked at firewall, root cause documented.",Identity Provider
ALT00025,Apex Power Grid Ltd,Medium,2026-02-05 13:21:00,2026-02-05 16:45:00,No,"Investigated source IP, confirmed malicious signature, blocked at firewall, root cause documented.",Identity Provider
ALT00026,Apex Power Grid Ltd,Low,2026-03-18 09:51:00,2026-03-18 13:20:00,No,Ran memory capture on affected host; no injected process artefacts identified.,Identity Provider
ALT00027,Apex Power Grid Ltd,Critical,2026-03-28 08:56:00,2026-03-28 11:47:00,No,"Performed forensic triage on affected host, isolated system, initiated containment protocol.",Firewall
ALT00028,Apex Power Grid Ltd,Low,2026-02-08 02:29:00,2026-02-08 05:14:00,No,Closed as per standard procedure.,IoT Device
ALT00029,Apex Power Grid Ltd,Low,2026-03-30 23:26:00,2026-03-31 02:53:00,No,Contacted asset owner and confirmed scheduled maintenance window covered the activity.,Firewall
ALT00030,Apex Power Grid Ltd,Low,2026-01-06 14:13:00,2026-01-06 17:28:00,No,"Performed forensic triage on affected host, isolated system, initiated containment protocol.",Cloud Workload
ALT00031,Apex Power Grid Ltd,Low,2026-03-14 23:05:00,2026-03-15 01:54:00,No,No further action required.,IoT Device
ALT00032,Apex Power Grid Ltd,High,2026-03-31 12:54:00,2026-03-31 16:12:00,Yes,Ran memory capture on affected host; no injected process artefacts identified.,Firewall
ALT00033,Apex Power Grid Ltd,Critical,2026-01-08 23:46:00,2026-01-09 02:36:00,No,Reviewed and closed.,Firewall
ALT00034,Apex Power Grid Ltd,Low,2026-01-07 22:38:00,2026-01-08 01:25:00,Yes,"Correlated with SIEM logs across 3 hosts, identified lateral movement attempt, escalated.",Network Device
ALT00035,Apex Power Grid Ltd,Low,2026-03-03 01:13:00,2026-03-03 04:31:00,No,Contacted asset owner and confirmed scheduled maintenance window covered the activity.,Database
ALT00036,Apex Power Grid Ltd,Low,2026-01-17 16:42:00,2026-01-17 19:45:00,Yes,Ran memory capture on affected host; no injected process artefacts identified.,Database
ALT00037,Apex Power Grid Ltd,Medium,2026-01-11 19:11:00,2026-01-11 22:22:00,Yes,Reviewed EDR telemetry timeline; parent process traced to legitimate installer.,IoT Device
ALT00038,Apex Power Grid Ltd,Critical,2026-02-02 03:36:00,2026-02-02 06:13:00,No,Closed as per standard procedure.,Identity Provider
ALT00039,Apex Power Grid Ltd,Medium,2026-03-16 02:54:00,2026-03-16 06:07:00,No,"Correlated with SIEM logs across 3 hosts, identified lateral movement attempt, escalated.",Cloud Workload
ALT00040,Apex Power Grid Ltd,Medium,2026-01-20 02:23:00,2026-01-20 05:50:00,No,"Performed forensic triage on affected host, isolated system, initiated containment protocol.",IoT Device
ALT00041,Apex Power Grid Ltd,Low,2026-03-08 06:20:00,2026-03-08 09:36:00,No,Ran memory capture on affected host; no injected process artefacts identified.,Database
ALT00042,Apex Power Grid Ltd,Medium,2026-02-11 12:56:00,2026-02-11 16:05:00,No,"Correlated with SIEM logs across 3 hosts, identified lateral movement attempt, escalated.",IoT Device
ALT00043,Apex Power Grid Ltd,Low,2026-02-06 08:28:00,2026-02-06 11:40:00,No,"Correlated with SIEM logs across 3 hosts, identified lateral movement attempt, escalated.",Identity Provider
ALT00044,Apex Power Grid Ltd,High,2026-02-26 09:43:00,2026-02-26 12:27:00,Yes,Contacted asset owner and confirmed scheduled maintenance window covered the activity.,Network Device
ALT00045,Apex Power Grid Ltd,Low,2026-01-24 02:03:00,2026-01-24 05:10:00,Yes,Reviewed and closed.,Server
ALT00046,Apex Power Grid Ltd,Medium,2026-02-26 16:33:00,2026-02-26 19:53:00,No,Closed as per standard procedure.,Endpoint
ALT00047,Apex Power Grid Ltd,Low,2026-03-08 18:04:00,2026-03-08 21:20:00,Yes,"Investigated source IP, confirmed malicious signature, blocked at firewall, root cause documented.",Server
ALT00048,Apex Power Grid Ltd,Low,2026-01-07 00:52:00,2026-01-07 03:28:00,Yes,Ran memory capture on affected host; no injected process artefacts identified.,Database
ALT00049,Apex Power Grid Ltd,Medium,2026-03-16 09:29:00,2026-03-16 12:52:00,No,Ran memory capture on affected host; no injected process artefacts identified.,Database
ALT00050,Apex Power Grid Ltd,Low,2026-03-12 23:57:00,2026-03-13 02:45:00,No,Closed as per standard procedure.,Firewall
ALT00051,Apex Power Grid Ltd,Medium,2026-03-04 01:43:00,2026-03-04 04:17:00,No,Analysed PCAP sample; payload matched benign monitoring agent heartbeat.,Cloud Workload
ALT00052,Apex Power Grid Ltd,Low,2026-01-31 11:15:00,2026-01-31 14:01:00,No,"Correlated with SIEM logs across 3 hosts, identified lateral movement attempt, escalated.",Cloud Workload
ALT00053,Apex Power Grid Ltd,Low,2026-03-28 11:54:00,2026-03-28 14:56:00,No,No further action required.,Network Device
ALT00054,Apex Power Grid Ltd,Low,2026-03-19 08:53:00,2026-03-19 12:13:00,Yes,Analysed PCAP sample; payload matched benign monitoring agent heartbeat.,Server
ALT00055,Apex Power Grid Ltd,Low,2026-01-05 21:22:00,2026-01-05 23:54:00,No,Reviewed EDR telemetry timeline; parent process traced to legitimate installer.,Database
ALT00056,Apex Power Grid Ltd,Low,2026-03-28 09:52:00,2026-03-28 12:27:00,Yes,Closed as per standard procedure.,IoT Device
ALT00057,Apex Power Grid Ltd,Low,2026-03-23 10:29:00,2026-03-23 13:55:00,No,Ran memory capture on affected host; no injected process artefacts identified.,Firewall
ALT00058,Apex Power Grid Ltd,Medium,2026-02-07 11:03:00,2026-02-07 14:05:00,No,"Cross-referenced with threat intel feed, identified C2 communication pattern, escalated to IR team.",Endpoint
ALT00059,Apex Power Grid Ltd,Low,2026-03-08 04:16:00,2026-03-08 07:00:00,No,Reviewed EDR telemetry timeline; parent process traced to legitimate installer.,Server
ALT00060,Apex Power Grid Ltd,High,2026-03-13 07:21:00,2026-03-13 10:07:00,Yes,Reviewed EDR telemetry timeline; parent process traced to legitimate installer.,Cloud Workload
ALT00061,Apex Power Grid Ltd,Medium,2026-02-07 09:12:00,2026-02-07 12:15:00,No,Analysed PCAP sample; payload matched benign monitoring agent heartbeat.,Cloud Workload
ALT00062,Apex Power Grid Ltd,High,2026-01-20 00:19:00,2026-01-20 03:10:00,Yes,"Investigated source IP, confirmed malicious signature, blocked at firewall, root cause documented.",IoT Device
ALT00063,Apex Power Grid Ltd,Low,2026-03-25 09:21:00,2026-03-25 12:49:00,No,No further action required.,Firewall
ALT00064,Apex Power Grid Ltd,Medium,2026-03-29 18:17:00,2026-03-29 21:42:00,No,"Performed forensic triage on affected host, isolated system, initiated containment protocol.",IoT Device
ALT00065,Apex Power Grid Ltd,Low,2026-03-04 11:41:00,2026-03-04 14:46:00,No,False positive.,Server
ALT00066,Apex Power Grid Ltd,Low,2026-03-08 15:50:00,2026-03-08 19:05:00,No,Analysed PCAP sample; payload matched benign monitoring agent heartbeat.,Firewall
ALT00067,Apex Power Grid Ltd,Low,2026-03-15 05:45:00,2026-03-15 08:36:00,No,Closed as per standard procedure.,Identity Provider
ALT00068,Apex Power Grid Ltd,Medium,2026-02-05 22:58:00,2026-02-06 01:45:00,No,Ran memory capture on affected host; no injected process artefacts identified.,Endpoint
ALT00069,Apex Power Grid Ltd,Low,2026-03-31 09:20:00,2026-03-31 11:52:00,Yes,"Performed forensic triage on affected host, isolated system, initiated containment protocol.",Database
ALT00070,Apex Power Grid Ltd,High,2026-01-08 13:21:00,2026-01-08 16:38:00,No,"Investigated source IP, confirmed malicious signature, blocked at firewall, root cause documented.",IoT Device
ALT00071,Apex Power Grid Ltd,Critical,2026-01-11 07:03:00,2026-01-11 09:54:00,No,No further action required.,Identity Provider
ALT00072,Apex Power Grid Ltd,Low,2026-03-19 15:54:00,2026-03-19 19:22:00,Yes,False positive.,Database
ALT00073,Apex Power Grid Ltd,Low,2026-02-13 18:51:00,2026-02-13 22:00:00,No,Contacted asset owner and confirmed scheduled maintenance window covered the activity.,Endpoint
ALT00074,Apex Power Grid Ltd,Low,2026-02-14 03:37:00,2026-02-14 06:53:00,No,Analysed PCAP sample; payload matched benign monitoring agent heartbeat.,Firewall
ALT00075,Apex Power Grid Ltd,Low,2026-03-13 09:07:00,2026-03-13 12:25:00,No,Closed as per standard procedure.,Firewall
ALT00076,Apex Power Grid Ltd,Low,2026-01-27 12:24:00,2026-01-27 14:55:00,No,"Correlated with SIEM logs across 3 hosts, identified lateral movement attempt, escalated.",Cloud Workload
ALT00077,Apex Power Grid Ltd,Low,2026-01-05 00:30:00,2026-01-05 03:51:00,No,"Correlated with SIEM logs across 3 hosts, identified lateral movement attempt, escalated.",Network Device
ALT00078,Apex Power Grid Ltd,Medium,2026-03-28 03:32:00,2026-03-28 06:22:00,No,Closed as per standard procedure.,Endpoint
ALT00079,Apex Power Grid Ltd,Low,2026-01-03 01:45:00,2026-01-03 04:20:00,No,Ran memory capture on affected host; no injected process artefacts identified.,IoT Device
ALT00080,Apex Power Grid Ltd,Medium,2026-03-15 22:50:00,2026-03-16 01:35:00,No,Reviewed EDR telemetry timeline; parent process traced to legitimate installer.,Identity Provider
ALT00081,Apex Power Grid Ltd,High,2026-03-19 14:20:00,2026-03-19 17:48:00,No,Ran memory capture on affected host; no injected process artefacts identified.,IoT Device
ALT00082,Apex Power Grid Ltd,Medium,2026-01-17 06:03:00,2026-01-17 09:32:00,Yes,No further action required.,Network Device
ALT00083,Apex Power Grid Ltd,Critical,2026-02-19 17:48:00,2026-02-19 21:17:00,Yes,Reviewed and closed.,Firewall
ALT00084,Apex Power Grid Ltd,Low,2026-01-04 09:46:00,2026-01-04 12:54:00,No,Closed as per standard procedure.,Endpoint
ALT00085,Apex Power Grid Ltd,High,2026-02-02 12:46:00,2026-02-02 15:16:00,Yes,Analysed PCAP sample; payload matched benign monitoring agent heartbeat.,Firewall
ALT00086,Apex Power Grid Ltd,Low,2026-01-26 23:17:00,2026-01-27 02:44:00,No,No further action required.,Endpoint
ALT00087,Apex Power Grid Ltd,Low,2026-02-02 02:35:00,2026-02-02 05:28:00,No,No further action required.,Network Device
ALT00088,Apex Power Grid Ltd,Low,2026-01-13 04:58:00,2026-01-13 08:23:00,No,Closed as per standard procedure.,Identity Provider
ALT00089,Apex Power Grid Ltd,Low,2026-03-03 12:47:00,2026-03-03 15:31:00,Yes,Reviewed EDR telemetry timeline; parent process traced to legitimate installer.,Endpoint
ALT00090,Apex Power Grid Ltd,Medium,2026-01-26 16:00:00,2026-01-26 18:38:00,No,Contacted asset owner and confirmed scheduled maintenance window covered the activity.,Firewall
ALT00091,Apex Power Grid Ltd,Low,2026-03-21 18:31:00,2026-03-21 21:49:00,No,"Performed forensic triage on affected host, isolated system, initiated containment protocol.",Database
ALT00092,Apex Power Grid Ltd,Medium,2026-03-18 21:31:00,2026-03-19 00:14:00,Yes,"Correlated with SIEM logs across 3 hosts, identified lateral movement attempt, escalated.",Firewall
ALT00093,Apex Power Grid Ltd,Medium,2026-02-09 11:50:00,2026-02-09 14:24:00,No,No further action required.,Endpoint
ALT00094,Apex Power Grid Ltd,Low,2026-03-04 18:54:00,2026-03-04 21:25:00,No,Closed as per standard procedure.,Cloud Workload
ALT00095,Apex Power Grid Ltd,Low,2026-03-15 12:28:00,2026-03-15 15:03:00,No,Contacted asset owner and confirmed scheduled maintenance window covered the activity.,Cloud Workload
ALT00096,Apex Power Grid Ltd,High,2026-01-20 02:49:00,2026-01-20 05:54:00,Yes,"Cross-referenced with threat intel feed, identified C2 communication pattern, escalated to IR team.",Database
ALT00097,Apex Power Grid Ltd,Low,2026-03-13 13:23:00,2026-03-13 16:07:00,No,Reviewed EDR telemetry timeline; parent process traced to legitimate installer.,Database
ALT00098,Apex Power Grid Ltd,Low,2026-01-06 17:03:00,2026-01-06 19:36:00,No,"Performed forensic triage on affected host, isolated system, initiated containment protocol.",Identity Provider
ALT00099,Apex Power Grid Ltd,Medium,2026-01-09 07:18:00,2026-01-09 10:17:00,No,Ran memory capture on affected host; no injected process artefacts identified.,Identity Provider
ALT00100,Apex Power Grid Ltd,Low,2026-02-11 16:14:00,2026-02-11 19:01:00,No,"Correlated with SIEM logs across 3 hosts, identified lateral movement attempt, escalated.",Identity Provider
ALT00101,Apex Power Grid Ltd,Low,2026-03-08 13:29:00,2026-03-08 16:52:00,No,"Performed forensic triage on affected host, isolated system, initiated containment protocol.",Server
ALT00102,Apex Power Grid Ltd,Medium,2026-01-25 02:30:00,2026-01-25 05:44:00,No,False positive.,Endpoint
ALT00103,Apex Power Grid Ltd,Low,2026-03-27 20:06:00,2026-03-27 22:38:00,No,Reviewed and closed.,Server
ALT00104,Apex Power Grid Ltd,High,2026-02-11 06:48:00,2026-02-11 09:39:00,Yes,Reviewed and closed.,Firewall
ALT00105,Apex Power Grid Ltd,Low,2026-02-05 10:43:00,2026-02-05 13:25:00,Yes,"Performed forensic triage on affected host, isolated system, initiated containment protocol.",IoT Device
ALT00106,Apex Power Grid Ltd,Low,2026-01-05 20:52:00,2026-01-06 00:10:00,No,Reviewed EDR telemetry timeline; parent process traced to legitimate installer.,Server
ALT00107,Apex Power Grid Ltd,Low,2026-02-25 19:35:00,2026-02-25 22:25:00,No,Reviewed EDR telemetry timeline; parent process traced to legitimate installer.,Network Device
ALT00108,Apex Power Grid Ltd,High,2026-01-17 00:30:00,2026-01-17 03:07:00,Yes,Closed as per standard procedure.,Network Device
ALT00109,Apex Power Grid Ltd,Low,2026-02-05 15:34:00,2026-02-05 18:09:00,Yes,Reviewed and closed.,Network Device
ALT00110,Apex Power Grid Ltd,Low,2026-03-18 00:39:00,2026-03-18 03:12:00,No,No further action required.,Server
ALT00111,Apex Power Grid Ltd,Low,2026-01-11 08:16:00,2026-01-11 11:22:00,No,False positive.,Endpoint
ALT00112,Apex Power Grid Ltd,Low,2026-03-07 01:11:00,2026-03-07 04:20:00,No,Reviewed EDR telemetry timeline; parent process traced to legitimate installer.,Network Device
ALT00113,Apex Power Grid Ltd,Low,2026-03-16 15:20:00,2026-03-16 18:46:00,No,False positive.,Network Device
ALT00114,Apex Power Grid Ltd,Low,2026-03-07 14:06:00,2026-03-07 16:51:00,No,Contacted asset owner and confirmed scheduled maintenance window covered the activity.,Network Device
ALT00115,Apex Power Grid Ltd,Low,2026-01-03 07:27:00,2026-01-03 10:55:00,No,Analysed PCAP sample; payload matched benign monitoring agent heartbeat.,IoT Device
ALT00116,Apex Power Grid Ltd,Medium,2026-02-20 22:37:00,2026-02-21 01:38:00,No,Closed as per standard procedure.,Network Device
ALT00117,Apex Power Grid Ltd,Low,2026-01-09 16:52:00,2026-01-09 20:09:00,No,"Cross-referenced with threat intel feed, identified C2 communication pattern, escalated to IR team.",IoT Device
ALT00118,Apex Power Grid Ltd,Medium,2026-02-09 14:27:00,2026-02-09 17:56:00,No,Closed as per standard procedure.,Cloud Workload
ALT00119,Apex Power Grid Ltd,High,2026-03-22 22:33:00,2026-03-23 01:16:00,Yes,"Correlated with SIEM logs across 3 hosts, identified lateral movement attempt, escalated.",Cloud Workload
ALT00120,Apex Power Grid Ltd,Low,2026-03-09 23:09:00,2026-03-10 01:41:00,No,Reviewed EDR telemetry timeline; parent process traced to legitimate installer.,Network Device
ALT00121,Apex Power Grid Ltd,Medium,2026-03-13 05:09:00,2026-03-13 08:08:00,Yes,No further action required.,Cloud Workload
ALT00122,Apex Power Grid Ltd,High,2026-03-21 09:35:00,2026-03-21 12:41:00,Yes,"Investigated source IP, confirmed malicious signature, blocked at firewall, root cause documented.",Identity Provider
ALT00123,Apex Power Grid Ltd,Low,2026-02-24 07:28:00,2026-02-24 10:03:00,No,Reviewed and closed.,IoT Device
ALT00124,Apex Power Grid Ltd,High,2026-02-19 01:48:00,2026-02-19 05:13:00,Yes,Reviewed EDR telemetry timeline; parent process traced to legitimate installer.,Endpoint
ALT00125,Apex Power Grid Ltd,Low,2026-01-13 09:17:00,2026-01-13 11:49:00,No,Reviewed EDR telemetry timeline; parent process traced to legitimate installer.,Endpoint
ALT00126,Apex Power Grid Ltd,Low,2026-03-22 03:34:00,2026-03-22 06:05:00,No,"Correlated with SIEM logs across 3 hosts, identified lateral movement attempt, escalated.",Database
ALT00127,Apex Power Grid Ltd,Medium,2026-02-07 15:29:00,2026-02-07 18:47:00,No,"Correlated with SIEM logs across 3 hosts, identified lateral movement attempt, escalated.",Server
ALT00128,Apex Power Grid Ltd,Low,2026-01-27 03:34:00,2026-01-27 06:09:00,No,"Cross-referenced with threat intel feed, identified C2 communication pattern, escalated to IR team.",Endpoint
ALT00129,Apex Power Grid Ltd,Medium,2026-03-18 11:37:00,2026-03-18 14:44:00,Yes,Reviewed EDR telemetry timeline; parent process traced to legitimate installer.,Endpoint
ALT00130,Apex Power Grid Ltd,Critical,2026-03-01 11:27:00,2026-03-01 14:22:00,No,"Cross-referenced with threat intel feed, identified C2 communication pattern, escalated to IR team.",IoT Device
ALT00131,Apex Power Grid Ltd,Medium,2026-03-30 06:00:00,2026-03-30 09:14:00,No,"Correlated with SIEM logs across 3 hosts, identified lateral movement attempt, escalated.",Firewall
ALT00132,Apex Power Grid Ltd,Low,2026-03-15 03:00:00,2026-03-15 05:33:00,Yes,Ran memory capture on affected host; no injected process artefacts identified.,Network Device
ALT00133,Apex Power Grid Ltd,Medium,2026-01-17 15:29:00,2026-01-17 18:14:00,No,"Performed forensic triage on affected host, isolated system, initiated containment protocol.",Network Device
ALT00134,Apex Power Grid Ltd,Medium,2026-02-27 03:53:00,2026-02-27 07:12:00,No,"Cross-referenced with threat intel feed, identified C2 communication pattern, escalated to IR team.",Identity Provider
ALT00135,Apex Power Grid Ltd,High,2026-02-20 15:34:00,2026-02-20 18:43:00,Yes,Analysed PCAP sample; payload matched benign monitoring agent heartbeat.,Cloud Workload
ALT00136,Apex Power Grid Ltd,Medium,2026-01-01 03:20:00,2026-01-01 06:30:00,No,Reviewed EDR telemetry timeline; parent process traced to legitimate installer.,IoT Device
ALT00137,Apex Power Grid Ltd,Low,2026-02-09 13:09:00,2026-02-09 16:35:00,No,"Performed forensic triage on affected host, isolated system, initiated containment protocol.",Network Device
ALT00138,Apex Power Grid Ltd,Medium,2026-03-01 01:57:00,2026-03-01 04:39:00,Yes,Contacted asset owner and confirmed scheduled maintenance window covered the activity.,Endpoint
ALT00139,Apex Power Grid Ltd,Low,2026-01-29 01:51:00,2026-01-29 05:17:00,No,Analysed PCAP sample; payload matched benign monitoring agent heartbeat.,Firewall
ALT00140,Apex Power Grid Ltd,Medium,2026-02-27 05:57:00,2026-02-27 08:54:00,No,Contacted asset owner and confirmed scheduled maintenance window covered the activity.,Server
ALT00141,Apex Power Grid Ltd,High,2026-01-08 18:17:00,2026-01-08 21:34:00,Yes,Ran memory capture on affected host; no injected process artefacts identified.,Database
ALT00142,Apex Power Grid Ltd,Low,2026-02-03 15:53:00,2026-02-03 18:41:00,No,"Correlated with SIEM logs across 3 hosts, identified lateral movement attempt, escalated.",Endpoint
ALT00143,Apex Power Grid Ltd,High,2026-03-07 07:57:00,2026-03-07 11:20:00,No,"Investigated source IP, confirmed malicious signature, blocked at firewall, root cause documented.",Identity Provider
ALT00144,Apex Power Grid Ltd,Low,2026-01-22 11:25:00,2026-01-22 14:08:00,No,"Correlated with SIEM logs across 3 hosts, identified lateral movement attempt, escalated.",Identity Provider
ALT00145,Apex Power Grid Ltd,Low,2026-03-27 14:22:00,2026-03-27 17:19:00,No,Contacted asset owner and confirmed scheduled maintenance window covered the activity.,Database
ALT00146,Apex Power Grid Ltd,Critical,2026-02-01 19:43:00,2026-02-01 22:46:00,Yes,Reviewed and closed.,Network Device
ALT00147,Apex Power Grid Ltd,Medium,2026-03-24 07:43:00,2026-03-24 10:27:00,No,False positive.,Server
ALT00148,Apex Power Grid Ltd,High,2026-02-08 18:46:00,2026-02-08 21:35:00,Yes,No further action required.,Firewall
ALT00149,Apex Power Grid Ltd,Medium,2026-03-03 11:52:00,2026-03-03 15:01:00,No,Closed as per standard procedure.,Server
ALT00150,Apex Power Grid Ltd,Low,2026-03-09 01:33:00,2026-03-09 05:02:00,No,Reviewed EDR telemetry timeline; parent process traced to legitimate installer.,Firewall
ALT00151,Apex Power Grid Ltd,Low,2026-01-13 23:47:00,2026-01-14 02:59:00,No,Ran memory capture on affected host; no injected process artefacts identified.,IoT Device
ALT00152,Apex Power Grid Ltd,Medium,2026-01-30 23:46:00,2026-01-31 02:39:00,No,Contacted asset owner and confirmed scheduled maintenance window covered the activity.,IoT Device
ALT00153,Apex Power Grid Ltd,Low,2026-03-25 07:35:00,2026-03-25 10:05:00,No,"Investigated source IP, confirmed malicious signature, blocked at firewall, root cause documented.",Endpoint
ALT00154,Apex Power Grid Ltd,Medium,2026-01-19 20:34:00,2026-01-19 23:20:00,No,"Cross-referenced with threat intel feed, identified C2 communication pattern, escalated to IR team.",Network Device
ALT00155,Apex Power Grid Ltd,Low,2026-01-19 18:46:00,2026-01-19 22:08:00,No,False positive.,Endpoint
ALT00156,Apex Power Grid Ltd,Medium,2026-01-19 15:43:00,2026-01-19 18:46:00,No,No further action required.,Firewall
ALT00157,Apex Power Grid Ltd,Medium,2026-02-05 09:29:00,2026-02-05 12:26:00,No,Analysed PCAP sample; payload matched benign monitoring agent heartbeat.,Database
ALT00158,Apex Power Grid Ltd,Low,2026-02-22 03:35:00,2026-02-22 06:27:00,No,"Investigated source IP, confirmed malicious signature, blocked at firewall, root cause documented.",Identity Provider
ALT00159,Apex Power Grid Ltd,High,2026-03-24 15:04:00,2026-03-24 17:53:00,Yes,Analysed PCAP sample; payload matched benign monitoring agent heartbeat.,Cloud Workload
ALT00160,Apex Power Grid Ltd,High,2026-03-07 00:14:00,2026-03-07 03:42:00,Yes,Analysed PCAP sample; payload matched benign monitoring agent heartbeat.,Endpoint
ALT00161,Apex Power Grid Ltd,Low,2026-03-16 04:38:00,2026-03-16 08:08:00,No,False positive.,IoT Device
ALT00162,Apex Power Grid Ltd,Medium,2026-02-20 07:19:00,2026-02-20 09:56:00,No,Reviewed EDR telemetry timeline; parent process traced to legitimate installer.,Server
ALT00163,Apex Power Grid Ltd,Low,2026-03-23 22:46:00,2026-03-24 02:06:00,No,Closed as per standard procedure.,Server
ALT00164,Apex Power Grid Ltd,Low,2026-02-02 22:45:00,2026-02-03 02:02:00,No,No further action required.,Network Device
ALT00165,Apex Power Grid Ltd,Medium,2026-01-14 12:41:00,2026-01-14 16:01:00,Yes,Ran memory capture on affected host; no injected process artefacts identified.,Database
ALT00166,Apex Power Grid Ltd,High,2026-02-09 12:34:00,2026-02-09 15:12:00,Yes,False positive.,Identity Provider
ALT00167,Apex Power Grid Ltd,Medium,2026-03-21 06:39:00,2026-03-21 09:12:00,No,"Correlated with SIEM logs across 3 hosts, identified lateral movement attempt, escalated.",Server
ALT00168,Apex Power Grid Ltd,High,2026-01-22 04:02:00,2026-01-22 07:14:00,Yes,Closed as per standard procedure.,Endpoint
ALT00169,Apex Power Grid Ltd,Medium,2026-02-18 01:55:00,2026-02-18 05:05:00,No,Reviewed and closed.,IoT Device
ALT00170,Apex Power Grid Ltd,Medium,2026-01-11 04:29:00,2026-01-11 07:47:00,No,No further action required.,IoT Device
ALT00171,Apex Power Grid Ltd,Low,2026-03-17 06:45:00,2026-03-17 09:26:00,No,Contacted asset owner and confirmed scheduled maintenance window covered the activity.,Endpoint
ALT00172,Apex Power Grid Ltd,High,2026-02-01 08:39:00,2026-02-01 11:31:00,Yes,Reviewed EDR telemetry timeline; parent process traced to legitimate installer.,Endpoint
ALT00173,Apex Power Grid Ltd,Medium,2026-01-14 02:59:00,2026-01-14 06:23:00,Yes,Reviewed and closed.,Cloud Workload
ALT00174,Apex Power Grid Ltd,High,2026-02-02 21:12:00,2026-02-03 00:21:00,Yes,False positive.,Cloud Workload
ALT00175,Apex Power Grid Ltd,Low,2026-03-21 16:45:00,2026-03-21 19:53:00,No,False positive.,Server
ALT00176,Apex Power Grid Ltd,Low,2026-03-10 03:15:00,2026-03-10 06:32:00,No,"Investigated source IP, confirmed malicious signature, blocked at firewall, root cause documented.",Server
ALT00177,Apex Power Grid Ltd,Low,2026-03-12 14:52:00,2026-03-12 17:50:00,Yes,Reviewed and closed.,Server
ALT00178,Apex Power Grid Ltd,Low,2026-03-31 21:03:00,2026-03-31 23:59:59,No,Ran memory capture on affected host; no injected process artefacts identified.,Server
ALT00179,Apex Power Grid Ltd,Low,2026-03-19 10:35:00,2026-03-19 13:30:00,No,"Performed forensic triage on affected host, isolated system, initiated containment protocol.",Server
ALT00180,Apex Power Grid Ltd,Medium,2026-01-14 20:37:00,2026-01-14 23:41:00,No,Ran memory capture on affected host; no injected process artefacts identified.,Identity Provider
ALT00181,Apex Power Grid Ltd,Medium,2026-01-29 07:48:00,2026-01-29 10:37:00,Yes,Reviewed and closed.,Identity Provider
ALT00182,Apex Power Grid Ltd,Low,2026-02-02 04:09:00,2026-02-02 06:52:00,Yes,"Investigated source IP, confirmed malicious signature, blocked at firewall, root cause documented.",Server
ALT00183,Apex Power Grid Ltd,Low,2026-03-18 23:57:00,2026-03-19 02:38:00,No,Closed as per standard procedure.,IoT Device
ALT00184,Apex Power Grid Ltd,Low,2026-02-25 04:50:00,2026-02-25 07:32:00,No,"Cross-referenced with threat intel feed, identified C2 communication pattern, escalated to IR team.",Network Device
ALT00185,Apex Power Grid Ltd,Low,2026-01-29 12:08:00,2026-01-29 14:59:00,No,False positive.,Network Device
ALT00186,Apex Power Grid Ltd,High,2026-03-27 10:01:00,2026-03-27 12:45:00,Yes,"Performed forensic triage on affected host, isolated system, initiated containment protocol.",Database
ALT00187,Apex Power Grid Ltd,Medium,2026-02-01 18:27:00,2026-02-01 21:24:00,No,"Correlated with SIEM logs across 3 hosts, identified lateral movement attempt, escalated.",Database
ALT00188,Apex Power Grid Ltd,Low,2026-02-08 02:24:00,2026-02-08 05:00:00,No,Reviewed EDR telemetry timeline; parent process traced to legitimate installer.,Firewall
ALT00189,Apex Power Grid Ltd,Low,2026-02-27 18:33:00,2026-02-27 21:40:00,No,Ran memory capture on affected host; no injected process artefacts identified.,IoT Device
ALT00190,Apex Power Grid Ltd,Medium,2026-02-15 22:27:00,2026-02-16 01:06:00,No,Analysed PCAP sample; payload matched benign monitoring agent heartbeat.,Network Device
ALT00191,Apex Power Grid Ltd,High,2026-02-23 13:15:00,2026-02-23 16:14:00,Yes,"Cross-referenced with threat intel feed, identified C2 communication pattern, escalated to IR team.",Network Device
ALT00192,Apex Power Grid Ltd,Low,2026-01-04 05:43:00,2026-01-04 08:42:00,No,"Cross-referenced with threat intel feed, identified C2 communication pattern, escalated to IR team.",Server
ALT00193,Apex Power Grid Ltd,Low,2026-01-09 20:00:00,2026-01-09 22:32:00,No,"Correlated with SIEM logs across 3 hosts, identified lateral movement attempt, escalated.",Network Device
ALT00194,Apex Power Grid Ltd,Low,2026-03-02 20:43:00,2026-03-02 23:35:00,No,Reviewed EDR telemetry timeline; parent process traced to legitimate installer.,IoT Device
ALT00195,Apex Power Grid Ltd,High,2026-01-23 17:37:00,2026-01-23 21:01:00,Yes,Reviewed EDR telemetry timeline; parent process traced to legitimate installer.,Cloud Workload
ALT00001,Bharat Telecom Networks,Low,2026-02-01 16:25:00,2026-02-01 19:16:00,No,No further action required.,Server
ALT00002,Bharat Telecom Networks,High,2026-02-12 22:37:00,2026-02-13 01:31:00,No,"Cross-referenced with threat intel feed, identified C2 communication pattern, escalated to IR team.",Identity Provider
ALT00003,Bharat Telecom Networks,Low,2026-01-07 01:48:00,2026-01-07 05:17:00,No,"Performed forensic triage on affected host, isolated system, initiated containment protocol.",Identity Provider
ALT00004,Bharat Telecom Networks,Low,2026-01-11 11:15:00,2026-01-11 13:56:00,No,No further action required.,Network Device
ALT00005,Bharat Telecom Networks,Low,2026-01-13 12:41:00,2026-01-13 15:38:00,Yes,"Correlated with SIEM logs across 3 hosts, identified lateral movement attempt, escalated.",Network Device
ALT00006,Bharat Telecom Networks,Medium,2026-02-22 12:28:00,2026-02-22 15:50:00,No,"Cross-referenced with threat intel feed, identified C2 communication pattern, escalated to IR team.",Identity Provider
ALT00007,Bharat Telecom Networks,Medium,2026-02-05 15:53:00,2026-02-05 19:22:00,No,"Performed forensic triage on affected host, isolated system, initiated containment protocol.",Network Device
ALT00008,Bharat Telecom Networks,Low,2026-03-13 07:11:00,2026-03-13 10:30:00,No,"Cross-referenced with threat intel feed, identified C2 communication pattern, escalated to IR team.",Network Device
ALT00009,Bharat Telecom Networks,Low,2026-01-28 12:52:00,2026-01-28 15:29:00,No,No further action required.,Cloud Workload
ALT00010,Bharat Telecom Networks,High,2026-03-08 13:05:00,2026-03-08 16:20:00,Yes,Contacted asset owner and confirmed scheduled maintenance window covered the activity.,Identity Provider
ALT00011,Bharat Telecom Networks,Low,2026-01-17 11:37:00,2026-01-17 14:27:00,No,Closed as per standard procedure.,Network Device
ALT00012,Bharat Telecom Networks,Low,2026-01-20 06:34:00,2026-01-20 09:41:00,No,Reviewed and closed.,Cloud Workload
ALT00013,Bharat Telecom Networks,Low,2026-03-09 18:51:00,2026-03-09 22:05:00,Yes,"Cross-referenced with threat intel feed, identified C2 communication pattern, escalated to IR team.",Cloud Workload
ALT00014,Bharat Telecom Networks,Low,2026-01-05 00:20:00,2026-01-05 03:29:00,Yes,False positive.,Server
ALT00015,Bharat Telecom Networks,Low,2026-02-20 17:08:00,2026-02-20 20:33:00,Yes,Reviewed EDR telemetry timeline; parent process traced to legitimate installer.,Server
ALT00016,Bharat Telecom Networks,Low,2026-02-14 04:58:00,2026-02-14 08:11:00,No,False positive.,Endpoint
ALT00017,Bharat Telecom Networks,Low,2026-01-22 08:32:00,2026-01-22 11:46:00,No,Reviewed and closed.,Endpoint
ALT00018,Bharat Telecom Networks,Low,2026-01-11 20:42:00,2026-01-11 23:56:00,No,"Investigated source IP, confirmed malicious signature, blocked at firewall, root cause documented.",Firewall
ALT00019,Bharat Telecom Networks,Medium,2026-01-04 09:15:00,2026-01-04 12:30:00,No,No further action required.,Server
ALT00020,Bharat Telecom Networks,Low,2026-02-09 18:28:00,2026-02-09 21:11:00,No,"Cross-referenced with threat intel feed, identified C2 communication pattern, escalated to IR team.",Endpoint
ALT00021,Bharat Telecom Networks,Low,2026-01-27 14:02:00,2026-01-27 16:45:00,No,"Performed forensic triage on affected host, isolated system, initiated containment protocol.",Endpoint
ALT00022,Bharat Telecom Networks,Medium,2026-03-17 15:44:00,2026-03-17 18:43:00,Yes,Ran memory capture on affected host; no injected process artefacts identified.,Cloud Workload
ALT00023,Bharat Telecom Networks,High,2026-02-11 03:27:00,2026-02-11 06:51:00,Yes,Reviewed and closed.,Database
ALT00024,Bharat Telecom Networks,Low,2026-03-14 11:26:00,2026-03-14 14:28:00,Yes,Contacted asset owner and confirmed scheduled maintenance window covered the activity.,Server
ALT00025,Bharat Telecom Networks,Medium,2026-01-05 02:49:00,2026-01-05 05:55:00,No,Contacted asset owner and confirmed scheduled maintenance window covered the activity.,Network Device
ALT00026,Bharat Telecom Networks,Medium,2026-02-18 07:49:00,2026-02-18 11:15:00,No,False positive.,Server
ALT00027,Bharat Telecom Networks,Medium,2026-03-14 00:53:00,2026-03-14 04:02:00,Yes,Reviewed and closed.,Database
ALT00028,Bharat Telecom Networks,High,2026-03-22 22:16:00,2026-03-23 01:34:00,Yes,"Performed forensic triage on affected host, isolated system, initiated containment protocol.",Identity Provider
ALT00029,Bharat Telecom Networks,High,2026-01-08 12:55:00,2026-01-08 15:46:00,Yes,Reviewed EDR telemetry timeline; parent process traced to legitimate installer.,Firewall
ALT00030,Bharat Telecom Networks,High,2026-02-21 21:46:00,2026-02-22 00:47:00,No,Reviewed and closed.,Endpoint
ALT00031,Bharat Telecom Networks,Low,2026-03-10 00:12:00,2026-03-10 03:15:00,No,Reviewed EDR telemetry timeline; parent process traced to legitimate installer.,Server
ALT00032,Bharat Telecom Networks,Low,2026-03-30 10:10:00,2026-03-30 13:23:00,No,"Cross-referenced with threat intel feed, identified C2 communication pattern, escalated to IR team.",Identity Provider
ALT00033,Bharat Telecom Networks,Low,2026-03-21 18:37:00,2026-03-21 21:30:00,No,"Investigated source IP, confirmed malicious signature, blocked at firewall, root cause documented.",Endpoint
ALT00034,Bharat Telecom Networks,Low,2026-02-28 00:32:00,2026-02-28 03:34:00,No,Closed as per standard procedure.,Endpoint
ALT00035,Bharat Telecom Networks,Medium,2026-03-10 18:44:00,2026-03-10 21:19:00,No,"Performed forensic triage on affected host, isolated system, initiated containment protocol.",Endpoint
ALT00036,Bharat Telecom Networks,Low,2026-02-19 08:58:00,2026-02-19 11:28:00,No,False positive.,Endpoint
ALT00037,Bharat Telecom Networks,Low,2026-02-01 23:04:00,2026-02-02 01:52:00,Yes,Ran memory capture on affected host; no injected process artefacts identified.,Endpoint
ALT00038,Bharat Telecom Networks,Low,2026-03-29 00:04:00,2026-03-29 02:49:00,No,No further action required.,Identity Provider
ALT00039,Bharat Telecom Networks,Low,2026-03-23 17:15:00,2026-03-23 19:45:00,No,Reviewed and closed.,Database
ALT00040,Bharat Telecom Networks,Low,2026-03-03 02:09:00,2026-03-03 04:48:00,No,Closed as per standard procedure.,Identity Provider
ALT00041,Bharat Telecom Networks,Low,2026-02-13 21:23:00,2026-02-14 00:24:00,Yes,Reviewed EDR telemetry timeline; parent process traced to legitimate installer.,Network Device
ALT00042,Bharat Telecom Networks,Critical,2026-01-17 15:03:00,2026-01-17 18:01:00,No,Ran memory capture on affected host; no injected process artefacts identified.,IoT Device
ALT00043,Bharat Telecom Networks,Low,2026-01-24 08:49:00,2026-01-24 11:28:00,No,Analysed PCAP sample; payload matched benign monitoring agent heartbeat.,Cloud Workload
ALT00044,Bharat Telecom Networks,Low,2026-02-07 04:23:00,2026-02-07 07:08:00,No,Contacted asset owner and confirmed scheduled maintenance window covered the activity.,Server
ALT00045,Bharat Telecom Networks,Low,2026-03-10 01:14:00,2026-03-10 03:51:00,No,"Correlated with SIEM logs across 3 hosts, identified lateral movement attempt, escalated.",Identity Provider
ALT00046,Bharat Telecom Networks,Low,2026-01-13 06:52:00,2026-01-13 09:36:00,Yes,False positive.,IoT Device
ALT00047,Bharat Telecom Networks,Medium,2026-03-26 07:31:00,2026-03-26 10:08:00,Yes,"Performed forensic triage on affected host, isolated system, initiated containment protocol.",Server
ALT00048,Bharat Telecom Networks,Medium,2026-01-28 00:49:00,2026-01-28 04:15:00,No,"Performed forensic triage on affected host, isolated system, initiated containment protocol.",Database
ALT00049,Bharat Telecom Networks,Low,2026-02-11 08:37:00,2026-02-11 11:17:00,No,Analysed PCAP sample; payload matched benign monitoring agent heartbeat.,Identity Provider
ALT00050,Bharat Telecom Networks,Medium,2026-01-24 07:19:00,2026-01-24 10:11:00,No,Contacted asset owner and confirmed scheduled maintenance window covered the activity.,Database
ALT00051,Bharat Telecom Networks,Low,2026-02-26 21:10:00,2026-02-26 23:48:00,Yes,Contacted asset owner and confirmed scheduled maintenance window covered the activity.,Server
ALT00052,Bharat Telecom Networks,Medium,2026-01-04 15:35:00,2026-01-04 18:23:00,No,Reviewed and closed.,Identity Provider
ALT00053,Bharat Telecom Networks,High,2026-01-17 12:14:00,2026-01-17 14:49:00,Yes,"Performed forensic triage on affected host, isolated system, initiated containment protocol.",Cloud Workload
ALT00054,Bharat Telecom Networks,Medium,2026-01-08 09:37:00,2026-01-08 12:23:00,No,"Investigated source IP, confirmed malicious signature, blocked at firewall, root cause documented.",Firewall
ALT00055,Bharat Telecom Networks,High,2026-02-23 03:20:00,2026-02-23 06:09:00,Yes,Reviewed EDR telemetry timeline; parent process traced to legitimate installer.,Cloud Workload
ALT00056,Bharat Telecom Networks,High,2026-01-20 17:07:00,2026-01-20 20:37:00,Yes,Contacted asset owner and confirmed scheduled maintenance window covered the activity.,Firewall
ALT00057,Bharat Telecom Networks,Low,2026-01-06 14:37:00,2026-01-06 17:34:00,No,"Performed forensic triage on affected host, isolated system, initiated containment protocol.",IoT Device
ALT00058,Bharat Telecom Networks,Medium,2026-03-31 10:52:00,2026-03-31 13:59:00,No,"Correlated with SIEM logs across 3 hosts, identified lateral movement attempt, escalated.",IoT Device
ALT00059,Bharat Telecom Networks,Low,2026-03-17 01:14:00,2026-03-17 03:58:00,No,False positive.,Identity Provider
ALT00060,Bharat Telecom Networks,Critical,2026-03-31 00:00:00,2026-03-31 03:24:00,Yes,Analysed PCAP sample; payload matched benign monitoring agent heartbeat.,Database
ALT00061,Bharat Telecom Networks,High,2026-03-05 11:03:00,2026-03-05 13:58:00,Yes,Reviewed and closed.,Database
ALT00062,Bharat Telecom Networks,Low,2026-01-21 06:11:00,2026-01-21 09:33:00,No,Closed as per standard procedure.,IoT Device
ALT00063,Bharat Telecom Networks,Low,2026-01-12 15:12:00,2026-01-12 18:39:00,No,No further action required.,Firewall
ALT00064,Bharat Telecom Networks,Medium,2026-02-22 04:50:00,2026-02-22 07:56:00,No,False positive.,IoT Device
ALT00065,Bharat Telecom Networks,Low,2026-02-03 22:01:00,2026-02-04 00:55:00,No,"Performed forensic triage on affected host, isolated system, initiated containment protocol.",Identity Provider
ALT00066,Bharat Telecom Networks,Medium,2026-03-30 16:20:00,2026-03-30 19:45:00,Yes,Analysed PCAP sample; payload matched benign monitoring agent heartbeat.,Identity Provider
ALT00067,Bharat Telecom Networks,Low,2026-03-17 13:48:00,2026-03-17 17:11:00,No,No further action required.,IoT Device
ALT00068,Bharat Telecom Networks,Low,2026-03-12 11:47:00,2026-03-12 14:22:00,No,"Performed forensic triage on affected host, isolated system, initiated containment protocol.",Database
ALT00069,Bharat Telecom Networks,Low,2026-02-23 01:16:00,2026-02-23 04:30:00,No,"Performed forensic triage on affected host, isolated system, initiated containment protocol.",Identity Provider
ALT00070,Bharat Telecom Networks,High,2026-03-08 15:15:00,2026-03-08 18:05:00,No,"Investigated source IP, confirmed malicious signature, blocked at firewall, root cause documented.",Database
ALT00071,Bharat Telecom Networks,Low,2026-01-13 17:09:00,2026-01-13 20:05:00,Yes,Ran memory capture on affected host; no injected process artefacts identified.,IoT Device
ALT00072,Bharat Telecom Networks,Low,2026-01-12 17:36:00,2026-01-12 20:22:00,Yes,"Investigated source IP, confirmed malicious signature, blocked at firewall, root cause documented.",Endpoint
ALT00073,Bharat Telecom Networks,Low,2026-03-18 13:57:00,2026-03-18 16:40:00,No,Closed as per standard procedure.,Cloud Workload
ALT00074,Bharat Telecom Networks,Low,2026-02-24 17:23:00,2026-02-24 20:21:00,No,No further action required.,Network Device
ALT00075,Bharat Telecom Networks,Low,2026-03-23 15:34:00,2026-03-23 19:03:00,Yes,Contacted asset owner and confirmed scheduled maintenance window covered the activity.,Database
ALT00076,Bharat Telecom Networks,Medium,2026-01-17 14:02:00,2026-01-17 17:20:00,No,False positive.,Firewall
ALT00077,Bharat Telecom Networks,Low,2026-01-03 12:39:00,2026-01-03 15:12:00,No,Closed as per standard procedure.,Cloud Workload
ALT00078,Bharat Telecom Networks,Medium,2026-01-21 10:04:00,2026-01-21 13:34:00,Yes,Contacted asset owner and confirmed scheduled maintenance window covered the activity.,Firewall
ALT00079,Bharat Telecom Networks,High,2026-03-20 02:24:00,2026-03-20 04:54:00,Yes,Reviewed and closed.,Firewall
ALT00080,Bharat Telecom Networks,Medium,2026-03-29 05:23:00,2026-03-29 08:14:00,No,Contacted asset owner and confirmed scheduled maintenance window covered the activity.,Network Device
ALT00081,Bharat Telecom Networks,Low,2026-02-18 05:16:00,2026-02-18 07:57:00,No,"Correlated with SIEM logs across 3 hosts, identified lateral movement attempt, escalated.",IoT Device
ALT00082,Bharat Telecom Networks,High,2026-02-20 00:04:00,2026-02-20 02:42:00,Yes,Reviewed EDR telemetry timeline; parent process traced to legitimate installer.,Database
ALT00083,Bharat Telecom Networks,Low,2026-03-03 01:37:00,2026-03-03 04:20:00,No,"Correlated with SIEM logs across 3 hosts, identified lateral movement attempt, escalated.",Database
ALT00084,Bharat Telecom Networks,Critical,2026-03-22 13:37:00,2026-03-22 16:38:00,No,"Cross-referenced with threat intel feed, identified C2 communication pattern, escalated to IR team.",IoT Device
ALT00085,Bharat Telecom Networks,Critical,2026-03-16 00:30:00,2026-03-16 03:19:00,No,False positive.,IoT Device
ALT00086,Bharat Telecom Networks,Low,2026-02-24 07:00:00,2026-02-24 10:03:00,No,No further action required.,Database
ALT00087,Bharat Telecom Networks,Critical,2026-01-06 09:27:00,2026-01-06 12:42:00,Yes,Contacted asset owner and confirmed scheduled maintenance window covered the activity.,Database
ALT00088,Bharat Telecom Networks,Low,2026-02-11 13:16:00,2026-02-11 16:14:00,No,Analysed PCAP sample; payload matched benign monitoring agent heartbeat.,Server
ALT00089,Bharat Telecom Networks,Medium,2026-02-04 04:44:00,2026-02-04 07:58:00,Yes,"Investigated source IP, confirmed malicious signature, blocked at firewall, root cause documented.",Network Device
ALT00090,Bharat Telecom Networks,Low,2026-03-06 20:05:00,2026-03-06 23:25:00,No,"Investigated source IP, confirmed malicious signature, blocked at firewall, root cause documented.",Network Device
ALT00091,Bharat Telecom Networks,Medium,2026-02-19 07:10:00,2026-02-19 10:18:00,No,Ran memory capture on affected host; no injected process artefacts identified.,Firewall
ALT00092,Bharat Telecom Networks,Medium,2026-03-02 19:19:00,2026-03-02 22:24:00,No,Closed as per standard procedure.,Cloud Workload
ALT00093,Bharat Telecom Networks,High,2026-02-27 09:03:00,2026-02-27 12:02:00,Yes,"Investigated source IP, confirmed malicious signature, blocked at firewall, root cause documented.",Database
ALT00094,Bharat Telecom Networks,Low,2026-03-05 12:20:00,2026-03-05 15:09:00,No,No further action required.,Firewall
ALT00095,Bharat Telecom Networks,Low,2026-01-06 01:12:00,2026-01-06 03:51:00,No,No further action required.,Cloud Workload
ALT00096,Bharat Telecom Networks,Low,2026-03-07 11:49:00,2026-03-07 14:31:00,Yes,Reviewed and closed.,Network Device
ALT00097,Bharat Telecom Networks,Low,2026-01-11 11:09:00,2026-01-11 13:52:00,No,Closed as per standard procedure.,Server
ALT00098,Bharat Telecom Networks,Low,2026-01-04 22:20:00,2026-01-05 01:40:00,No,Reviewed EDR telemetry timeline; parent process traced to legitimate installer.,Identity Provider
ALT00099,Bharat Telecom Networks,Low,2026-01-20 02:56:00,2026-01-20 05:49:00,Yes,Ran memory capture on affected host; no injected process artefacts identified.,Server
ALT00100,Bharat Telecom Networks,Medium,2026-01-16 16:35:00,2026-01-16 19:12:00,No,"Performed forensic triage on affected host, isolated system, initiated containment protocol.",Cloud Workload
ALT00101,Bharat Telecom Networks,Low,2026-02-11 12:19:00,2026-02-11 14:49:00,No,"Correlated with SIEM logs across 3 hosts, identified lateral movement attempt, escalated.",Identity Provider
ALT00102,Bharat Telecom Networks,Low,2026-02-15 12:49:00,2026-02-15 15:38:00,No,"Cross-referenced with threat intel feed, identified C2 communication pattern, escalated to IR team.",Database
ALT00103,Bharat Telecom Networks,Low,2026-03-24 00:15:00,2026-03-24 03:24:00,No,False positive.,Identity Provider
ALT00104,Bharat Telecom Networks,Low,2026-01-25 01:54:00,2026-01-25 04:29:00,No,"Performed forensic triage on affected host, isolated system, initiated containment protocol.",Server
ALT00105,Bharat Telecom Networks,Low,2026-02-22 12:26:00,2026-02-22 15:28:00,No,"Cross-referenced with threat intel feed, identified C2 communication pattern, escalated to IR team.",IoT Device
ALT00106,Bharat Telecom Networks,Low,2026-01-02 05:29:00,2026-01-02 08:10:00,Yes,"Correlated with SIEM logs across 3 hosts, identified lateral movement attempt, escalated.",Database
ALT00107,Bharat Telecom Networks,Low,2026-03-19 08:38:00,2026-03-19 11:26:00,No,Contacted asset owner and confirmed scheduled maintenance window covered the activity.,Firewall
ALT00108,Bharat Telecom Networks,Medium,2026-01-12 23:14:00,2026-01-13 01:52:00,No,"Cross-referenced with threat intel feed, identified C2 communication pattern, escalated to IR team.",Cloud Workload
ALT00109,Bharat Telecom Networks,Medium,2026-02-02 06:04:00,2026-02-02 08:37:00,No,False positive.,Cloud Workload
ALT00110,Bharat Telecom Networks,Medium,2026-02-01 14:37:00,2026-02-01 17:19:00,No,"Performed forensic triage on affected host, isolated system, initiated containment protocol.",Firewall
ALT00111,Bharat Telecom Networks,Critical,2026-03-09 08:24:00,2026-03-09 11:51:00,Yes,Analysed PCAP sample; payload matched benign monitoring agent heartbeat.,Network Device
ALT00112,Bharat Telecom Networks,Low,2026-02-03 08:10:00,2026-02-03 11:38:00,No,Reviewed EDR telemetry timeline; parent process traced to legitimate installer.,IoT Device
ALT00113,Bharat Telecom Networks,Medium,2026-01-18 21:30:00,2026-01-19 00:14:00,No,No further action required.,IoT Device
ALT00114,Bharat Telecom Networks,High,2026-03-02 19:21:00,2026-03-02 22:50:00,Yes,Reviewed EDR telemetry timeline; parent process traced to legitimate installer.,Network Device
ALT00115,Bharat Telecom Networks,Medium,2026-03-02 20:25:00,2026-03-02 23:10:00,No,False positive.,Identity Provider
ALT00116,Bharat Telecom Networks,Medium,2026-01-07 15:00:00,2026-01-07 18:18:00,No,Ran memory capture on affected host; no injected process artefacts identified.,Identity Provider
ALT00117,Bharat Telecom Networks,High,2026-03-28 08:18:00,2026-03-28 11:19:00,Yes,Ran memory capture on affected host; no injected process artefacts identified.,IoT Device
ALT00118,Bharat Telecom Networks,Medium,2026-03-01 17:16:00,2026-03-01 20:17:00,No,False positive.,Identity Provider
ALT00119,Bharat Telecom Networks,Low,2026-03-11 13:41:00,2026-03-11 16:26:00,No,False positive.,Network Device
ALT00120,Bharat Telecom Networks,High,2026-03-01 23:34:00,2026-03-02 02:20:00,Yes,No further action required.,Server
ALT00121,Bharat Telecom Networks,Medium,2026-02-23 04:39:00,2026-02-23 07:18:00,No,"Performed forensic triage on affected host, isolated system, initiated containment protocol.",IoT Device
ALT00122,Bharat Telecom Networks,Low,2026-03-09 01:57:00,2026-03-09 05:14:00,No,Contacted asset owner and confirmed scheduled maintenance window covered the activity.,Network Device
ALT00123,Bharat Telecom Networks,Medium,2026-01-07 00:00:00,2026-01-07 02:44:00,No,Closed as per standard procedure.,Database
ALT00124,Bharat Telecom Networks,Low,2026-03-04 17:30:00,2026-03-04 20:31:00,Yes,"Performed forensic triage on affected host, isolated system, initiated containment protocol.",Cloud Workload
ALT00125,Bharat Telecom Networks,Low,2026-01-06 21:02:00,2026-01-06 23:36:00,No,No further action required.,Endpoint
ALT00126,Bharat Telecom Networks,High,2026-02-11 03:20:00,2026-02-11 06:13:00,Yes,"Investigated source IP, confirmed malicious signature, blocked at firewall, root cause documented.",Identity Provider
ALT00127,Bharat Telecom Networks,High,2026-02-25 19:16:00,2026-02-25 22:29:00,Yes,No further action required.,Network Device
ALT00128,Bharat Telecom Networks,Medium,2026-02-20 23:25:00,2026-02-21 02:32:00,No,Contacted asset owner and confirmed scheduled maintenance window covered the activity.,Identity Provider
ALT00129,Bharat Telecom Networks,Low,2026-01-29 13:13:00,2026-01-29 15:50:00,No,Analysed PCAP sample; payload matched benign monitoring agent heartbeat.,Server
ALT00130,Bharat Telecom Networks,Medium,2026-03-04 06:53:00,2026-03-04 09:39:00,No,Reviewed and closed.,Server
ALT00131,Bharat Telecom Networks,High,2026-01-09 23:24:00,2026-01-10 02:33:00,No,False positive.,Cloud Workload
ALT00132,Bharat Telecom Networks,Medium,2026-02-06 10:19:00,2026-02-06 13:42:00,Yes,"Cross-referenced with threat intel feed, identified C2 communication pattern, escalated to IR team.",Cloud Workload
ALT00133,Bharat Telecom Networks,Low,2026-01-09 05:59:00,2026-01-09 09:28:00,No,False positive.,Database
ALT00134,Bharat Telecom Networks,Low,2026-02-17 23:12:00,2026-02-18 02:13:00,No,Ran memory capture on affected host; no injected process artefacts identified.,Network Device
ALT00135,Bharat Telecom Networks,High,2026-01-08 19:20:00,2026-01-08 22:39:00,Yes,"Correlated with SIEM logs across 3 hosts, identified lateral movement attempt, escalated.",Firewall
ALT00136,Bharat Telecom Networks,Low,2026-01-22 23:03:00,2026-01-23 01:40:00,No,Reviewed EDR telemetry timeline; parent process traced to legitimate installer.,Endpoint
ALT00137,Bharat Telecom Networks,High,2026-03-09 06:02:00,2026-03-09 08:46:00,Yes,"Investigated source IP, confirmed malicious signature, blocked at firewall, root cause documented.",Cloud Workload
ALT00138,Bharat Telecom Networks,Medium,2026-02-22 12:14:00,2026-02-22 15:02:00,No,"Investigated source IP, confirmed malicious signature, blocked at firewall, root cause documented.",IoT Device
ALT00139,Bharat Telecom Networks,Medium,2026-02-02 20:47:00,2026-02-02 23:58:00,Yes,No further action required.,Identity Provider
ALT00140,Bharat Telecom Networks,High,2026-02-03 23:10:00,2026-02-04 02:35:00,No,Reviewed EDR telemetry timeline; parent process traced to legitimate installer.,Cloud Workload
ALT00141,Bharat Telecom Networks,Low,2026-02-07 07:40:00,2026-02-07 10:31:00,Yes,Reviewed and closed.,IoT Device
ALT00142,Bharat Telecom Networks,Low,2026-03-29 13:20:00,2026-03-29 16:08:00,No,False positive.,Firewall
ALT00143,Bharat Telecom Networks,Low,2026-03-03 21:47:00,2026-03-04 00:40:00,No,Closed as per standard procedure.,Identity Provider
ALT00144,Bharat Telecom Networks,Low,2026-02-07 05:35:00,2026-02-07 08:27:00,Yes,Analysed PCAP sample; payload matched benign monitoring agent heartbeat.,Network Device
ALT00145,Bharat Telecom Networks,Medium,2026-01-12 19:14:00,2026-01-12 22:20:00,Yes,"Correlated with SIEM logs across 3 hosts, identified lateral movement attempt, escalated.",Firewall
ALT00146,Bharat Telecom Networks,Low,2026-03-25 18:57:00,2026-03-25 21:32:00,No,Closed as per standard procedure.,Server
ALT00147,Bharat Telecom Networks,Critical,2026-03-29 13:46:00,2026-03-29 16:46:00,Yes,Closed as per standard procedure.,Identity Provider
ALT00148,Bharat Telecom Networks,Medium,2026-03-16 13:48:00,2026-03-16 17:02:00,No,"Correlated with SIEM logs across 3 hosts, identified lateral movement attempt, escalated.",Network Device
ALT00149,Bharat Telecom Networks,Medium,2026-01-14 07:23:00,2026-01-14 10:46:00,No,Contacted asset owner and confirmed scheduled maintenance window covered the activity.,Endpoint
ALT00150,Bharat Telecom Networks,Medium,2026-01-31 00:49:00,2026-01-31 04:07:00,Yes,Ran memory capture on affected host; no injected process artefacts identified.,Network Device
ALT00151,Bharat Telecom Networks,Low,2026-03-23 05:00:00,2026-03-23 08:00:00,Yes,"Cross-referenced with threat intel feed, identified C2 communication pattern, escalated to IR team.",Network Device
ALT00152,Bharat Telecom Networks,Low,2026-01-05 09:13:00,2026-01-05 12:02:00,No,"Performed forensic triage on affected host, isolated system, initiated containment protocol.",Cloud Workload
ALT00153,Bharat Telecom Networks,High,2026-01-22 01:41:00,2026-01-22 05:08:00,Yes,"Correlated with SIEM logs across 3 hosts, identified lateral movement attempt, escalated.",IoT Device
ALT00154,Bharat Telecom Networks,High,2026-02-19 04:22:00,2026-02-19 07:50:00,Yes,Analysed PCAP sample; payload matched benign monitoring agent heartbeat.,Firewall
ALT00155,Bharat Telecom Networks,Low,2026-02-10 01:06:00,2026-02-10 04:18:00,No,Analysed PCAP sample; payload matched benign monitoring agent heartbeat.,Network Device
ALT00156,Bharat Telecom Networks,Low,2026-02-03 23:28:00,2026-02-04 02:35:00,Yes,Ran memory capture on affected host; no injected process artefacts identified.,Cloud Workload
ALT00157,Bharat Telecom Networks,Low,2026-03-27 23:37:00,2026-03-28 03:02:00,No,"Investigated source IP, confirmed malicious signature, blocked at firewall, root cause documented.",IoT Device
ALT00158,Bharat Telecom Networks,Medium,2026-03-03 02:27:00,2026-03-03 05:28:00,No,Closed as per standard procedure.,Identity Provider
ALT00159,Bharat Telecom Networks,Low,2026-01-01 10:14:00,2026-01-01 12:53:00,No,Closed as per standard procedure.,Server
ALT00160,Bharat Telecom Networks,Low,2026-03-03 18:08:00,2026-03-03 20:51:00,No,"Cross-referenced with threat intel feed, identified C2 communication pattern, escalated to IR team.",IoT Device
ALT00161,Bharat Telecom Networks,High,2026-03-30 21:22:00,2026-03-31 00:03:00,Yes,Reviewed EDR telemetry timeline; parent process traced to legitimate installer.,Endpoint
ALT00162,Bharat Telecom Networks,Medium,2026-01-25 16:35:00,2026-01-25 20:04:00,No,Reviewed and closed.,Identity Provider
ALT00163,Bharat Telecom Networks,Low,2026-01-29 09:25:00,2026-01-29 12:26:00,No,No further action required.,IoT Device
ALT00164,Bharat Telecom Networks,Low,2026-03-06 22:52:00,2026-03-07 02:12:00,No,Ran memory capture on affected host; no injected process artefacts identified.,Network Device
ALT00165,Bharat Telecom Networks,Medium,2026-03-08 19:49:00,2026-03-08 22:52:00,No,Closed as per standard procedure.,Database
ALT00166,Bharat Telecom Networks,Medium,2026-03-20 03:11:00,2026-03-20 06:03:00,Yes,Closed as per standard procedure.,Identity Provider
ALT00167,Bharat Telecom Networks,Medium,2026-01-22 12:42:00,2026-01-22 15:20:00,Yes,Reviewed and closed.,IoT Device
ALT00168,Bharat Telecom Networks,Low,2026-03-12 10:10:00,2026-03-12 13:35:00,Yes,Closed as per standard procedure.,Network Device
ALT00169,Bharat Telecom Networks,Low,2026-02-01 20:56:00,2026-02-02 00:04:00,No,False positive.,Identity Provider
ALT00170,Bharat Telecom Networks,Low,2026-03-06 01:09:00,2026-03-06 04:28:00,No,Contacted asset owner and confirmed scheduled maintenance window covered the activity.,IoT Device
ALT00171,Bharat Telecom Networks,Medium,2026-01-22 18:26:00,2026-01-22 21:35:00,No,Reviewed EDR telemetry timeline; parent process traced to legitimate installer.,Database
ALT00172,Bharat Telecom Networks,Low,2026-01-06 20:20:00,2026-01-06 23:41:00,Yes,"Correlated with SIEM logs across 3 hosts, identified lateral movement attempt, escalated.",Endpoint
ALT00173,Bharat Telecom Networks,High,2026-02-20 05:16:00,2026-02-20 08:46:00,No,False positive.,IoT Device
ALT00174,Bharat Telecom Networks,Low,2026-01-01 15:29:00,2026-01-01 17:59:00,No,"Cross-referenced with threat intel feed, identified C2 communication pattern, escalated to IR team.",Cloud Workload
ALT00175,Bharat Telecom Networks,High,2026-02-23 04:37:00,2026-02-23 07:26:00,Yes,Closed as per standard procedure.,Firewall
ALT00176,Bharat Telecom Networks,Low,2026-02-06 13:02:00,2026-02-06 16:07:00,Yes,"Performed forensic triage on affected host, isolated system, initiated containment protocol.",Endpoint
ALT00177,Bharat Telecom Networks,Low,2026-01-08 12:24:00,2026-01-08 14:57:00,Yes,Reviewed EDR telemetry timeline; parent process traced to legitimate installer.,IoT Device
ALT00178,Bharat Telecom Networks,Low,2026-03-09 09:42:00,2026-03-09 13:00:00,No,"Investigated source IP, confirmed malicious signature, blocked at firewall, root cause documented.",IoT Device
ALT00179,Bharat Telecom Networks,Low,2026-03-31 09:57:00,2026-03-31 13:08:00,No,Contacted asset owner and confirmed scheduled maintenance window covered the activity.,Network Device
ALT00180,Bharat Telecom Networks,Medium,2026-03-20 22:09:00,2026-03-21 01:22:00,No,"Investigated source IP, confirmed malicious signature, blocked at firewall, root cause documented.",Cloud Workload
ALT00181,Bharat Telecom Networks,Medium,2026-01-09 07:44:00,2026-01-09 10:55:00,No,"Investigated source IP, confirmed malicious signature, blocked at firewall, root cause documented.",Database
ALT00182,Bharat Telecom Networks,Low,2026-03-07 15:27:00,2026-03-07 17:57:00,Yes,"Performed forensic triage on affected host, isolated system, initiated containment protocol.",Network Device
ALT00183,Bharat Telecom Networks,Medium,2026-02-09 07:01:00,2026-02-09 10:31:00,No,"Cross-referenced with threat intel feed, identified C2 communication pattern, escalated to IR team.",Server
ALT00184,Bharat Telecom Networks,Medium,2026-03-08 05:01:00,2026-03-08 07:50:00,No,False positive.,Database
ALT00185,Bharat Telecom Networks,Medium,2026-01-07 07:27:00,2026-01-07 10:32:00,Yes,No further action required.,Identity Provider
ALT00186,Bharat Telecom Networks,Medium,2026-02-08 12:38:00,2026-02-08 16:06:00,No,"Correlated with SIEM logs across 3 hosts, identified lateral movement attempt, escalated.",IoT Device
ALT00187,Bharat Telecom Networks,Low,2026-02-11 02:49:00,2026-02-11 05:19:00,No,Analysed PCAP sample; payload matched benign monitoring agent heartbeat.,Cloud Workload
ALT00188,Bharat Telecom Networks,Low,2026-02-13 15:22:00,2026-02-13 18:30:00,Yes,"Performed forensic triage on affected host, isolated system, initiated containment protocol.",Endpoint
ALT00189,Bharat Telecom Networks,Medium,2026-02-24 23:54:00,2026-02-25 03:23:00,No,Reviewed and closed.,Firewall
ALT00190,Bharat Telecom Networks,Low,2026-01-26 20:59:00,2026-01-27 00:15:00,No,"Correlated with SIEM logs across 3 hosts, identified lateral movement attempt, escalated.",Identity Provider
ALT00191,Bharat Telecom Networks,Low,2026-01-21 03:47:00,2026-01-21 06:48:00,Yes,"Investigated source IP, confirmed malicious signature, blocked at firewall, root cause documented.",IoT Device
ALT00192,Bharat Telecom Networks,Critical,2026-02-18 10:17:00,2026-02-18 13:19:00,No,Closed as per standard procedure.,Server
ALT00193,Bharat Telecom Networks,Low,2026-01-07 14:30:00,2026-01-07 17:37:00,Yes,Closed as per standard procedure.,Network Device
ALT00194,Bharat Telecom Networks,Medium,2026-01-16 01:05:00,2026-01-16 04:05:00,No,"Cross-referenced with threat intel feed, identified C2 communication pattern, escalated to IR team.",Firewall
ALT00195,Bharat Telecom Networks,Low,2026-01-01 03:53:00,2026-01-01 07:05:00,Yes,"Investigated source IP, confirmed malicious signature, blocked at firewall, root cause documented.",Network Device
ALT00196,Bharat Telecom Networks,Low,2026-01-24 18:13:00,2026-01-24 20:46:00,Yes,Reviewed and closed.,Server
ALT00197,Bharat Telecom Networks,High,2026-03-09 09:36:00,2026-03-09 12:50:00,Yes,Ran memory capture on affected host; no injected process artefacts identified.,Endpoint
ALT00198,Bharat Telecom Networks,Critical,2026-02-25 07:23:00,2026-02-25 10:01:00,Yes,Closed as per standard procedure.,Cloud Workload
ALT00199,Bharat Telecom Networks,Critical,2026-03-20 07:11:00,2026-03-20 10:07:00,Yes,"Correlated with SIEM logs across 3 hosts, identified lateral movement attempt, escalated.",Firewall
ALT00200,Bharat Telecom Networks,Medium,2026-01-23 07:45:00,2026-01-23 11:03:00,Yes,Reviewed and closed.,IoT Device
ALT00201,Bharat Telecom Networks,Medium,2026-02-25 20:01:00,2026-02-25 23:31:00,No,Reviewed EDR telemetry timeline; parent process traced to legitimate installer.,Endpoint
ALT00202,Bharat Telecom Networks,High,2026-03-04 09:06:00,2026-03-04 12:33:00,Yes,"Cross-referenced with threat intel feed, identified C2 communication pattern, escalated to IR team.",Server
ALT00203,Bharat Telecom Networks,Medium,2026-03-30 19:43:00,2026-03-30 22:49:00,No,False positive.,Identity Provider
ALT00204,Bharat Telecom Networks,Low,2026-03-08 13:31:00,2026-03-08 16:43:00,Yes,Reviewed and closed.,Firewall
ALT00205,Bharat Telecom Networks,Low,2026-02-06 08:34:00,2026-02-06 12:00:00,Yes,False positive.,IoT Device
ALT00206,Bharat Telecom Networks,Medium,2026-02-19 20:45:00,2026-02-19 23:18:00,Yes,Reviewed and closed.,Network Device
ALT00207,Bharat Telecom Networks,Low,2026-02-07 09:39:00,2026-02-07 12:52:00,No,Ran memory capture on affected host; no injected process artefacts identified.,Server
ALT00208,Bharat Telecom Networks,Low,2026-03-16 06:06:00,2026-03-16 09:20:00,No,No further action required.,IoT Device
ALT00209,Bharat Telecom Networks,Low,2026-03-02 03:40:00,2026-03-02 06:20:00,No,No further action required.,Server
ALT00210,Bharat Telecom Networks,High,2026-01-10 09:10:00,2026-01-10 12:30:00,Yes,"Performed forensic triage on affected host, isolated system, initiated containment protocol.",Server
ALT00211,Bharat Telecom Networks,Low,2026-03-27 08:51:00,2026-03-27 11:41:00,No,Reviewed EDR telemetry timeline; parent process traced to legitimate installer.,Cloud Workload
ALT00212,Bharat Telecom Networks,High,2026-03-26 19:11:00,2026-03-26 22:05:00,Yes,Reviewed EDR telemetry timeline; parent process traced to legitimate installer.,Database
ALT00213,Bharat Telecom Networks,Low,2026-01-09 11:22:00,2026-01-09 14:33:00,No,Reviewed EDR telemetry timeline; parent process traced to legitimate installer.,Endpoint
ALT00214,Bharat Telecom Networks,Low,2026-02-05 05:52:00,2026-02-05 09:14:00,Yes,Analysed PCAP sample; payload matched benign monitoring agent heartbeat.,Database
ALT00215,Bharat Telecom Networks,Medium,2026-01-22 18:59:00,2026-01-22 22:15:00,Yes,Closed as per standard procedure.,Endpoint
ALT00216,Bharat Telecom Networks,Low,2026-02-14 11:30:00,2026-02-14 14:41:00,Yes,"Cross-referenced with threat intel feed, identified C2 communication pattern, escalated to IR team.",Network Device
ALT00217,Bharat Telecom Networks,Medium,2026-01-15 18:46:00,2026-01-15 21:44:00,No,Reviewed and closed.,Identity Provider
ALT00218,Bharat Telecom Networks,Low,2026-03-12 17:19:00,2026-03-12 20:39:00,No,"Investigated source IP, confirmed malicious signature, blocked at firewall, root cause documented.",IoT Device
ALT00219,Bharat Telecom Networks,Low,2026-03-24 23:21:00,2026-03-25 02:45:00,No,Contacted asset owner and confirmed scheduled maintenance window covered the activity.,IoT Device
ALT00220,Bharat Telecom Networks,Low,2026-02-28 18:00:00,2026-02-28 21:10:00,Yes,"Performed forensic triage on affected host, isolated system, initiated containment protocol.",Endpoint
ALT00001,Cauvery Logistics Corp,Low,2026-01-16 11:06:00,2026-01-16 13:36:00,No,Analysed PCAP sample; payload matched benign monitoring agent heartbeat.,Firewall
ALT00002,Cauvery Logistics Corp,Medium,2026-03-07 03:40:00,2026-03-07 07:01:00,No,Ran memory capture on affected host; no injected process artefacts identified.,IoT Device
ALT00003,Cauvery Logistics Corp,Medium,2026-02-13 14:33:00,2026-02-13 17:44:00,No,No further action required.,Server
ALT00004,Cauvery Logistics Corp,Medium,2026-03-19 14:26:00,2026-03-19 17:43:00,No,"Cross-referenced with threat intel feed, identified C2 communication pattern, escalated to IR team.",Endpoint
ALT00005,Cauvery Logistics Corp,Medium,2026-02-24 23:06:00,2026-02-25 01:56:00,No,Contacted asset owner and confirmed scheduled maintenance window covered the activity.,Firewall
ALT00006,Cauvery Logistics Corp,Medium,2026-02-07 08:22:00,2026-02-07 11:49:00,No,Ran memory capture on affected host; no injected process artefacts identified.,Server
ALT00007,Cauvery Logistics Corp,High,2026-01-30 01:51:00,2026-01-30 04:57:00,Yes,Contacted asset owner and confirmed scheduled maintenance window covered the activity.,IoT Device
ALT00008,Cauvery Logistics Corp,Low,2026-02-23 17:41:00,2026-02-23 20:47:00,No,Closed as per standard procedure.,Database
ALT00009,Cauvery Logistics Corp,Low,2026-02-26 03:54:00,2026-02-26 06:54:00,Yes,Reviewed and closed.,Identity Provider
ALT00010,Cauvery Logistics Corp,Medium,2026-01-20 13:11:00,2026-01-20 15:51:00,No,No further action required.,Server
ALT00011,Cauvery Logistics Corp,Medium,2026-03-07 19:56:00,2026-03-07 23:22:00,No,Reviewed EDR telemetry timeline; parent process traced to legitimate installer.,Database
ALT00012,Cauvery Logistics Corp,Medium,2026-02-11 10:51:00,2026-02-11 13:54:00,No,False positive.,Database
ALT00013,Cauvery Logistics Corp,Medium,2026-03-29 00:14:00,2026-03-29 02:49:00,No,Reviewed EDR telemetry timeline; parent process traced to legitimate installer.,Server
ALT00014,Cauvery Logistics Corp,Critical,2026-03-06 07:57:00,2026-03-06 10:40:00,Yes,Analysed PCAP sample; payload matched benign monitoring agent heartbeat.,IoT Device
ALT00015,Cauvery Logistics Corp,Low,2026-03-30 13:40:00,2026-03-30 17:10:00,No,"Correlated with SIEM logs across 3 hosts, identified lateral movement attempt, escalated.",Network Device
ALT00016,Cauvery Logistics Corp,Medium,2026-01-27 10:48:00,2026-01-27 13:46:00,No,Reviewed EDR telemetry timeline; parent process traced to legitimate installer.,Server
ALT00017,Cauvery Logistics Corp,High,2026-03-28 19:51:00,2026-03-28 22:58:00,Yes,False positive.,Database
ALT00018,Cauvery Logistics Corp,Medium,2026-01-30 19:50:00,2026-01-30 22:27:00,No,"Investigated source IP, confirmed malicious signature, blocked at firewall, root cause documented.",IoT Device
ALT00019,Cauvery Logistics Corp,Medium,2026-03-14 00:14:00,2026-03-14 02:57:00,No,"Investigated source IP, confirmed malicious signature, blocked at firewall, root cause documented.",Database
ALT00020,Cauvery Logistics Corp,Low,2026-03-05 01:11:00,2026-03-05 04:14:00,No,Closed as per standard procedure.,Server
ALT00021,Cauvery Logistics Corp,Low,2026-02-06 07:47:00,2026-02-06 10:53:00,No,"Investigated source IP, confirmed malicious signature, blocked at firewall, root cause documented.",Network Device
ALT00022,Cauvery Logistics Corp,Low,2026-03-03 06:35:00,2026-03-03 10:00:00,No,Analysed PCAP sample; payload matched benign monitoring agent heartbeat.,Database
ALT00023,Cauvery Logistics Corp,Low,2026-03-03 03:04:00,2026-03-03 05:58:00,No,Ran memory capture on affected host; no injected process artefacts identified.,Endpoint
ALT00024,Cauvery Logistics Corp,Medium,2026-02-12 08:13:00,2026-02-12 11:18:00,No,Reviewed EDR telemetry timeline; parent process traced to legitimate installer.,Cloud Workload
ALT00025,Cauvery Logistics Corp,Critical,2026-01-29 03:28:00,2026-01-29 06:41:00,Yes,Analysed PCAP sample; payload matched benign monitoring agent heartbeat.,Identity Provider
ALT00026,Cauvery Logistics Corp,Low,2026-02-08 15:35:00,2026-02-08 18:16:00,No,Contacted asset owner and confirmed scheduled maintenance window covered the activity.,Endpoint
ALT00027,Cauvery Logistics Corp,Low,2026-01-28 17:22:00,2026-01-28 20:30:00,No,Reviewed EDR telemetry timeline; parent process traced to legitimate installer.,Database
ALT00028,Cauvery Logistics Corp,Low,2026-03-24 00:34:00,2026-03-24 04:03:00,Yes,"Correlated with SIEM logs across 3 hosts, identified lateral movement attempt, escalated.",Endpoint
ALT00029,Cauvery Logistics Corp,Low,2026-02-13 03:38:00,2026-02-13 07:07:00,Yes,Reviewed EDR telemetry timeline; parent process traced to legitimate installer.,Database
ALT00030,Cauvery Logistics Corp,Low,2026-02-14 14:06:00,2026-02-14 17:02:00,Yes,False positive.,IoT Device
ALT00031,Cauvery Logistics Corp,Low,2026-01-19 03:15:00,2026-01-19 06:41:00,No,Analysed PCAP sample; payload matched benign monitoring agent heartbeat.,Server
ALT00032,Cauvery Logistics Corp,Low,2026-01-11 19:48:00,2026-01-11 23:16:00,No,"Cross-referenced with threat intel feed, identified C2 communication pattern, escalated to IR team.",Endpoint
ALT00033,Cauvery Logistics Corp,Low,2026-02-21 16:58:00,2026-02-21 19:51:00,Yes,Contacted asset owner and confirmed scheduled maintenance window covered the activity.,Endpoint
ALT00034,Cauvery Logistics Corp,High,2026-02-05 03:20:00,2026-02-05 06:16:00,Yes,Contacted asset owner and confirmed scheduled maintenance window covered the activity.,IoT Device
ALT00035,Cauvery Logistics Corp,Medium,2026-03-16 18:34:00,2026-03-16 21:26:00,No,"Investigated source IP, confirmed malicious signature, blocked at firewall, root cause documented.",Identity Provider
ALT00036,Cauvery Logistics Corp,Medium,2026-03-15 02:57:00,2026-03-15 06:08:00,Yes,"Correlated with SIEM logs across 3 hosts, identified lateral movement attempt, escalated.",Database
ALT00037,Cauvery Logistics Corp,Low,2026-01-12 18:25:00,2026-01-12 21:12:00,No,"Cross-referenced with threat intel feed, identified C2 communication pattern, escalated to IR team.",Database
ALT00038,Cauvery Logistics Corp,High,2026-02-04 19:54:00,2026-02-04 23:09:00,Yes,Ran memory capture on affected host; no injected process artefacts identified.,Identity Provider
ALT00039,Cauvery Logistics Corp,Low,2026-03-17 04:27:00,2026-03-17 06:57:00,No,False positive.,Network Device
ALT00040,Cauvery Logistics Corp,Medium,2026-01-15 05:37:00,2026-01-15 08:12:00,No,"Correlated with SIEM logs across 3 hosts, identified lateral movement attempt, escalated.",IoT Device
ALT00041,Cauvery Logistics Corp,Low,2026-02-06 10:53:00,2026-02-06 13:48:00,No,Contacted asset owner and confirmed scheduled maintenance window covered the activity.,Server
ALT00042,Cauvery Logistics Corp,Low,2026-02-27 15:34:00,2026-02-27 18:10:00,No,False positive.,Database
ALT00043,Cauvery Logistics Corp,Low,2026-01-17 17:29:00,2026-01-17 20:42:00,No,"Correlated with SIEM logs across 3 hosts, identified lateral movement attempt, escalated.",Network Device
ALT00044,Cauvery Logistics Corp,Low,2026-03-05 14:39:00,2026-03-05 17:38:00,No,False positive.,Database
ALT00045,Cauvery Logistics Corp,Low,2026-01-08 08:13:00,2026-01-08 11:29:00,No,"Investigated source IP, confirmed malicious signature, blocked at firewall, root cause documented.",Endpoint
ALT00046,Cauvery Logistics Corp,Low,2026-02-28 02:45:00,2026-02-28 05:51:00,No,False positive.,IoT Device
ALT00047,Cauvery Logistics Corp,Critical,2026-03-27 07:16:00,2026-03-27 10:31:00,No,Closed as per standard procedure.,IoT Device
ALT00048,Cauvery Logistics Corp,Medium,2026-02-28 05:12:00,2026-02-28 08:37:00,No,"Correlated with SIEM logs across 3 hosts, identified lateral movement attempt, escalated.",Database
ALT00049,Cauvery Logistics Corp,Critical,2026-03-15 10:52:00,2026-03-15 13:32:00,Yes,Reviewed and closed.,Database
ALT00050,Cauvery Logistics Corp,Low,2026-03-04 11:16:00,2026-03-04 14:40:00,Yes,Reviewed EDR telemetry timeline; parent process traced to legitimate installer.,Cloud Workload
ALT00051,Cauvery Logistics Corp,Low,2026-03-21 08:40:00,2026-03-21 11:35:00,No,Analysed PCAP sample; payload matched benign monitoring agent heartbeat.,Endpoint
ALT00052,Cauvery Logistics Corp,Critical,2026-02-21 00:31:00,2026-02-21 03:19:00,No,Analysed PCAP sample; payload matched benign monitoring agent heartbeat.,Server
ALT00053,Cauvery Logistics Corp,Medium,2026-01-14 07:31:00,2026-01-14 10:45:00,No,Contacted asset owner and confirmed scheduled maintenance window covered the activity.,Firewall
ALT00054,Cauvery Logistics Corp,Medium,2026-03-18 02:01:00,2026-03-18 04:34:00,No,False positive.,Cloud Workload
ALT00055,Cauvery Logistics Corp,Medium,2026-03-25 03:56:00,2026-03-25 07:00:00,Yes,Closed as per standard procedure.,Network Device
ALT00056,Cauvery Logistics Corp,Low,2026-03-10 12:09:00,2026-03-10 14:44:00,Yes,"Performed forensic triage on affected host, isolated system, initiated containment protocol.",Endpoint
ALT00057,Cauvery Logistics Corp,Low,2026-01-10 23:21:00,2026-01-11 02:39:00,No,"Correlated with SIEM logs across 3 hosts, identified lateral movement attempt, escalated.",Network Device
ALT00058,Cauvery Logistics Corp,Low,2026-01-08 12:11:00,2026-01-08 14:52:00,No,"Cross-referenced with threat intel feed, identified C2 communication pattern, escalated to IR team.",Identity Provider
ALT00059,Cauvery Logistics Corp,Medium,2026-03-23 16:13:00,2026-03-23 19:16:00,Yes,No further action required.,Server
ALT00060,Cauvery Logistics Corp,Low,2026-03-15 20:01:00,2026-03-15 23:09:00,No,Reviewed and closed.,Server
ALT00061,Cauvery Logistics Corp,Low,2026-03-09 18:49:00,2026-03-09 21:43:00,No,Ran memory capture on affected host; no injected process artefacts identified.,Firewall
ALT00062,Cauvery Logistics Corp,Low,2026-02-04 15:38:00,2026-02-04 19:01:00,Yes,Contacted asset owner and confirmed scheduled maintenance window covered the activity.,Server
ALT00063,Cauvery Logistics Corp,Critical,2026-02-16 20:49:00,2026-02-16 23:29:00,Yes,Analysed PCAP sample; payload matched benign monitoring agent heartbeat.,IoT Device
ALT00064,Cauvery Logistics Corp,Low,2026-02-05 11:26:00,2026-02-05 14:26:00,No,False positive.,Network Device
ALT00065,Cauvery Logistics Corp,Low,2026-02-04 10:00:00,2026-02-04 13:02:00,Yes,Analysed PCAP sample; payload matched benign monitoring agent heartbeat.,Endpoint
ALT00066,Cauvery Logistics Corp,Medium,2026-02-13 04:33:00,2026-02-13 07:57:00,No,"Investigated source IP, confirmed malicious signature, blocked at firewall, root cause documented.",Endpoint
ALT00067,Cauvery Logistics Corp,Low,2026-02-13 04:52:00,2026-02-13 07:52:00,No,Ran memory capture on affected host; no injected process artefacts identified.,Database
ALT00068,Cauvery Logistics Corp,Medium,2026-01-22 05:25:00,2026-01-22 08:20:00,No,"Correlated with SIEM logs across 3 hosts, identified lateral movement attempt, escalated.",IoT Device
ALT00069,Cauvery Logistics Corp,Low,2026-02-20 06:25:00,2026-02-20 09:43:00,Yes,"Investigated source IP, confirmed malicious signature, blocked at firewall, root cause documented.",Network Device
ALT00070,Cauvery Logistics Corp,Low,2026-01-09 10:48:00,2026-01-09 13:34:00,No,"Correlated with SIEM logs across 3 hosts, identified lateral movement attempt, escalated.",Server
ALT00071,Cauvery Logistics Corp,Low,2026-03-28 05:09:00,2026-03-28 08:17:00,No,Contacted asset owner and confirmed scheduled maintenance window covered the activity.,Firewall
ALT00072,Cauvery Logistics Corp,Medium,2026-03-05 09:08:00,2026-03-05 11:59:00,Yes,No further action required.,Identity Provider
ALT00073,Cauvery Logistics Corp,Low,2026-02-03 17:55:00,2026-02-03 21:15:00,No,Reviewed EDR telemetry timeline; parent process traced to legitimate installer.,IoT Device
ALT00074,Cauvery Logistics Corp,Low,2026-02-04 07:41:00,2026-02-04 10:21:00,Yes,"Cross-referenced with threat intel feed, identified C2 communication pattern, escalated to IR team.",Network Device
ALT00075,Cauvery Logistics Corp,Low,2026-02-14 04:23:00,2026-02-14 07:38:00,No,Reviewed and closed.,Server
ALT00076,Cauvery Logistics Corp,High,2026-03-02 18:38:00,2026-03-02 21:15:00,Yes,Reviewed and closed.,IoT Device
ALT00077,Cauvery Logistics Corp,Low,2026-02-19 06:49:00,2026-02-19 09:40:00,No,Reviewed EDR telemetry timeline; parent process traced to legitimate installer.,Server
ALT00078,Cauvery Logistics Corp,Low,2026-01-19 17:07:00,2026-01-19 20:28:00,No,"Investigated source IP, confirmed malicious signature, blocked at firewall, root cause documented.",Network Device
ALT00079,Cauvery Logistics Corp,Low,2026-02-06 16:58:00,2026-02-06 20:21:00,No,Reviewed and closed.,Network Device
ALT00080,Cauvery Logistics Corp,Low,2026-02-19 06:35:00,2026-02-19 09:42:00,No,"Performed forensic triage on affected host, isolated system, initiated containment protocol.",Server
ALT00081,Cauvery Logistics Corp,Critical,2026-01-09 08:27:00,2026-01-09 11:17:00,Yes,Reviewed EDR telemetry timeline; parent process traced to legitimate installer.,Server
ALT00082,Cauvery Logistics Corp,Medium,2026-02-07 23:57:00,2026-02-08 02:45:00,Yes,False positive.,Database
ALT00083,Cauvery Logistics Corp,Medium,2026-01-02 18:13:00,2026-01-02 21:21:00,No,"Investigated source IP, confirmed malicious signature, blocked at firewall, root cause documented.",Database
ALT00084,Cauvery Logistics Corp,Low,2026-03-29 11:20:00,2026-03-29 14:48:00,No,Ran memory capture on affected host; no injected process artefacts identified.,Database
ALT00085,Cauvery Logistics Corp,Low,2026-01-01 02:02:00,2026-01-01 04:39:00,No,False positive.,IoT Device
ALT00086,Cauvery Logistics Corp,High,2026-03-07 14:54:00,2026-03-07 18:23:00,Yes,"Correlated with SIEM logs across 3 hosts, identified lateral movement attempt, escalated.",Server
ALT00087,Cauvery Logistics Corp,Medium,2026-02-07 23:31:00,2026-02-08 02:52:00,No,False positive.,IoT Device
ALT00088,Cauvery Logistics Corp,Medium,2026-01-06 18:17:00,2026-01-06 21:41:00,Yes,Closed as per standard procedure.,Database
ALT00089,Cauvery Logistics Corp,Low,2026-03-31 03:00:00,2026-03-31 06:09:00,No,Reviewed and closed.,Endpoint
ALT00090,Cauvery Logistics Corp,Medium,2026-02-26 14:50:00,2026-02-26 18:00:00,Yes,Reviewed EDR telemetry timeline; parent process traced to legitimate installer.,Endpoint
ALT00091,Cauvery Logistics Corp,Medium,2026-01-08 23:42:00,2026-01-09 03:07:00,No,"Cross-referenced with threat intel feed, identified C2 communication pattern, escalated to IR team.",Firewall
ALT00092,Cauvery Logistics Corp,Low,2026-02-09 17:46:00,2026-02-09 21:06:00,No,Contacted asset owner and confirmed scheduled maintenance window covered the activity.,IoT Device
ALT00093,Cauvery Logistics Corp,Low,2026-02-07 01:12:00,2026-02-07 04:14:00,No,Reviewed and closed.,Identity Provider
ALT00094,Cauvery Logistics Corp,Low,2026-01-29 06:39:00,2026-01-29 09:54:00,Yes,Analysed PCAP sample; payload matched benign monitoring agent heartbeat.,Server
ALT00095,Cauvery Logistics Corp,Low,2026-03-12 17:44:00,2026-03-12 21:03:00,No,Reviewed and closed.,Server
ALT00096,Cauvery Logistics Corp,Low,2026-02-28 20:42:00,2026-02-28 23:56:00,No,Closed as per standard procedure.,Cloud Workload
ALT00097,Cauvery Logistics Corp,High,2026-03-05 17:59:00,2026-03-05 21:08:00,No,Ran memory capture on affected host; no injected process artefacts identified.,Network Device
ALT00098,Cauvery Logistics Corp,High,2026-01-27 17:48:00,2026-01-27 21:13:00,No,Contacted asset owner and confirmed scheduled maintenance window covered the activity.,Network Device
ALT00099,Cauvery Logistics Corp,Medium,2026-03-22 22:06:00,2026-03-23 01:01:00,No,Analysed PCAP sample; payload matched benign monitoring agent heartbeat.,Endpoint
ALT00100,Cauvery Logistics Corp,High,2026-03-09 13:54:00,2026-03-09 16:43:00,Yes,"Cross-referenced with threat intel feed, identified C2 communication pattern, escalated to IR team.",Firewall
ALT00101,Cauvery Logistics Corp,Low,2026-03-04 00:29:00,2026-03-04 03:04:00,No,False positive.,Firewall
ALT00102,Cauvery Logistics Corp,Low,2026-01-07 06:22:00,2026-01-07 09:47:00,No,False positive.,IoT Device
ALT00103,Cauvery Logistics Corp,Low,2026-02-17 16:26:00,2026-02-17 19:00:00,No,Ran memory capture on affected host; no injected process artefacts identified.,Endpoint
ALT00104,Cauvery Logistics Corp,Low,2026-01-20 09:39:00,2026-01-20 12:31:00,No,Contacted asset owner and confirmed scheduled maintenance window covered the activity.,IoT Device
ALT00105,Cauvery Logistics Corp,Medium,2026-02-08 23:02:00,2026-02-09 02:15:00,No,"Cross-referenced with threat intel feed, identified C2 communication pattern, escalated to IR team.",Database
ALT00106,Cauvery Logistics Corp,Critical,2026-02-05 12:04:00,2026-02-05 15:12:00,Yes,"Correlated with SIEM logs across 3 hosts, identified lateral movement attempt, escalated.",Network Device
ALT00107,Cauvery Logistics Corp,Medium,2026-02-12 02:11:00,2026-02-12 05:24:00,No,Reviewed EDR telemetry timeline; parent process traced to legitimate installer.,Database
ALT00108,Cauvery Logistics Corp,Low,2026-01-01 23:41:00,2026-01-02 03:09:00,No,Ran memory capture on affected host; no injected process artefacts identified.,Endpoint
ALT00109,Cauvery Logistics Corp,Medium,2026-02-10 10:44:00,2026-02-10 13:20:00,No,"Investigated source IP, confirmed malicious signature, blocked at firewall, root cause documented.",Firewall
ALT00110,Cauvery Logistics Corp,Low,2026-01-21 10:20:00,2026-01-21 13:31:00,Yes,False positive.,Endpoint
ALT00111,Cauvery Logistics Corp,Medium,2026-03-17 18:40:00,2026-03-17 21:17:00,Yes,No further action required.,Server
ALT00112,Cauvery Logistics Corp,Critical,2026-02-25 22:02:00,2026-02-26 00:58:00,Yes,"Correlated with SIEM logs across 3 hosts, identified lateral movement attempt, escalated.",Database
ALT00113,Cauvery Logistics Corp,Low,2026-02-26 01:58:00,2026-02-26 05:01:00,No,Ran memory capture on affected host; no injected process artefacts identified.,Database
ALT00114,Cauvery Logistics Corp,Low,2026-03-19 01:27:00,2026-03-19 04:24:00,No,No further action required.,Firewall
ALT00115,Cauvery Logistics Corp,Low,2026-02-26 16:49:00,2026-02-26 19:22:00,No,"Performed forensic triage on affected host, isolated system, initiated containment protocol.",Network Device
ALT00116,Cauvery Logistics Corp,High,2026-03-25 09:01:00,2026-03-25 11:39:00,Yes,Reviewed EDR telemetry timeline; parent process traced to legitimate installer.,Server
ALT00117,Cauvery Logistics Corp,Low,2026-03-13 05:21:00,2026-03-13 07:53:00,No,"Correlated with SIEM logs across 3 hosts, identified lateral movement attempt, escalated.",IoT Device
ALT00118,Cauvery Logistics Corp,Low,2026-01-12 14:34:00,2026-01-12 17:19:00,Yes,"Cross-referenced with threat intel feed, identified C2 communication pattern, escalated to IR team.",Endpoint
ALT00119,Cauvery Logistics Corp,Low,2026-03-02 19:35:00,2026-03-02 22:07:00,No,"Correlated with SIEM logs across 3 hosts, identified lateral movement attempt, escalated.",Identity Provider
ALT00120,Cauvery Logistics Corp,Low,2026-01-11 17:25:00,2026-01-11 20:30:00,No,No further action required.,Identity Provider
ALT00121,Cauvery Logistics Corp,High,2026-02-22 14:50:00,2026-02-22 18:09:00,Yes,Closed as per standard procedure.,Server
ALT00122,Cauvery Logistics Corp,Medium,2026-01-09 09:33:00,2026-01-09 12:59:00,No,Reviewed and closed.,Network Device
ALT00123,Cauvery Logistics Corp,Medium,2026-01-04 03:27:00,2026-01-04 06:21:00,No,Contacted asset owner and confirmed scheduled maintenance window covered the activity.,Network Device
ALT00124,Cauvery Logistics Corp,High,2026-02-08 14:42:00,2026-02-08 17:57:00,Yes,"Cross-referenced with threat intel feed, identified C2 communication pattern, escalated to IR team.",Identity Provider
ALT00125,Cauvery Logistics Corp,Low,2026-02-02 10:51:00,2026-02-02 13:57:00,No,Closed as per standard procedure.,Database
ALT00126,Cauvery Logistics Corp,Low,2026-02-09 16:58:00,2026-02-09 20:02:00,No,Ran memory capture on affected host; no injected process artefacts identified.,Identity Provider
ALT00127,Cauvery Logistics Corp,Medium,2026-03-13 01:27:00,2026-03-13 04:25:00,No,Analysed PCAP sample; payload matched benign monitoring agent heartbeat.,Firewall
ALT00128,Cauvery Logistics Corp,High,2026-01-11 08:29:00,2026-01-11 11:53:00,No,Reviewed EDR telemetry timeline; parent process traced to legitimate installer.,IoT Device
ALT00129,Cauvery Logistics Corp,Low,2026-03-05 22:50:00,2026-03-06 01:55:00,Yes,Reviewed and closed.,Server
ALT00130,Cauvery Logistics Corp,Low,2026-01-16 18:11:00,2026-01-16 21:24:00,No,Reviewed and closed.,Database
ALT00131,Cauvery Logistics Corp,High,2026-01-07 03:24:00,2026-01-07 06:39:00,Yes,Analysed PCAP sample; payload matched benign monitoring agent heartbeat.,Cloud Workload
ALT00132,Cauvery Logistics Corp,Low,2026-02-17 06:04:00,2026-02-17 09:13:00,Yes,No further action required.,Identity Provider
ALT00133,Cauvery Logistics Corp,Medium,2026-01-08 12:06:00,2026-01-08 14:45:00,No,Analysed PCAP sample; payload matched benign monitoring agent heartbeat.,Identity Provider
ALT00134,Cauvery Logistics Corp,Low,2026-03-20 02:32:00,2026-03-20 05:49:00,No,"Cross-referenced with threat intel feed, identified C2 communication pattern, escalated to IR team.",Database
ALT00135,Cauvery Logistics Corp,Low,2026-02-20 07:10:00,2026-02-20 09:47:00,No,"Cross-referenced with threat intel feed, identified C2 communication pattern, escalated to IR team.",Cloud Workload
ALT00136,Cauvery Logistics Corp,Critical,2026-03-18 03:31:00,2026-03-18 06:08:00,Yes,No further action required.,Cloud Workload
ALT00137,Cauvery Logistics Corp,High,2026-03-18 00:42:00,2026-03-18 03:17:00,Yes,Analysed PCAP sample; payload matched benign monitoring agent heartbeat.,IoT Device
ALT00138,Cauvery Logistics Corp,Medium,2026-03-15 13:12:00,2026-03-15 16:12:00,No,Analysed PCAP sample; payload matched benign monitoring agent heartbeat.,Cloud Workload
ALT00139,Cauvery Logistics Corp,Low,2026-03-14 19:30:00,2026-03-14 22:44:00,No,Reviewed and closed.,IoT Device
ALT00140,Cauvery Logistics Corp,Low,2026-03-15 03:49:00,2026-03-15 06:29:00,No,Ran memory capture on affected host; no injected process artefacts identified.,Cloud Workload
ALT00141,Cauvery Logistics Corp,Medium,2026-02-25 04:56:00,2026-02-25 07:43:00,Yes,Analysed PCAP sample; payload matched benign monitoring agent heartbeat.,Firewall
ALT00142,Cauvery Logistics Corp,Low,2026-02-22 18:27:00,2026-02-22 21:22:00,Yes,"Performed forensic triage on affected host, isolated system, initiated containment protocol.",IoT Device
ALT00143,Cauvery Logistics Corp,Low,2026-02-04 08:40:00,2026-02-04 11:42:00,No,Ran memory capture on affected host; no injected process artefacts identified.,IoT Device
ALT00144,Cauvery Logistics Corp,Low,2026-03-06 20:43:00,2026-03-06 23:19:00,Yes,No further action required.,Firewall
ALT00145,Cauvery Logistics Corp,Low,2026-03-29 10:29:00,2026-03-29 13:43:00,No,Reviewed and closed.,IoT Device
ALT00146,Cauvery Logistics Corp,Medium,2026-03-12 08:52:00,2026-03-12 11:37:00,No,Reviewed EDR telemetry timeline; parent process traced to legitimate installer.,Server
ALT00147,Cauvery Logistics Corp,Medium,2026-02-21 09:10:00,2026-02-21 11:57:00,No,Contacted asset owner and confirmed scheduled maintenance window covered the activity.,Database
ALT00148,Cauvery Logistics Corp,Critical,2026-03-11 16:28:00,2026-03-11 19:49:00,No,No further action required.,Server
ALT00149,Cauvery Logistics Corp,Low,2026-02-02 21:39:00,2026-02-03 00:47:00,No,Analysed PCAP sample; payload matched benign monitoring agent heartbeat.,Database
ALT00150,Cauvery Logistics Corp,Low,2026-03-08 16:23:00,2026-03-08 19:35:00,No,Reviewed and closed.,Database
ALT00151,Cauvery Logistics Corp,Critical,2026-01-19 20:43:00,2026-01-19 23:38:00,Yes,Closed as per standard procedure.,IoT Device
ALT00152,Cauvery Logistics Corp,Low,2026-03-02 00:03:00,2026-03-02 03:29:00,No,Closed as per standard procedure.,Server
ALT00153,Cauvery Logistics Corp,Low,2026-02-03 00:38:00,2026-02-03 03:13:00,Yes,Reviewed EDR telemetry timeline; parent process traced to legitimate installer.,IoT Device
ALT00154,Cauvery Logistics Corp,Low,2026-01-12 20:34:00,2026-01-12 23:41:00,Yes,False positive.,Identity Provider
ALT00155,Cauvery Logistics Corp,Medium,2026-03-07 05:35:00,2026-03-07 08:40:00,No,"Performed forensic triage on affected host, isolated system, initiated containment protocol.",Server
ALT00156,Cauvery Logistics Corp,Low,2026-02-13 14:27:00,2026-02-13 17:50:00,No,Reviewed EDR telemetry timeline; parent process traced to legitimate installer.,Identity Provider
ALT00157,Cauvery Logistics Corp,Low,2026-03-07 07:36:00,2026-03-07 10:25:00,No,"Cross-referenced with threat intel feed, identified C2 communication pattern, escalated to IR team.",Database
ALT00158,Cauvery Logistics Corp,High,2026-03-28 06:01:00,2026-03-28 08:41:00,Yes,Closed as per standard procedure.,Endpoint
ALT00159,Cauvery Logistics Corp,Medium,2026-01-25 02:16:00,2026-01-25 05:05:00,No,Analysed PCAP sample; payload matched benign monitoring agent heartbeat.,Network Device
ALT00160,Cauvery Logistics Corp,High,2026-01-09 18:49:00,2026-01-09 22:19:00,No,"Correlated with SIEM logs across 3 hosts, identified lateral movement attempt, escalated.",Firewall
ALT00161,Cauvery Logistics Corp,Medium,2026-03-16 19:02:00,2026-03-16 22:32:00,Yes,"Performed forensic triage on affected host, isolated system, initiated containment protocol.",Cloud Workload
ALT00162,Cauvery Logistics Corp,Low,2026-03-02 14:09:00,2026-03-02 17:13:00,No,Analysed PCAP sample; payload matched benign monitoring agent heartbeat.,Endpoint
ALT00163,Cauvery Logistics Corp,High,2026-03-16 17:36:00,2026-03-16 20:48:00,No,Reviewed EDR telemetry timeline; parent process traced to legitimate installer.,Database
ALT00164,Cauvery Logistics Corp,Medium,2026-02-08 16:47:00,2026-02-08 19:27:00,Yes,Reviewed EDR telemetry timeline; parent process traced to legitimate installer.,Database
ALT00165,Cauvery Logistics Corp,Medium,2026-01-26 21:38:00,2026-01-27 00:33:00,No,"Cross-referenced with threat intel feed, identified C2 communication pattern, escalated to IR team.",Network Device
ALT00166,Cauvery Logistics Corp,High,2026-03-05 02:15:00,2026-03-05 05:16:00,Yes,Closed as per standard procedure.,Endpoint
ALT00167,Cauvery Logistics Corp,Medium,2026-01-22 18:45:00,2026-01-22 21:36:00,No,"Cross-referenced with threat intel feed, identified C2 communication pattern, escalated to IR team.",Server
ALT00168,Cauvery Logistics Corp,Low,2026-03-10 01:11:00,2026-03-10 04:28:00,No,Reviewed EDR telemetry timeline; parent process traced to legitimate installer.,Database
ALT00169,Cauvery Logistics Corp,Critical,2026-01-27 13:40:00,2026-01-27 16:24:00,No,Reviewed EDR telemetry timeline; parent process traced to legitimate installer.,Server
ALT00170,Cauvery Logistics Corp,Low,2026-01-25 08:25:00,2026-01-25 11:29:00,Yes,Analysed PCAP sample; payload matched benign monitoring agent heartbeat.,Identity Provider
ALT00171,Cauvery Logistics Corp,Medium,2026-01-16 14:08:00,2026-01-16 16:48:00,No,Reviewed EDR telemetry timeline; parent process traced to legitimate installer.,Endpoint
ALT00172,Cauvery Logistics Corp,Low,2026-03-09 16:23:00,2026-03-09 18:59:00,No,"Investigated source IP, confirmed malicious signature, blocked at firewall, root cause documented.",Database
ALT00173,Cauvery Logistics Corp,High,2026-03-04 00:26:00,2026-03-04 03:53:00,No,Reviewed EDR telemetry timeline; parent process traced to legitimate installer.,Identity Provider
ALT00174,Cauvery Logistics Corp,Low,2026-02-20 21:06:00,2026-02-20 23:56:00,No,"Performed forensic triage on affected host, isolated system, initiated containment protocol.",Identity Provider
ALT00175,Cauvery Logistics Corp,Critical,2026-01-24 19:05:00,2026-01-24 22:21:00,Yes,No further action required.,Firewall
ALT00176,Cauvery Logistics Corp,Medium,2026-02-08 20:09:00,2026-02-08 23:16:00,Yes,Analysed PCAP sample; payload matched benign monitoring agent heartbeat.,Endpoint
ALT00177,Cauvery Logistics Corp,Low,2026-02-02 09:05:00,2026-02-02 12:11:00,No,"Performed forensic triage on affected host, isolated system, initiated containment protocol.",Firewall
ALT00178,Cauvery Logistics Corp,Low,2026-03-24 18:41:00,2026-03-24 21:11:00,No,Contacted asset owner and confirmed scheduled maintenance window covered the activity.,IoT Device
ALT00179,Cauvery Logistics Corp,Low,2026-03-24 01:20:00,2026-03-24 03:50:00,No,"Cross-referenced with threat intel feed, identified C2 communication pattern, escalated to IR team.",Identity Provider
ALT00180,Cauvery Logistics Corp,High,2026-01-22 02:38:00,2026-01-22 05:56:00,Yes,Reviewed EDR telemetry timeline; parent process traced to legitimate installer.,Identity Provider
ALT00181,Cauvery Logistics Corp,Medium,2026-01-17 14:43:00,2026-01-17 17:21:00,No,Reviewed and closed.,Database
ALT00182,Cauvery Logistics Corp,Low,2026-01-17 22:03:00,2026-01-18 00:37:00,No,"Performed forensic triage on affected host, isolated system, initiated containment protocol.",Endpoint
ALT00183,Cauvery Logistics Corp,Low,2026-03-16 06:00:00,2026-03-16 09:26:00,No,Contacted asset owner and confirmed scheduled maintenance window covered the activity.,Database
ALT00184,Cauvery Logistics Corp,Critical,2026-01-01 19:50:00,2026-01-01 23:12:00,No,Reviewed and closed.,Database
ALT00185,Cauvery Logistics Corp,Low,2026-03-15 03:21:00,2026-03-15 06:04:00,No,"Cross-referenced with threat intel feed, identified C2 communication pattern, escalated to IR team.",Identity Provider
ALT00186,Cauvery Logistics Corp,Low,2026-01-04 21:41:00,2026-01-05 01:00:00,Yes,"Performed forensic triage on affected host, isolated system, initiated containment protocol.",Endpoint
ALT00187,Cauvery Logistics Corp,Low,2026-03-31 09:40:00,2026-03-31 12:16:00,No,Reviewed and closed.,Database
ALT00188,Cauvery Logistics Corp,Low,2026-02-27 06:24:00,2026-02-27 09:29:00,Yes,False positive.,Firewall
ALT00189,Cauvery Logistics Corp,Low,2026-01-11 13:56:00,2026-01-11 16:32:00,No,Reviewed and closed.,Endpoint
ALT00001,Eastern Grid Utility,Medium,2026-01-16 17:48:00,2026-01-16 20:57:00,Yes,Contacted asset owner and confirmed scheduled maintenance window covered the activity.,Network Device
ALT00002,Eastern Grid Utility,Medium,2026-03-24 08:50:00,2026-03-24 11:42:00,No,False positive.,Server
ALT00003,Eastern Grid Utility,High,2026-01-13 19:29:00,2026-01-13 22:00:00,Yes,"Cross-referenced with threat intel feed, identified C2 communication pattern, escalated to IR team.",Firewall
ALT00004,Eastern Grid Utility,Low,2026-01-26 05:40:00,2026-01-26 08:21:00,No,Reviewed EDR telemetry timeline; parent process traced to legitimate installer.,Endpoint
ALT00005,Eastern Grid Utility,Medium,2026-01-13 22:51:00,2026-01-14 02:01:00,No,Reviewed and closed.,IoT Device
ALT00006,Eastern Grid Utility,Low,2026-03-20 01:57:00,2026-03-20 04:29:00,No,"Performed forensic triage on affected host, isolated system, initiated containment protocol.",IoT Device
ALT00007,Eastern Grid Utility,Low,2026-02-17 17:38:00,2026-02-17 20:11:00,No,Reviewed EDR telemetry timeline; parent process traced to legitimate installer.,Firewall
ALT00008,Eastern Grid Utility,High,2026-01-05 17:13:00,2026-01-05 20:43:00,No,Closed as per standard procedure.,Cloud Workload
ALT00009,Eastern Grid Utility,Low,2026-01-27 05:28:00,2026-01-27 08:15:00,Yes,"Investigated source IP, confirmed malicious signature, blocked at firewall, root cause documented.",Endpoint
ALT00010,Eastern Grid Utility,Medium,2026-03-25 18:29:00,2026-03-25 21:18:00,No,Analysed PCAP sample; payload matched benign monitoring agent heartbeat.,IoT Device
ALT00011,Eastern Grid Utility,Low,2026-03-13 13:05:00,2026-03-13 15:54:00,No,"Investigated source IP, confirmed malicious signature, blocked at firewall, root cause documented.",Database
ALT00012,Eastern Grid Utility,Low,2026-02-27 17:55:00,2026-02-27 21:18:00,No,No further action required.,Database
ALT00013,Eastern Grid Utility,Low,2026-02-05 05:28:00,2026-02-05 08:25:00,No,Ran memory capture on affected host; no injected process artefacts identified.,Identity Provider
ALT00014,Eastern Grid Utility,Low,2026-02-25 10:46:00,2026-02-25 13:34:00,Yes,"Cross-referenced with threat intel feed, identified C2 communication pattern, escalated to IR team.",Firewall
ALT00015,Eastern Grid Utility,High,2026-02-16 06:43:00,2026-02-16 10:13:00,Yes,Ran memory capture on affected host; no injected process artefacts identified.,IoT Device
ALT00016,Eastern Grid Utility,High,2026-03-27 18:25:00,2026-03-27 21:18:00,Yes,Reviewed EDR telemetry timeline; parent process traced to legitimate installer.,IoT Device
ALT00017,Eastern Grid Utility,Medium,2026-03-23 19:18:00,2026-03-23 21:48:00,No,Closed as per standard procedure.,Firewall
ALT00018,Eastern Grid Utility,Low,2026-01-10 23:11:00,2026-01-11 02:22:00,No,Contacted asset owner and confirmed scheduled maintenance window covered the activity.,Firewall
ALT00019,Eastern Grid Utility,Low,2026-03-25 02:11:00,2026-03-25 05:35:00,No,Ran memory capture on affected host; no injected process artefacts identified.,Identity Provider
ALT00020,Eastern Grid Utility,Low,2026-01-06 09:54:00,2026-01-06 12:41:00,Yes,Reviewed EDR telemetry timeline; parent process traced to legitimate installer.,Server
ALT00021,Eastern Grid Utility,Medium,2026-02-05 11:13:00,2026-02-05 14:35:00,No,No further action required.,Database
ALT00022,Eastern Grid Utility,Medium,2026-03-12 05:47:00,2026-03-12 08:45:00,No,False positive.,Firewall
ALT00023,Eastern Grid Utility,Low,2026-03-18 06:10:00,2026-03-18 09:24:00,No,Closed as per standard procedure.,Network Device
ALT00024,Eastern Grid Utility,Critical,2026-02-21 03:09:00,2026-02-21 05:54:00,No,No further action required.,Network Device
ALT00025,Eastern Grid Utility,High,2026-02-23 22:10:00,2026-02-24 01:19:00,No,Closed as per standard procedure.,Server
ALT00026,Eastern Grid Utility,High,2026-02-19 21:33:00,2026-02-20 00:49:00,No,Reviewed EDR telemetry timeline; parent process traced to legitimate installer.,Server
ALT00027,Eastern Grid Utility,Critical,2026-01-28 20:01:00,2026-01-28 22:59:00,Yes,Ran memory capture on affected host; no injected process artefacts identified.,IoT Device
ALT00028,Eastern Grid Utility,Low,2026-02-10 21:44:00,2026-02-11 01:04:00,No,"Performed forensic triage on affected host, isolated system, initiated containment protocol.",IoT Device
ALT00029,Eastern Grid Utility,Low,2026-02-17 21:32:00,2026-02-18 01:01:00,Yes,"Performed forensic triage on affected host, isolated system, initiated containment protocol.",Database
ALT00030,Eastern Grid Utility,Low,2026-03-14 14:23:00,2026-03-14 17:17:00,No,Reviewed and closed.,Identity Provider
ALT00031,Eastern Grid Utility,Low,2026-01-28 13:02:00,2026-01-28 16:29:00,No,No further action required.,IoT Device
ALT00032,Eastern Grid Utility,Low,2026-03-21 09:30:00,2026-03-21 12:45:00,No,Reviewed and closed.,Identity Provider
ALT00033,Eastern Grid Utility,High,2026-02-20 17:15:00,2026-02-20 20:44:00,Yes,Reviewed and closed.,Network Device
ALT00034,Eastern Grid Utility,Medium,2026-01-24 17:06:00,2026-01-24 20:27:00,Yes,Closed as per standard procedure.,Database
ALT00035,Eastern Grid Utility,Low,2026-03-30 12:25:00,2026-03-30 15:41:00,No,Analysed PCAP sample; payload matched benign monitoring agent heartbeat.,Database
ALT00036,Eastern Grid Utility,Critical,2026-01-18 08:30:00,2026-01-18 11:23:00,Yes,Analysed PCAP sample; payload matched benign monitoring agent heartbeat.,Firewall
ALT00037,Eastern Grid Utility,Low,2026-03-08 04:27:00,2026-03-08 07:13:00,Yes,"Investigated source IP, confirmed malicious signature, blocked at firewall, root cause documented.",Cloud Workload
ALT00038,Eastern Grid Utility,Low,2026-01-22 10:00:00,2026-01-22 13:12:00,No,No further action required.,Network Device
ALT00039,Eastern Grid Utility,Low,2026-02-25 22:18:00,2026-02-26 01:01:00,Yes,Contacted asset owner and confirmed scheduled maintenance window covered the activity.,Identity Provider
ALT00040,Eastern Grid Utility,Low,2026-01-05 05:30:00,2026-01-05 08:58:00,No,Analysed PCAP sample; payload matched benign monitoring agent heartbeat.,Firewall
ALT00041,Eastern Grid Utility,Medium,2026-03-09 02:24:00,2026-03-09 05:01:00,No,Contacted asset owner and confirmed scheduled maintenance window covered the activity.,Endpoint
ALT00042,Eastern Grid Utility,High,2026-02-24 12:32:00,2026-02-24 15:31:00,Yes,"Correlated with SIEM logs across 3 hosts, identified lateral movement attempt, escalated.",Cloud Workload
ALT00043,Eastern Grid Utility,Low,2026-03-04 10:41:00,2026-03-04 14:00:00,No,Contacted asset owner and confirmed scheduled maintenance window covered the activity.,Server
ALT00044,Eastern Grid Utility,Low,2026-03-18 11:09:00,2026-03-18 14:31:00,Yes,Analysed PCAP sample; payload matched benign monitoring agent heartbeat.,Firewall
ALT00045,Eastern Grid Utility,Medium,2026-03-13 19:19:00,2026-03-13 22:45:00,No,Analysed PCAP sample; payload matched benign monitoring agent heartbeat.,Firewall
ALT00046,Eastern Grid Utility,Low,2026-01-29 17:02:00,2026-01-29 20:23:00,No,No further action required.,Network Device
ALT00047,Eastern Grid Utility,Low,2026-01-01 20:37:00,2026-01-01 23:55:00,No,Ran memory capture on affected host; no injected process artefacts identified.,IoT Device
ALT00048,Eastern Grid Utility,Medium,2026-02-20 03:41:00,2026-02-20 06:37:00,No,Contacted asset owner and confirmed scheduled maintenance window covered the activity.,Firewall
ALT00049,Eastern Grid Utility,Low,2026-01-05 09:02:00,2026-01-05 12:27:00,No,"Correlated with SIEM logs across 3 hosts, identified lateral movement attempt, escalated.",Endpoint
ALT00050,Eastern Grid Utility,High,2026-01-07 23:22:00,2026-01-08 02:19:00,Yes,"Correlated with SIEM logs across 3 hosts, identified lateral movement attempt, escalated.",Endpoint
ALT00051,Eastern Grid Utility,Low,2026-03-04 03:47:00,2026-03-04 06:33:00,No,Closed as per standard procedure.,Cloud Workload
ALT00052,Eastern Grid Utility,Low,2026-02-24 06:51:00,2026-02-24 09:41:00,No,"Correlated with SIEM logs across 3 hosts, identified lateral movement attempt, escalated.",Endpoint
ALT00053,Eastern Grid Utility,Low,2026-01-15 23:40:00,2026-01-16 02:24:00,No,Ran memory capture on affected host; no injected process artefacts identified.,Cloud Workload
ALT00054,Eastern Grid Utility,Low,2026-01-26 08:01:00,2026-01-26 11:29:00,Yes,Analysed PCAP sample; payload matched benign monitoring agent heartbeat.,Database
ALT00055,Eastern Grid Utility,High,2026-03-06 04:25:00,2026-03-06 07:34:00,Yes,Analysed PCAP sample; payload matched benign monitoring agent heartbeat.,Server
ALT00056,Eastern Grid Utility,Low,2026-03-20 18:36:00,2026-03-20 21:46:00,Yes,"Performed forensic triage on affected host, isolated system, initiated containment protocol.",Endpoint
ALT00057,Eastern Grid Utility,Low,2026-03-07 14:20:00,2026-03-07 17:35:00,Yes,Reviewed EDR telemetry timeline; parent process traced to legitimate installer.,Cloud Workload
ALT00058,Eastern Grid Utility,Medium,2026-02-19 22:59:00,2026-02-20 02:03:00,No,Contacted asset owner and confirmed scheduled maintenance window covered the activity.,Endpoint
ALT00059,Eastern Grid Utility,High,2026-02-12 13:49:00,2026-02-12 16:50:00,Yes,"Correlated with SIEM logs across 3 hosts, identified lateral movement attempt, escalated.",IoT Device
ALT00060,Eastern Grid Utility,Medium,2026-03-06 14:06:00,2026-03-06 17:20:00,No,No further action required.,Cloud Workload
ALT00061,Eastern Grid Utility,Critical,2026-01-09 00:35:00,2026-01-09 03:28:00,Yes,Analysed PCAP sample; payload matched benign monitoring agent heartbeat.,Server
ALT00062,Eastern Grid Utility,Medium,2026-03-26 11:15:00,2026-03-26 14:10:00,No,"Cross-referenced with threat intel feed, identified C2 communication pattern, escalated to IR team.",Firewall
ALT00063,Eastern Grid Utility,Critical,2026-02-21 02:16:00,2026-02-21 05:13:00,Yes,"Performed forensic triage on affected host, isolated system, initiated containment protocol.",Database
ALT00064,Eastern Grid Utility,Low,2026-01-08 03:41:00,2026-01-08 06:49:00,Yes,Ran memory capture on affected host; no injected process artefacts identified.,Database
ALT00065,Eastern Grid Utility,Medium,2026-03-24 06:57:00,2026-03-24 09:55:00,Yes,"Investigated source IP, confirmed malicious signature, blocked at firewall, root cause documented.",Database
ALT00066,Eastern Grid Utility,Medium,2026-03-11 17:53:00,2026-03-11 20:46:00,No,"Correlated with SIEM logs across 3 hosts, identified lateral movement attempt, escalated.",Identity Provider
ALT00067,Eastern Grid Utility,Medium,2026-01-23 12:49:00,2026-01-23 15:37:00,No,Analysed PCAP sample; payload matched benign monitoring agent heartbeat.,Database
ALT00068,Eastern Grid Utility,Low,2026-03-16 07:44:00,2026-03-16 10:45:00,No,"Performed forensic triage on affected host, isolated system, initiated containment protocol.",IoT Device
ALT00069,Eastern Grid Utility,Medium,2026-03-17 05:25:00,2026-03-17 08:04:00,Yes,"Performed forensic triage on affected host, isolated system, initiated containment protocol.",Endpoint
ALT00070,Eastern Grid Utility,Critical,2026-01-27 04:37:00,2026-01-27 07:44:00,Yes,Ran memory capture on affected host; no injected process artefacts identified.,Identity Provider
ALT00071,Eastern Grid Utility,Low,2026-01-21 08:08:00,2026-01-21 10:54:00,Yes,"Performed forensic triage on affected host, isolated system, initiated containment protocol.",Network Device
ALT00072,Eastern Grid Utility,Medium,2026-03-21 05:46:00,2026-03-21 09:04:00,No,"Cross-referenced with threat intel feed, identified C2 communication pattern, escalated to IR team.",IoT Device
ALT00073,Eastern Grid Utility,Low,2026-02-01 06:04:00,2026-02-01 09:06:00,No,"Cross-referenced with threat intel feed, identified C2 communication pattern, escalated to IR team.",Network Device
ALT00074,Eastern Grid Utility,Low,2026-03-11 05:51:00,2026-03-11 08:38:00,No,Ran memory capture on affected host; no injected process artefacts identified.,Identity Provider
ALT00075,Eastern Grid Utility,Low,2026-01-18 12:03:00,2026-01-18 15:26:00,Yes,Analysed PCAP sample; payload matched benign monitoring agent heartbeat.,Identity Provider
ALT00076,Eastern Grid Utility,High,2026-02-09 08:39:00,2026-02-09 11:23:00,No,"Correlated with SIEM logs across 3 hosts, identified lateral movement attempt, escalated.",Database
ALT00077,Eastern Grid Utility,High,2026-01-23 23:32:00,2026-01-24 02:15:00,No,"Performed forensic triage on affected host, isolated system, initiated containment protocol.",Identity Provider
ALT00078,Eastern Grid Utility,Low,2026-01-28 23:34:00,2026-01-29 02:29:00,No,"Correlated with SIEM logs across 3 hosts, identified lateral movement attempt, escalated.",Database
ALT00079,Eastern Grid Utility,Low,2026-02-09 09:33:00,2026-02-09 12:15:00,No,"Correlated with SIEM logs across 3 hosts, identified lateral movement attempt, escalated.",Firewall
ALT00080,Eastern Grid Utility,Medium,2026-02-23 11:51:00,2026-02-23 15:16:00,No,False positive.,Server
ALT00081,Eastern Grid Utility,Low,2026-03-05 08:30:00,2026-03-05 11:54:00,Yes,"Correlated with SIEM logs across 3 hosts, identified lateral movement attempt, escalated.",Cloud Workload
ALT00082,Eastern Grid Utility,Medium,2026-02-18 18:17:00,2026-02-18 20:54:00,No,False positive.,IoT Device
ALT00083,Eastern Grid Utility,Low,2026-03-31 04:37:00,2026-03-31 07:44:00,No,Ran memory capture on affected host; no injected process artefacts identified.,Endpoint
ALT00084,Eastern Grid Utility,Low,2026-01-11 03:36:00,2026-01-11 06:53:00,No,Analysed PCAP sample; payload matched benign monitoring agent heartbeat.,Database
ALT00085,Eastern Grid Utility,High,2026-02-23 08:03:00,2026-02-23 11:18:00,Yes,Reviewed EDR telemetry timeline; parent process traced to legitimate installer.,Network Device
ALT00086,Eastern Grid Utility,Low,2026-01-02 19:01:00,2026-01-02 22:20:00,No,Analysed PCAP sample; payload matched benign monitoring agent heartbeat.,Server
ALT00087,Eastern Grid Utility,Low,2026-03-10 12:31:00,2026-03-10 15:14:00,No,"Investigated source IP, confirmed malicious signature, blocked at firewall, root cause documented.",Server
ALT00088,Eastern Grid Utility,Medium,2026-01-21 20:36:00,2026-01-21 23:20:00,No,Reviewed EDR telemetry timeline; parent process traced to legitimate installer.,Cloud Workload
ALT00089,Eastern Grid Utility,High,2026-02-14 08:53:00,2026-02-14 11:28:00,Yes,"Correlated with SIEM logs across 3 hosts, identified lateral movement attempt, escalated.",Database
ALT00090,Eastern Grid Utility,Low,2026-03-18 20:32:00,2026-03-18 23:04:00,No,"Performed forensic triage on affected host, isolated system, initiated containment protocol.",Identity Provider
ALT00091,Eastern Grid Utility,Low,2026-01-08 18:29:00,2026-01-08 21:24:00,Yes,"Performed forensic triage on affected host, isolated system, initiated containment protocol.",Cloud Workload
ALT00092,Eastern Grid Utility,Medium,2026-03-10 00:55:00,2026-03-10 04:24:00,No,Ran memory capture on affected host; no injected process artefacts identified.,Firewall
ALT00093,Eastern Grid Utility,Medium,2026-03-07 21:00:00,2026-03-08 00:20:00,No,False positive.,Cloud Workload
ALT00094,Eastern Grid Utility,Medium,2026-03-18 23:24:00,2026-03-19 02:05:00,No,"Correlated with SIEM logs across 3 hosts, identified lateral movement attempt, escalated.",Endpoint
ALT00095,Eastern Grid Utility,Low,2026-02-27 21:51:00,2026-02-28 01:12:00,No,"Cross-referenced with threat intel feed, identified C2 communication pattern, escalated to IR team.",Network Device
ALT00096,Eastern Grid Utility,Low,2026-03-03 22:35:00,2026-03-04 01:46:00,No,Analysed PCAP sample; payload matched benign monitoring agent heartbeat.,Endpoint
ALT00097,Eastern Grid Utility,Medium,2026-03-09 00:01:00,2026-03-09 03:11:00,No,"Performed forensic triage on affected host, isolated system, initiated containment protocol.",Endpoint
ALT00098,Eastern Grid Utility,Low,2026-02-12 18:53:00,2026-02-12 21:32:00,Yes,Contacted asset owner and confirmed scheduled maintenance window covered the activity.,IoT Device
ALT00099,Eastern Grid Utility,High,2026-01-23 08:56:00,2026-01-23 12:09:00,Yes,No further action required.,IoT Device
ALT00100,Eastern Grid Utility,High,2026-01-31 20:30:00,2026-01-31 23:21:00,Yes,Ran memory capture on affected host; no injected process artefacts identified.,Cloud Workload
ALT00101,Eastern Grid Utility,Medium,2026-01-28 21:33:00,2026-01-29 00:06:00,No,Contacted asset owner and confirmed scheduled maintenance window covered the activity.,IoT Device
ALT00102,Eastern Grid Utility,Critical,2026-03-27 07:54:00,2026-03-27 11:21:00,No,"Investigated source IP, confirmed malicious signature, blocked at firewall, root cause documented.",Database
ALT00103,Eastern Grid Utility,Low,2026-03-16 06:14:00,2026-03-16 09:13:00,No,Reviewed EDR telemetry timeline; parent process traced to legitimate installer.,Identity Provider
ALT00104,Eastern Grid Utility,Low,2026-03-23 08:56:00,2026-03-23 11:53:00,Yes,"Correlated with SIEM logs across 3 hosts, identified lateral movement attempt, escalated.",Endpoint
ALT00105,Eastern Grid Utility,Low,2026-03-25 09:46:00,2026-03-25 12:16:00,No,Closed as per standard procedure.,IoT Device
ALT00106,Eastern Grid Utility,Low,2026-01-25 18:44:00,2026-01-25 21:53:00,No,"Investigated source IP, confirmed malicious signature, blocked at firewall, root cause documented.",Endpoint
ALT00107,Eastern Grid Utility,High,2026-01-26 11:59:00,2026-01-26 14:32:00,Yes,"Correlated with SIEM logs across 3 hosts, identified lateral movement attempt, escalated.",Cloud Workload
ALT00108,Eastern Grid Utility,High,2026-03-17 21:19:00,2026-03-18 00:40:00,Yes,No further action required.,Server
ALT00109,Eastern Grid Utility,Low,2026-03-08 21:59:00,2026-03-09 01:29:00,No,"Cross-referenced with threat intel feed, identified C2 communication pattern, escalated to IR team.",Database
ALT00110,Eastern Grid Utility,Low,2026-02-14 09:22:00,2026-02-14 11:56:00,No,False positive.,Network Device
ALT00111,Eastern Grid Utility,Low,2026-03-19 03:27:00,2026-03-19 06:36:00,No,"Correlated with SIEM logs across 3 hosts, identified lateral movement attempt, escalated.",Server
ALT00112,Eastern Grid Utility,Low,2026-01-02 09:06:00,2026-01-02 11:40:00,No,"Investigated source IP, confirmed malicious signature, blocked at firewall, root cause documented.",Firewall
ALT00113,Eastern Grid Utility,Low,2026-02-09 04:53:00,2026-02-09 07:38:00,No,Contacted asset owner and confirmed scheduled maintenance window covered the activity.,Server
ALT00114,Eastern Grid Utility,Low,2026-01-30 12:06:00,2026-01-30 15:27:00,Yes,"Correlated with SIEM logs across 3 hosts, identified lateral movement attempt, escalated.",Identity Provider
ALT00115,Eastern Grid Utility,Critical,2026-02-11 03:17:00,2026-02-11 06:12:00,Yes,False positive.,Server
ALT00116,Eastern Grid Utility,Low,2026-01-31 13:03:00,2026-01-31 16:15:00,No,"Correlated with SIEM logs across 3 hosts, identified lateral movement attempt, escalated.",Cloud Workload
ALT00117,Eastern Grid Utility,Low,2026-03-05 17:46:00,2026-03-05 20:57:00,No,Ran memory capture on affected host; no injected process artefacts identified.,Database
ALT00118,Eastern Grid Utility,Low,2026-01-09 02:10:00,2026-01-09 05:32:00,No,Contacted asset owner and confirmed scheduled maintenance window covered the activity.,IoT Device
ALT00119,Eastern Grid Utility,Low,2026-01-11 19:17:00,2026-01-11 22:18:00,No,"Investigated source IP, confirmed malicious signature, blocked at firewall, root cause documented.",Server
ALT00120,Eastern Grid Utility,Medium,2026-01-23 23:48:00,2026-01-24 02:40:00,Yes,"Performed forensic triage on affected host, isolated system, initiated containment protocol.",Cloud Workload
ALT00121,Eastern Grid Utility,Low,2026-01-14 05:04:00,2026-01-14 08:15:00,No,Reviewed and closed.,IoT Device
ALT00122,Eastern Grid Utility,Low,2026-02-10 11:44:00,2026-02-10 14:42:00,Yes,Ran memory capture on affected host; no injected process artefacts identified.,Network Device
ALT00123,Eastern Grid Utility,Low,2026-02-06 01:02:00,2026-02-06 04:21:00,Yes,Analysed PCAP sample; payload matched benign monitoring agent heartbeat.,Identity Provider
ALT00124,Eastern Grid Utility,Low,2026-02-16 11:55:00,2026-02-16 15:02:00,No,Closed as per standard procedure.,Firewall
ALT00125,Eastern Grid Utility,Low,2026-01-13 01:38:00,2026-01-13 05:03:00,No,Closed as per standard procedure.,Database
ALT00126,Eastern Grid Utility,Medium,2026-03-05 11:42:00,2026-03-05 15:08:00,No,No further action required.,Identity Provider
ALT00127,Eastern Grid Utility,High,2026-03-15 12:03:00,2026-03-15 15:05:00,Yes,Reviewed EDR telemetry timeline; parent process traced to legitimate installer.,Database
ALT00128,Eastern Grid Utility,Critical,2026-03-28 09:22:00,2026-03-28 12:37:00,Yes,Closed as per standard procedure.,Database
ALT00129,Eastern Grid Utility,Medium,2026-03-28 12:00:00,2026-03-28 15:23:00,No,"Performed forensic triage on affected host, isolated system, initiated containment protocol.",IoT Device
ALT00130,Eastern Grid Utility,Medium,2026-03-24 01:56:00,2026-03-24 04:36:00,Yes,False positive.,Endpoint
ALT00131,Eastern Grid Utility,Low,2026-02-23 00:52:00,2026-02-23 03:40:00,No,Contacted asset owner and confirmed scheduled maintenance window covered the activity.,Cloud Workload
ALT00132,Eastern Grid Utility,Low,2026-03-11 07:13:00,2026-03-11 10:36:00,No,Ran memory capture on affected host; no injected process artefacts identified.,Server
ALT00133,Eastern Grid Utility,Medium,2026-03-06 11:00:00,2026-03-06 13:53:00,No,"Cross-referenced with threat intel feed, identified C2 communication pattern, escalated to IR team.",Network Device
ALT00134,Eastern Grid Utility,Low,2026-03-18 02:49:00,2026-03-18 05:37:00,No,"Investigated source IP, confirmed malicious signature, blocked at firewall, root cause documented.",Cloud Workload
ALT00135,Eastern Grid Utility,Low,2026-01-19 06:34:00,2026-01-19 09:34:00,Yes,Contacted asset owner and confirmed scheduled maintenance window covered the activity.,Identity Provider
ALT00136,Eastern Grid Utility,Low,2026-02-02 09:13:00,2026-02-02 12:28:00,No,Contacted asset owner and confirmed scheduled maintenance window covered the activity.,Firewall
ALT00137,Eastern Grid Utility,High,2026-01-02 06:22:00,2026-01-02 08:55:00,Yes,"Investigated source IP, confirmed malicious signature, blocked at firewall, root cause documented.",Database
ALT00138,Eastern Grid Utility,Low,2026-03-12 04:14:00,2026-03-12 07:31:00,Yes,No further action required.,Server
ALT00139,Eastern Grid Utility,Low,2026-02-06 06:10:00,2026-02-06 08:53:00,No,Analysed PCAP sample; payload matched benign monitoring agent heartbeat.,Cloud Workload
ALT00140,Eastern Grid Utility,Medium,2026-02-19 03:36:00,2026-02-19 06:08:00,No,Contacted asset owner and confirmed scheduled maintenance window covered the activity.,Cloud Workload
ALT00141,Eastern Grid Utility,High,2026-01-01 12:30:00,2026-01-01 15:26:00,Yes,Closed as per standard procedure.,Server
ALT00142,Eastern Grid Utility,Low,2026-02-06 11:32:00,2026-02-06 14:33:00,No,"Correlated with SIEM logs across 3 hosts, identified lateral movement attempt, escalated.",Cloud Workload
ALT00143,Eastern Grid Utility,Low,2026-01-17 12:11:00,2026-01-17 15:18:00,Yes,"Performed forensic triage on affected host, isolated system, initiated containment protocol.",IoT Device
ALT00144,Eastern Grid Utility,Medium,2026-03-12 18:54:00,2026-03-12 21:37:00,No,Analysed PCAP sample; payload matched benign monitoring agent heartbeat.,Network Device
ALT00145,Eastern Grid Utility,Low,2026-03-26 21:55:00,2026-03-27 01:18:00,No,"Performed forensic triage on affected host, isolated system, initiated containment protocol.",Firewall
ALT00146,Eastern Grid Utility,Low,2026-01-27 11:45:00,2026-01-27 14:59:00,No,"Cross-referenced with threat intel feed, identified C2 communication pattern, escalated to IR team.",Identity Provider
ALT00147,Eastern Grid Utility,Medium,2026-02-05 01:32:00,2026-02-05 04:58:00,No,No further action required.,Server
ALT00148,Eastern Grid Utility,Low,2026-03-08 01:39:00,2026-03-08 05:09:00,No,"Correlated with SIEM logs across 3 hosts, identified lateral movement attempt, escalated.",Firewall
ALT00149,Eastern Grid Utility,Low,2026-01-25 16:08:00,2026-01-25 18:54:00,No,Reviewed and closed.,Database
ALT00150,Eastern Grid Utility,Medium,2026-03-24 10:18:00,2026-03-24 13:38:00,No,Reviewed and closed.,Database
ALT00151,Eastern Grid Utility,Low,2026-02-12 18:23:00,2026-02-12 21:44:00,No,False positive.,Cloud Workload
ALT00152,Eastern Grid Utility,Medium,2026-03-13 06:31:00,2026-03-13 09:35:00,Yes,False positive.,Server
ALT00153,Eastern Grid Utility,Medium,2026-03-29 17:06:00,2026-03-29 20:32:00,No,No further action required.,Server
ALT00154,Eastern Grid Utility,Medium,2026-03-28 06:17:00,2026-03-28 09:36:00,No,Ran memory capture on affected host; no injected process artefacts identified.,Server
ALT00155,Eastern Grid Utility,Low,2026-01-09 00:32:00,2026-01-09 03:46:00,No,Reviewed EDR telemetry timeline; parent process traced to legitimate installer.,Identity Provider
ALT00156,Eastern Grid Utility,Critical,2026-01-23 03:15:00,2026-01-23 05:48:00,No,Contacted asset owner and confirmed scheduled maintenance window covered the activity.,Database
ALT00157,Eastern Grid Utility,Low,2026-02-14 09:31:00,2026-02-14 12:52:00,No,Closed as per standard procedure.,IoT Device
ALT00158,Eastern Grid Utility,Low,2026-02-16 20:24:00,2026-02-16 23:20:00,Yes,Ran memory capture on affected host; no injected process artefacts identified.,Cloud Workload
ALT00159,Eastern Grid Utility,Low,2026-02-22 23:13:00,2026-02-23 02:36:00,No,Contacted asset owner and confirmed scheduled maintenance window covered the activity.,Endpoint
ALT00160,Eastern Grid Utility,High,2026-01-29 00:51:00,2026-01-29 04:01:00,Yes,"Performed forensic triage on affected host, isolated system, initiated containment protocol.",Server
ALT00161,Eastern Grid Utility,Low,2026-01-27 12:03:00,2026-01-27 15:11:00,No,Reviewed EDR telemetry timeline; parent process traced to legitimate installer.,Cloud Workload
ALT00162,Eastern Grid Utility,Low,2026-01-17 09:13:00,2026-01-17 11:49:00,No,Closed as per standard procedure.,Endpoint
ALT00163,Eastern Grid Utility,High,2026-03-18 20:13:00,2026-03-18 22:52:00,Yes,Reviewed EDR telemetry timeline; parent process traced to legitimate installer.,Database
ALT00164,Eastern Grid Utility,Low,2026-02-05 00:06:00,2026-02-05 03:20:00,No,Reviewed EDR telemetry timeline; parent process traced to legitimate installer.,Network Device
ALT00165,Eastern Grid Utility,Low,2026-01-20 03:01:00,2026-01-20 06:28:00,No,Contacted asset owner and confirmed scheduled maintenance window covered the activity.,Firewall
ALT00166,Eastern Grid Utility,High,2026-01-07 21:26:00,2026-01-08 00:36:00,Yes,Ran memory capture on affected host; no injected process artefacts identified.,Identity Provider
ALT00167,Eastern Grid Utility,Critical,2026-03-02 22:58:00,2026-03-03 02:25:00,No,"Correlated with SIEM logs across 3 hosts, identified lateral movement attempt, escalated.",Network Device
ALT00168,Eastern Grid Utility,High,2026-01-18 18:29:00,2026-01-18 21:45:00,No,"Correlated with SIEM logs across 3 hosts, identified lateral movement attempt, escalated.",Database
ALT00169,Eastern Grid Utility,High,2026-02-15 11:42:00,2026-02-15 14:34:00,Yes,No further action required.,Network Device
ALT00170,Eastern Grid Utility,Low,2026-01-29 03:37:00,2026-01-29 06:35:00,No,Ran memory capture on affected host; no injected process artefacts identified.,Server
ALT00171,Eastern Grid Utility,Medium,2026-02-24 06:45:00,2026-02-24 09:44:00,No,"Correlated with SIEM logs across 3 hosts, identified lateral movement attempt, escalated.",Server
ALT00172,Eastern Grid Utility,High,2026-02-07 01:58:00,2026-02-07 05:23:00,Yes,No further action required.,Network Device
ALT00173,Eastern Grid Utility,Low,2026-02-09 09:52:00,2026-02-09 13:13:00,No,Reviewed and closed.,Server
ALT00174,Eastern Grid Utility,Medium,2026-01-25 10:25:00,2026-01-25 12:57:00,No,"Investigated source IP, confirmed malicious signature, blocked at firewall, root cause documented.",Server
ALT00175,Eastern Grid Utility,Low,2026-02-06 02:58:00,2026-02-06 05:56:00,Yes,"Investigated source IP, confirmed malicious signature, blocked at firewall, root cause documented.",Endpoint
ALT00176,Eastern Grid Utility,High,2026-03-14 17:07:00,2026-03-14 20:21:00,Yes,"Performed forensic triage on affected host, isolated system, initiated containment protocol.",IoT Device
ALT00177,Eastern Grid Utility,Low,2026-03-22 17:24:00,2026-03-22 20:23:00,Yes,Analysed PCAP sample; payload matched benign monitoring agent heartbeat.,Cloud Workload
ALT00178,Eastern Grid Utility,Low,2026-02-18 15:29:00,2026-02-18 18:55:00,No,"Cross-referenced with threat intel feed, identified C2 communication pattern, escalated to IR team.",Identity Provider
ALT00179,Eastern Grid Utility,Low,2026-03-25 13:43:00,2026-03-25 17:09:00,No,False positive.,Network Device
ALT00180,Eastern Grid Utility,High,2026-01-31 10:09:00,2026-01-31 12:54:00,Yes,Ran memory capture on affected host; no injected process artefacts identified.,Firewall
ALT00181,Eastern Grid Utility,Medium,2026-02-11 16:40:00,2026-02-11 19:18:00,No,Analysed PCAP sample; payload matched benign monitoring agent heartbeat.,Server
ALT00182,Eastern Grid Utility,Low,2026-03-19 12:51:00,2026-03-19 15:27:00,No,"Investigated source IP, confirmed malicious signature, blocked at firewall, root cause documented.",Endpoint
ALT00183,Eastern Grid Utility,Critical,2026-02-26 17:34:00,2026-02-26 20:52:00,No,Closed as per standard procedure.,Endpoint
ALT00184,Eastern Grid Utility,Medium,2026-02-22 16:20:00,2026-02-22 18:56:00,Yes,Closed as per standard procedure.,IoT Device
ALT00185,Eastern Grid Utility,Medium,2026-03-16 23:36:00,2026-03-17 02:54:00,No,"Correlated with SIEM logs across 3 hosts, identified lateral movement attempt, escalated.",Identity Provider
ALT00186,Eastern Grid Utility,Low,2026-02-03 21:11:00,2026-02-04 00:15:00,No,"Cross-referenced with threat intel feed, identified C2 communication pattern, escalated to IR team.",Endpoint
ALT00187,Eastern Grid Utility,Low,2026-03-21 05:56:00,2026-03-21 08:48:00,No,"Performed forensic triage on affected host, isolated system, initiated containment protocol.",Endpoint
ALT00188,Eastern Grid Utility,High,2026-02-27 22:14:00,2026-02-28 01:06:00,Yes,Reviewed and closed.,Identity Provider
ALT00189,Eastern Grid Utility,Critical,2026-02-07 03:21:00,2026-02-07 06:49:00,Yes,Closed as per standard procedure.,Endpoint
ALT00190,Eastern Grid Utility,Medium,2026-02-06 14:59:00,2026-02-06 17:38:00,Yes,Contacted asset owner and confirmed scheduled maintenance window covered the activity.,Endpoint
ALT00191,Eastern Grid Utility,Low,2026-01-11 21:15:00,2026-01-12 00:05:00,No,No further action required.,Network Device
ALT00192,Eastern Grid Utility,Medium,2026-03-28 22:39:00,2026-03-29 01:53:00,No,Reviewed EDR telemetry timeline; parent process traced to legitimate installer.,IoT Device
ALT00193,Eastern Grid Utility,Medium,2026-01-20 21:06:00,2026-01-21 00:08:00,No,"Investigated source IP, confirmed malicious signature, blocked at firewall, root cause documented.",Firewall
ALT00194,Eastern Grid Utility,Medium,2026-02-16 06:26:00,2026-02-16 09:07:00,No,Analysed PCAP sample; payload matched benign monitoring agent heartbeat.,Cloud Workload
ALT00195,Eastern Grid Utility,Low,2026-03-10 06:22:00,2026-03-10 08:56:00,No,Ran memory capture on affected host; no injected process artefacts identified.,Database
ALT00196,Eastern Grid Utility,Low,2026-01-12 18:46:00,2026-01-12 21:36:00,No,No further action required.,Endpoint
ALT00197,Eastern Grid Utility,Low,2026-03-08 03:22:00,2026-03-08 06:50:00,Yes,"Performed forensic triage on affected host, isolated system, initiated containment protocol.",Database
ALT00198,Eastern Grid Utility,Low,2026-03-15 04:36:00,2026-03-15 07:59:00,No,Reviewed and closed.,Database
ALT00199,Eastern Grid Utility,High,2026-02-02 23:12:00,2026-02-03 02:09:00,Yes,"Performed forensic triage on affected host, isolated system, initiated containment protocol.",Firewall
ALT00200,Eastern Grid Utility,Low,2026-02-27 14:19:00,2026-02-27 17:07:00,No,False positive.,Firewall
ALT00201,Eastern Grid Utility,Critical,2026-03-14 12:03:00,2026-03-14 15:14:00,Yes,"Correlated with SIEM logs across 3 hosts, identified lateral movement attempt, escalated.",Server
ALT00202,Eastern Grid Utility,Low,2026-02-22 13:21:00,2026-02-22 16:05:00,No,Closed as per standard procedure.,IoT Device
ALT00203,Eastern Grid Utility,Low,2026-03-19 12:57:00,2026-03-19 16:13:00,No,Reviewed EDR telemetry timeline; parent process traced to legitimate installer.,Identity Provider
ALT00204,Eastern Grid Utility,Medium,2026-01-21 19:48:00,2026-01-21 22:47:00,Yes,"Investigated source IP, confirmed malicious signature, blocked at firewall, root cause documented.",IoT Device
ALT00205,Eastern Grid Utility,Critical,2026-02-16 23:37:00,2026-02-17 02:59:00,Yes,No further action required.,IoT Device
ALT00206,Eastern Grid Utility,Low,2026-01-26 14:27:00,2026-01-26 17:16:00,No,False positive.,Database
ALT00207,Eastern Grid Utility,Low,2026-02-27 07:15:00,2026-02-27 10:34:00,No,Reviewed and closed.,Network Device
ALT00208,Eastern Grid Utility,Medium,2026-03-07 01:13:00,2026-03-07 04:42:00,Yes,Analysed PCAP sample; payload matched benign monitoring agent heartbeat.,Firewall
ALT00209,Eastern Grid Utility,Low,2026-03-23 21:47:00,2026-03-24 00:23:00,No,"Investigated source IP, confirmed malicious signature, blocked at firewall, root cause documented.",Cloud Workload
ALT00210,Eastern Grid Utility,Low,2026-03-12 18:24:00,2026-03-12 21:30:00,No,Contacted asset owner and confirmed scheduled maintenance window covered the activity.,Cloud Workload
ALT00001,Godavari Chemicals,Low,2026-03-15 05:34:00,2026-03-15 08:32:00,No,"Performed forensic triage on affected host, isolated system, initiated containment protocol.",Database
ALT00002,Godavari Chemicals,Medium,2026-03-19 10:50:00,2026-03-19 13:58:00,No,"Performed forensic triage on affected host, isolated system, initiated containment protocol.",IoT Device
ALT00003,Godavari Chemicals,Low,2026-03-17 10:07:00,2026-03-17 13:04:00,No,Closed as per standard procedure.,IoT Device
ALT00004,Godavari Chemicals,Low,2026-01-04 05:31:00,2026-01-04 08:20:00,Yes,"Investigated source IP, confirmed malicious signature, blocked at firewall, root cause documented.",IoT Device
ALT00005,Godavari Chemicals,Medium,2026-01-15 03:29:00,2026-01-15 06:52:00,No,Analysed PCAP sample; payload matched benign monitoring agent heartbeat.,Network Device
ALT00006,Godavari Chemicals,Low,2026-03-14 02:00:00,2026-03-14 04:36:00,Yes,"Cross-referenced with threat intel feed, identified C2 communication pattern, escalated to IR team.",Cloud Workload
ALT00007,Godavari Chemicals,Low,2026-03-29 14:17:00,2026-03-29 17:30:00,Yes,Analysed PCAP sample; payload matched benign monitoring agent heartbeat.,Firewall
ALT00008,Godavari Chemicals,Medium,2026-03-18 04:54:00,2026-03-18 08:11:00,No,"Performed forensic triage on affected host, isolated system, initiated containment protocol.",Cloud Workload
ALT00009,Godavari Chemicals,Low,2026-02-07 22:12:00,2026-02-08 01:39:00,No,"Correlated with SIEM logs across 3 hosts, identified lateral movement attempt, escalated.",Firewall
ALT00010,Godavari Chemicals,Low,2026-02-16 23:01:00,2026-02-17 02:09:00,No,Ran memory capture on affected host; no injected process artefacts identified.,Server
ALT00011,Godavari Chemicals,Low,2026-01-17 06:05:00,2026-01-17 09:14:00,No,"Investigated source IP, confirmed malicious signature, blocked at firewall, root cause documented.",Firewall
ALT00012,Godavari Chemicals,High,2026-01-01 03:37:00,2026-01-01 06:38:00,Yes,Ran memory capture on affected host; no injected process artefacts identified.,Server
ALT00013,Godavari Chemicals,Medium,2026-01-26 15:29:00,2026-01-26 18:21:00,Yes,"Cross-referenced with threat intel feed, identified C2 communication pattern, escalated to IR team.",Cloud Workload
ALT00014,Godavari Chemicals,High,2026-02-17 21:16:00,2026-02-18 00:35:00,Yes,"Cross-referenced with threat intel feed, identified C2 communication pattern, escalated to IR team.",Database
ALT00015,Godavari Chemicals,Medium,2026-02-25 05:21:00,2026-02-25 08:01:00,No,Reviewed and closed.,Firewall
ALT00016,Godavari Chemicals,Low,2026-02-12 17:05:00,2026-02-12 19:37:00,No,False positive.,Cloud Workload
ALT00017,Godavari Chemicals,Low,2026-03-03 21:28:00,2026-03-04 00:19:00,No,"Performed forensic triage on affected host, isolated system, initiated containment protocol.",Identity Provider
ALT00018,Godavari Chemicals,High,2026-01-05 10:12:00,2026-01-05 13:00:00,Yes,"Performed forensic triage on affected host, isolated system, initiated containment protocol.",Database
ALT00019,Godavari Chemicals,Medium,2026-02-16 20:58:00,2026-02-17 00:16:00,No,Reviewed and closed.,Server
ALT00020,Godavari Chemicals,Low,2026-01-25 05:51:00,2026-01-25 08:48:00,Yes,Reviewed EDR telemetry timeline; parent process traced to legitimate installer.,Database
ALT00021,Godavari Chemicals,Low,2026-01-01 21:22:00,2026-01-02 00:22:00,No,"Cross-referenced with threat intel feed, identified C2 communication pattern, escalated to IR team.",Identity Provider
ALT00022,Godavari Chemicals,Low,2026-03-12 04:03:00,2026-03-12 07:12:00,No,"Investigated source IP, confirmed malicious signature, blocked at firewall, root cause documented.",IoT Device
ALT00023,Godavari Chemicals,High,2026-01-16 04:31:00,2026-01-16 07:33:00,Yes,"Investigated source IP, confirmed malicious signature, blocked at firewall, root cause documented.",Endpoint
ALT00024,Godavari Chemicals,Low,2026-02-14 08:31:00,2026-02-14 11:30:00,No,Reviewed and closed.,IoT Device
ALT00025,Godavari Chemicals,Low,2026-02-06 23:26:00,2026-02-07 02:31:00,Yes,No further action required.,Cloud Workload
ALT00026,Godavari Chemicals,High,2026-01-30 01:01:00,2026-01-30 04:02:00,Yes,"Cross-referenced with threat intel feed, identified C2 communication pattern, escalated to IR team.",IoT Device
ALT00027,Godavari Chemicals,Low,2026-03-26 17:33:00,2026-03-26 20:16:00,No,Analysed PCAP sample; payload matched benign monitoring agent heartbeat.,Cloud Workload
ALT00028,Godavari Chemicals,Low,2026-02-19 21:38:00,2026-02-20 00:45:00,No,"Correlated with SIEM logs across 3 hosts, identified lateral movement attempt, escalated.",Network Device
ALT00029,Godavari Chemicals,Low,2026-03-29 04:39:00,2026-03-29 07:25:00,No,"Cross-referenced with threat intel feed, identified C2 communication pattern, escalated to IR team.",Firewall
ALT00030,Godavari Chemicals,Low,2026-01-25 03:14:00,2026-01-25 06:11:00,No,"Performed forensic triage on affected host, isolated system, initiated containment protocol.",Identity Provider
ALT00031,Godavari Chemicals,Low,2026-03-30 03:48:00,2026-03-30 07:18:00,No,False positive.,Endpoint
ALT00032,Godavari Chemicals,Low,2026-03-30 08:46:00,2026-03-30 11:58:00,No,"Correlated with SIEM logs across 3 hosts, identified lateral movement attempt, escalated.",Database
ALT00033,Godavari Chemicals,Medium,2026-01-28 23:40:00,2026-01-29 02:10:00,No,"Performed forensic triage on affected host, isolated system, initiated containment protocol.",Cloud Workload
ALT00034,Godavari Chemicals,Medium,2026-02-05 15:25:00,2026-02-05 18:53:00,No,Closed as per standard procedure.,Database
ALT00035,Godavari Chemicals,Low,2026-01-06 18:53:00,2026-01-06 21:33:00,No,Reviewed EDR telemetry timeline; parent process traced to legitimate installer.,Identity Provider
ALT00036,Godavari Chemicals,High,2026-03-01 12:08:00,2026-03-01 14:45:00,Yes,Ran memory capture on affected host; no injected process artefacts identified.,Identity Provider
ALT00037,Godavari Chemicals,Low,2026-02-25 23:10:00,2026-02-26 01:42:00,No,"Cross-referenced with threat intel feed, identified C2 communication pattern, escalated to IR team.",Server
ALT00038,Godavari Chemicals,Low,2026-01-26 14:07:00,2026-01-26 17:19:00,No,Closed as per standard procedure.,Endpoint
ALT00039,Godavari Chemicals,Low,2026-03-01 22:27:00,2026-03-02 01:03:00,No,False positive.,IoT Device
ALT00040,Godavari Chemicals,Medium,2026-01-17 11:45:00,2026-01-17 14:41:00,No,"Cross-referenced with threat intel feed, identified C2 communication pattern, escalated to IR team.",IoT Device
ALT00041,Godavari Chemicals,Low,2026-01-02 05:32:00,2026-01-02 08:08:00,No,Reviewed EDR telemetry timeline; parent process traced to legitimate installer.,Endpoint
ALT00042,Godavari Chemicals,High,2026-01-10 10:09:00,2026-01-10 13:07:00,Yes,Ran memory capture on affected host; no injected process artefacts identified.,Endpoint
ALT00043,Godavari Chemicals,Low,2026-01-08 11:52:00,2026-01-08 15:12:00,Yes,Closed as per standard procedure.,Cloud Workload
ALT00044,Godavari Chemicals,Low,2026-03-08 20:41:00,2026-03-08 23:33:00,No,False positive.,Identity Provider
ALT00045,Godavari Chemicals,High,2026-02-17 18:58:00,2026-02-17 21:28:00,Yes,Ran memory capture on affected host; no injected process artefacts identified.,Server
ALT00046,Godavari Chemicals,Low,2026-03-10 03:09:00,2026-03-10 05:44:00,Yes,"Investigated source IP, confirmed malicious signature, blocked at firewall, root cause documented.",Firewall
ALT00047,Godavari Chemicals,High,2026-02-26 15:22:00,2026-02-26 18:35:00,Yes,Reviewed EDR telemetry timeline; parent process traced to legitimate installer.,IoT Device
ALT00048,Godavari Chemicals,Low,2026-02-19 07:02:00,2026-02-19 10:08:00,No,"Investigated source IP, confirmed malicious signature, blocked at firewall, root cause documented.",Identity Provider
ALT00049,Godavari Chemicals,Low,2026-01-07 12:22:00,2026-01-07 15:35:00,No,No further action required.,Network Device
ALT00050,Godavari Chemicals,High,2026-03-05 15:25:00,2026-03-05 18:28:00,Yes,Reviewed and closed.,Firewall
ALT00051,Godavari Chemicals,Low,2026-02-19 16:15:00,2026-02-19 19:39:00,No,"Investigated source IP, confirmed malicious signature, blocked at firewall, root cause documented.",Endpoint
ALT00052,Godavari Chemicals,Medium,2026-01-13 14:18:00,2026-01-13 17:07:00,No,"Correlated with SIEM logs across 3 hosts, identified lateral movement attempt, escalated.",Database
ALT00053,Godavari Chemicals,Low,2026-02-07 21:00:00,2026-02-07 23:31:00,No,Closed as per standard procedure.,Server
ALT00054,Godavari Chemicals,Low,2026-01-17 13:19:00,2026-01-17 16:18:00,No,Analysed PCAP sample; payload matched benign monitoring agent heartbeat.,Firewall
ALT00055,Godavari Chemicals,Critical,2026-02-15 00:47:00,2026-02-15 04:10:00,Yes,"Cross-referenced with threat intel feed, identified C2 communication pattern, escalated to IR team.",Cloud Workload
ALT00056,Godavari Chemicals,Medium,2026-03-28 20:45:00,2026-03-29 00:02:00,No,False positive.,IoT Device
ALT00057,Godavari Chemicals,Medium,2026-01-20 22:08:00,2026-01-21 01:08:00,No,No further action required.,Firewall
ALT00058,Godavari Chemicals,High,2026-02-20 18:19:00,2026-02-20 21:24:00,Yes,Contacted asset owner and confirmed scheduled maintenance window covered the activity.,Network Device
ALT00059,Godavari Chemicals,High,2026-02-19 22:40:00,2026-02-20 01:24:00,Yes,Closed as per standard procedure.,Cloud Workload
ALT00060,Godavari Chemicals,Medium,2026-03-07 14:32:00,2026-03-07 17:16:00,No,False positive.,Endpoint
ALT00061,Godavari Chemicals,High,2026-02-23 02:53:00,2026-02-23 05:49:00,No,Contacted asset owner and confirmed scheduled maintenance window covered the activity.,Endpoint
ALT00062,Godavari Chemicals,Medium,2026-01-13 11:21:00,2026-01-13 14:36:00,No,"Investigated source IP, confirmed malicious signature, blocked at firewall, root cause documented.",Cloud Workload
ALT00063,Godavari Chemicals,Medium,2026-01-30 00:15:00,2026-01-30 03:21:00,Yes,Contacted asset owner and confirmed scheduled maintenance window covered the activity.,Endpoint
ALT00064,Godavari Chemicals,Medium,2026-01-09 02:58:00,2026-01-09 06:26:00,No,Reviewed and closed.,Cloud Workload
ALT00065,Godavari Chemicals,High,2026-03-23 16:06:00,2026-03-23 18:57:00,Yes,"Investigated source IP, confirmed malicious signature, blocked at firewall, root cause documented.",Identity Provider
ALT00066,Godavari Chemicals,Medium,2026-03-08 02:26:00,2026-03-08 05:55:00,No,"Performed forensic triage on affected host, isolated system, initiated containment protocol.",Cloud Workload
ALT00067,Godavari Chemicals,Low,2026-01-10 10:41:00,2026-01-10 14:09:00,No,Analysed PCAP sample; payload matched benign monitoring agent heartbeat.,Server
ALT00068,Godavari Chemicals,Medium,2026-03-08 09:05:00,2026-03-08 12:16:00,No,"Cross-referenced with threat intel feed, identified C2 communication pattern, escalated to IR team.",IoT Device
ALT00069,Godavari Chemicals,Low,2026-02-04 07:27:00,2026-02-04 10:38:00,No,Closed as per standard procedure.,Endpoint
ALT00070,Godavari Chemicals,Low,2026-03-10 07:45:00,2026-03-10 11:14:00,No,"Investigated source IP, confirmed malicious signature, blocked at firewall, root cause documented.",Firewall
ALT00071,Godavari Chemicals,Low,2026-02-11 02:02:00,2026-02-11 05:24:00,No,Ran memory capture on affected host; no injected process artefacts identified.,IoT Device
ALT00072,Godavari Chemicals,Low,2026-02-25 06:13:00,2026-02-25 09:09:00,No,Analysed PCAP sample; payload matched benign monitoring agent heartbeat.,Server
ALT00073,Godavari Chemicals,Medium,2026-03-05 09:03:00,2026-03-05 12:00:00,No,"Correlated with SIEM logs across 3 hosts, identified lateral movement attempt, escalated.",Database
ALT00074,Godavari Chemicals,Low,2026-01-13 09:53:00,2026-01-13 12:55:00,Yes,"Correlated with SIEM logs across 3 hosts, identified lateral movement attempt, escalated.",Cloud Workload
ALT00075,Godavari Chemicals,Low,2026-01-30 16:27:00,2026-01-30 18:59:00,Yes,Reviewed and closed.,Cloud Workload
ALT00076,Godavari Chemicals,Low,2026-02-27 23:34:00,2026-02-28 02:51:00,No,Analysed PCAP sample; payload matched benign monitoring agent heartbeat.,Identity Provider
ALT00077,Godavari Chemicals,Medium,2026-03-24 16:14:00,2026-03-24 19:08:00,No,False positive.,IoT Device
ALT00078,Godavari Chemicals,High,2026-01-25 16:37:00,2026-01-25 19:44:00,Yes,No further action required.,Firewall
ALT00079,Godavari Chemicals,Low,2026-01-08 07:13:00,2026-01-08 09:46:00,No,Contacted asset owner and confirmed scheduled maintenance window covered the activity.,Firewall
ALT00080,Godavari Chemicals,High,2026-03-13 15:27:00,2026-03-13 18:34:00,No,"Performed forensic triage on affected host, isolated system, initiated containment protocol.",Database
ALT00081,Godavari Chemicals,Low,2026-03-27 05:20:00,2026-03-27 07:54:00,No,"Cross-referenced with threat intel feed, identified C2 communication pattern, escalated to IR team.",Network Device
ALT00082,Godavari Chemicals,Low,2026-01-07 15:08:00,2026-01-07 18:26:00,No,Reviewed and closed.,Identity Provider
ALT00083,Godavari Chemicals,Low,2026-01-11 09:55:00,2026-01-11 13:04:00,No,No further action required.,IoT Device
ALT00084,Godavari Chemicals,High,2026-03-17 15:23:00,2026-03-17 18:43:00,Yes,"Correlated with SIEM logs across 3 hosts, identified lateral movement attempt, escalated.",Database
ALT00085,Godavari Chemicals,Medium,2026-01-29 18:19:00,2026-01-29 21:15:00,No,"Investigated source IP, confirmed malicious signature, blocked at firewall, root cause documented.",Identity Provider
ALT00086,Godavari Chemicals,Medium,2026-01-28 10:39:00,2026-01-28 13:17:00,No,Reviewed EDR telemetry timeline; parent process traced to legitimate installer.,Firewall
ALT00087,Godavari Chemicals,Medium,2026-01-30 02:15:00,2026-01-30 05:39:00,No,"Investigated source IP, confirmed malicious signature, blocked at firewall, root cause documented.",Identity Provider
ALT00088,Godavari Chemicals,Low,2026-02-15 06:18:00,2026-02-15 09:28:00,Yes,No further action required.,Network Device
ALT00089,Godavari Chemicals,High,2026-02-24 13:51:00,2026-02-24 16:56:00,Yes,"Performed forensic triage on affected host, isolated system, initiated containment protocol.",Firewall
ALT00090,Godavari Chemicals,Low,2026-01-17 07:28:00,2026-01-17 10:48:00,Yes,"Correlated with SIEM logs across 3 hosts, identified lateral movement attempt, escalated.",Network Device
ALT00091,Godavari Chemicals,Low,2026-01-04 03:07:00,2026-01-04 06:29:00,No,"Cross-referenced with threat intel feed, identified C2 communication pattern, escalated to IR team.",Firewall
ALT00092,Godavari Chemicals,High,2026-03-18 12:18:00,2026-03-18 15:12:00,Yes,No further action required.,Identity Provider
ALT00093,Godavari Chemicals,Medium,2026-01-25 11:13:00,2026-01-25 14:19:00,No,Contacted asset owner and confirmed scheduled maintenance window covered the activity.,Identity Provider
ALT00094,Godavari Chemicals,Low,2026-02-13 16:19:00,2026-02-13 18:59:00,No,"Investigated source IP, confirmed malicious signature, blocked at firewall, root cause documented.",Identity Provider
ALT00095,Godavari Chemicals,Low,2026-01-19 23:33:00,2026-01-20 02:16:00,No,Closed as per standard procedure.,Database
ALT00096,Godavari Chemicals,Low,2026-01-26 22:17:00,2026-01-27 00:52:00,No,Reviewed and closed.,Database
ALT00097,Godavari Chemicals,Low,2026-03-29 18:56:00,2026-03-29 21:27:00,No,False positive.,Firewall
ALT00098,Godavari Chemicals,Low,2026-02-27 14:14:00,2026-02-27 17:09:00,No,Contacted asset owner and confirmed scheduled maintenance window covered the activity.,Cloud Workload
ALT00099,Godavari Chemicals,Low,2026-02-27 09:51:00,2026-02-27 12:38:00,No,Contacted asset owner and confirmed scheduled maintenance window covered the activity.,Database
ALT00100,Godavari Chemicals,High,2026-02-11 00:19:00,2026-02-11 02:49:00,Yes,Analysed PCAP sample; payload matched benign monitoring agent heartbeat.,Firewall
ALT00101,Godavari Chemicals,Critical,2026-02-17 11:47:00,2026-02-17 14:53:00,No,"Cross-referenced with threat intel feed, identified C2 communication pattern, escalated to IR team.",Firewall
ALT00102,Godavari Chemicals,Low,2026-03-27 01:15:00,2026-03-27 04:36:00,No,Contacted asset owner and confirmed scheduled maintenance window covered the activity.,Database
ALT00103,Godavari Chemicals,Low,2026-02-12 12:28:00,2026-02-12 15:28:00,Yes,Closed as per standard procedure.,Cloud Workload
ALT00104,Godavari Chemicals,Critical,2026-01-09 01:15:00,2026-01-09 04:02:00,No,"Correlated with SIEM logs across 3 hosts, identified lateral movement attempt, escalated.",Firewall
ALT00105,Godavari Chemicals,Medium,2026-03-20 20:41:00,2026-03-20 23:24:00,No,Ran memory capture on affected host; no injected process artefacts identified.,Database
ALT00106,Godavari Chemicals,Medium,2026-02-06 15:12:00,2026-02-06 18:05:00,No,No further action required.,Endpoint
ALT00107,Godavari Chemicals,Medium,2026-01-14 06:03:00,2026-01-14 09:24:00,No,Reviewed EDR telemetry timeline; parent process traced to legitimate installer.,Cloud Workload
ALT00108,Godavari Chemicals,Low,2026-03-15 03:36:00,2026-03-15 06:11:00,No,Reviewed and closed.,IoT Device
ALT00109,Godavari Chemicals,Medium,2026-01-30 00:29:00,2026-01-30 03:35:00,No,Analysed PCAP sample; payload matched benign monitoring agent heartbeat.,Firewall
ALT00110,Godavari Chemicals,Medium,2026-03-07 05:11:00,2026-03-07 08:22:00,No,Reviewed EDR telemetry timeline; parent process traced to legitimate installer.,Database
ALT00111,Godavari Chemicals,Low,2026-02-15 07:01:00,2026-02-15 10:16:00,No,Reviewed and closed.,Database
ALT00112,Godavari Chemicals,Low,2026-02-25 18:36:00,2026-02-25 21:49:00,No,Contacted asset owner and confirmed scheduled maintenance window covered the activity.,IoT Device
ALT00113,Godavari Chemicals,Medium,2026-03-11 16:35:00,2026-03-11 19:57:00,Yes,Contacted asset owner and confirmed scheduled maintenance window covered the activity.,Network Device
ALT00114,Godavari Chemicals,Low,2026-02-05 01:17:00,2026-02-05 04:40:00,No,"Investigated source IP, confirmed malicious signature, blocked at firewall, root cause documented.",Identity Provider
ALT00115,Godavari Chemicals,High,2026-02-12 20:29:00,2026-02-12 23:02:00,Yes,"Cross-referenced with threat intel feed, identified C2 communication pattern, escalated to IR team.",Endpoint
ALT00116,Godavari Chemicals,High,2026-02-11 06:57:00,2026-02-11 09:44:00,No,False positive.,Endpoint
ALT00117,Godavari Chemicals,High,2026-03-27 18:51:00,2026-03-27 22:04:00,Yes,"Cross-referenced with threat intel feed, identified C2 communication pattern, escalated to IR team.",Endpoint
ALT00118,Godavari Chemicals,Medium,2026-01-05 08:23:00,2026-01-05 11:05:00,No,No further action required.,Database
ALT00119,Godavari Chemicals,Medium,2026-02-11 13:45:00,2026-02-11 16:22:00,No,Closed as per standard procedure.,Firewall
ALT00120,Godavari Chemicals,High,2026-01-01 14:54:00,2026-01-01 18:09:00,Yes,"Cross-referenced with threat intel feed, identified C2 communication pattern, escalated to IR team.",Cloud Workload
ALT00121,Godavari Chemicals,High,2026-02-08 01:16:00,2026-02-08 03:49:00,Yes,"Correlated with SIEM logs across 3 hosts, identified lateral movement attempt, escalated.",Database
ALT00122,Godavari Chemicals,Low,2026-03-19 18:51:00,2026-03-19 21:29:00,Yes,Ran memory capture on affected host; no injected process artefacts identified.,Identity Provider
ALT00123,Godavari Chemicals,Low,2026-01-17 16:10:00,2026-01-17 19:24:00,No,Closed as per standard procedure.,Cloud Workload
ALT00124,Godavari Chemicals,Low,2026-02-16 13:32:00,2026-02-16 16:45:00,Yes,"Investigated source IP, confirmed malicious signature, blocked at firewall, root cause documented.",Firewall
ALT00125,Godavari Chemicals,Medium,2026-03-27 08:23:00,2026-03-27 11:24:00,Yes,Ran memory capture on affected host; no injected process artefacts identified.,Firewall
ALT00126,Godavari Chemicals,Low,2026-02-08 16:18:00,2026-02-08 19:38:00,No,Closed as per standard procedure.,Endpoint
ALT00127,Godavari Chemicals,Medium,2026-03-09 22:13:00,2026-03-10 01:43:00,No,Ran memory capture on affected host; no injected process artefacts identified.,Firewall
ALT00128,Godavari Chemicals,Medium,2026-03-31 03:00:00,2026-03-31 06:11:00,No,No further action required.,Identity Provider
ALT00129,Godavari Chemicals,Low,2026-01-01 08:36:00,2026-01-01 11:16:00,No,"Performed forensic triage on affected host, isolated system, initiated containment protocol.",IoT Device
ALT00130,Godavari Chemicals,Critical,2026-01-29 03:56:00,2026-01-29 06:39:00,Yes,No further action required.,Firewall
ALT00131,Godavari Chemicals,Critical,2026-01-16 11:44:00,2026-01-16 15:12:00,No,"Cross-referenced with threat intel feed, identified C2 communication pattern, escalated to IR team.",Database
ALT00132,Godavari Chemicals,Low,2026-01-11 18:37:00,2026-01-11 22:05:00,Yes,No further action required.,IoT Device
ALT00133,Godavari Chemicals,Low,2026-03-14 23:37:00,2026-03-15 02:48:00,Yes,Ran memory capture on affected host; no injected process artefacts identified.,Network Device
ALT00134,Godavari Chemicals,Medium,2026-02-23 15:37:00,2026-02-23 18:39:00,No,"Investigated source IP, confirmed malicious signature, blocked at firewall, root cause documented.",Cloud Workload
ALT00135,Godavari Chemicals,Low,2026-01-05 15:23:00,2026-01-05 18:45:00,No,False positive.,Endpoint
ALT00136,Godavari Chemicals,Medium,2026-03-18 18:15:00,2026-03-18 20:47:00,No,"Correlated with SIEM logs across 3 hosts, identified lateral movement attempt, escalated.",Endpoint
ALT00137,Godavari Chemicals,Medium,2026-01-29 17:05:00,2026-01-29 20:16:00,No,Analysed PCAP sample; payload matched benign monitoring agent heartbeat.,IoT Device
ALT00138,Godavari Chemicals,Medium,2026-03-08 08:22:00,2026-03-08 11:16:00,No,"Investigated source IP, confirmed malicious signature, blocked at firewall, root cause documented.",Database
ALT00139,Godavari Chemicals,Low,2026-02-27 10:58:00,2026-02-27 14:11:00,No,Reviewed EDR telemetry timeline; parent process traced to legitimate installer.,Cloud Workload
ALT00140,Godavari Chemicals,Low,2026-03-30 19:02:00,2026-03-30 21:51:00,No,Ran memory capture on affected host; no injected process artefacts identified.,Server
ALT00141,Godavari Chemicals,Low,2026-03-10 06:04:00,2026-03-10 08:55:00,No,"Performed forensic triage on affected host, isolated system, initiated containment protocol.",Cloud Workload
ALT00142,Godavari Chemicals,Medium,2026-02-19 13:16:00,2026-02-19 16:02:00,No,Closed as per standard procedure.,Firewall
ALT00143,Godavari Chemicals,Low,2026-01-21 20:09:00,2026-01-21 23:11:00,No,"Performed forensic triage on affected host, isolated system, initiated containment protocol.",Cloud Workload
ALT00144,Godavari Chemicals,Low,2026-02-26 06:32:00,2026-02-26 09:12:00,Yes,Analysed PCAP sample; payload matched benign monitoring agent heartbeat.,Server
ALT00145,Godavari Chemicals,Low,2026-01-29 19:46:00,2026-01-29 22:54:00,No,No further action required.,Server
ALT00146,Godavari Chemicals,High,2026-01-05 02:43:00,2026-01-05 06:11:00,No,No further action required.,Database
ALT00147,Godavari Chemicals,Low,2026-03-07 04:23:00,2026-03-07 07:30:00,No,Analysed PCAP sample; payload matched benign monitoring agent heartbeat.,Cloud Workload
ALT00148,Godavari Chemicals,Low,2026-01-01 19:25:00,2026-01-01 22:50:00,No,No further action required.,Network Device
ALT00149,Godavari Chemicals,Medium,2026-03-28 19:13:00,2026-03-28 22:18:00,Yes,False positive.,Cloud Workload
ALT00150,Godavari Chemicals,Low,2026-01-12 19:36:00,2026-01-12 23:03:00,No,Ran memory capture on affected host; no injected process artefacts identified.,Database
ALT00151,Godavari Chemicals,Low,2026-01-27 19:32:00,2026-01-27 22:45:00,Yes,Reviewed EDR telemetry timeline; parent process traced to legitimate installer.,Cloud Workload
ALT00152,Godavari Chemicals,Low,2026-01-23 12:44:00,2026-01-23 16:05:00,No,No further action required.,Network Device
ALT00153,Godavari Chemicals,Medium,2026-01-30 19:02:00,2026-01-30 22:18:00,Yes,No further action required.,IoT Device
ALT00154,Godavari Chemicals,Low,2026-01-03 14:26:00,2026-01-03 17:55:00,No,Contacted asset owner and confirmed scheduled maintenance window covered the activity.,Database
ALT00155,Godavari Chemicals,Low,2026-01-27 19:31:00,2026-01-27 22:55:00,Yes,No further action required.,Firewall
ALT00156,Godavari Chemicals,Low,2026-02-03 09:38:00,2026-02-03 12:47:00,Yes,Reviewed EDR telemetry timeline; parent process traced to legitimate installer.,Cloud Workload
ALT00157,Godavari Chemicals,Low,2026-02-06 03:37:00,2026-02-06 06:11:00,Yes,Ran memory capture on affected host; no injected process artefacts identified.,Endpoint
ALT00158,Godavari Chemicals,Medium,2026-03-24 01:08:00,2026-03-24 04:31:00,Yes,"Investigated source IP, confirmed malicious signature, blocked at firewall, root cause documented.",IoT Device
ALT00159,Godavari Chemicals,Low,2026-01-20 13:44:00,2026-01-20 17:07:00,Yes,Closed as per standard procedure.,Server
ALT00160,Godavari Chemicals,Medium,2026-03-27 08:56:00,2026-03-27 11:27:00,No,False positive.,Server
ALT00161,Godavari Chemicals,Low,2026-02-04 01:24:00,2026-02-04 04:51:00,No,Reviewed and closed.,Firewall
ALT00162,Godavari Chemicals,Low,2026-03-19 17:11:00,2026-03-19 20:11:00,No,Analysed PCAP sample; payload matched benign monitoring agent heartbeat.,IoT Device
ALT00163,Godavari Chemicals,Low,2026-02-18 15:29:00,2026-02-18 18:35:00,No,Contacted asset owner and confirmed scheduled maintenance window covered the activity.,Cloud Workload
ALT00164,Godavari Chemicals,Medium,2026-02-22 03:26:00,2026-02-22 06:19:00,No,Contacted asset owner and confirmed scheduled maintenance window covered the activity.,Database
ALT00165,Godavari Chemicals,Low,2026-02-01 01:30:00,2026-02-01 04:27:00,No,Contacted asset owner and confirmed scheduled maintenance window covered the activity.,Identity Provider
ALT00166,Godavari Chemicals,Medium,2026-02-13 03:19:00,2026-02-13 05:58:00,No,No further action required.,Identity Provider
ALT00167,Godavari Chemicals,Low,2026-03-06 11:24:00,2026-03-06 14:18:00,No,Contacted asset owner and confirmed scheduled maintenance window covered the activity.,Database
ALT00168,Godavari Chemicals,High,2026-01-04 18:53:00,2026-01-04 21:34:00,No,Contacted asset owner and confirmed scheduled maintenance window covered the activity.,Cloud Workload
ALT00169,Godavari Chemicals,Low,2026-03-31 07:39:00,2026-03-31 10:34:00,No,Ran memory capture on affected host; no injected process artefacts identified.,Cloud Workload
ALT00001,Himalayan Healthcare Network,High,2026-03-16 23:28:00,2026-03-17 02:31:00,No,"Performed forensic triage on affected host, isolated system, initiated containment protocol.",Firewall
ALT00002,Himalayan Healthcare Network,Low,2026-03-19 11:39:00,2026-03-19 14:52:00,No,Reviewed and closed.,Endpoint
ALT00003,Himalayan Healthcare Network,Medium,2026-03-09 23:51:00,2026-03-10 03:06:00,No,"Performed forensic triage on affected host, isolated system, initiated containment protocol.",Endpoint
ALT00004,Himalayan Healthcare Network,Medium,2026-02-06 21:25:00,2026-02-07 00:38:00,No,"Investigated source IP, confirmed malicious signature, blocked at firewall, root cause documented.",IoT Device
ALT00005,Himalayan Healthcare Network,Low,2026-03-03 00:12:00,2026-03-03 03:17:00,No,Reviewed and closed.,Identity Provider
ALT00006,Himalayan Healthcare Network,Medium,2026-02-17 05:39:00,2026-02-17 08:15:00,No,Reviewed EDR telemetry timeline; parent process traced to legitimate installer.,Identity Provider
ALT00007,Himalayan Healthcare Network,Low,2026-01-10 14:10:00,2026-01-10 17:33:00,No,"Performed forensic triage on affected host, isolated system, initiated containment protocol.",Identity Provider
ALT00008,Himalayan Healthcare Network,Medium,2026-01-22 06:30:00,2026-01-22 09:34:00,Yes,Contacted asset owner and confirmed scheduled maintenance window covered the activity.,Database
ALT00009,Himalayan Healthcare Network,High,2026-03-09 13:42:00,2026-03-09 17:08:00,Yes,"Cross-referenced with threat intel feed, identified C2 communication pattern, escalated to IR team.",Database
ALT00010,Himalayan Healthcare Network,Low,2026-01-15 17:16:00,2026-01-15 20:04:00,No,"Cross-referenced with threat intel feed, identified C2 communication pattern, escalated to IR team.",IoT Device
ALT00011,Himalayan Healthcare Network,High,2026-01-19 20:43:00,2026-01-19 23:38:00,Yes,"Correlated with SIEM logs across 3 hosts, identified lateral movement attempt, escalated.",Firewall
ALT00012,Himalayan Healthcare Network,Low,2026-01-26 18:26:00,2026-01-26 21:48:00,No,Closed as per standard procedure.,Identity Provider
ALT00013,Himalayan Healthcare Network,High,2026-02-08 18:35:00,2026-02-08 21:06:00,No,Closed as per standard procedure.,Endpoint
ALT00014,Himalayan Healthcare Network,Medium,2026-03-04 05:12:00,2026-03-04 07:46:00,No,False positive.,Database
ALT00015,Himalayan Healthcare Network,Low,2026-01-06 13:12:00,2026-01-06 16:06:00,No,Reviewed EDR telemetry timeline; parent process traced to legitimate installer.,Identity Provider
ALT00016,Himalayan Healthcare Network,Low,2026-01-18 01:17:00,2026-01-18 04:23:00,No,Ran memory capture on affected host; no injected process artefacts identified.,Server
ALT00017,Himalayan Healthcare Network,Low,2026-02-10 02:29:00,2026-02-10 05:23:00,No,False positive.,Database
ALT00018,Himalayan Healthcare Network,Low,2026-01-27 23:52:00,2026-01-28 03:03:00,Yes,Contacted asset owner and confirmed scheduled maintenance window covered the activity.,Database
ALT00019,Himalayan Healthcare Network,Low,2026-03-01 14:57:00,2026-03-01 17:56:00,No,Closed as per standard procedure.,Firewall
ALT00020,Himalayan Healthcare Network,Low,2026-03-18 05:45:00,2026-03-18 08:18:00,No,False positive.,Cloud Workload
ALT00021,Himalayan Healthcare Network,Low,2026-01-01 02:18:00,2026-01-01 05:03:00,No,Reviewed EDR telemetry timeline; parent process traced to legitimate installer.,Database
ALT00022,Himalayan Healthcare Network,Low,2026-02-06 07:50:00,2026-02-06 10:55:00,No,Contacted asset owner and confirmed scheduled maintenance window covered the activity.,IoT Device
ALT00023,Himalayan Healthcare Network,Medium,2026-01-30 15:48:00,2026-01-30 18:24:00,No,"Performed forensic triage on affected host, isolated system, initiated containment protocol.",Firewall
ALT00024,Himalayan Healthcare Network,High,2026-03-30 00:23:00,2026-03-30 03:05:00,Yes,Reviewed and closed.,Network Device
ALT00025,Himalayan Healthcare Network,Medium,2026-03-23 17:42:00,2026-03-23 20:50:00,No,Closed as per standard procedure.,Endpoint
ALT00026,Himalayan Healthcare Network,High,2026-02-06 09:56:00,2026-02-06 13:03:00,Yes,"Investigated source IP, confirmed malicious signature, blocked at firewall, root cause documented.",Cloud Workload
ALT00027,Himalayan Healthcare Network,Low,2026-01-29 22:01:00,2026-01-30 00:35:00,No,No further action required.,IoT Device
ALT00028,Himalayan Healthcare Network,High,2026-01-24 09:47:00,2026-01-24 13:09:00,No,Contacted asset owner and confirmed scheduled maintenance window covered the activity.,Server
ALT00029,Himalayan Healthcare Network,Medium,2026-01-16 04:17:00,2026-01-16 06:56:00,Yes,No further action required.,IoT Device
ALT00030,Himalayan Healthcare Network,Low,2026-03-19 13:20:00,2026-03-19 16:35:00,No,Reviewed EDR telemetry timeline; parent process traced to legitimate installer.,Firewall
ALT00031,Himalayan Healthcare Network,Low,2026-02-13 19:41:00,2026-02-13 23:09:00,Yes,"Correlated with SIEM logs across 3 hosts, identified lateral movement attempt, escalated.",Server
ALT00032,Himalayan Healthcare Network,Low,2026-01-26 11:37:00,2026-01-26 14:37:00,Yes,Reviewed and closed.,Endpoint
ALT00033,Himalayan Healthcare Network,Low,2026-01-02 01:13:00,2026-01-02 04:05:00,Yes,No further action required.,Server
ALT00034,Himalayan Healthcare Network,Low,2026-03-20 18:00:00,2026-03-20 21:30:00,Yes,Ran memory capture on affected host; no injected process artefacts identified.,Endpoint
ALT00035,Himalayan Healthcare Network,Medium,2026-03-07 02:38:00,2026-03-07 06:00:00,No,"Performed forensic triage on affected host, isolated system, initiated containment protocol.",Server
ALT00036,Himalayan Healthcare Network,Medium,2026-02-06 04:29:00,2026-02-06 07:21:00,No,Analysed PCAP sample; payload matched benign monitoring agent heartbeat.,Identity Provider
ALT00037,Himalayan Healthcare Network,Low,2026-01-09 19:54:00,2026-01-09 22:44:00,No,No further action required.,Server
ALT00038,Himalayan Healthcare Network,Medium,2026-03-25 22:20:00,2026-03-26 01:34:00,No,No further action required.,Cloud Workload
ALT00039,Himalayan Healthcare Network,High,2026-03-04 20:37:00,2026-03-05 00:01:00,Yes,No further action required.,Network Device
ALT00040,Himalayan Healthcare Network,Low,2026-02-11 17:55:00,2026-02-11 20:42:00,No,Reviewed and closed.,Endpoint
ALT00041,Himalayan Healthcare Network,Low,2026-03-08 22:24:00,2026-03-09 01:44:00,No,False positive.,Server
ALT00042,Himalayan Healthcare Network,Medium,2026-02-01 23:19:00,2026-02-02 02:45:00,No,Reviewed and closed.,Firewall
ALT00043,Himalayan Healthcare Network,Medium,2026-01-16 09:06:00,2026-01-16 11:37:00,No,"Performed forensic triage on affected host, isolated system, initiated containment protocol.",IoT Device
ALT00044,Himalayan Healthcare Network,Medium,2026-02-16 15:12:00,2026-02-16 18:07:00,No,Reviewed and closed.,Endpoint
ALT00045,Himalayan Healthcare Network,High,2026-03-02 12:23:00,2026-03-02 15:42:00,Yes,False positive.,Endpoint
ALT00046,Himalayan Healthcare Network,Medium,2026-01-11 06:17:00,2026-01-11 09:18:00,No,"Cross-referenced with threat intel feed, identified C2 communication pattern, escalated to IR team.",Server
ALT00047,Himalayan Healthcare Network,Low,2026-02-24 19:23:00,2026-02-24 22:11:00,No,Contacted asset owner and confirmed scheduled maintenance window covered the activity.,Network Device
ALT00048,Himalayan Healthcare Network,Medium,2026-03-01 09:13:00,2026-03-01 11:47:00,No,Analysed PCAP sample; payload matched benign monitoring agent heartbeat.,Firewall
ALT00049,Himalayan Healthcare Network,Low,2026-02-14 18:48:00,2026-02-14 21:56:00,No,Closed as per standard procedure.,Cloud Workload
ALT00050,Himalayan Healthcare Network,Medium,2026-03-12 12:11:00,2026-03-12 15:39:00,No,No further action required.,Cloud Workload
ALT00051,Himalayan Healthcare Network,Low,2026-03-15 23:26:00,2026-03-16 02:51:00,No,Ran memory capture on affected host; no injected process artefacts identified.,Firewall
ALT00052,Himalayan Healthcare Network,Low,2026-02-08 17:36:00,2026-02-08 21:01:00,No,Analysed PCAP sample; payload matched benign monitoring agent heartbeat.,Endpoint
ALT00053,Himalayan Healthcare Network,Low,2026-02-04 01:06:00,2026-02-04 03:45:00,Yes,Analysed PCAP sample; payload matched benign monitoring agent heartbeat.,Network Device
ALT00054,Himalayan Healthcare Network,Medium,2026-03-21 05:38:00,2026-03-21 08:42:00,No,Reviewed EDR telemetry timeline; parent process traced to legitimate installer.,Identity Provider
ALT00055,Himalayan Healthcare Network,Low,2026-03-05 11:24:00,2026-03-05 14:50:00,Yes,Ran memory capture on affected host; no injected process artefacts identified.,IoT Device
ALT00056,Himalayan Healthcare Network,Medium,2026-02-13 09:53:00,2026-02-13 13:01:00,No,"Correlated with SIEM logs across 3 hosts, identified lateral movement attempt, escalated.",IoT Device
ALT00057,Himalayan Healthcare Network,Low,2026-03-26 03:59:00,2026-03-26 06:45:00,No,No further action required.,Identity Provider
ALT00058,Himalayan Healthcare Network,High,2026-03-10 01:56:00,2026-03-10 04:49:00,Yes,"Performed forensic triage on affected host, isolated system, initiated containment protocol.",Cloud Workload
ALT00059,Himalayan Healthcare Network,Medium,2026-03-06 12:59:00,2026-03-06 15:39:00,No,"Correlated with SIEM logs across 3 hosts, identified lateral movement attempt, escalated.",Network Device
ALT00060,Himalayan Healthcare Network,Medium,2026-01-30 17:05:00,2026-01-30 20:23:00,No,"Investigated source IP, confirmed malicious signature, blocked at firewall, root cause documented.",Database
ALT00061,Himalayan Healthcare Network,Low,2026-02-09 09:47:00,2026-02-09 12:38:00,Yes,"Correlated with SIEM logs across 3 hosts, identified lateral movement attempt, escalated.",Database
ALT00062,Himalayan Healthcare Network,Low,2026-03-08 12:39:00,2026-03-08 16:05:00,No,No further action required.,Database
ALT00063,Himalayan Healthcare Network,Low,2026-02-24 03:46:00,2026-02-24 06:44:00,No,Reviewed EDR telemetry timeline; parent process traced to legitimate installer.,Cloud Workload
ALT00064,Himalayan Healthcare Network,Low,2026-01-01 07:20:00,2026-01-01 10:31:00,No,"Correlated with SIEM logs across 3 hosts, identified lateral movement attempt, escalated.",Cloud Workload
ALT00065,Himalayan Healthcare Network,Low,2026-02-24 17:42:00,2026-02-24 21:03:00,No,Contacted asset owner and confirmed scheduled maintenance window covered the activity.,Firewall
ALT00066,Himalayan Healthcare Network,Medium,2026-01-07 07:36:00,2026-01-07 10:11:00,Yes,"Performed forensic triage on affected host, isolated system, initiated containment protocol.",Network Device
ALT00067,Himalayan Healthcare Network,Low,2026-01-21 19:07:00,2026-01-21 21:40:00,No,"Investigated source IP, confirmed malicious signature, blocked at firewall, root cause documented.",Cloud Workload
ALT00068,Himalayan Healthcare Network,Low,2026-01-11 00:49:00,2026-01-11 04:11:00,Yes,Closed as per standard procedure.,Endpoint
ALT00069,Himalayan Healthcare Network,Low,2026-03-23 23:51:00,2026-03-24 02:47:00,No,Contacted asset owner and confirmed scheduled maintenance window covered the activity.,Cloud Workload
ALT00070,Himalayan Healthcare Network,Low,2026-02-15 20:52:00,2026-02-16 00:21:00,No,Contacted asset owner and confirmed scheduled maintenance window covered the activity.,Database
ALT00071,Himalayan Healthcare Network,Critical,2026-02-26 22:55:00,2026-02-27 01:36:00,Yes,Ran memory capture on affected host; no injected process artefacts identified.,Server
ALT00072,Himalayan Healthcare Network,Low,2026-01-19 21:33:00,2026-01-20 00:24:00,No,"Investigated source IP, confirmed malicious signature, blocked at firewall, root cause documented.",Firewall
ALT00073,Himalayan Healthcare Network,High,2026-01-20 14:27:00,2026-01-20 17:08:00,Yes,Closed as per standard procedure.,Cloud Workload
ALT00074,Himalayan Healthcare Network,Low,2026-01-16 03:22:00,2026-01-16 06:22:00,No,Closed as per standard procedure.,Cloud Workload
ALT00075,Himalayan Healthcare Network,Low,2026-01-04 06:01:00,2026-01-04 09:13:00,No,"Cross-referenced with threat intel feed, identified C2 communication pattern, escalated to IR team.",Network Device
ALT00076,Himalayan Healthcare Network,Low,2026-02-02 10:00:00,2026-02-02 12:47:00,No,Contacted asset owner and confirmed scheduled maintenance window covered the activity.,Firewall
ALT00077,Himalayan Healthcare Network,Low,2026-03-17 22:18:00,2026-03-18 01:30:00,No,"Investigated source IP, confirmed malicious signature, blocked at firewall, root cause documented.",Firewall
ALT00078,Himalayan Healthcare Network,Low,2026-03-26 19:08:00,2026-03-26 21:40:00,No,Reviewed and closed.,IoT Device
ALT00079,Himalayan Healthcare Network,Medium,2026-03-26 19:34:00,2026-03-26 22:31:00,No,"Investigated source IP, confirmed malicious signature, blocked at firewall, root cause documented.",Identity Provider
ALT00080,Himalayan Healthcare Network,Critical,2026-02-25 17:35:00,2026-02-25 20:26:00,No,Reviewed and closed.,IoT Device
ALT00081,Himalayan Healthcare Network,Critical,2026-03-17 11:43:00,2026-03-17 14:58:00,Yes,"Investigated source IP, confirmed malicious signature, blocked at firewall, root cause documented.",Cloud Workload
ALT00082,Himalayan Healthcare Network,High,2026-02-14 03:04:00,2026-02-14 06:13:00,Yes,"Cross-referenced with threat intel feed, identified C2 communication pattern, escalated to IR team.",Identity Provider
ALT00083,Himalayan Healthcare Network,Low,2026-03-09 12:58:00,2026-03-09 15:28:00,No,False positive.,Endpoint
ALT00084,Himalayan Healthcare Network,Medium,2026-01-31 09:19:00,2026-01-31 12:49:00,No,"Performed forensic triage on affected host, isolated system, initiated containment protocol.",Firewall
ALT00085,Himalayan Healthcare Network,Medium,2026-03-15 03:05:00,2026-03-15 05:56:00,No,Ran memory capture on affected host; no injected process artefacts identified.,Cloud Workload
ALT00086,Himalayan Healthcare Network,High,2026-01-20 05:01:00,2026-01-20 07:40:00,No,Reviewed and closed.,Endpoint
ALT00087,Himalayan Healthcare Network,Low,2026-03-26 00:00:00,2026-03-26 02:47:00,No,False positive.,Server
ALT00088,Himalayan Healthcare Network,Medium,2026-01-20 10:53:00,2026-01-20 13:25:00,Yes,Closed as per standard procedure.,Identity Provider
ALT00089,Himalayan Healthcare Network,Medium,2026-02-14 15:19:00,2026-02-14 18:00:00,No,Closed as per standard procedure.,Database
ALT00090,Himalayan Healthcare Network,Low,2026-02-16 19:38:00,2026-02-16 22:20:00,No,Closed as per standard procedure.,Database
ALT00091,Himalayan Healthcare Network,Low,2026-03-12 18:57:00,2026-03-12 22:11:00,Yes,"Correlated with SIEM logs across 3 hosts, identified lateral movement attempt, escalated.",Identity Provider
ALT00092,Himalayan Healthcare Network,Low,2026-03-08 21:17:00,2026-03-09 00:43:00,No,"Correlated with SIEM logs across 3 hosts, identified lateral movement attempt, escalated.",Identity Provider
ALT00093,Himalayan Healthcare Network,Low,2026-01-27 10:36:00,2026-01-27 13:56:00,No,Reviewed EDR telemetry timeline; parent process traced to legitimate installer.,Server
ALT00094,Himalayan Healthcare Network,High,2026-03-23 20:04:00,2026-03-23 22:38:00,Yes,Ran memory capture on affected host; no injected process artefacts identified.,Server
ALT00095,Himalayan Healthcare Network,High,2026-03-30 08:31:00,2026-03-30 11:05:00,No,Closed as per standard procedure.,Server
ALT00096,Himalayan Healthcare Network,Low,2026-01-19 06:10:00,2026-01-19 09:16:00,Yes,Reviewed EDR telemetry timeline; parent process traced to legitimate installer.,Cloud Workload
ALT00097,Himalayan Healthcare Network,Low,2026-03-12 06:44:00,2026-03-12 09:34:00,No,Contacted asset owner and confirmed scheduled maintenance window covered the activity.,Server
ALT00098,Himalayan Healthcare Network,Low,2026-02-20 02:56:00,2026-02-20 05:40:00,No,False positive.,Cloud Workload
ALT00099,Himalayan Healthcare Network,Medium,2026-02-15 10:45:00,2026-02-15 13:45:00,Yes,"Correlated with SIEM logs across 3 hosts, identified lateral movement attempt, escalated.",Database
ALT00100,Himalayan Healthcare Network,Low,2026-01-11 21:14:00,2026-01-12 00:40:00,No,No further action required.,Network Device
ALT00101,Himalayan Healthcare Network,Medium,2026-01-27 10:13:00,2026-01-27 13:31:00,No,"Cross-referenced with threat intel feed, identified C2 communication pattern, escalated to IR team.",Endpoint
ALT00102,Himalayan Healthcare Network,Medium,2026-01-30 15:35:00,2026-01-30 18:41:00,No,False positive.,IoT Device
ALT00103,Himalayan Healthcare Network,High,2026-03-23 09:08:00,2026-03-23 12:24:00,Yes,False positive.,Endpoint
ALT00104,Himalayan Healthcare Network,Low,2026-01-23 22:40:00,2026-01-24 01:31:00,Yes,"Investigated source IP, confirmed malicious signature, blocked at firewall, root cause documented.",Database
ALT00105,Himalayan Healthcare Network,Low,2026-01-20 15:06:00,2026-01-20 17:45:00,No,Contacted asset owner and confirmed scheduled maintenance window covered the activity.,Endpoint
ALT00106,Himalayan Healthcare Network,Low,2026-01-12 00:52:00,2026-01-12 03:30:00,No,Closed as per standard procedure.,Network Device
ALT00107,Himalayan Healthcare Network,High,2026-01-08 07:35:00,2026-01-08 10:28:00,Yes,"Investigated source IP, confirmed malicious signature, blocked at firewall, root cause documented.",Cloud Workload
ALT00108,Himalayan Healthcare Network,Medium,2026-03-20 10:17:00,2026-03-20 13:35:00,No,Contacted asset owner and confirmed scheduled maintenance window covered the activity.,IoT Device
ALT00109,Himalayan Healthcare Network,Low,2026-01-03 05:37:00,2026-01-03 08:27:00,No,No further action required.,Identity Provider
ALT00110,Himalayan Healthcare Network,High,2026-03-06 09:31:00,2026-03-06 12:29:00,No,Contacted asset owner and confirmed scheduled maintenance window covered the activity.,IoT Device
ALT00111,Himalayan Healthcare Network,Low,2026-02-21 10:30:00,2026-02-21 13:06:00,No,Reviewed EDR telemetry timeline; parent process traced to legitimate installer.,Identity Provider
ALT00112,Himalayan Healthcare Network,Low,2026-01-09 13:50:00,2026-01-09 17:07:00,No,Reviewed EDR telemetry timeline; parent process traced to legitimate installer.,Server
ALT00113,Himalayan Healthcare Network,Low,2026-02-23 07:02:00,2026-02-23 09:34:00,No,Closed as per standard procedure.,Endpoint
ALT00114,Himalayan Healthcare Network,Low,2026-01-10 10:43:00,2026-01-10 13:35:00,No,Ran memory capture on affected host; no injected process artefacts identified.,Firewall
ALT00115,Himalayan Healthcare Network,High,2026-01-25 19:53:00,2026-01-25 23:14:00,Yes,Ran memory capture on affected host; no injected process artefacts identified.,Identity Provider
ALT00116,Himalayan Healthcare Network,Critical,2026-02-08 09:07:00,2026-02-08 12:00:00,No,Reviewed EDR telemetry timeline; parent process traced to legitimate installer.,Firewall
ALT00117,Himalayan Healthcare Network,Low,2026-01-11 21:09:00,2026-01-12 00:26:00,No,Closed as per standard procedure.,Network Device
ALT00118,Himalayan Healthcare Network,Low,2026-02-22 15:12:00,2026-02-22 17:53:00,No,Reviewed and closed.,Firewall
ALT00119,Himalayan Healthcare Network,Low,2026-01-10 07:51:00,2026-01-10 10:56:00,Yes,"Performed forensic triage on affected host, isolated system, initiated containment protocol.",Network Device
ALT00120,Himalayan Healthcare Network,Medium,2026-01-18 11:07:00,2026-01-18 14:21:00,No,Analysed PCAP sample; payload matched benign monitoring agent heartbeat.,Network Device
ALT00121,Himalayan Healthcare Network,Low,2026-03-05 16:10:00,2026-03-05 19:01:00,No,"Investigated source IP, confirmed malicious signature, blocked at firewall, root cause documented.",Identity Provider
ALT00122,Himalayan Healthcare Network,Low,2026-03-10 13:22:00,2026-03-10 16:08:00,No,Closed as per standard procedure.,Endpoint
ALT00123,Himalayan Healthcare Network,High,2026-03-01 13:51:00,2026-03-01 16:21:00,Yes,"Correlated with SIEM logs across 3 hosts, identified lateral movement attempt, escalated.",Cloud Workload
ALT00124,Himalayan Healthcare Network,Medium,2026-03-18 11:01:00,2026-03-18 13:49:00,No,"Investigated source IP, confirmed malicious signature, blocked at firewall, root cause documented.",Identity Provider
ALT00125,Himalayan Healthcare Network,Low,2026-02-08 09:32:00,2026-02-08 12:11:00,No,Contacted asset owner and confirmed scheduled maintenance window covered the activity.,IoT Device
ALT00126,Himalayan Healthcare Network,High,2026-03-28 14:00:00,2026-03-28 16:30:00,No,No further action required.,Identity Provider
ALT00127,Himalayan Healthcare Network,Low,2026-03-15 17:40:00,2026-03-15 20:23:00,No,Analysed PCAP sample; payload matched benign monitoring agent heartbeat.,Network Device
ALT00128,Himalayan Healthcare Network,Medium,2026-02-13 15:35:00,2026-02-13 18:13:00,No,Closed as per standard procedure.,Identity Provider
ALT00129,Himalayan Healthcare Network,Medium,2026-03-06 15:59:00,2026-03-06 19:24:00,No,Reviewed EDR telemetry timeline; parent process traced to legitimate installer.,Identity Provider
ALT00130,Himalayan Healthcare Network,Low,2026-02-07 01:03:00,2026-02-07 03:42:00,Yes,Ran memory capture on affected host; no injected process artefacts identified.,Identity Provider
ALT00131,Himalayan Healthcare Network,Medium,2026-02-27 17:52:00,2026-02-27 20:53:00,No,"Performed forensic triage on affected host, isolated system, initiated containment protocol.",Network Device
ALT00132,Himalayan Healthcare Network,Low,2026-02-26 15:19:00,2026-02-26 18:08:00,No,Reviewed EDR telemetry timeline; parent process traced to legitimate installer.,Server
ALT00133,Himalayan Healthcare Network,Low,2026-03-26 19:13:00,2026-03-26 21:50:00,Yes,False positive.,IoT Device
ALT00134,Himalayan Healthcare Network,Low,2026-01-28 17:02:00,2026-01-28 20:03:00,No,False positive.,Firewall
ALT00135,Himalayan Healthcare Network,Medium,2026-03-08 06:11:00,2026-03-08 08:44:00,No,Ran memory capture on affected host; no injected process artefacts identified.,Identity Provider
ALT00136,Himalayan Healthcare Network,Low,2026-02-17 06:20:00,2026-02-17 09:11:00,No,Closed as per standard procedure.,Cloud Workload
ALT00137,Himalayan Healthcare Network,Medium,2026-02-13 10:14:00,2026-02-13 13:18:00,No,"Cross-referenced with threat intel feed, identified C2 communication pattern, escalated to IR team.",Server
ALT00138,Himalayan Healthcare Network,Medium,2026-01-16 19:21:00,2026-01-16 21:58:00,No,Contacted asset owner and confirmed scheduled maintenance window covered the activity.,Firewall
ALT00139,Himalayan Healthcare Network,Medium,2026-03-22 07:17:00,2026-03-22 10:22:00,No,Closed as per standard procedure.,Server
ALT00140,Himalayan Healthcare Network,High,2026-03-04 20:06:00,2026-03-04 22:55:00,Yes,Analysed PCAP sample; payload matched benign monitoring agent heartbeat.,Firewall
ALT00141,Himalayan Healthcare Network,Critical,2026-03-27 03:13:00,2026-03-27 06:15:00,Yes,Ran memory capture on affected host; no injected process artefacts identified.,Firewall
ALT00142,Himalayan Healthcare Network,Medium,2026-02-18 08:22:00,2026-02-18 11:37:00,No,Contacted asset owner and confirmed scheduled maintenance window covered the activity.,Cloud Workload
ALT00143,Himalayan Healthcare Network,Low,2026-03-14 18:12:00,2026-03-14 21:37:00,No,False positive.,Network Device
ALT00144,Himalayan Healthcare Network,Low,2026-01-11 06:38:00,2026-01-11 09:08:00,Yes,"Performed forensic triage on affected host, isolated system, initiated containment protocol.",Database
ALT00145,Himalayan Healthcare Network,Medium,2026-03-03 08:04:00,2026-03-03 11:33:00,No,Analysed PCAP sample; payload matched benign monitoring agent heartbeat.,Cloud Workload
ALT00146,Himalayan Healthcare Network,Low,2026-02-14 10:40:00,2026-02-14 14:01:00,No,Analysed PCAP sample; payload matched benign monitoring agent heartbeat.,Database
ALT00147,Himalayan Healthcare Network,Medium,2026-03-30 22:58:00,2026-03-31 01:31:00,No,"Cross-referenced with threat intel feed, identified C2 communication pattern, escalated to IR team.",Cloud Workload
ALT00148,Himalayan Healthcare Network,Low,2026-02-18 23:24:00,2026-02-19 02:20:00,No,Reviewed and closed.,Firewall
ALT00149,Himalayan Healthcare Network,Low,2026-02-26 23:45:00,2026-02-27 02:44:00,Yes,Analysed PCAP sample; payload matched benign monitoring agent heartbeat.,Identity Provider
ALT00150,Himalayan Healthcare Network,Medium,2026-03-07 03:41:00,2026-03-07 06:17:00,Yes,"Performed forensic triage on affected host, isolated system, initiated containment protocol.",Identity Provider
ALT00151,Himalayan Healthcare Network,Low,2026-01-22 17:35:00,2026-01-22 20:31:00,Yes,Reviewed EDR telemetry timeline; parent process traced to legitimate installer.,Network Device
ALT00152,Himalayan Healthcare Network,Low,2026-02-08 21:51:00,2026-02-09 01:00:00,No,No further action required.,Firewall
ALT00153,Himalayan Healthcare Network,Low,2026-03-03 11:16:00,2026-03-03 14:07:00,No,Ran memory capture on affected host; no injected process artefacts identified.,Cloud Workload
ALT00154,Himalayan Healthcare Network,Low,2026-01-10 22:39:00,2026-01-11 01:13:00,Yes,"Cross-referenced with threat intel feed, identified C2 communication pattern, escalated to IR team.",Server
ALT00155,Himalayan Healthcare Network,Medium,2026-03-10 18:59:00,2026-03-10 21:33:00,Yes,False positive.,Identity Provider
ALT00156,Himalayan Healthcare Network,Medium,2026-02-01 00:22:00,2026-02-01 03:49:00,No,No further action required.,Identity Provider
ALT00157,Himalayan Healthcare Network,High,2026-02-10 19:22:00,2026-02-10 22:25:00,Yes,"Investigated source IP, confirmed malicious signature, blocked at firewall, root cause documented.",Cloud Workload
ALT00158,Himalayan Healthcare Network,Critical,2026-01-18 04:05:00,2026-01-18 07:11:00,Yes,"Performed forensic triage on affected host, isolated system, initiated containment protocol.",Database
ALT00159,Himalayan Healthcare Network,Low,2026-01-13 06:00:00,2026-01-13 09:09:00,No,"Performed forensic triage on affected host, isolated system, initiated containment protocol.",Identity Provider
ALT00160,Himalayan Healthcare Network,Low,2026-01-19 08:36:00,2026-01-19 11:10:00,Yes,False positive.,Database
ALT00161,Himalayan Healthcare Network,Low,2026-02-12 15:18:00,2026-02-12 18:44:00,No,Closed as per standard procedure.,Endpoint
ALT00162,Himalayan Healthcare Network,Low,2026-02-01 23:20:00,2026-02-02 02:27:00,No,Contacted asset owner and confirmed scheduled maintenance window covered the activity.,Endpoint
ALT00163,Himalayan Healthcare Network,Low,2026-02-19 09:51:00,2026-02-19 12:59:00,No,Closed as per standard procedure.,Cloud Workload
ALT00164,Himalayan Healthcare Network,Medium,2026-03-03 07:38:00,2026-03-03 10:17:00,No,"Performed forensic triage on affected host, isolated system, initiated containment protocol.",IoT Device
ALT00165,Himalayan Healthcare Network,Low,2026-03-26 12:00:00,2026-03-26 15:10:00,No,Ran memory capture on affected host; no injected process artefacts identified.,Database
ALT00166,Himalayan Healthcare Network,Low,2026-02-13 19:53:00,2026-02-13 22:44:00,Yes,No further action required.,Firewall
ALT00167,Himalayan Healthcare Network,Critical,2026-01-08 20:52:00,2026-01-09 00:09:00,Yes,"Cross-referenced with threat intel feed, identified C2 communication pattern, escalated to IR team.",Cloud Workload
ALT00168,Himalayan Healthcare Network,Medium,2026-01-12 16:03:00,2026-01-12 18:47:00,Yes,Reviewed and closed.,Endpoint
ALT00169,Himalayan Healthcare Network,Low,2026-02-01 16:59:00,2026-02-01 19:29:00,No,Reviewed and closed.,Server
ALT00170,Himalayan Healthcare Network,Low,2026-03-24 06:42:00,2026-03-24 09:27:00,No,"Cross-referenced with threat intel feed, identified C2 communication pattern, escalated to IR team.",Firewall
ALT00171,Himalayan Healthcare Network,High,2026-03-17 03:11:00,2026-03-17 06:24:00,No,"Performed forensic triage on affected host, isolated system, initiated containment protocol.",Cloud Workload
ALT00172,Himalayan Healthcare Network,Low,2026-01-14 03:05:00,2026-01-14 06:23:00,No,"Correlated with SIEM logs across 3 hosts, identified lateral movement attempt, escalated.",Database
ALT00173,Himalayan Healthcare Network,Medium,2026-01-22 09:32:00,2026-01-22 12:52:00,No,Analysed PCAP sample; payload matched benign monitoring agent heartbeat.,Server
ALT00174,Himalayan Healthcare Network,High,2026-02-09 05:16:00,2026-02-09 07:56:00,No,"Performed forensic triage on affected host, isolated system, initiated containment protocol.",Endpoint
ALT00175,Himalayan Healthcare Network,Low,2026-01-20 08:34:00,2026-01-20 11:10:00,No,No further action required.,Identity Provider
ALT00176,Himalayan Healthcare Network,Low,2026-03-04 19:35:00,2026-03-04 22:19:00,No,"Correlated with SIEM logs across 3 hosts, identified lateral movement attempt, escalated.",Database
ALT00177,Himalayan Healthcare Network,Low,2026-01-01 03:54:00,2026-01-01 07:15:00,No,"Investigated source IP, confirmed malicious signature, blocked at firewall, root cause documented.",Endpoint
ALT00178,Himalayan Healthcare Network,Medium,2026-03-18 16:56:00,2026-03-18 19:27:00,No,No further action required.,Server
ALT00179,Himalayan Healthcare Network,Medium,2026-01-12 16:36:00,2026-01-12 19:22:00,No,Ran memory capture on affected host; no injected process artefacts identified.,Cloud Workload
ALT00180,Himalayan Healthcare Network,Low,2026-03-02 14:04:00,2026-03-02 16:59:00,Yes,Contacted asset owner and confirmed scheduled maintenance window covered the activity.,Identity Provider
ALT00181,Himalayan Healthcare Network,Low,2026-02-02 01:39:00,2026-02-02 05:07:00,Yes,Reviewed EDR telemetry timeline; parent process traced to legitimate installer.,Identity Provider
ALT00182,Himalayan Healthcare Network,Medium,2026-02-21 21:50:00,2026-02-22 01:11:00,No,Closed as per standard procedure.,Network Device
ALT00183,Himalayan Healthcare Network,Low,2026-02-26 06:23:00,2026-02-26 09:36:00,No,Ran memory capture on affected host; no injected process artefacts identified.,Network Device
ALT00184,Himalayan Healthcare Network,Medium,2026-01-01 22:57:00,2026-01-02 02:16:00,No,Reviewed EDR telemetry timeline; parent process traced to legitimate installer.,Cloud Workload
ALT00185,Himalayan Healthcare Network,Medium,2026-03-11 11:31:00,2026-03-11 14:08:00,Yes,"Performed forensic triage on affected host, isolated system, initiated containment protocol.",Server
ALT00186,Himalayan Healthcare Network,Medium,2026-02-03 10:36:00,2026-02-03 13:46:00,Yes,"Correlated with SIEM logs across 3 hosts, identified lateral movement attempt, escalated.",Identity Provider
ALT00187,Himalayan Healthcare Network,Low,2026-02-04 14:46:00,2026-02-04 17:43:00,No,No further action required.,Cloud Workload
ALT00188,Himalayan Healthcare Network,Medium,2026-03-14 13:54:00,2026-03-14 17:07:00,No,Reviewed and closed.,Firewall
ALT00189,Himalayan Healthcare Network,Low,2026-03-27 19:02:00,2026-03-27 21:57:00,No,"Correlated with SIEM logs across 3 hosts, identified lateral movement attempt, escalated.",Cloud Workload
ALT00190,Himalayan Healthcare Network,High,2026-02-17 00:53:00,2026-02-17 03:34:00,Yes,Reviewed EDR telemetry timeline; parent process traced to legitimate installer.,Firewall
ALT00191,Himalayan Healthcare Network,Medium,2026-01-09 06:12:00,2026-01-09 08:54:00,No,"Performed forensic triage on affected host, isolated system, initiated containment protocol.",Endpoint
ALT00192,Himalayan Healthcare Network,Critical,2026-02-07 23:12:00,2026-02-08 01:47:00,No,Ran memory capture on affected host; no injected process artefacts identified.,Server
ALT00193,Himalayan Healthcare Network,Medium,2026-01-14 18:30:00,2026-01-14 21:30:00,No,"Cross-referenced with threat intel feed, identified C2 communication pattern, escalated to IR team.",Network Device
ALT00194,Himalayan Healthcare Network,Low,2026-02-06 09:28:00,2026-02-06 12:32:00,Yes,"Performed forensic triage on affected host, isolated system, initiated containment protocol.",Firewall
ALT00195,Himalayan Healthcare Network,Medium,2026-03-27 15:17:00,2026-03-27 18:01:00,No,False positive.,Server
ALT00196,Himalayan Healthcare Network,Low,2026-01-18 22:31:00,2026-01-19 01:38:00,No,"Correlated with SIEM logs across 3 hosts, identified lateral movement attempt, escalated.",IoT Device
ALT00197,Himalayan Healthcare Network,Medium,2026-01-20 22:00:00,2026-01-21 00:47:00,Yes,"Investigated source IP, confirmed malicious signature, blocked at firewall, root cause documented.",IoT Device
ALT00198,Himalayan Healthcare Network,Critical,2026-03-16 02:09:00,2026-03-16 05:33:00,Yes,Contacted asset owner and confirmed scheduled maintenance window covered the activity.,Firewall
ALT00199,Himalayan Healthcare Network,Low,2026-02-11 21:03:00,2026-02-11 23:33:00,Yes,"Investigated source IP, confirmed malicious signature, blocked at firewall, root cause documented.",Identity Provider
ALT00200,Himalayan Healthcare Network,Low,2026-03-03 01:29:00,2026-03-03 04:13:00,No,False positive.,Firewall
ALT00201,Himalayan Healthcare Network,Low,2026-02-04 21:31:00,2026-02-05 00:35:00,No,Closed as per standard procedure.,Endpoint
ALT00202,Himalayan Healthcare Network,Critical,2026-02-20 18:18:00,2026-02-20 20:54:00,Yes,"Correlated with SIEM logs across 3 hosts, identified lateral movement attempt, escalated.",Database
ALT00203,Himalayan Healthcare Network,Critical,2026-01-10 07:35:00,2026-01-10 10:54:00,Yes,Analysed PCAP sample; payload matched benign monitoring agent heartbeat.,Network Device
ALT00001,Indus Financial Services,Low,2026-01-14 23:52:00,2026-01-15 02:59:00,No,Reviewed and closed.,Identity Provider
ALT00002,Indus Financial Services,Low,2026-01-05 11:02:00,2026-01-05 13:49:00,No,Reviewed and closed.,Network Device
ALT00003,Indus Financial Services,High,2026-02-24 14:57:00,2026-02-24 17:51:00,No,"Investigated source IP, confirmed malicious signature, blocked at firewall, root cause documented.",Endpoint
ALT00004,Indus Financial Services,Low,2026-01-12 07:17:00,2026-01-12 09:52:00,No,Analysed PCAP sample; payload matched benign monitoring agent heartbeat.,Database
ALT00005,Indus Financial Services,High,2026-01-24 05:29:00,2026-01-24 08:27:00,Yes,"Investigated source IP, confirmed malicious signature, blocked at firewall, root cause documented.",Network Device
ALT00006,Indus Financial Services,Critical,2026-03-16 09:47:00,2026-03-16 13:07:00,No,"Investigated source IP, confirmed malicious signature, blocked at firewall, root cause documented.",Firewall
ALT00007,Indus Financial Services,High,2026-01-20 18:41:00,2026-01-20 21:34:00,Yes,"Correlated with SIEM logs across 3 hosts, identified lateral movement attempt, escalated.",Cloud Workload
ALT00008,Indus Financial Services,Low,2026-01-18 16:20:00,2026-01-18 19:11:00,No,False positive.,Firewall
ALT00009,Indus Financial Services,Low,2026-02-26 13:12:00,2026-02-26 16:30:00,No,Contacted asset owner and confirmed scheduled maintenance window covered the activity.,IoT Device
ALT00010,Indus Financial Services,Low,2026-03-29 18:04:00,2026-03-29 21:20:00,No,Ran memory capture on affected host; no injected process artefacts identified.,Firewall
ALT00011,Indus Financial Services,Medium,2026-02-24 07:43:00,2026-02-24 10:35:00,No,"Cross-referenced with threat intel feed, identified C2 communication pattern, escalated to IR team.",Endpoint
ALT00012,Indus Financial Services,Low,2026-01-04 22:08:00,2026-01-05 01:38:00,No,"Correlated with SIEM logs across 3 hosts, identified lateral movement attempt, escalated.",Endpoint
ALT00013,Indus Financial Services,High,2026-02-24 18:07:00,2026-02-24 21:28:00,Yes,Closed as per standard procedure.,Database
ALT00014,Indus Financial Services,Low,2026-02-18 07:38:00,2026-02-18 10:57:00,Yes,Analysed PCAP sample; payload matched benign monitoring agent heartbeat.,Database
ALT00015,Indus Financial Services,Low,2026-02-16 15:14:00,2026-02-16 18:27:00,No,Analysed PCAP sample; payload matched benign monitoring agent heartbeat.,IoT Device
ALT00016,Indus Financial Services,High,2026-03-23 12:25:00,2026-03-23 15:55:00,Yes,Contacted asset owner and confirmed scheduled maintenance window covered the activity.,Database
ALT00017,Indus Financial Services,Low,2026-03-20 23:20:00,2026-03-21 02:23:00,No,"Performed forensic triage on affected host, isolated system, initiated containment protocol.",Cloud Workload
ALT00018,Indus Financial Services,Low,2026-02-18 05:32:00,2026-02-18 08:30:00,No,No further action required.,Cloud Workload
ALT00019,Indus Financial Services,Medium,2026-02-22 14:16:00,2026-02-22 17:04:00,Yes,"Correlated with SIEM logs across 3 hosts, identified lateral movement attempt, escalated.",IoT Device
ALT00020,Indus Financial Services,Low,2026-01-17 22:30:00,2026-01-18 01:05:00,No,"Investigated source IP, confirmed malicious signature, blocked at firewall, root cause documented.",IoT Device
ALT00021,Indus Financial Services,Medium,2026-03-24 21:35:00,2026-03-25 01:05:00,No,Analysed PCAP sample; payload matched benign monitoring agent heartbeat.,IoT Device
ALT00022,Indus Financial Services,Medium,2026-02-12 08:00:00,2026-02-12 10:57:00,No,"Investigated source IP, confirmed malicious signature, blocked at firewall, root cause documented.",Endpoint
ALT00023,Indus Financial Services,Medium,2026-01-16 13:24:00,2026-01-16 16:26:00,No,"Correlated with SIEM logs across 3 hosts, identified lateral movement attempt, escalated.",Endpoint
ALT00024,Indus Financial Services,Low,2026-03-06 10:27:00,2026-03-06 13:42:00,No,"Investigated source IP, confirmed malicious signature, blocked at firewall, root cause documented.",Database
ALT00025,Indus Financial Services,Medium,2026-01-16 03:48:00,2026-01-16 06:19:00,No,"Investigated source IP, confirmed malicious signature, blocked at firewall, root cause documented.",Database
ALT00026,Indus Financial Services,Low,2026-03-23 09:57:00,2026-03-23 12:45:00,Yes,Reviewed EDR telemetry timeline; parent process traced to legitimate installer.,Identity Provider
ALT00027,Indus Financial Services,Medium,2026-02-21 10:50:00,2026-02-21 13:37:00,No,"Cross-referenced with threat intel feed, identified C2 communication pattern, escalated to IR team.",Network Device
ALT00028,Indus Financial Services,Medium,2026-03-28 06:31:00,2026-03-28 09:12:00,Yes,Reviewed and closed.,Cloud Workload
ALT00029,Indus Financial Services,Medium,2026-02-09 03:02:00,2026-02-09 06:07:00,No,False positive.,Cloud Workload
ALT00030,Indus Financial Services,High,2026-02-09 02:00:00,2026-02-09 04:56:00,Yes,False positive.,Firewall
ALT00031,Indus Financial Services,High,2026-03-17 00:24:00,2026-03-17 03:11:00,Yes,"Investigated source IP, confirmed malicious signature, blocked at firewall, root cause documented.",Database
ALT00032,Indus Financial Services,Low,2026-02-24 09:38:00,2026-02-24 12:56:00,Yes,"Cross-referenced with threat intel feed, identified C2 communication pattern, escalated to IR team.",Server
ALT00033,Indus Financial Services,Medium,2026-01-27 14:29:00,2026-01-27 17:46:00,Yes,Closed as per standard procedure.,Network Device
ALT00034,Indus Financial Services,Low,2026-03-15 11:15:00,2026-03-15 14:14:00,No,Ran memory capture on affected host; no injected process artefacts identified.,Identity Provider
ALT00035,Indus Financial Services,Medium,2026-03-22 02:27:00,2026-03-22 05:42:00,No,"Correlated with SIEM logs across 3 hosts, identified lateral movement attempt, escalated.",IoT Device
ALT00036,Indus Financial Services,Medium,2026-02-25 15:25:00,2026-02-25 18:30:00,No,No further action required.,Cloud Workload
ALT00037,Indus Financial Services,Low,2026-03-18 01:56:00,2026-03-18 04:54:00,No,Closed as per standard procedure.,Cloud Workload
ALT00038,Indus Financial Services,Low,2026-02-03 23:32:00,2026-02-04 02:30:00,Yes,Analysed PCAP sample; payload matched benign monitoring agent heartbeat.,Cloud Workload
ALT00039,Indus Financial Services,Low,2026-01-28 13:26:00,2026-01-28 16:39:00,No,Analysed PCAP sample; payload matched benign monitoring agent heartbeat.,Server
ALT00040,Indus Financial Services,Low,2026-03-16 17:16:00,2026-03-16 20:18:00,No,"Correlated with SIEM logs across 3 hosts, identified lateral movement attempt, escalated.",Database
ALT00041,Indus Financial Services,Low,2026-03-05 22:44:00,2026-03-06 01:28:00,Yes,Contacted asset owner and confirmed scheduled maintenance window covered the activity.,Endpoint
ALT00042,Indus Financial Services,Low,2026-02-16 12:44:00,2026-02-16 15:48:00,No,Contacted asset owner and confirmed scheduled maintenance window covered the activity.,Server
ALT00043,Indus Financial Services,Low,2026-03-19 20:40:00,2026-03-19 23:24:00,No,Reviewed and closed.,Cloud Workload
ALT00044,Indus Financial Services,High,2026-02-21 04:53:00,2026-02-21 07:34:00,No,Contacted asset owner and confirmed scheduled maintenance window covered the activity.,Identity Provider
ALT00045,Indus Financial Services,Low,2026-03-13 06:35:00,2026-03-13 09:12:00,No,Analysed PCAP sample; payload matched benign monitoring agent heartbeat.,Firewall
ALT00046,Indus Financial Services,Critical,2026-02-09 23:02:00,2026-02-10 01:46:00,No,Reviewed and closed.,Network Device
ALT00047,Indus Financial Services,Medium,2026-02-12 06:03:00,2026-02-12 09:33:00,No,Contacted asset owner and confirmed scheduled maintenance window covered the activity.,Network Device
ALT00048,Indus Financial Services,Low,2026-03-16 00:32:00,2026-03-16 03:15:00,Yes,False positive.,Cloud Workload
ALT00049,Indus Financial Services,Low,2026-03-18 02:53:00,2026-03-18 05:54:00,Yes,"Investigated source IP, confirmed malicious signature, blocked at firewall, root cause documented.",Cloud Workload
ALT00050,Indus Financial Services,Medium,2026-03-18 03:54:00,2026-03-18 06:34:00,No,False positive.,Network Device
ALT00051,Indus Financial Services,Low,2026-03-12 09:04:00,2026-03-12 12:01:00,No,Analysed PCAP sample; payload matched benign monitoring agent heartbeat.,Database
ALT00052,Indus Financial Services,Low,2026-01-02 22:08:00,2026-01-03 01:31:00,No,"Cross-referenced with threat intel feed, identified C2 communication pattern, escalated to IR team.",Server
ALT00053,Indus Financial Services,Medium,2026-02-02 05:51:00,2026-02-02 08:33:00,No,Closed as per standard procedure.,Server
ALT00054,Indus Financial Services,Low,2026-03-29 23:26:00,2026-03-30 02:11:00,Yes,Ran memory capture on affected host; no injected process artefacts identified.,Database
ALT00055,Indus Financial Services,High,2026-02-23 04:37:00,2026-02-23 07:33:00,Yes,"Performed forensic triage on affected host, isolated system, initiated containment protocol.",Network Device
ALT00056,Indus Financial Services,Medium,2026-01-17 08:41:00,2026-01-17 11:15:00,No,Closed as per standard procedure.,Server
ALT00057,Indus Financial Services,Medium,2026-01-13 16:56:00,2026-01-13 19:55:00,Yes,Reviewed EDR telemetry timeline; parent process traced to legitimate installer.,Identity Provider
ALT00058,Indus Financial Services,Low,2026-01-10 05:13:00,2026-01-10 08:08:00,No,Ran memory capture on affected host; no injected process artefacts identified.,Firewall
ALT00059,Indus Financial Services,Critical,2026-03-17 08:01:00,2026-03-17 11:03:00,No,Ran memory capture on affected host; no injected process artefacts identified.,Network Device
ALT00060,Indus Financial Services,Medium,2026-03-11 03:09:00,2026-03-11 06:36:00,No,Reviewed and closed.,Server
ALT00061,Indus Financial Services,High,2026-03-10 06:11:00,2026-03-10 08:49:00,Yes,"Performed forensic triage on affected host, isolated system, initiated containment protocol.",Network Device
ALT00062,Indus Financial Services,High,2026-01-07 13:48:00,2026-01-07 17:18:00,Yes,Reviewed and closed.,Endpoint
ALT00063,Indus Financial Services,Medium,2026-01-28 01:41:00,2026-01-28 04:13:00,No,Reviewed and closed.,Identity Provider
ALT00064,Indus Financial Services,Low,2026-02-16 15:51:00,2026-02-16 18:54:00,No,Reviewed and closed.,Database
ALT00065,Indus Financial Services,Low,2026-03-05 12:19:00,2026-03-05 15:15:00,No,Reviewed EDR telemetry timeline; parent process traced to legitimate installer.,Cloud Workload
ALT00066,Indus Financial Services,Low,2026-03-06 17:07:00,2026-03-06 20:07:00,No,"Correlated with SIEM logs across 3 hosts, identified lateral movement attempt, escalated.",Server
ALT00067,Indus Financial Services,Low,2026-03-24 04:09:00,2026-03-24 06:56:00,No,Analysed PCAP sample; payload matched benign monitoring agent heartbeat.,IoT Device
ALT00068,Indus Financial Services,Low,2026-03-07 01:02:00,2026-03-07 03:42:00,No,No further action required.,Identity Provider
ALT00069,Indus Financial Services,Medium,2026-01-10 03:52:00,2026-01-10 07:03:00,No,No further action required.,Server
ALT00070,Indus Financial Services,Medium,2026-02-11 17:05:00,2026-02-11 19:35:00,No,Contacted asset owner and confirmed scheduled maintenance window covered the activity.,Server
ALT00071,Indus Financial Services,Low,2026-02-28 01:57:00,2026-02-28 04:35:00,No,Closed as per standard procedure.,Firewall
ALT00072,Indus Financial Services,Medium,2026-01-21 02:48:00,2026-01-21 05:35:00,No,No further action required.,Database
ALT00073,Indus Financial Services,Low,2026-01-20 20:17:00,2026-01-20 22:52:00,No,"Performed forensic triage on affected host, isolated system, initiated containment protocol.",Endpoint
ALT00074,Indus Financial Services,Medium,2026-03-07 14:43:00,2026-03-07 18:04:00,No,Analysed PCAP sample; payload matched benign monitoring agent heartbeat.,Network Device
ALT00075,Indus Financial Services,Low,2026-03-15 16:35:00,2026-03-15 19:52:00,No,"Performed forensic triage on affected host, isolated system, initiated containment protocol.",Cloud Workload
ALT00076,Indus Financial Services,Low,2026-01-03 10:15:00,2026-01-03 13:30:00,No,Analysed PCAP sample; payload matched benign monitoring agent heartbeat.,Endpoint
ALT00077,Indus Financial Services,Medium,2026-02-20 05:41:00,2026-02-20 08:17:00,No,"Investigated source IP, confirmed malicious signature, blocked at firewall, root cause documented.",Server
ALT00078,Indus Financial Services,Critical,2026-02-01 01:47:00,2026-02-01 04:49:00,Yes,Closed as per standard procedure.,Database
ALT00079,Indus Financial Services,Low,2026-02-20 10:55:00,2026-02-20 14:23:00,Yes,Reviewed EDR telemetry timeline; parent process traced to legitimate installer.,Server
ALT00080,Indus Financial Services,Low,2026-02-27 21:52:00,2026-02-28 01:02:00,Yes,"Correlated with SIEM logs across 3 hosts, identified lateral movement attempt, escalated.",Network Device
ALT00081,Indus Financial Services,Low,2026-03-28 03:13:00,2026-03-28 06:32:00,No,"Performed forensic triage on affected host, isolated system, initiated containment protocol.",Cloud Workload
ALT00082,Indus Financial Services,Low,2026-01-01 20:05:00,2026-01-01 23:06:00,No,False positive.,Firewall
ALT00083,Indus Financial Services,Low,2026-03-03 05:53:00,2026-03-03 08:58:00,No,Reviewed and closed.,Firewall
ALT00084,Indus Financial Services,Low,2026-01-15 00:10:00,2026-01-15 03:26:00,No,Reviewed EDR telemetry timeline; parent process traced to legitimate installer.,Database
ALT00085,Indus Financial Services,Medium,2026-03-11 07:20:00,2026-03-11 10:36:00,No,"Performed forensic triage on affected host, isolated system, initiated containment protocol.",Firewall
ALT00086,Indus Financial Services,Medium,2026-03-10 20:36:00,2026-03-10 23:18:00,No,Reviewed and closed.,IoT Device
ALT00087,Indus Financial Services,Medium,2026-03-29 09:03:00,2026-03-29 12:19:00,No,False positive.,Cloud Workload
ALT00088,Indus Financial Services,Medium,2026-03-08 17:29:00,2026-03-08 20:37:00,No,Analysed PCAP sample; payload matched benign monitoring agent heartbeat.,Cloud Workload
ALT00089,Indus Financial Services,Medium,2026-01-26 13:20:00,2026-01-26 16:44:00,Yes,False positive.,Network Device
ALT00090,Indus Financial Services,Medium,2026-03-16 09:11:00,2026-03-16 11:47:00,No,Ran memory capture on affected host; no injected process artefacts identified.,Network Device
ALT00091,Indus Financial Services,Low,2026-01-26 06:41:00,2026-01-26 09:38:00,No,Reviewed and closed.,Endpoint
ALT00092,Indus Financial Services,Medium,2026-02-13 21:34:00,2026-02-14 00:37:00,Yes,"Cross-referenced with threat intel feed, identified C2 communication pattern, escalated to IR team.",Server
ALT00093,Indus Financial Services,Low,2026-01-22 23:46:00,2026-01-23 02:46:00,No,Reviewed EDR telemetry timeline; parent process traced to legitimate installer.,Server
ALT00094,Indus Financial Services,Medium,2026-03-06 15:12:00,2026-03-06 18:24:00,No,False positive.,Identity Provider
ALT00095,Indus Financial Services,Low,2026-01-03 01:32:00,2026-01-03 04:14:00,No,"Investigated source IP, confirmed malicious signature, blocked at firewall, root cause documented.",Firewall
ALT00096,Indus Financial Services,Medium,2026-03-29 16:09:00,2026-03-29 19:30:00,No,"Cross-referenced with threat intel feed, identified C2 communication pattern, escalated to IR team.",Network Device
ALT00097,Indus Financial Services,Low,2026-02-06 05:38:00,2026-02-06 08:30:00,No,Closed as per standard procedure.,IoT Device
ALT00098,Indus Financial Services,Low,2026-03-28 15:23:00,2026-03-28 18:34:00,Yes,"Investigated source IP, confirmed malicious signature, blocked at firewall, root cause documented.",Identity Provider
ALT00099,Indus Financial Services,High,2026-02-26 07:02:00,2026-02-26 09:38:00,Yes,"Performed forensic triage on affected host, isolated system, initiated containment protocol.",Identity Provider
ALT00100,Indus Financial Services,Low,2026-01-11 00:10:00,2026-01-11 03:06:00,Yes,"Correlated with SIEM logs across 3 hosts, identified lateral movement attempt, escalated.",Endpoint
ALT00101,Indus Financial Services,Medium,2026-03-08 01:57:00,2026-03-08 04:58:00,No,No further action required.,Network Device
ALT00102,Indus Financial Services,Medium,2026-03-17 10:30:00,2026-03-17 13:52:00,No,Reviewed EDR telemetry timeline; parent process traced to legitimate installer.,Identity Provider
ALT00103,Indus Financial Services,Low,2026-02-16 01:07:00,2026-02-16 03:44:00,No,Ran memory capture on affected host; no injected process artefacts identified.,Database
ALT00104,Indus Financial Services,Medium,2026-03-04 08:35:00,2026-03-04 11:15:00,No,Ran memory capture on affected host; no injected process artefacts identified.,Cloud Workload
ALT00105,Indus Financial Services,Low,2026-03-12 10:43:00,2026-03-12 14:09:00,No,"Cross-referenced with threat intel feed, identified C2 communication pattern, escalated to IR team.",Network Device
ALT00106,Indus Financial Services,High,2026-01-18 03:10:00,2026-01-18 05:57:00,Yes,No further action required.,Network Device
ALT00107,Indus Financial Services,Low,2026-02-15 22:19:00,2026-02-16 01:02:00,Yes,"Correlated with SIEM logs across 3 hosts, identified lateral movement attempt, escalated.",Identity Provider
ALT00108,Indus Financial Services,Low,2026-02-05 06:36:00,2026-02-05 09:07:00,No,No further action required.,Cloud Workload
ALT00109,Indus Financial Services,Low,2026-01-31 01:33:00,2026-01-31 04:06:00,No,No further action required.,Network Device
ALT00110,Indus Financial Services,Low,2026-03-26 09:50:00,2026-03-26 12:42:00,No,Reviewed and closed.,Database
ALT00111,Indus Financial Services,Low,2026-02-21 17:46:00,2026-02-21 20:38:00,Yes,No further action required.,Cloud Workload
ALT00112,Indus Financial Services,Low,2026-03-07 22:37:00,2026-03-08 01:26:00,No,No further action required.,Network Device
ALT00113,Indus Financial Services,Low,2026-01-06 21:17:00,2026-01-07 00:05:00,Yes,Reviewed and closed.,Database
ALT00114,Indus Financial Services,Low,2026-01-24 09:31:00,2026-01-24 12:54:00,No,"Performed forensic triage on affected host, isolated system, initiated containment protocol.",Endpoint
ALT00115,Indus Financial Services,Medium,2026-02-07 23:20:00,2026-02-08 02:28:00,No,No further action required.,Server
ALT00116,Indus Financial Services,Low,2026-02-04 10:32:00,2026-02-04 13:28:00,No,"Investigated source IP, confirmed malicious signature, blocked at firewall, root cause documented.",Network Device
ALT00117,Indus Financial Services,High,2026-01-27 22:20:00,2026-01-28 00:58:00,Yes,"Cross-referenced with threat intel feed, identified C2 communication pattern, escalated to IR team.",Network Device
ALT00118,Indus Financial Services,Low,2026-01-03 12:53:00,2026-01-03 15:46:00,No,"Cross-referenced with threat intel feed, identified C2 communication pattern, escalated to IR team.",Identity Provider
ALT00119,Indus Financial Services,Low,2026-03-11 10:12:00,2026-03-11 12:45:00,No,"Investigated source IP, confirmed malicious signature, blocked at firewall, root cause documented.",Firewall
ALT00120,Indus Financial Services,Low,2026-02-10 05:34:00,2026-02-10 08:22:00,No,Analysed PCAP sample; payload matched benign monitoring agent heartbeat.,Identity Provider
ALT00121,Indus Financial Services,High,2026-02-03 13:09:00,2026-02-03 16:06:00,Yes,False positive.,Cloud Workload
ALT00122,Indus Financial Services,Low,2026-03-21 08:29:00,2026-03-21 11:09:00,Yes,Reviewed and closed.,Identity Provider
ALT00123,Indus Financial Services,Medium,2026-03-16 19:51:00,2026-03-16 22:58:00,No,Reviewed and closed.,Endpoint
ALT00124,Indus Financial Services,Medium,2026-03-13 04:56:00,2026-03-13 07:37:00,Yes,Analysed PCAP sample; payload matched benign monitoring agent heartbeat.,Server
ALT00125,Indus Financial Services,Low,2026-03-06 12:43:00,2026-03-06 15:26:00,Yes,"Cross-referenced with threat intel feed, identified C2 communication pattern, escalated to IR team.",Database
ALT00126,Indus Financial Services,High,2026-02-06 02:14:00,2026-02-06 05:14:00,Yes,"Performed forensic triage on affected host, isolated system, initiated containment protocol.",Firewall
ALT00127,Indus Financial Services,Low,2026-03-03 18:24:00,2026-03-03 21:13:00,No,Contacted asset owner and confirmed scheduled maintenance window covered the activity.,IoT Device
ALT00128,Indus Financial Services,Medium,2026-01-08 14:24:00,2026-01-08 17:25:00,No,"Correlated with SIEM logs across 3 hosts, identified lateral movement attempt, escalated.",Network Device
ALT00129,Indus Financial Services,High,2026-02-28 04:23:00,2026-02-28 07:48:00,Yes,No further action required.,Firewall
ALT00130,Indus Financial Services,Low,2026-02-24 17:05:00,2026-02-24 19:57:00,No,Reviewed and closed.,Endpoint
ALT00131,Indus Financial Services,Low,2026-01-25 03:47:00,2026-01-25 06:39:00,No,Ran memory capture on affected host; no injected process artefacts identified.,Firewall
ALT00132,Indus Financial Services,Low,2026-03-01 08:25:00,2026-03-01 11:50:00,No,Analysed PCAP sample; payload matched benign monitoring agent heartbeat.,Server
ALT00133,Indus Financial Services,Low,2026-02-17 17:12:00,2026-02-17 19:56:00,No,Ran memory capture on affected host; no injected process artefacts identified.,Cloud Workload
ALT00134,Indus Financial Services,Medium,2026-03-24 02:21:00,2026-03-24 05:21:00,No,Ran memory capture on affected host; no injected process artefacts identified.,Database
ALT00135,Indus Financial Services,Low,2026-01-17 03:21:00,2026-01-17 06:49:00,No,Reviewed EDR telemetry timeline; parent process traced to legitimate installer.,Firewall
ALT00136,Indus Financial Services,Low,2026-02-21 21:23:00,2026-02-22 00:01:00,No,"Investigated source IP, confirmed malicious signature, blocked at firewall, root cause documented.",Identity Provider
ALT00137,Indus Financial Services,Low,2026-02-11 10:02:00,2026-02-11 13:06:00,No,"Cross-referenced with threat intel feed, identified C2 communication pattern, escalated to IR team.",IoT Device
ALT00138,Indus Financial Services,Medium,2026-01-24 20:27:00,2026-01-24 23:56:00,No,No further action required.,Server
ALT00139,Indus Financial Services,Low,2026-02-23 20:45:00,2026-02-23 23:55:00,No,No further action required.,Database
ALT00140,Indus Financial Services,High,2026-03-16 19:55:00,2026-03-16 23:05:00,Yes,"Investigated source IP, confirmed malicious signature, blocked at firewall, root cause documented.",Database
ALT00141,Indus Financial Services,Medium,2026-02-05 02:00:00,2026-02-05 04:46:00,No,False positive.,Network Device
ALT00142,Indus Financial Services,Low,2026-03-03 02:05:00,2026-03-03 05:29:00,No,Closed as per standard procedure.,Endpoint
ALT00143,Indus Financial Services,Medium,2026-03-17 14:03:00,2026-03-17 16:50:00,Yes,Analysed PCAP sample; payload matched benign monitoring agent heartbeat.,IoT Device
ALT00144,Indus Financial Services,High,2026-01-17 01:09:00,2026-01-17 03:46:00,No,"Correlated with SIEM logs across 3 hosts, identified lateral movement attempt, escalated.",Network Device
ALT00145,Indus Financial Services,Low,2026-03-16 07:50:00,2026-03-16 10:26:00,No,"Correlated with SIEM logs across 3 hosts, identified lateral movement attempt, escalated.",Endpoint
ALT00146,Indus Financial Services,Medium,2026-03-15 01:21:00,2026-03-15 04:02:00,No,"Correlated with SIEM logs across 3 hosts, identified lateral movement attempt, escalated.",IoT Device
ALT00147,Indus Financial Services,Medium,2026-02-15 13:21:00,2026-02-15 16:05:00,No,"Cross-referenced with threat intel feed, identified C2 communication pattern, escalated to IR team.",Cloud Workload
ALT00148,Indus Financial Services,Critical,2026-02-03 21:49:00,2026-02-04 00:51:00,Yes,"Performed forensic triage on affected host, isolated system, initiated containment protocol.",Endpoint
ALT00149,Indus Financial Services,Low,2026-03-11 03:33:00,2026-03-11 06:53:00,Yes,Contacted asset owner and confirmed scheduled maintenance window covered the activity.,Firewall
ALT00150,Indus Financial Services,Medium,2026-01-15 00:33:00,2026-01-15 03:05:00,No,False positive.,Database
ALT00151,Indus Financial Services,High,2026-01-29 17:16:00,2026-01-29 20:07:00,Yes,"Investigated source IP, confirmed malicious signature, blocked at firewall, root cause documented.",Network Device
ALT00152,Indus Financial Services,Critical,2026-03-03 09:24:00,2026-03-03 12:43:00,Yes,Ran memory capture on affected host; no injected process artefacts identified.,Endpoint
ALT00153,Indus Financial Services,High,2026-02-24 17:45:00,2026-02-24 21:04:00,Yes,"Performed forensic triage on affected host, isolated system, initiated containment protocol.",Firewall
ALT00154,Indus Financial Services,Low,2026-03-31 00:03:00,2026-03-31 02:36:00,No,"Correlated with SIEM logs across 3 hosts, identified lateral movement attempt, escalated.",Database
ALT00155,Indus Financial Services,Medium,2026-03-10 01:49:00,2026-03-10 04:55:00,No,No further action required.,Firewall
ALT00156,Indus Financial Services,Low,2026-01-17 07:29:00,2026-01-17 10:48:00,No,Reviewed and closed.,Database
ALT00157,Indus Financial Services,Low,2026-03-21 05:56:00,2026-03-21 08:30:00,No,Reviewed EDR telemetry timeline; parent process traced to legitimate installer.,Server
ALT00158,Indus Financial Services,Low,2026-03-06 12:07:00,2026-03-06 14:54:00,No,Reviewed and closed.,IoT Device
ALT00159,Indus Financial Services,Low,2026-02-05 07:28:00,2026-02-05 10:23:00,No,"Correlated with SIEM logs across 3 hosts, identified lateral movement attempt, escalated.",Firewall
ALT00160,Indus Financial Services,Low,2026-03-23 01:13:00,2026-03-23 04:08:00,No,Analysed PCAP sample; payload matched benign monitoring agent heartbeat.,Firewall
ALT00161,Indus Financial Services,Low,2026-02-09 11:31:00,2026-02-09 14:47:00,Yes,Closed as per standard procedure.,Firewall
ALT00162,Indus Financial Services,Medium,2026-01-16 11:14:00,2026-01-16 14:35:00,No,"Correlated with SIEM logs across 3 hosts, identified lateral movement attempt, escalated.",Endpoint
ALT00163,Indus Financial Services,Low,2026-02-16 07:08:00,2026-02-16 09:48:00,Yes,Reviewed EDR telemetry timeline; parent process traced to legitimate installer.,Endpoint
ALT00164,Indus Financial Services,Critical,2026-03-10 14:03:00,2026-03-10 16:38:00,Yes,False positive.,Cloud Workload
ALT00165,Indus Financial Services,Medium,2026-02-19 00:24:00,2026-02-19 02:57:00,No,"Performed forensic triage on affected host, isolated system, initiated containment protocol.",Database
ALT00166,Indus Financial Services,Low,2026-03-26 17:49:00,2026-03-26 21:13:00,No,No further action required.,Server
ALT00167,Indus Financial Services,High,2026-03-21 16:52:00,2026-03-21 19:29:00,Yes,No further action required.,Endpoint
ALT00168,Indus Financial Services,Medium,2026-02-26 17:28:00,2026-02-26 20:14:00,No,"Correlated with SIEM logs across 3 hosts, identified lateral movement attempt, escalated.",Server
ALT00169,Indus Financial Services,High,2026-02-23 18:18:00,2026-02-23 21:04:00,Yes,Closed as per standard procedure.,Network Device
ALT00170,Indus Financial Services,Low,2026-01-05 03:20:00,2026-01-05 05:51:00,No,False positive.,Firewall
ALT00171,Indus Financial Services,Low,2026-03-31 21:34:00,2026-03-31 23:59:59,No,"Correlated with SIEM logs across 3 hosts, identified lateral movement attempt, escalated.",Network Device
ALT00172,Indus Financial Services,Low,2026-02-20 10:57:00,2026-02-20 14:27:00,Yes,"Performed forensic triage on affected host, isolated system, initiated containment protocol.",Server
ALT00173,Indus Financial Services,Low,2026-01-21 04:16:00,2026-01-21 06:57:00,No,Reviewed EDR telemetry timeline; parent process traced to legitimate installer.,Endpoint
ALT00174,Indus Financial Services,Low,2026-01-17 01:41:00,2026-01-17 04:16:00,No,Analysed PCAP sample; payload matched benign monitoring agent heartbeat.,Database
ALT00175,Indus Financial Services,High,2026-02-23 16:34:00,2026-02-23 19:20:00,No,Reviewed and closed.,Database
ALT00176,Indus Financial Services,High,2026-02-17 09:22:00,2026-02-17 12:40:00,Yes,No further action required.,Endpoint
ALT00177,Indus Financial Services,Medium,2026-01-04 20:48:00,2026-01-04 23:29:00,No,"Correlated with SIEM logs across 3 hosts, identified lateral movement attempt, escalated.",Cloud Workload
ALT00178,Indus Financial Services,Medium,2026-03-10 05:14:00,2026-03-10 07:56:00,Yes,"Cross-referenced with threat intel feed, identified C2 communication pattern, escalated to IR team.",Database
ALT00179,Indus Financial Services,Low,2026-02-01 00:54:00,2026-02-01 04:13:00,No,Contacted asset owner and confirmed scheduled maintenance window covered the activity.,Cloud Workload
ALT00180,Indus Financial Services,Medium,2026-03-12 23:25:00,2026-03-13 02:41:00,No,"Correlated with SIEM logs across 3 hosts, identified lateral movement attempt, escalated.",Database
ALT00181,Indus Financial Services,Medium,2026-02-12 15:36:00,2026-02-12 18:42:00,No,"Cross-referenced with threat intel feed, identified C2 communication pattern, escalated to IR team.",Identity Provider
ALT00182,Indus Financial Services,Low,2026-03-10 19:25:00,2026-03-10 22:46:00,No,"Performed forensic triage on affected host, isolated system, initiated containment protocol.",Server
ALT00183,Indus Financial Services,Low,2026-02-07 11:44:00,2026-02-07 14:53:00,No,"Performed forensic triage on affected host, isolated system, initiated containment protocol.",Firewall
ALT00184,Indus Financial Services,Low,2026-03-16 15:37:00,2026-03-16 18:31:00,No,"Investigated source IP, confirmed malicious signature, blocked at firewall, root cause documented.",Identity Provider
ALT00185,Indus Financial Services,High,2026-02-06 17:57:00,2026-02-06 21:14:00,Yes,False positive.,Endpoint
ALT00186,Indus Financial Services,Medium,2026-02-18 04:06:00,2026-02-18 07:21:00,No,Closed as per standard procedure.,Network Device
ALT00187,Indus Financial Services,Low,2026-02-09 01:24:00,2026-02-09 04:00:00,No,No further action required.,Endpoint
ALT00188,Indus Financial Services,High,2026-01-23 06:19:00,2026-01-23 09:33:00,No,No further action required.,Server
ALT00189,Indus Financial Services,Low,2026-01-14 10:42:00,2026-01-14 13:43:00,No,No further action required.,Endpoint
ALT00190,Indus Financial Services,Low,2026-01-07 16:09:00,2026-01-07 19:10:00,No,Analysed PCAP sample; payload matched benign monitoring agent heartbeat.,IoT Device
ALT00191,Indus Financial Services,Medium,2026-03-28 17:54:00,2026-03-28 21:22:00,No,"Cross-referenced with threat intel feed, identified C2 communication pattern, escalated to IR team.",Endpoint
ALT00192,Indus Financial Services,Low,2026-03-12 04:29:00,2026-03-12 07:16:00,No,"Cross-referenced with threat intel feed, identified C2 communication pattern, escalated to IR team.",IoT Device
ALT00193,Indus Financial Services,Low,2026-03-17 02:05:00,2026-03-17 04:47:00,No,No further action required.,IoT Device
ALT00194,Indus Financial Services,High,2026-01-27 16:33:00,2026-01-27 19:57:00,Yes,"Performed forensic triage on affected host, isolated system, initiated containment protocol.",Server
ALT00195,Indus Financial Services,Low,2026-01-02 09:33:00,2026-01-02 12:27:00,No,Analysed PCAP sample; payload matched benign monitoring agent heartbeat.,Cloud Workload
ALT00196,Indus Financial Services,Low,2026-02-21 19:57:00,2026-02-21 23:05:00,No,Contacted asset owner and confirmed scheduled maintenance window covered the activity.,Cloud Workload
ALT00001,Jupiter Aviation Control,Low,2026-03-02 04:52:00,2026-03-02 07:23:00,No,"Correlated with SIEM logs across 3 hosts, identified lateral movement attempt, escalated.",Endpoint
ALT00002,Jupiter Aviation Control,High,2026-02-15 06:54:00,2026-02-15 09:29:00,Yes,False positive.,IoT Device
ALT00003,Jupiter Aviation Control,Medium,2026-01-10 22:24:00,2026-01-11 01:31:00,No,Ran memory capture on affected host; no injected process artefacts identified.,Endpoint
ALT00004,Jupiter Aviation Control,Medium,2026-02-05 21:15:00,2026-02-05 23:54:00,Yes,Ran memory capture on affected host; no injected process artefacts identified.,Cloud Workload
ALT00005,Jupiter Aviation Control,High,2026-02-02 04:40:00,2026-02-02 07:37:00,No,Contacted asset owner and confirmed scheduled maintenance window covered the activity.,Network Device
ALT00006,Jupiter Aviation Control,Low,2026-02-21 16:21:00,2026-02-21 19:06:00,No,"Performed forensic triage on affected host, isolated system, initiated containment protocol.",Firewall
ALT00007,Jupiter Aviation Control,Medium,2026-03-08 05:38:00,2026-03-08 08:16:00,No,"Performed forensic triage on affected host, isolated system, initiated containment protocol.",Database
ALT00008,Jupiter Aviation Control,Medium,2026-01-07 01:19:00,2026-01-07 03:59:00,No,Reviewed and closed.,Endpoint
ALT00009,Jupiter Aviation Control,Medium,2026-03-18 22:14:00,2026-03-19 01:44:00,No,Contacted asset owner and confirmed scheduled maintenance window covered the activity.,Firewall
ALT00010,Jupiter Aviation Control,Low,2026-03-01 17:56:00,2026-03-01 20:48:00,No,No further action required.,Server
ALT00011,Jupiter Aviation Control,Low,2026-02-13 15:38:00,2026-02-13 18:59:00,No,"Investigated source IP, confirmed malicious signature, blocked at firewall, root cause documented.",IoT Device
ALT00012,Jupiter Aviation Control,Low,2026-01-25 02:46:00,2026-01-25 05:31:00,No,"Performed forensic triage on affected host, isolated system, initiated containment protocol.",IoT Device
ALT00013,Jupiter Aviation Control,Low,2026-02-16 08:17:00,2026-02-16 10:58:00,No,False positive.,Firewall
ALT00014,Jupiter Aviation Control,High,2026-03-15 15:37:00,2026-03-15 18:15:00,Yes,Contacted asset owner and confirmed scheduled maintenance window covered the activity.,Database
ALT00015,Jupiter Aviation Control,Low,2026-01-28 10:53:00,2026-01-28 13:39:00,No,Reviewed and closed.,Database
ALT00016,Jupiter Aviation Control,Medium,2026-03-28 01:18:00,2026-03-28 04:45:00,No,Closed as per standard procedure.,Network Device
ALT00017,Jupiter Aviation Control,Low,2026-01-18 19:32:00,2026-01-18 22:57:00,Yes,Ran memory capture on affected host; no injected process artefacts identified.,Database
ALT00018,Jupiter Aviation Control,Critical,2026-03-26 23:18:00,2026-03-27 02:29:00,No,No further action required.,Database
ALT00019,Jupiter Aviation Control,High,2026-03-04 21:44:00,2026-03-05 00:58:00,Yes,Reviewed and closed.,Database
ALT00020,Jupiter Aviation Control,Low,2026-03-07 08:01:00,2026-03-07 11:22:00,No,Reviewed and closed.,Firewall
ALT00021,Jupiter Aviation Control,Low,2026-01-05 05:35:00,2026-01-05 08:16:00,No,Ran memory capture on affected host; no injected process artefacts identified.,Server
ALT00022,Jupiter Aviation Control,Low,2026-03-05 08:03:00,2026-03-05 10:45:00,No,"Correlated with SIEM logs across 3 hosts, identified lateral movement attempt, escalated.",Database
ALT00023,Jupiter Aviation Control,Medium,2026-01-14 22:00:00,2026-01-15 01:24:00,No,Closed as per standard procedure.,Cloud Workload
ALT00024,Jupiter Aviation Control,Low,2026-01-17 17:20:00,2026-01-17 20:03:00,No,Closed as per standard procedure.,Network Device
ALT00025,Jupiter Aviation Control,Medium,2026-03-16 17:07:00,2026-03-16 20:09:00,Yes,Ran memory capture on affected host; no injected process artefacts identified.,Identity Provider
ALT00026,Jupiter Aviation Control,Low,2026-02-16 18:08:00,2026-02-16 21:22:00,No,"Investigated source IP, confirmed malicious signature, blocked at firewall, root cause documented.",Endpoint
ALT00027,Jupiter Aviation Control,Low,2026-01-24 03:11:00,2026-01-24 06:27:00,No,Reviewed EDR telemetry timeline; parent process traced to legitimate installer.,Database
ALT00028,Jupiter Aviation Control,Medium,2026-03-04 20:00:00,2026-03-04 22:42:00,No,"Cross-referenced with threat intel feed, identified C2 communication pattern, escalated to IR team.",Server
ALT00029,Jupiter Aviation Control,Low,2026-02-06 11:48:00,2026-02-06 15:01:00,No,Closed as per standard procedure.,Server
ALT00030,Jupiter Aviation Control,Medium,2026-02-07 15:16:00,2026-02-07 17:47:00,Yes,Analysed PCAP sample; payload matched benign monitoring agent heartbeat.,Firewall
ALT00031,Jupiter Aviation Control,Low,2026-01-08 16:02:00,2026-01-08 18:40:00,No,"Cross-referenced with threat intel feed, identified C2 communication pattern, escalated to IR team.",Endpoint
ALT00032,Jupiter Aviation Control,Medium,2026-02-13 09:37:00,2026-02-13 13:06:00,No,False positive.,Identity Provider
ALT00033,Jupiter Aviation Control,High,2026-03-02 18:55:00,2026-03-02 21:27:00,No,Ran memory capture on affected host; no injected process artefacts identified.,IoT Device
ALT00034,Jupiter Aviation Control,High,2026-03-09 13:43:00,2026-03-09 16:32:00,No,"Cross-referenced with threat intel feed, identified C2 communication pattern, escalated to IR team.",IoT Device
ALT00035,Jupiter Aviation Control,Medium,2026-01-31 14:57:00,2026-01-31 17:38:00,Yes,"Cross-referenced with threat intel feed, identified C2 communication pattern, escalated to IR team.",Network Device
ALT00036,Jupiter Aviation Control,Medium,2026-01-26 08:55:00,2026-01-26 12:04:00,No,"Performed forensic triage on affected host, isolated system, initiated containment protocol.",Server
ALT00037,Jupiter Aviation Control,Medium,2026-02-02 18:50:00,2026-02-02 21:32:00,No,"Cross-referenced with threat intel feed, identified C2 communication pattern, escalated to IR team.",IoT Device
ALT00038,Jupiter Aviation Control,Low,2026-01-23 20:00:00,2026-01-23 22:54:00,Yes,Ran memory capture on affected host; no injected process artefacts identified.,Database
ALT00039,Jupiter Aviation Control,High,2026-03-22 11:43:00,2026-03-22 14:41:00,No,Ran memory capture on affected host; no injected process artefacts identified.,IoT Device
ALT00040,Jupiter Aviation Control,High,2026-03-06 03:18:00,2026-03-06 06:27:00,Yes,"Cross-referenced with threat intel feed, identified C2 communication pattern, escalated to IR team.",Server
ALT00041,Jupiter Aviation Control,Low,2026-01-19 10:12:00,2026-01-19 13:33:00,No,Ran memory capture on affected host; no injected process artefacts identified.,Network Device
ALT00042,Jupiter Aviation Control,Medium,2026-03-27 05:54:00,2026-03-27 08:39:00,Yes,Ran memory capture on affected host; no injected process artefacts identified.,Firewall
ALT00043,Jupiter Aviation Control,Low,2026-02-26 23:19:00,2026-02-27 02:23:00,No,"Investigated source IP, confirmed malicious signature, blocked at firewall, root cause documented.",Server
ALT00044,Jupiter Aviation Control,Low,2026-01-21 02:36:00,2026-01-21 05:29:00,Yes,False positive.,Network Device
ALT00045,Jupiter Aviation Control,Low,2026-02-20 05:44:00,2026-02-20 08:22:00,Yes,Ran memory capture on affected host; no injected process artefacts identified.,IoT Device
ALT00046,Jupiter Aviation Control,Low,2026-02-20 01:59:00,2026-02-20 05:29:00,No,Closed as per standard procedure.,Server
ALT00047,Jupiter Aviation Control,Low,2026-01-08 02:21:00,2026-01-08 05:00:00,No,No further action required.,Network Device
ALT00048,Jupiter Aviation Control,Low,2026-02-07 17:43:00,2026-02-07 20:22:00,Yes,Contacted asset owner and confirmed scheduled maintenance window covered the activity.,Server
ALT00049,Jupiter Aviation Control,Low,2026-02-09 02:46:00,2026-02-09 05:47:00,No,Ran memory capture on affected host; no injected process artefacts identified.,Network Device
ALT00050,Jupiter Aviation Control,Low,2026-01-10 04:49:00,2026-01-10 07:28:00,No,Contacted asset owner and confirmed scheduled maintenance window covered the activity.,Cloud Workload
ALT00051,Jupiter Aviation Control,Low,2026-03-01 12:12:00,2026-03-01 15:42:00,No,No further action required.,Network Device
ALT00052,Jupiter Aviation Control,Low,2026-01-08 01:32:00,2026-01-08 04:39:00,No,Reviewed EDR telemetry timeline; parent process traced to legitimate installer.,Endpoint
ALT00053,Jupiter Aviation Control,Medium,2026-01-14 12:07:00,2026-01-14 15:05:00,No,Reviewed and closed.,Server
ALT00054,Jupiter Aviation Control,Medium,2026-01-10 00:53:00,2026-01-10 04:17:00,No,Contacted asset owner and confirmed scheduled maintenance window covered the activity.,Firewall
ALT00055,Jupiter Aviation Control,Medium,2026-01-11 10:19:00,2026-01-11 13:06:00,No,Contacted asset owner and confirmed scheduled maintenance window covered the activity.,Endpoint
ALT00056,Jupiter Aviation Control,Medium,2026-03-10 07:49:00,2026-03-10 11:04:00,No,Reviewed and closed.,IoT Device
ALT00057,Jupiter Aviation Control,Medium,2026-03-09 05:37:00,2026-03-09 09:02:00,No,"Cross-referenced with threat intel feed, identified C2 communication pattern, escalated to IR team.",Database
ALT00058,Jupiter Aviation Control,Low,2026-01-30 06:52:00,2026-01-30 09:22:00,Yes,Ran memory capture on affected host; no injected process artefacts identified.,Database
ALT00059,Jupiter Aviation Control,Low,2026-03-16 19:56:00,2026-03-16 22:55:00,No,Reviewed and closed.,Identity Provider
ALT00060,Jupiter Aviation Control,Medium,2026-01-26 19:22:00,2026-01-26 22:04:00,No,Reviewed EDR telemetry timeline; parent process traced to legitimate installer.,Database
ALT00061,Jupiter Aviation Control,Low,2026-02-13 08:38:00,2026-02-13 11:58:00,No,Contacted asset owner and confirmed scheduled maintenance window covered the activity.,Endpoint
ALT00062,Jupiter Aviation Control,Low,2026-01-25 00:26:00,2026-01-25 03:21:00,Yes,Contacted asset owner and confirmed scheduled maintenance window covered the activity.,Network Device
ALT00063,Jupiter Aviation Control,High,2026-01-29 23:28:00,2026-01-30 02:42:00,Yes,Ran memory capture on affected host; no injected process artefacts identified.,Server
ALT00064,Jupiter Aviation Control,Low,2026-02-10 03:54:00,2026-02-10 06:47:00,No,Ran memory capture on affected host; no injected process artefacts identified.,Server
ALT00065,Jupiter Aviation Control,Low,2026-03-28 01:31:00,2026-03-28 04:03:00,No,Reviewed EDR telemetry timeline; parent process traced to legitimate installer.,Network Device
ALT00066,Jupiter Aviation Control,Medium,2026-02-08 19:50:00,2026-02-08 23:00:00,No,Ran memory capture on affected host; no injected process artefacts identified.,Network Device
ALT00067,Jupiter Aviation Control,Low,2026-01-10 21:07:00,2026-01-11 00:00:00,No,No further action required.,Database
ALT00068,Jupiter Aviation Control,Medium,2026-01-22 23:28:00,2026-01-23 02:04:00,No,"Performed forensic triage on affected host, isolated system, initiated containment protocol.",Network Device
ALT00069,Jupiter Aviation Control,High,2026-01-15 01:54:00,2026-01-15 04:56:00,Yes,Reviewed EDR telemetry timeline; parent process traced to legitimate installer.,Network Device
ALT00070,Jupiter Aviation Control,Low,2026-03-01 23:49:00,2026-03-02 03:14:00,Yes,Ran memory capture on affected host; no injected process artefacts identified.,Identity Provider
ALT00071,Jupiter Aviation Control,Low,2026-03-01 10:26:00,2026-03-01 13:07:00,Yes,False positive.,Firewall
ALT00072,Jupiter Aviation Control,Low,2026-02-26 16:24:00,2026-02-26 19:10:00,No,Closed as per standard procedure.,Database
ALT00073,Jupiter Aviation Control,Low,2026-02-05 10:56:00,2026-02-05 13:42:00,No,No further action required.,Firewall
ALT00074,Jupiter Aviation Control,Medium,2026-02-24 07:51:00,2026-02-24 10:39:00,Yes,"Performed forensic triage on affected host, isolated system, initiated containment protocol.",Network Device
ALT00075,Jupiter Aviation Control,High,2026-01-04 02:59:00,2026-01-04 05:59:00,No,Ran memory capture on affected host; no injected process artefacts identified.,Endpoint
ALT00076,Jupiter Aviation Control,High,2026-02-01 06:03:00,2026-02-01 09:27:00,Yes,"Investigated source IP, confirmed malicious signature, blocked at firewall, root cause documented.",Endpoint
ALT00077,Jupiter Aviation Control,Low,2026-01-10 02:11:00,2026-01-10 05:37:00,No,Analysed PCAP sample; payload matched benign monitoring agent heartbeat.,Network Device
ALT00078,Jupiter Aviation Control,Low,2026-01-08 03:04:00,2026-01-08 06:02:00,No,Closed as per standard procedure.,Identity Provider
ALT00079,Jupiter Aviation Control,High,2026-01-26 15:21:00,2026-01-26 18:13:00,Yes,Contacted asset owner and confirmed scheduled maintenance window covered the activity.,Server
ALT00080,Jupiter Aviation Control,Low,2026-02-08 09:45:00,2026-02-08 13:13:00,No,"Correlated with SIEM logs across 3 hosts, identified lateral movement attempt, escalated.",Server
ALT00081,Jupiter Aviation Control,Low,2026-01-02 00:27:00,2026-01-02 03:26:00,Yes,Contacted asset owner and confirmed scheduled maintenance window covered the activity.,Server
ALT00082,Jupiter Aviation Control,Low,2026-03-23 08:03:00,2026-03-23 10:33:00,Yes,"Investigated source IP, confirmed malicious signature, blocked at firewall, root cause documented.",Endpoint
ALT00083,Jupiter Aviation Control,Medium,2026-03-29 10:17:00,2026-03-29 13:01:00,No,Closed as per standard procedure.,IoT Device
ALT00084,Jupiter Aviation Control,Low,2026-03-20 01:58:00,2026-03-20 04:41:00,No,Closed as per standard procedure.,Database
ALT00085,Jupiter Aviation Control,Medium,2026-02-06 15:08:00,2026-02-06 18:04:00,Yes,"Cross-referenced with threat intel feed, identified C2 communication pattern, escalated to IR team.",Cloud Workload
ALT00086,Jupiter Aviation Control,High,2026-02-24 09:09:00,2026-02-24 11:45:00,No,Reviewed and closed.,IoT Device
ALT00087,Jupiter Aviation Control,Medium,2026-02-26 04:10:00,2026-02-26 06:59:00,Yes,"Investigated source IP, confirmed malicious signature, blocked at firewall, root cause documented.",Identity Provider
ALT00088,Jupiter Aviation Control,Medium,2026-02-10 00:42:00,2026-02-10 03:52:00,No,Contacted asset owner and confirmed scheduled maintenance window covered the activity.,Cloud Workload
ALT00089,Jupiter Aviation Control,High,2026-03-14 12:44:00,2026-03-14 15:45:00,Yes,Contacted asset owner and confirmed scheduled maintenance window covered the activity.,Endpoint
ALT00090,Jupiter Aviation Control,Medium,2026-03-20 12:49:00,2026-03-20 15:58:00,No,"Cross-referenced with threat intel feed, identified C2 communication pattern, escalated to IR team.",IoT Device
ALT00091,Jupiter Aviation Control,High,2026-01-19 19:16:00,2026-01-19 22:21:00,Yes,Closed as per standard procedure.,Firewall
ALT00092,Jupiter Aviation Control,High,2026-01-15 12:14:00,2026-01-15 15:05:00,Yes,Contacted asset owner and confirmed scheduled maintenance window covered the activity.,Cloud Workload
ALT00093,Jupiter Aviation Control,Low,2026-03-16 14:05:00,2026-03-16 17:01:00,No,False positive.,Server
ALT00094,Jupiter Aviation Control,High,2026-01-10 10:03:00,2026-01-10 13:08:00,Yes,No further action required.,Identity Provider
ALT00095,Jupiter Aviation Control,Low,2026-03-02 12:59:00,2026-03-02 15:39:00,No,"Investigated source IP, confirmed malicious signature, blocked at firewall, root cause documented.",Identity Provider
ALT00096,Jupiter Aviation Control,Medium,2026-02-14 00:58:00,2026-02-14 04:07:00,Yes,"Cross-referenced with threat intel feed, identified C2 communication pattern, escalated to IR team.",IoT Device
ALT00097,Jupiter Aviation Control,Medium,2026-03-15 16:43:00,2026-03-15 19:23:00,No,"Correlated with SIEM logs across 3 hosts, identified lateral movement attempt, escalated.",Network Device
ALT00098,Jupiter Aviation Control,High,2026-02-25 02:48:00,2026-02-25 05:41:00,Yes,"Performed forensic triage on affected host, isolated system, initiated containment protocol.",Server
ALT00099,Jupiter Aviation Control,Low,2026-01-28 22:13:00,2026-01-29 01:14:00,Yes,No further action required.,Cloud Workload
ALT00100,Jupiter Aviation Control,Low,2026-03-02 02:55:00,2026-03-02 06:06:00,No,No further action required.,Network Device
ALT00101,Jupiter Aviation Control,Medium,2026-01-31 02:01:00,2026-01-31 04:52:00,No,Analysed PCAP sample; payload matched benign monitoring agent heartbeat.,Cloud Workload
ALT00102,Jupiter Aviation Control,Low,2026-01-01 06:14:00,2026-01-01 09:32:00,No,"Correlated with SIEM logs across 3 hosts, identified lateral movement attempt, escalated.",Firewall
ALT00103,Jupiter Aviation Control,Low,2026-02-21 03:20:00,2026-02-21 06:01:00,No,False positive.,Server
ALT00104,Jupiter Aviation Control,Low,2026-02-20 06:30:00,2026-02-20 09:07:00,No,Analysed PCAP sample; payload matched benign monitoring agent heartbeat.,Firewall
ALT00105,Jupiter Aviation Control,Low,2026-02-17 13:31:00,2026-02-17 16:35:00,No,False positive.,Firewall
ALT00106,Jupiter Aviation Control,Low,2026-03-27 23:54:00,2026-03-28 02:32:00,No,"Cross-referenced with threat intel feed, identified C2 communication pattern, escalated to IR team.",Firewall
ALT00107,Jupiter Aviation Control,Low,2026-01-18 14:20:00,2026-01-18 17:11:00,No,"Cross-referenced with threat intel feed, identified C2 communication pattern, escalated to IR team.",Network Device
ALT00108,Jupiter Aviation Control,Critical,2026-02-18 14:05:00,2026-02-18 16:49:00,No,"Correlated with SIEM logs across 3 hosts, identified lateral movement attempt, escalated.",Server
ALT00109,Jupiter Aviation Control,High,2026-03-31 22:29:00,2026-03-31 23:59:59,Yes,Contacted asset owner and confirmed scheduled maintenance window covered the activity.,Cloud Workload
ALT00110,Jupiter Aviation Control,Low,2026-03-18 02:10:00,2026-03-18 04:52:00,No,"Cross-referenced with threat intel feed, identified C2 communication pattern, escalated to IR team.",Firewall
ALT00111,Jupiter Aviation Control,Low,2026-01-03 00:12:00,2026-01-03 02:49:00,No,Ran memory capture on affected host; no injected process artefacts identified.,Identity Provider
ALT00112,Jupiter Aviation Control,Medium,2026-01-10 17:30:00,2026-01-10 20:51:00,No,"Performed forensic triage on affected host, isolated system, initiated containment protocol.",Firewall
ALT00113,Jupiter Aviation Control,High,2026-02-04 22:02:00,2026-02-05 00:39:00,Yes,"Investigated source IP, confirmed malicious signature, blocked at firewall, root cause documented.",Cloud Workload
ALT00114,Jupiter Aviation Control,Low,2026-03-28 19:26:00,2026-03-28 22:21:00,No,"Cross-referenced with threat intel feed, identified C2 communication pattern, escalated to IR team.",Database
ALT00115,Jupiter Aviation Control,High,2026-02-07 22:11:00,2026-02-08 01:05:00,Yes,Reviewed and closed.,Database
ALT00116,Jupiter Aviation Control,Low,2026-03-25 20:23:00,2026-03-25 23:36:00,No,"Correlated with SIEM logs across 3 hosts, identified lateral movement attempt, escalated.",IoT Device
ALT00117,Jupiter Aviation Control,Low,2026-03-21 08:36:00,2026-03-21 11:19:00,Yes,"Investigated source IP, confirmed malicious signature, blocked at firewall, root cause documented.",Server
ALT00118,Jupiter Aviation Control,Low,2026-02-01 13:06:00,2026-02-01 16:30:00,No,Closed as per standard procedure.,Cloud Workload
ALT00119,Jupiter Aviation Control,Low,2026-03-30 08:29:00,2026-03-30 11:02:00,Yes,Reviewed EDR telemetry timeline; parent process traced to legitimate installer.,Database
ALT00120,Jupiter Aviation Control,Low,2026-02-13 11:30:00,2026-02-13 14:13:00,Yes,Closed as per standard procedure.,Cloud Workload
ALT00121,Jupiter Aviation Control,High,2026-03-21 15:09:00,2026-03-21 18:05:00,No,"Performed forensic triage on affected host, isolated system, initiated containment protocol.",Database
ALT00122,Jupiter Aviation Control,Low,2026-03-06 10:19:00,2026-03-06 13:05:00,No,"Correlated with SIEM logs across 3 hosts, identified lateral movement attempt, escalated.",Network Device
ALT00123,Jupiter Aviation Control,Low,2026-03-31 03:23:00,2026-03-31 06:38:00,Yes,"Cross-referenced with threat intel feed, identified C2 communication pattern, escalated to IR team.",Server
ALT00124,Jupiter Aviation Control,Medium,2026-01-19 10:43:00,2026-01-19 13:50:00,Yes,"Correlated with SIEM logs across 3 hosts, identified lateral movement attempt, escalated.",Database
ALT00125,Jupiter Aviation Control,Low,2026-03-05 14:50:00,2026-03-05 18:00:00,Yes,"Cross-referenced with threat intel feed, identified C2 communication pattern, escalated to IR team.",Database
ALT00126,Jupiter Aviation Control,Medium,2026-03-11 21:44:00,2026-03-12 00:39:00,Yes,Analysed PCAP sample; payload matched benign monitoring agent heartbeat.,Server
ALT00127,Jupiter Aviation Control,Medium,2026-01-23 01:51:00,2026-01-23 04:52:00,Yes,No further action required.,IoT Device
ALT00128,Jupiter Aviation Control,Medium,2026-01-12 05:12:00,2026-01-12 08:26:00,No,"Correlated with SIEM logs across 3 hosts, identified lateral movement attempt, escalated.",Server
ALT00129,Jupiter Aviation Control,Low,2026-01-09 07:03:00,2026-01-09 10:27:00,Yes,Reviewed and closed.,Firewall
ALT00130,Jupiter Aviation Control,High,2026-03-19 13:44:00,2026-03-19 17:14:00,Yes,Reviewed EDR telemetry timeline; parent process traced to legitimate installer.,Network Device
ALT00131,Jupiter Aviation Control,High,2026-02-05 23:46:00,2026-02-06 02:45:00,Yes,False positive.,Network Device
ALT00132,Jupiter Aviation Control,Low,2026-02-18 07:16:00,2026-02-18 10:29:00,No,Reviewed EDR telemetry timeline; parent process traced to legitimate installer.,Cloud Workload
ALT00133,Jupiter Aviation Control,Medium,2026-02-12 19:58:00,2026-02-12 22:58:00,No,Contacted asset owner and confirmed scheduled maintenance window covered the activity.,IoT Device
ALT00134,Jupiter Aviation Control,Low,2026-02-10 11:36:00,2026-02-10 14:25:00,No,Closed as per standard procedure.,Endpoint
ALT00135,Jupiter Aviation Control,Low,2026-02-08 06:29:00,2026-02-08 09:38:00,No,False positive.,Network Device
ALT00136,Jupiter Aviation Control,Low,2026-02-08 08:18:00,2026-02-08 11:06:00,No,"Correlated with SIEM logs across 3 hosts, identified lateral movement attempt, escalated.",IoT Device
ALT00137,Jupiter Aviation Control,Medium,2026-03-01 00:21:00,2026-03-01 03:38:00,No,Contacted asset owner and confirmed scheduled maintenance window covered the activity.,Identity Provider
ALT00138,Jupiter Aviation Control,Medium,2026-03-03 20:54:00,2026-03-03 23:44:00,No,Closed as per standard procedure.,Identity Provider
ALT00139,Jupiter Aviation Control,High,2026-02-13 07:24:00,2026-02-13 10:02:00,No,"Cross-referenced with threat intel feed, identified C2 communication pattern, escalated to IR team.",Network Device
ALT00140,Jupiter Aviation Control,Low,2026-03-14 01:06:00,2026-03-14 03:54:00,No,Closed as per standard procedure.,Network Device
ALT00141,Jupiter Aviation Control,Medium,2026-01-28 14:54:00,2026-01-28 18:05:00,No,No further action required.,Cloud Workload
ALT00142,Jupiter Aviation Control,Low,2026-01-27 15:22:00,2026-01-27 18:09:00,Yes,"Cross-referenced with threat intel feed, identified C2 communication pattern, escalated to IR team.",IoT Device
ALT00143,Jupiter Aviation Control,Low,2026-03-25 01:37:00,2026-03-25 04:09:00,Yes,"Cross-referenced with threat intel feed, identified C2 communication pattern, escalated to IR team.",Firewall
ALT00144,Jupiter Aviation Control,Low,2026-01-21 04:23:00,2026-01-21 07:43:00,No,Analysed PCAP sample; payload matched benign monitoring agent heartbeat.,Endpoint
ALT00145,Jupiter Aviation Control,Medium,2026-01-29 17:25:00,2026-01-29 20:50:00,No,"Performed forensic triage on affected host, isolated system, initiated containment protocol.",Endpoint
ALT00146,Jupiter Aviation Control,High,2026-03-27 02:30:00,2026-03-27 05:12:00,Yes,"Performed forensic triage on affected host, isolated system, initiated containment protocol.",Identity Provider
ALT00147,Jupiter Aviation Control,Low,2026-03-30 18:06:00,2026-03-30 21:28:00,No,"Correlated with SIEM logs across 3 hosts, identified lateral movement attempt, escalated.",Server
ALT00148,Jupiter Aviation Control,Medium,2026-02-05 21:30:00,2026-02-06 00:02:00,No,Closed as per standard procedure.,Firewall
ALT00149,Jupiter Aviation Control,Low,2026-01-31 12:37:00,2026-01-31 15:35:00,No,Analysed PCAP sample; payload matched benign monitoring agent heartbeat.,Endpoint
ALT00150,Jupiter Aviation Control,Low,2026-03-24 22:28:00,2026-03-25 01:43:00,No,"Cross-referenced with threat intel feed, identified C2 communication pattern, escalated to IR team.",Identity Provider
ALT00151,Jupiter Aviation Control,High,2026-02-06 05:58:00,2026-02-06 09:27:00,No,Contacted asset owner and confirmed scheduled maintenance window covered the activity.,Cloud Workload
ALT00152,Jupiter Aviation Control,Medium,2026-03-27 07:03:00,2026-03-27 10:24:00,No,"Investigated source IP, confirmed malicious signature, blocked at firewall, root cause documented.",Endpoint
ALT00153,Jupiter Aviation Control,Medium,2026-03-01 17:06:00,2026-03-01 20:30:00,No,Analysed PCAP sample; payload matched benign monitoring agent heartbeat.,Endpoint
ALT00154,Jupiter Aviation Control,High,2026-01-25 05:24:00,2026-01-25 08:36:00,No,"Investigated source IP, confirmed malicious signature, blocked at firewall, root cause documented.",IoT Device
ALT00155,Jupiter Aviation Control,Low,2026-01-23 07:00:00,2026-01-23 09:51:00,Yes,Closed as per standard procedure.,Endpoint
ALT00156,Jupiter Aviation Control,Low,2026-01-17 02:56:00,2026-01-17 06:16:00,Yes,Ran memory capture on affected host; no injected process artefacts identified.,Network Device
ALT00157,Jupiter Aviation Control,Medium,2026-03-23 19:30:00,2026-03-23 22:29:00,No,False positive.,Cloud Workload
ALT00158,Jupiter Aviation Control,Low,2026-01-22 23:33:00,2026-01-23 02:20:00,No,Reviewed and closed.,Identity Provider
ALT00159,Jupiter Aviation Control,High,2026-03-04 01:02:00,2026-03-04 03:54:00,Yes,Reviewed and closed.,IoT Device
ALT00160,Jupiter Aviation Control,Medium,2026-03-22 19:34:00,2026-03-22 22:49:00,No,No further action required.,Endpoint
ALT00161,Jupiter Aviation Control,Medium,2026-03-06 14:57:00,2026-03-06 18:04:00,No,"Correlated with SIEM logs across 3 hosts, identified lateral movement attempt, escalated.",IoT Device
ALT00162,Jupiter Aviation Control,Low,2026-03-16 15:40:00,2026-03-16 18:55:00,Yes,Reviewed EDR telemetry timeline; parent process traced to legitimate installer.,Cloud Workload
ALT00163,Jupiter Aviation Control,Low,2026-01-18 07:57:00,2026-01-18 10:58:00,No,Reviewed EDR telemetry timeline; parent process traced to legitimate installer.,IoT Device
ALT00164,Jupiter Aviation Control,Low,2026-03-28 14:23:00,2026-03-28 17:33:00,No,Closed as per standard procedure.,IoT Device
ALT00165,Jupiter Aviation Control,Low,2026-01-28 17:08:00,2026-01-28 20:09:00,No,"Investigated source IP, confirmed malicious signature, blocked at firewall, root cause documented.",Server
ALT00166,Jupiter Aviation Control,Low,2026-03-03 02:19:00,2026-03-03 05:29:00,No,Closed as per standard procedure.,Endpoint
ALT00167,Jupiter Aviation Control,Low,2026-03-14 22:14:00,2026-03-15 01:24:00,No,Reviewed and closed.,Network Device
ALT00168,Jupiter Aviation Control,Low,2026-01-12 13:55:00,2026-01-12 16:57:00,No,"Correlated with SIEM logs across 3 hosts, identified lateral movement attempt, escalated.",Network Device
ALT00169,Jupiter Aviation Control,Medium,2026-02-20 13:52:00,2026-02-20 16:49:00,Yes,Analysed PCAP sample; payload matched benign monitoring agent heartbeat.,Network Device
ALT00170,Jupiter Aviation Control,Medium,2026-02-24 06:20:00,2026-02-24 09:19:00,Yes,Analysed PCAP sample; payload matched benign monitoring agent heartbeat.,Server
ALT00171,Jupiter Aviation Control,Medium,2026-01-15 07:10:00,2026-01-15 10:32:00,No,Analysed PCAP sample; payload matched benign monitoring agent heartbeat.,Endpoint
ALT00172,Jupiter Aviation Control,Low,2026-03-04 02:58:00,2026-03-04 05:36:00,No,Reviewed and closed.,Server
ALT00173,Jupiter Aviation Control,Medium,2026-01-11 03:23:00,2026-01-11 06:10:00,No,Ran memory capture on affected host; no injected process artefacts identified.,Cloud Workload
ALT00174,Jupiter Aviation Control,High,2026-01-19 00:17:00,2026-01-19 02:48:00,Yes,"Investigated source IP, confirmed malicious signature, blocked at firewall, root cause documented.",IoT Device
ALT00175,Jupiter Aviation Control,Low,2026-02-02 05:51:00,2026-02-02 08:29:00,No,"Correlated with SIEM logs across 3 hosts, identified lateral movement attempt, escalated.",Identity Provider
ALT00176,Jupiter Aviation Control,Low,2026-03-29 06:37:00,2026-03-29 09:52:00,Yes,Ran memory capture on affected host; no injected process artefacts identified.,Identity Provider
ALT00177,Jupiter Aviation Control,Low,2026-01-13 17:17:00,2026-01-13 20:17:00,No,"Cross-referenced with threat intel feed, identified C2 communication pattern, escalated to IR team.",Endpoint
ALT00178,Jupiter Aviation Control,Critical,2026-02-18 16:15:00,2026-02-18 19:30:00,No,Reviewed EDR telemetry timeline; parent process traced to legitimate installer.,Network Device
ALT00179,Jupiter Aviation Control,Low,2026-03-07 01:44:00,2026-03-07 04:50:00,No,False positive.,Firewall
ALT00180,Jupiter Aviation Control,Medium,2026-03-18 23:44:00,2026-03-19 02:22:00,No,Reviewed EDR telemetry timeline; parent process traced to legitimate installer.,Endpoint
ALT00181,Jupiter Aviation Control,Low,2026-01-17 15:35:00,2026-01-17 18:21:00,No,False positive.,Cloud Workload
ALT00182,Jupiter Aviation Control,Critical,2026-01-24 17:53:00,2026-01-24 20:55:00,No,Ran memory capture on affected host; no injected process artefacts identified.,Server
ALT00183,Jupiter Aviation Control,Low,2026-01-20 17:49:00,2026-01-20 20:20:00,No,Closed as per standard procedure.,Database
ALT00184,Jupiter Aviation Control,Medium,2026-01-01 11:51:00,2026-01-01 14:45:00,Yes,"Cross-referenced with threat intel feed, identified C2 communication pattern, escalated to IR team.",Endpoint
ALT00185,Jupiter Aviation Control,Low,2026-01-19 11:57:00,2026-01-19 14:46:00,No,"Correlated with SIEM logs across 3 hosts, identified lateral movement attempt, escalated.",Cloud Workload
ALT00186,Jupiter Aviation Control,Low,2026-03-11 05:36:00,2026-03-11 09:03:00,No,"Correlated with SIEM logs across 3 hosts, identified lateral movement attempt, escalated.",IoT Device
ALT00187,Jupiter Aviation Control,Medium,2026-01-03 04:00:00,2026-01-03 07:09:00,Yes,Analysed PCAP sample; payload matched benign monitoring agent heartbeat.,Network Device
ALT00188,Jupiter Aviation Control,Low,2026-01-10 23:36:00,2026-01-11 02:35:00,No,Analysed PCAP sample; payload matched benign monitoring agent heartbeat.,Server
ALT00189,Jupiter Aviation Control,High,2026-03-23 00:13:00,2026-03-23 03:23:00,Yes,Reviewed EDR telemetry timeline; parent process traced to legitimate installer.,Endpoint
ALT00190,Jupiter Aviation Control,Medium,2026-02-12 14:52:00,2026-02-12 17:38:00,No,"Correlated with SIEM logs across 3 hosts, identified lateral movement attempt, escalated.",IoT Device
ALT00191,Jupiter Aviation Control,Low,2026-02-28 02:52:00,2026-02-28 05:25:00,No,No further action required.,Network Device
ALT00192,Jupiter Aviation Control,Medium,2026-02-06 15:43:00,2026-02-06 18:25:00,No,"Performed forensic triage on affected host, isolated system, initiated containment protocol.",Firewall
ALT00193,Jupiter Aviation Control,Low,2026-03-18 11:04:00,2026-03-18 14:12:00,No,Analysed PCAP sample; payload matched benign monitoring agent heartbeat.,Network Device
ALT00194,Jupiter Aviation Control,Low,2026-02-17 16:48:00,2026-02-17 19:36:00,No,Reviewed and closed.,Network Device
ALT00195,Jupiter Aviation Control,Low,2026-02-18 06:23:00,2026-02-18 09:40:00,No,False positive.,Cloud Workload
ALT00001,Krishna Port Authority,Low,2026-03-20 06:54:00,2026-03-20 09:49:00,No,"Performed forensic triage on affected host, isolated system, initiated containment protocol.",Server
ALT00002,Krishna Port Authority,Medium,2026-03-08 10:15:00,2026-03-08 13:36:00,No,False positive.,Server
ALT00003,Krishna Port Authority,Low,2026-01-28 03:10:00,2026-01-28 05:54:00,No,"Investigated source IP, confirmed malicious signature, blocked at firewall, root cause documented.",Cloud Workload
ALT00004,Krishna Port Authority,Medium,2026-03-29 07:27:00,2026-03-29 10:31:00,No,"Investigated source IP, confirmed malicious signature, blocked at firewall, root cause documented.",Identity Provider
ALT00005,Krishna Port Authority,Low,2026-01-18 13:53:00,2026-01-18 16:30:00,No,"Investigated source IP, confirmed malicious signature, blocked at firewall, root cause documented.",Server
ALT00006,Krishna Port Authority,Medium,2026-01-14 19:27:00,2026-01-14 22:23:00,No,Analysed PCAP sample; payload matched benign monitoring agent heartbeat.,Server
ALT00007,Krishna Port Authority,High,2026-02-08 08:36:00,2026-02-08 11:33:00,Yes,False positive.,Identity Provider
ALT00008,Krishna Port Authority,Low,2026-03-14 14:42:00,2026-03-14 17:16:00,No,False positive.,Endpoint
ALT00009,Krishna Port Authority,Medium,2026-03-09 06:06:00,2026-03-09 08:58:00,No,Reviewed and closed.,Identity Provider
ALT00010,Krishna Port Authority,Critical,2026-02-13 23:32:00,2026-02-14 02:57:00,Yes,Ran memory capture on affected host; no injected process artefacts identified.,Network Device
ALT00011,Krishna Port Authority,Medium,2026-02-26 14:31:00,2026-02-26 18:00:00,No,No further action required.,Server
ALT00012,Krishna Port Authority,Low,2026-03-31 01:35:00,2026-03-31 04:17:00,No,No further action required.,Identity Provider
ALT00013,Krishna Port Authority,Low,2026-03-26 12:37:00,2026-03-26 15:52:00,No,No further action required.,Network Device
ALT00014,Krishna Port Authority,Critical,2026-03-15 23:17:00,2026-03-16 02:27:00,Yes,Ran memory capture on affected host; no injected process artefacts identified.,Firewall
ALT00015,Krishna Port Authority,Low,2026-03-21 22:25:00,2026-03-22 01:35:00,Yes,"Correlated with SIEM logs across 3 hosts, identified lateral movement attempt, escalated.",Identity Provider
ALT00016,Krishna Port Authority,Low,2026-01-01 12:04:00,2026-01-01 14:44:00,No,"Investigated source IP, confirmed malicious signature, blocked at firewall, root cause documented.",Firewall
ALT00017,Krishna Port Authority,Low,2026-01-08 03:46:00,2026-01-08 06:27:00,Yes,"Performed forensic triage on affected host, isolated system, initiated containment protocol.",IoT Device
ALT00018,Krishna Port Authority,Low,2026-02-01 09:44:00,2026-02-01 12:49:00,No,"Correlated with SIEM logs across 3 hosts, identified lateral movement attempt, escalated.",Network Device
ALT00019,Krishna Port Authority,Low,2026-03-07 03:36:00,2026-03-07 06:24:00,Yes,Reviewed and closed.,Firewall
ALT00020,Krishna Port Authority,Low,2026-03-12 21:28:00,2026-03-13 00:20:00,Yes,Ran memory capture on affected host; no injected process artefacts identified.,IoT Device
ALT00021,Krishna Port Authority,Low,2026-01-20 00:28:00,2026-01-20 03:26:00,No,Analysed PCAP sample; payload matched benign monitoring agent heartbeat.,IoT Device
ALT00022,Krishna Port Authority,Low,2026-01-29 11:41:00,2026-01-29 15:04:00,No,Analysed PCAP sample; payload matched benign monitoring agent heartbeat.,Firewall
ALT00023,Krishna Port Authority,High,2026-03-14 12:23:00,2026-03-14 15:09:00,Yes,"Correlated with SIEM logs across 3 hosts, identified lateral movement attempt, escalated.",Firewall
ALT00024,Krishna Port Authority,Low,2026-02-26 04:38:00,2026-02-26 07:14:00,No,Closed as per standard procedure.,Database
ALT00025,Krishna Port Authority,Medium,2026-02-13 22:49:00,2026-02-14 01:44:00,No,"Cross-referenced with threat intel feed, identified C2 communication pattern, escalated to IR team.",Identity Provider
ALT00026,Krishna Port Authority,High,2026-02-01 19:36:00,2026-02-01 22:39:00,Yes,False positive.,Firewall
ALT00027,Krishna Port Authority,Low,2026-03-30 08:21:00,2026-03-30 11:47:00,No,False positive.,Server
ALT00028,Krishna Port Authority,Low,2026-03-07 19:06:00,2026-03-07 21:46:00,No,False positive.,Identity Provider
ALT00029,Krishna Port Authority,Low,2026-02-17 22:03:00,2026-02-18 01:18:00,No,Ran memory capture on affected host; no injected process artefacts identified.,IoT Device
ALT00030,Krishna Port Authority,High,2026-01-24 17:43:00,2026-01-24 20:21:00,Yes,"Cross-referenced with threat intel feed, identified C2 communication pattern, escalated to IR team.",Server
ALT00031,Krishna Port Authority,Low,2026-01-14 05:07:00,2026-01-14 08:08:00,Yes,Ran memory capture on affected host; no injected process artefacts identified.,IoT Device
ALT00032,Krishna Port Authority,Low,2026-01-03 21:33:00,2026-01-04 00:28:00,No,False positive.,Firewall
ALT00033,Krishna Port Authority,Low,2026-02-26 10:18:00,2026-02-26 13:41:00,No,No further action required.,Network Device
ALT00034,Krishna Port Authority,Low,2026-03-17 07:13:00,2026-03-17 10:36:00,No,"Correlated with SIEM logs across 3 hosts, identified lateral movement attempt, escalated.",Database
ALT00035,Krishna Port Authority,High,2026-03-26 05:20:00,2026-03-26 08:04:00,Yes,No further action required.,Cloud Workload
ALT00036,Krishna Port Authority,Medium,2026-02-04 00:38:00,2026-02-04 03:11:00,No,Ran memory capture on affected host; no injected process artefacts identified.,Database
ALT00037,Krishna Port Authority,High,2026-01-16 05:36:00,2026-01-16 08:19:00,No,"Cross-referenced with threat intel feed, identified C2 communication pattern, escalated to IR team.",Network Device
ALT00038,Krishna Port Authority,Medium,2026-02-16 16:22:00,2026-02-16 18:55:00,No,"Investigated source IP, confirmed malicious signature, blocked at firewall, root cause documented.",Endpoint
ALT00039,Krishna Port Authority,Low,2026-03-01 16:58:00,2026-03-01 20:05:00,Yes,No further action required.,Firewall
ALT00040,Krishna Port Authority,Low,2026-01-30 02:32:00,2026-01-30 05:57:00,No,"Investigated source IP, confirmed malicious signature, blocked at firewall, root cause documented.",Firewall
ALT00041,Krishna Port Authority,Critical,2026-02-12 02:09:00,2026-02-12 04:46:00,Yes,Analysed PCAP sample; payload matched benign monitoring agent heartbeat.,Firewall
ALT00042,Krishna Port Authority,Medium,2026-02-11 05:54:00,2026-02-11 08:47:00,No,Closed as per standard procedure.,Network Device
ALT00043,Krishna Port Authority,Low,2026-03-02 07:47:00,2026-03-02 10:48:00,No,"Cross-referenced with threat intel feed, identified C2 communication pattern, escalated to IR team.",IoT Device
ALT00044,Krishna Port Authority,Low,2026-02-24 10:44:00,2026-02-24 13:58:00,Yes,"Correlated with SIEM logs across 3 hosts, identified lateral movement attempt, escalated.",Network Device
ALT00045,Krishna Port Authority,Low,2026-01-28 20:40:00,2026-01-28 23:17:00,No,Ran memory capture on affected host; no injected process artefacts identified.,Server
ALT00046,Krishna Port Authority,Low,2026-02-02 07:07:00,2026-02-02 09:45:00,No,False positive.,Endpoint
ALT00047,Krishna Port Authority,Low,2026-01-26 11:17:00,2026-01-26 14:05:00,No,"Performed forensic triage on affected host, isolated system, initiated containment protocol.",Database
ALT00048,Krishna Port Authority,Medium,2026-03-08 21:38:00,2026-03-09 00:24:00,Yes,"Performed forensic triage on affected host, isolated system, initiated containment protocol.",Cloud Workload
ALT00049,Krishna Port Authority,Low,2026-01-26 00:48:00,2026-01-26 04:01:00,Yes,Reviewed EDR telemetry timeline; parent process traced to legitimate installer.,Database
ALT00050,Krishna Port Authority,Low,2026-03-04 10:32:00,2026-03-04 13:06:00,No,Contacted asset owner and confirmed scheduled maintenance window covered the activity.,Firewall
ALT00051,Krishna Port Authority,Low,2026-03-28 01:36:00,2026-03-28 04:29:00,No,"Correlated with SIEM logs across 3 hosts, identified lateral movement attempt, escalated.",Network Device
ALT00052,Krishna Port Authority,Medium,2026-01-03 06:26:00,2026-01-03 09:08:00,No,Reviewed and closed.,Server
ALT00053,Krishna Port Authority,Low,2026-03-29 01:48:00,2026-03-29 05:01:00,No,False positive.,Firewall
ALT00054,Krishna Port Authority,Low,2026-02-04 00:37:00,2026-02-04 03:42:00,No,Reviewed EDR telemetry timeline; parent process traced to legitimate installer.,IoT Device
ALT00055,Krishna Port Authority,Low,2026-03-08 10:57:00,2026-03-08 13:47:00,Yes,Closed as per standard procedure.,Network Device
ALT00056,Krishna Port Authority,Low,2026-01-07 08:50:00,2026-01-07 11:56:00,No,Analysed PCAP sample; payload matched benign monitoring agent heartbeat.,Database
ALT00057,Krishna Port Authority,Medium,2026-01-12 06:45:00,2026-01-12 09:16:00,No,Analysed PCAP sample; payload matched benign monitoring agent heartbeat.,Endpoint
ALT00058,Krishna Port Authority,Low,2026-03-24 17:37:00,2026-03-24 20:56:00,No,Reviewed EDR telemetry timeline; parent process traced to legitimate installer.,IoT Device
ALT00059,Krishna Port Authority,Medium,2026-03-04 18:20:00,2026-03-04 20:52:00,No,"Performed forensic triage on affected host, isolated system, initiated containment protocol.",Network Device
ALT00060,Krishna Port Authority,Low,2026-03-27 22:06:00,2026-03-28 00:46:00,No,Ran memory capture on affected host; no injected process artefacts identified.,Firewall
ALT00061,Krishna Port Authority,Critical,2026-02-05 06:41:00,2026-02-05 09:59:00,No,Analysed PCAP sample; payload matched benign monitoring agent heartbeat.,Database
ALT00062,Krishna Port Authority,Medium,2026-03-28 03:47:00,2026-03-28 07:04:00,No,No further action required.,Identity Provider
ALT00063,Krishna Port Authority,Critical,2026-01-04 02:30:00,2026-01-04 05:02:00,Yes,"Investigated source IP, confirmed malicious signature, blocked at firewall, root cause documented.",Server
ALT00064,Krishna Port Authority,Low,2026-01-05 13:32:00,2026-01-05 16:06:00,No,"Correlated with SIEM logs across 3 hosts, identified lateral movement attempt, escalated.",Identity Provider
ALT00065,Krishna Port Authority,Low,2026-02-14 09:05:00,2026-02-14 12:14:00,Yes,"Correlated with SIEM logs across 3 hosts, identified lateral movement attempt, escalated.",Cloud Workload
ALT00066,Krishna Port Authority,High,2026-02-14 11:13:00,2026-02-14 14:05:00,Yes,Ran memory capture on affected host; no injected process artefacts identified.,Endpoint
ALT00067,Krishna Port Authority,Medium,2026-02-01 11:09:00,2026-02-01 14:13:00,No,Reviewed EDR telemetry timeline; parent process traced to legitimate installer.,Identity Provider
ALT00068,Krishna Port Authority,Low,2026-03-10 13:11:00,2026-03-10 16:41:00,Yes,Reviewed EDR telemetry timeline; parent process traced to legitimate installer.,Database
ALT00069,Krishna Port Authority,Low,2026-01-02 00:12:00,2026-01-02 02:51:00,Yes,Contacted asset owner and confirmed scheduled maintenance window covered the activity.,IoT Device
ALT00070,Krishna Port Authority,Low,2026-02-28 13:11:00,2026-02-28 16:15:00,No,"Cross-referenced with threat intel feed, identified C2 communication pattern, escalated to IR team.",Identity Provider
ALT00071,Krishna Port Authority,Medium,2026-03-15 19:33:00,2026-03-15 22:11:00,No,Contacted asset owner and confirmed scheduled maintenance window covered the activity.,Firewall
ALT00072,Krishna Port Authority,Medium,2026-03-31 16:38:00,2026-03-31 19:16:00,No,Closed as per standard procedure.,Server
ALT00073,Krishna Port Authority,Low,2026-03-09 01:21:00,2026-03-09 03:59:00,No,"Investigated source IP, confirmed malicious signature, blocked at firewall, root cause documented.",Identity Provider
ALT00074,Krishna Port Authority,Low,2026-02-25 22:30:00,2026-02-26 01:01:00,Yes,"Performed forensic triage on affected host, isolated system, initiated containment protocol.",Endpoint
ALT00075,Krishna Port Authority,Medium,2026-02-11 20:54:00,2026-02-11 23:38:00,No,False positive.,Cloud Workload
ALT00076,Krishna Port Authority,Low,2026-01-16 07:59:00,2026-01-16 11:25:00,No,Reviewed and closed.,Database
ALT00077,Krishna Port Authority,Low,2026-01-04 15:52:00,2026-01-04 18:35:00,Yes,Contacted asset owner and confirmed scheduled maintenance window covered the activity.,Cloud Workload
ALT00078,Krishna Port Authority,Medium,2026-01-22 00:43:00,2026-01-22 03:22:00,No,Reviewed EDR telemetry timeline; parent process traced to legitimate installer.,Endpoint
ALT00079,Krishna Port Authority,Low,2026-01-18 22:26:00,2026-01-19 01:42:00,No,No further action required.,Database
ALT00080,Krishna Port Authority,Low,2026-01-20 15:44:00,2026-01-20 18:28:00,No,Reviewed EDR telemetry timeline; parent process traced to legitimate installer.,Network Device
ALT00081,Krishna Port Authority,Medium,2026-01-24 09:40:00,2026-01-24 12:31:00,No,Contacted asset owner and confirmed scheduled maintenance window covered the activity.,Server
ALT00082,Krishna Port Authority,Low,2026-02-23 13:22:00,2026-02-23 16:33:00,Yes,Closed as per standard procedure.,Firewall
ALT00083,Krishna Port Authority,High,2026-03-01 03:36:00,2026-03-01 06:40:00,Yes,Closed as per standard procedure.,IoT Device
ALT00084,Krishna Port Authority,Medium,2026-02-23 06:33:00,2026-02-23 09:09:00,Yes,Closed as per standard procedure.,IoT Device
ALT00085,Krishna Port Authority,Low,2026-01-13 05:39:00,2026-01-13 09:04:00,No,Reviewed and closed.,Database
ALT00086,Krishna Port Authority,Medium,2026-01-07 03:13:00,2026-01-07 05:57:00,No,Reviewed EDR telemetry timeline; parent process traced to legitimate installer.,Endpoint
ALT00087,Krishna Port Authority,Medium,2026-03-22 06:46:00,2026-03-22 09:34:00,No,Ran memory capture on affected host; no injected process artefacts identified.,Cloud Workload
ALT00088,Krishna Port Authority,Medium,2026-02-14 00:58:00,2026-02-14 04:05:00,No,False positive.,Cloud Workload
ALT00089,Krishna Port Authority,Low,2026-03-18 06:53:00,2026-03-18 10:10:00,No,Ran memory capture on affected host; no injected process artefacts identified.,Server
ALT00090,Krishna Port Authority,Critical,2026-02-28 14:16:00,2026-02-28 16:46:00,Yes,Analysed PCAP sample; payload matched benign monitoring agent heartbeat.,Firewall
ALT00091,Krishna Port Authority,Low,2026-02-09 15:47:00,2026-02-09 19:16:00,Yes,Reviewed and closed.,Firewall
ALT00092,Krishna Port Authority,Low,2026-01-31 21:29:00,2026-02-01 00:49:00,No,Reviewed and closed.,Cloud Workload
ALT00093,Krishna Port Authority,High,2026-03-07 00:08:00,2026-03-07 02:50:00,Yes,"Investigated source IP, confirmed malicious signature, blocked at firewall, root cause documented.",Endpoint
ALT00094,Krishna Port Authority,High,2026-01-22 10:50:00,2026-01-22 13:47:00,No,Reviewed EDR telemetry timeline; parent process traced to legitimate installer.,Endpoint
ALT00095,Krishna Port Authority,Low,2026-03-27 00:09:00,2026-03-27 02:57:00,Yes,"Performed forensic triage on affected host, isolated system, initiated containment protocol.",Network Device
ALT00096,Krishna Port Authority,Low,2026-03-15 00:16:00,2026-03-15 02:48:00,No,Closed as per standard procedure.,Firewall
ALT00097,Krishna Port Authority,Medium,2026-02-11 12:59:00,2026-02-11 15:55:00,No,"Correlated with SIEM logs across 3 hosts, identified lateral movement attempt, escalated.",Firewall
ALT00098,Krishna Port Authority,Low,2026-02-05 07:45:00,2026-02-05 10:29:00,No,Closed as per standard procedure.,Endpoint
ALT00099,Krishna Port Authority,Medium,2026-01-30 13:38:00,2026-01-30 16:30:00,No,Closed as per standard procedure.,IoT Device
ALT00100,Krishna Port Authority,Medium,2026-03-05 14:00:00,2026-03-05 17:18:00,Yes,Contacted asset owner and confirmed scheduled maintenance window covered the activity.,Network Device
ALT00101,Krishna Port Authority,Critical,2026-03-24 22:56:00,2026-03-25 02:10:00,Yes,Closed as per standard procedure.,Identity Provider
ALT00102,Krishna Port Authority,Medium,2026-03-30 08:33:00,2026-03-30 11:45:00,No,"Performed forensic triage on affected host, isolated system, initiated containment protocol.",Cloud Workload
ALT00103,Krishna Port Authority,Medium,2026-02-20 02:11:00,2026-02-20 05:02:00,No,Reviewed and closed.,Endpoint
ALT00104,Krishna Port Authority,Medium,2026-02-18 22:45:00,2026-02-19 02:15:00,Yes,"Correlated with SIEM logs across 3 hosts, identified lateral movement attempt, escalated.",Cloud Workload
ALT00105,Krishna Port Authority,Low,2026-03-08 19:52:00,2026-03-08 22:32:00,No,Contacted asset owner and confirmed scheduled maintenance window covered the activity.,Network Device
ALT00106,Krishna Port Authority,Low,2026-01-17 13:17:00,2026-01-17 15:55:00,No,Reviewed EDR telemetry timeline; parent process traced to legitimate installer.,IoT Device
ALT00107,Krishna Port Authority,Low,2026-03-28 23:51:00,2026-03-29 02:30:00,No,Reviewed and closed.,Firewall
ALT00108,Krishna Port Authority,Low,2026-01-06 11:28:00,2026-01-06 14:55:00,No,Ran memory capture on affected host; no injected process artefacts identified.,Database
ALT00109,Krishna Port Authority,Low,2026-01-11 01:04:00,2026-01-11 04:24:00,No,"Correlated with SIEM logs across 3 hosts, identified lateral movement attempt, escalated.",Database
ALT00110,Krishna Port Authority,High,2026-02-17 22:14:00,2026-02-18 00:50:00,Yes,Closed as per standard procedure.,IoT Device
ALT00111,Krishna Port Authority,Low,2026-01-23 20:32:00,2026-01-23 23:58:00,No,"Cross-referenced with threat intel feed, identified C2 communication pattern, escalated to IR team.",Identity Provider
ALT00112,Krishna Port Authority,High,2026-01-30 14:20:00,2026-01-30 17:31:00,Yes,"Correlated with SIEM logs across 3 hosts, identified lateral movement attempt, escalated.",Endpoint
ALT00113,Krishna Port Authority,Low,2026-03-17 03:46:00,2026-03-17 06:28:00,No,No further action required.,IoT Device
ALT00114,Krishna Port Authority,Low,2026-03-21 23:05:00,2026-03-22 01:54:00,No,Closed as per standard procedure.,IoT Device
ALT00115,Krishna Port Authority,High,2026-02-17 22:58:00,2026-02-18 01:40:00,No,"Correlated with SIEM logs across 3 hosts, identified lateral movement attempt, escalated.",Endpoint
ALT00116,Krishna Port Authority,Medium,2026-03-15 23:17:00,2026-03-16 01:48:00,No,"Correlated with SIEM logs across 3 hosts, identified lateral movement attempt, escalated.",Endpoint
ALT00117,Krishna Port Authority,Medium,2026-02-16 18:04:00,2026-02-16 21:06:00,No,Ran memory capture on affected host; no injected process artefacts identified.,Server
ALT00118,Krishna Port Authority,Medium,2026-02-06 05:30:00,2026-02-06 08:01:00,Yes,Analysed PCAP sample; payload matched benign monitoring agent heartbeat.,IoT Device
ALT00119,Krishna Port Authority,High,2026-03-04 21:34:00,2026-03-05 00:13:00,Yes,Reviewed and closed.,IoT Device
ALT00120,Krishna Port Authority,Medium,2026-01-19 10:33:00,2026-01-19 13:35:00,No,Closed as per standard procedure.,IoT Device
ALT00121,Krishna Port Authority,Medium,2026-03-20 05:43:00,2026-03-20 08:40:00,No,"Correlated with SIEM logs across 3 hosts, identified lateral movement attempt, escalated.",Network Device
ALT00122,Krishna Port Authority,Low,2026-02-10 08:37:00,2026-02-10 11:53:00,No,"Performed forensic triage on affected host, isolated system, initiated containment protocol.",Cloud Workload
ALT00123,Krishna Port Authority,Low,2026-02-01 16:05:00,2026-02-01 19:14:00,Yes,False positive.,Endpoint
ALT00124,Krishna Port Authority,Low,2026-02-25 18:42:00,2026-02-25 21:49:00,Yes,Analysed PCAP sample; payload matched benign monitoring agent heartbeat.,Network Device
ALT00125,Krishna Port Authority,Medium,2026-02-15 19:24:00,2026-02-15 22:07:00,No,Analysed PCAP sample; payload matched benign monitoring agent heartbeat.,Server
ALT00126,Krishna Port Authority,High,2026-01-08 21:44:00,2026-01-09 00:51:00,Yes,"Performed forensic triage on affected host, isolated system, initiated containment protocol.",Database
ALT00127,Krishna Port Authority,High,2026-03-01 15:50:00,2026-03-01 19:16:00,Yes,"Cross-referenced with threat intel feed, identified C2 communication pattern, escalated to IR team.",Endpoint
ALT00128,Krishna Port Authority,Low,2026-01-22 08:56:00,2026-01-22 11:34:00,No,Reviewed EDR telemetry timeline; parent process traced to legitimate installer.,Network Device
ALT00129,Krishna Port Authority,Medium,2026-02-02 22:47:00,2026-02-03 01:35:00,Yes,Reviewed EDR telemetry timeline; parent process traced to legitimate installer.,IoT Device
ALT00130,Krishna Port Authority,Low,2026-01-04 16:45:00,2026-01-04 20:09:00,Yes,Reviewed EDR telemetry timeline; parent process traced to legitimate installer.,Database
ALT00131,Krishna Port Authority,Critical,2026-01-27 14:38:00,2026-01-27 17:48:00,Yes,"Correlated with SIEM logs across 3 hosts, identified lateral movement attempt, escalated.",IoT Device
ALT00132,Krishna Port Authority,High,2026-02-05 10:53:00,2026-02-05 14:06:00,Yes,Ran memory capture on affected host; no injected process artefacts identified.,Firewall
ALT00133,Krishna Port Authority,Low,2026-02-27 12:00:00,2026-02-27 15:08:00,Yes,Reviewed and closed.,Cloud Workload
ALT00134,Krishna Port Authority,Low,2026-03-25 12:16:00,2026-03-25 15:04:00,Yes,Ran memory capture on affected host; no injected process artefacts identified.,IoT Device
ALT00135,Krishna Port Authority,High,2026-03-22 17:01:00,2026-03-22 20:19:00,Yes,Reviewed EDR telemetry timeline; parent process traced to legitimate installer.,Cloud Workload
ALT00136,Krishna Port Authority,Low,2026-01-04 09:31:00,2026-01-04 12:52:00,No,Contacted asset owner and confirmed scheduled maintenance window covered the activity.,Identity Provider
ALT00137,Krishna Port Authority,High,2026-03-19 03:25:00,2026-03-19 06:08:00,Yes,Ran memory capture on affected host; no injected process artefacts identified.,Cloud Workload
ALT00138,Krishna Port Authority,Low,2026-02-16 04:05:00,2026-02-16 07:20:00,No,Contacted asset owner and confirmed scheduled maintenance window covered the activity.,Server
ALT00139,Krishna Port Authority,Low,2026-02-07 02:12:00,2026-02-07 05:29:00,Yes,No further action required.,Cloud Workload
ALT00140,Krishna Port Authority,Medium,2026-01-31 02:26:00,2026-01-31 05:23:00,No,"Cross-referenced with threat intel feed, identified C2 communication pattern, escalated to IR team.",Endpoint
ALT00141,Krishna Port Authority,Low,2026-02-10 11:26:00,2026-02-10 14:28:00,No,Reviewed and closed.,Database
ALT00142,Krishna Port Authority,High,2026-02-25 09:21:00,2026-02-25 12:20:00,Yes,Closed as per standard procedure.,Endpoint
ALT00143,Krishna Port Authority,Medium,2026-03-02 12:05:00,2026-03-02 15:20:00,No,"Correlated with SIEM logs across 3 hosts, identified lateral movement attempt, escalated.",Endpoint
ALT00144,Krishna Port Authority,Low,2026-02-13 03:30:00,2026-02-13 06:05:00,No,Ran memory capture on affected host; no injected process artefacts identified.,Server
ALT00145,Krishna Port Authority,Low,2026-03-14 01:10:00,2026-03-14 04:05:00,No,"Investigated source IP, confirmed malicious signature, blocked at firewall, root cause documented.",IoT Device
ALT00146,Krishna Port Authority,Low,2026-03-04 12:23:00,2026-03-04 15:10:00,Yes,"Performed forensic triage on affected host, isolated system, initiated containment protocol.",Firewall
ALT00147,Krishna Port Authority,Medium,2026-02-28 13:43:00,2026-02-28 16:45:00,No,Reviewed and closed.,Cloud Workload
ALT00148,Krishna Port Authority,Low,2026-02-17 23:46:00,2026-02-18 02:28:00,Yes,"Investigated source IP, confirmed malicious signature, blocked at firewall, root cause documented.",Identity Provider
ALT00149,Krishna Port Authority,Medium,2026-03-25 20:30:00,2026-03-25 23:59:00,No,Contacted asset owner and confirmed scheduled maintenance window covered the activity.,Endpoint
ALT00150,Krishna Port Authority,Low,2026-03-30 14:46:00,2026-03-30 18:05:00,No,"Correlated with SIEM logs across 3 hosts, identified lateral movement attempt, escalated.",Server
ALT00151,Krishna Port Authority,Low,2026-03-19 05:23:00,2026-03-19 08:44:00,No,Ran memory capture on affected host; no injected process artefacts identified.,Server
ALT00152,Krishna Port Authority,Medium,2026-02-23 15:44:00,2026-02-23 18:39:00,No,Reviewed EDR telemetry timeline; parent process traced to legitimate installer.,Cloud Workload
ALT00153,Krishna Port Authority,Low,2026-03-19 23:23:00,2026-03-20 02:06:00,No,Reviewed EDR telemetry timeline; parent process traced to legitimate installer.,Endpoint
ALT00154,Krishna Port Authority,Medium,2026-02-19 15:32:00,2026-02-19 18:51:00,No,Contacted asset owner and confirmed scheduled maintenance window covered the activity.,Endpoint
ALT00155,Krishna Port Authority,Medium,2026-02-07 12:21:00,2026-02-07 15:33:00,No,Reviewed and closed.,Server
ALT00156,Krishna Port Authority,Low,2026-03-05 14:04:00,2026-03-05 17:13:00,No,Contacted asset owner and confirmed scheduled maintenance window covered the activity.,IoT Device
ALT00157,Krishna Port Authority,Low,2026-01-17 02:04:00,2026-01-17 05:03:00,No,Contacted asset owner and confirmed scheduled maintenance window covered the activity.,Endpoint
ALT00158,Krishna Port Authority,Low,2026-01-19 19:51:00,2026-01-19 23:16:00,Yes,"Investigated source IP, confirmed malicious signature, blocked at firewall, root cause documented.",Database
ALT00159,Krishna Port Authority,Low,2026-03-17 09:29:00,2026-03-17 12:33:00,Yes,Reviewed EDR telemetry timeline; parent process traced to legitimate installer.,Database
ALT00160,Krishna Port Authority,Low,2026-01-15 14:59:00,2026-01-15 18:13:00,No,Reviewed EDR telemetry timeline; parent process traced to legitimate installer.,Identity Provider
ALT00161,Krishna Port Authority,Critical,2026-03-01 15:47:00,2026-03-01 18:54:00,No,Closed as per standard procedure.,Server
ALT00162,Krishna Port Authority,Medium,2026-01-16 02:45:00,2026-01-16 05:26:00,No,Reviewed and closed.,Database
ALT00163,Krishna Port Authority,Low,2026-03-01 22:16:00,2026-03-02 01:25:00,Yes,"Correlated with SIEM logs across 3 hosts, identified lateral movement attempt, escalated.",IoT Device
ALT00164,Krishna Port Authority,High,2026-01-08 21:34:00,2026-01-09 00:28:00,Yes,No further action required.,IoT Device
ALT00165,Krishna Port Authority,Low,2026-01-24 09:44:00,2026-01-24 12:43:00,No,Reviewed and closed.,Server
ALT00166,Krishna Port Authority,Medium,2026-02-02 17:08:00,2026-02-02 19:44:00,No,False positive.,Server
ALT00167,Krishna Port Authority,Low,2026-01-14 01:43:00,2026-01-14 05:01:00,No,Reviewed EDR telemetry timeline; parent process traced to legitimate installer.,IoT Device
ALT00168,Krishna Port Authority,Low,2026-02-10 03:24:00,2026-02-10 06:40:00,Yes,"Correlated with SIEM logs across 3 hosts, identified lateral movement attempt, escalated.",Firewall
ALT00169,Krishna Port Authority,Medium,2026-01-27 03:51:00,2026-01-27 06:39:00,No,Analysed PCAP sample; payload matched benign monitoring agent heartbeat.,Cloud Workload
ALT00170,Krishna Port Authority,Medium,2026-03-04 21:51:00,2026-03-05 00:21:00,No,"Performed forensic triage on affected host, isolated system, initiated containment protocol.",Identity Provider
ALT00171,Krishna Port Authority,Low,2026-02-02 16:47:00,2026-02-02 20:12:00,Yes,"Cross-referenced with threat intel feed, identified C2 communication pattern, escalated to IR team.",Cloud Workload
ALT00172,Krishna Port Authority,High,2026-02-26 04:57:00,2026-02-26 07:34:00,Yes,Contacted asset owner and confirmed scheduled maintenance window covered the activity.,Cloud Workload
ALT00173,Krishna Port Authority,Critical,2026-01-24 01:51:00,2026-01-24 04:23:00,Yes,"Correlated with SIEM logs across 3 hosts, identified lateral movement attempt, escalated.",Cloud Workload
ALT00174,Krishna Port Authority,Low,2026-02-07 22:22:00,2026-02-08 01:13:00,No,"Performed forensic triage on affected host, isolated system, initiated containment protocol.",Identity Provider
ALT00175,Krishna Port Authority,Low,2026-03-02 13:20:00,2026-03-02 15:51:00,Yes,"Correlated with SIEM logs across 3 hosts, identified lateral movement attempt, escalated.",Network Device
ALT00176,Krishna Port Authority,Low,2026-02-07 01:45:00,2026-02-07 04:44:00,No,Closed as per standard procedure.,Database
ALT00177,Krishna Port Authority,Medium,2026-02-13 20:51:00,2026-02-13 23:25:00,No,Closed as per standard procedure.,Identity Provider
ALT00178,Krishna Port Authority,Low,2026-01-11 21:09:00,2026-01-11 23:41:00,No,Closed as per standard procedure.,Cloud Workload
ALT00179,Krishna Port Authority,Low,2026-03-07 08:40:00,2026-03-07 11:27:00,No,"Correlated with SIEM logs across 3 hosts, identified lateral movement attempt, escalated.",Server
ALT00180,Krishna Port Authority,Low,2026-03-05 20:39:00,2026-03-05 23:23:00,No,"Correlated with SIEM logs across 3 hosts, identified lateral movement attempt, escalated.",Database
ALT00181,Krishna Port Authority,Low,2026-01-05 18:38:00,2026-01-05 22:02:00,Yes,"Investigated source IP, confirmed malicious signature, blocked at firewall, root cause documented.",Network Device
ALT00182,Krishna Port Authority,Low,2026-01-15 22:04:00,2026-01-16 00:39:00,No,No further action required.,Cloud Workload
ALT00183,Krishna Port Authority,Medium,2026-02-16 10:03:00,2026-02-16 13:13:00,No,Contacted asset owner and confirmed scheduled maintenance window covered the activity.,Cloud Workload
ALT00184,Krishna Port Authority,Low,2026-03-22 15:32:00,2026-03-22 18:51:00,Yes,"Cross-referenced with threat intel feed, identified C2 communication pattern, escalated to IR team.",IoT Device
ALT00185,Krishna Port Authority,Low,2026-03-15 04:42:00,2026-03-15 07:51:00,Yes,"Performed forensic triage on affected host, isolated system, initiated containment protocol.",Endpoint
ALT00186,Krishna Port Authority,Low,2026-02-02 11:53:00,2026-02-02 15:01:00,No,"Investigated source IP, confirmed malicious signature, blocked at firewall, root cause documented.",Firewall
ALT00187,Krishna Port Authority,Low,2026-01-03 17:23:00,2026-01-03 20:30:00,No,No further action required.,Identity Provider
ALT00188,Krishna Port Authority,Medium,2026-03-14 10:18:00,2026-03-14 12:48:00,No,"Investigated source IP, confirmed malicious signature, blocked at firewall, root cause documented.",Database
ALT00189,Krishna Port Authority,Low,2026-02-23 01:50:00,2026-02-23 04:58:00,Yes,"Performed forensic triage on affected host, isolated system, initiated containment protocol.",Firewall
ALT00190,Krishna Port Authority,Low,2026-03-04 17:49:00,2026-03-04 20:26:00,No,Ran memory capture on affected host; no injected process artefacts identified.,IoT Device
ALT00191,Krishna Port Authority,Medium,2026-01-11 00:28:00,2026-01-11 03:44:00,No,Reviewed EDR telemetry timeline; parent process traced to legitimate installer.,Identity Provider
ALT00192,Krishna Port Authority,Low,2026-02-05 18:47:00,2026-02-05 21:29:00,Yes,Reviewed EDR telemetry timeline; parent process traced to legitimate installer.,Cloud Workload
ALT00193,Krishna Port Authority,Medium,2026-02-22 08:46:00,2026-02-22 11:45:00,No,"Investigated source IP, confirmed malicious signature, blocked at firewall, root cause documented.",Server
ALT00194,Krishna Port Authority,Medium,2026-01-24 00:21:00,2026-01-24 03:00:00,No,"Correlated with SIEM logs across 3 hosts, identified lateral movement attempt, escalated.",Endpoint
ALT00195,Krishna Port Authority,Low,2026-03-27 06:35:00,2026-03-27 09:32:00,No,Analysed PCAP sample; payload matched benign monitoring agent heartbeat.,Server
ALT00196,Krishna Port Authority,Low,2026-01-19 16:10:00,2026-01-19 18:52:00,No,"Correlated with SIEM logs across 3 hosts, identified lateral movement attempt, escalated.",Network Device
ALT00197,Krishna Port Authority,Medium,2026-03-11 05:37:00,2026-03-11 08:52:00,No,"Investigated source IP, confirmed malicious signature, blocked at firewall, root cause documented.",Identity Provider
ALT00198,Krishna Port Authority,High,2026-01-14 16:22:00,2026-01-14 18:57:00,No,Ran memory capture on affected host; no injected process artefacts identified.,Endpoint
ALT00199,Krishna Port Authority,Critical,2026-03-06 09:14:00,2026-03-06 12:17:00,Yes,False positive.,Firewall
ALT00200,Krishna Port Authority,Medium,2026-01-26 01:20:00,2026-01-26 03:55:00,No,Analysed PCAP sample; payload matched benign monitoring agent heartbeat.,Network Device
ALT00201,Krishna Port Authority,Critical,2026-01-29 18:49:00,2026-01-29 21:59:00,No,Reviewed and closed.,Firewall
ALT00202,Krishna Port Authority,Medium,2026-01-20 21:57:00,2026-01-21 00:49:00,No,Closed as per standard procedure.,Network Device
ALT00203,Krishna Port Authority,Low,2026-01-20 10:33:00,2026-01-20 13:25:00,No,Reviewed EDR telemetry timeline; parent process traced to legitimate installer.,Cloud Workload
ALT00204,Krishna Port Authority,Low,2026-03-25 18:12:00,2026-03-25 21:18:00,No,"Cross-referenced with threat intel feed, identified C2 communication pattern, escalated to IR team.",Identity Provider
ALT00205,Krishna Port Authority,Low,2026-03-12 02:17:00,2026-03-12 05:25:00,No,"Performed forensic triage on affected host, isolated system, initiated containment protocol.",Firewall
ALT00206,Krishna Port Authority,High,2026-01-17 04:18:00,2026-01-17 06:52:00,Yes,Analysed PCAP sample; payload matched benign monitoring agent heartbeat.,Identity Provider
ALT00001,Lakshmi Insurance Group,High,2026-02-27 08:09:00,2026-02-27 10:40:00,Yes,False positive.,Endpoint
ALT00002,Lakshmi Insurance Group,Low,2026-01-31 12:14:00,2026-01-31 14:50:00,No,Reviewed EDR telemetry timeline; parent process traced to legitimate installer.,Cloud Workload
ALT00003,Lakshmi Insurance Group,Low,2026-03-17 23:31:00,2026-03-18 02:22:00,No,False positive.,Server
ALT00004,Lakshmi Insurance Group,Low,2026-03-07 13:21:00,2026-03-07 16:04:00,No,"Investigated source IP, confirmed malicious signature, blocked at firewall, root cause documented.",Cloud Workload
ALT00005,Lakshmi Insurance Group,Low,2026-02-01 13:56:00,2026-02-01 17:08:00,No,No further action required.,Database
ALT00006,Lakshmi Insurance Group,Low,2026-03-07 07:36:00,2026-03-07 10:35:00,No,Closed as per standard procedure.,Database
ALT00007,Lakshmi Insurance Group,Low,2026-02-28 18:34:00,2026-02-28 21:09:00,No,Reviewed EDR telemetry timeline; parent process traced to legitimate installer.,Firewall
ALT00008,Lakshmi Insurance Group,Low,2026-01-22 20:32:00,2026-01-22 23:28:00,No,Reviewed and closed.,Firewall
ALT00009,Lakshmi Insurance Group,Low,2026-02-25 15:26:00,2026-02-25 18:11:00,No,Reviewed and closed.,Endpoint
ALT00010,Lakshmi Insurance Group,Low,2026-03-11 01:33:00,2026-03-11 04:21:00,Yes,Reviewed and closed.,Cloud Workload
ALT00011,Lakshmi Insurance Group,Medium,2026-03-12 02:26:00,2026-03-12 05:38:00,Yes,"Performed forensic triage on affected host, isolated system, initiated containment protocol.",Firewall
ALT00012,Lakshmi Insurance Group,High,2026-02-25 08:02:00,2026-02-25 11:02:00,Yes,No further action required.,Endpoint
ALT00013,Lakshmi Insurance Group,Low,2026-02-24 05:08:00,2026-02-24 08:33:00,No,Closed as per standard procedure.,Server
ALT00014,Lakshmi Insurance Group,Low,2026-03-30 02:17:00,2026-03-30 05:30:00,No,"Cross-referenced with threat intel feed, identified C2 communication pattern, escalated to IR team.",Server
ALT00015,Lakshmi Insurance Group,Low,2026-02-02 03:33:00,2026-02-02 06:15:00,No,Ran memory capture on affected host; no injected process artefacts identified.,Server
ALT00016,Lakshmi Insurance Group,Critical,2026-03-21 08:21:00,2026-03-21 11:28:00,Yes,"Cross-referenced with threat intel feed, identified C2 communication pattern, escalated to IR team.",Firewall
ALT00017,Lakshmi Insurance Group,Medium,2026-03-14 12:25:00,2026-03-14 15:53:00,No,"Correlated with SIEM logs across 3 hosts, identified lateral movement attempt, escalated.",Server
ALT00018,Lakshmi Insurance Group,Low,2026-01-14 04:19:00,2026-01-14 07:08:00,No,False positive.,Network Device
ALT00019,Lakshmi Insurance Group,Low,2026-03-20 14:29:00,2026-03-20 17:06:00,No,"Performed forensic triage on affected host, isolated system, initiated containment protocol.",Network Device
ALT00020,Lakshmi Insurance Group,Medium,2026-02-08 13:52:00,2026-02-08 17:06:00,No,"Cross-referenced with threat intel feed, identified C2 communication pattern, escalated to IR team.",Network Device
ALT00021,Lakshmi Insurance Group,Low,2026-02-17 01:08:00,2026-02-17 03:44:00,No,"Cross-referenced with threat intel feed, identified C2 communication pattern, escalated to IR team.",Identity Provider
ALT00022,Lakshmi Insurance Group,Low,2026-02-26 05:32:00,2026-02-26 08:57:00,No,No further action required.,IoT Device
ALT00023,Lakshmi Insurance Group,High,2026-03-26 01:13:00,2026-03-26 04:12:00,Yes,Ran memory capture on affected host; no injected process artefacts identified.,Endpoint
ALT00024,Lakshmi Insurance Group,Medium,2026-02-12 22:01:00,2026-02-13 00:32:00,No,False positive.,Server
ALT00025,Lakshmi Insurance Group,Low,2026-02-04 03:33:00,2026-02-04 06:24:00,No,Analysed PCAP sample; payload matched benign monitoring agent heartbeat.,Server
ALT00026,Lakshmi Insurance Group,High,2026-01-27 15:47:00,2026-01-27 18:38:00,Yes,Analysed PCAP sample; payload matched benign monitoring agent heartbeat.,Network Device
ALT00027,Lakshmi Insurance Group,Medium,2026-02-18 13:03:00,2026-02-18 16:08:00,No,"Cross-referenced with threat intel feed, identified C2 communication pattern, escalated to IR team.",IoT Device
ALT00028,Lakshmi Insurance Group,High,2026-01-12 22:19:00,2026-01-13 01:14:00,Yes,"Investigated source IP, confirmed malicious signature, blocked at firewall, root cause documented.",Database
ALT00029,Lakshmi Insurance Group,High,2026-03-03 18:12:00,2026-03-03 21:01:00,Yes,Contacted asset owner and confirmed scheduled maintenance window covered the activity.,Endpoint
ALT00030,Lakshmi Insurance Group,Low,2026-02-11 00:31:00,2026-02-11 03:05:00,No,Contacted asset owner and confirmed scheduled maintenance window covered the activity.,Firewall
ALT00031,Lakshmi Insurance Group,Low,2026-03-18 17:59:00,2026-03-18 20:37:00,Yes,"Cross-referenced with threat intel feed, identified C2 communication pattern, escalated to IR team.",Network Device
ALT00032,Lakshmi Insurance Group,Low,2026-02-27 10:19:00,2026-02-27 12:58:00,No,Ran memory capture on affected host; no injected process artefacts identified.,Network Device
ALT00033,Lakshmi Insurance Group,Medium,2026-01-17 14:23:00,2026-01-17 17:45:00,No,"Performed forensic triage on affected host, isolated system, initiated containment protocol.",Cloud Workload
ALT00034,Lakshmi Insurance Group,Medium,2026-02-24 00:25:00,2026-02-24 03:21:00,Yes,Closed as per standard procedure.,Database
ALT00035,Lakshmi Insurance Group,Low,2026-01-11 19:17:00,2026-01-11 22:17:00,Yes,Ran memory capture on affected host; no injected process artefacts identified.,Server
ALT00036,Lakshmi Insurance Group,Medium,2026-02-15 00:03:00,2026-02-15 02:42:00,No,Closed as per standard procedure.,Network Device
ALT00037,Lakshmi Insurance Group,High,2026-03-26 01:10:00,2026-03-26 03:53:00,Yes,False positive.,IoT Device
ALT00038,Lakshmi Insurance Group,Medium,2026-01-31 18:41:00,2026-01-31 21:58:00,Yes,Analysed PCAP sample; payload matched benign monitoring agent heartbeat.,IoT Device
ALT00039,Lakshmi Insurance Group,Low,2026-03-20 12:26:00,2026-03-20 14:56:00,No,"Performed forensic triage on affected host, isolated system, initiated containment protocol.",Cloud Workload
ALT00040,Lakshmi Insurance Group,Low,2026-03-04 14:38:00,2026-03-04 17:21:00,No,No further action required.,Cloud Workload
ALT00041,Lakshmi Insurance Group,Medium,2026-01-31 09:10:00,2026-01-31 11:45:00,No,Analysed PCAP sample; payload matched benign monitoring agent heartbeat.,Server
ALT00042,Lakshmi Insurance Group,Low,2026-03-24 12:56:00,2026-03-24 15:49:00,Yes,Analysed PCAP sample; payload matched benign monitoring agent heartbeat.,Database
ALT00043,Lakshmi Insurance Group,Medium,2026-03-23 12:05:00,2026-03-23 15:07:00,No,No further action required.,IoT Device
ALT00044,Lakshmi Insurance Group,Low,2026-02-17 19:37:00,2026-02-17 22:58:00,No,No further action required.,Endpoint
ALT00045,Lakshmi Insurance Group,High,2026-03-29 23:04:00,2026-03-30 01:57:00,Yes,False positive.,Firewall
ALT00046,Lakshmi Insurance Group,Medium,2026-01-21 01:34:00,2026-01-21 04:11:00,No,"Correlated with SIEM logs across 3 hosts, identified lateral movement attempt, escalated.",Endpoint
ALT00047,Lakshmi Insurance Group,Low,2026-01-06 09:53:00,2026-01-06 12:31:00,Yes,No further action required.,IoT Device
ALT00048,Lakshmi Insurance Group,Low,2026-03-26 14:37:00,2026-03-26 17:39:00,No,Analysed PCAP sample; payload matched benign monitoring agent heartbeat.,Server
ALT00049,Lakshmi Insurance Group,Low,2026-03-03 17:58:00,2026-03-03 21:19:00,No,"Correlated with SIEM logs across 3 hosts, identified lateral movement attempt, escalated.",Cloud Workload
ALT00050,Lakshmi Insurance Group,Low,2026-02-06 13:58:00,2026-02-06 16:49:00,No,Reviewed EDR telemetry timeline; parent process traced to legitimate installer.,Cloud Workload
ALT00051,Lakshmi Insurance Group,Critical,2026-02-01 17:24:00,2026-02-01 20:45:00,Yes,Reviewed EDR telemetry timeline; parent process traced to legitimate installer.,Identity Provider
ALT00052,Lakshmi Insurance Group,Low,2026-03-20 09:32:00,2026-03-20 13:02:00,No,Analysed PCAP sample; payload matched benign monitoring agent heartbeat.,Endpoint
ALT00053,Lakshmi Insurance Group,Low,2026-03-19 09:28:00,2026-03-19 12:40:00,No,"Performed forensic triage on affected host, isolated system, initiated containment protocol.",IoT Device
ALT00054,Lakshmi Insurance Group,Low,2026-02-13 20:11:00,2026-02-13 23:28:00,Yes,Contacted asset owner and confirmed scheduled maintenance window covered the activity.,Endpoint
ALT00055,Lakshmi Insurance Group,Low,2026-01-18 23:33:00,2026-01-19 02:44:00,Yes,"Cross-referenced with threat intel feed, identified C2 communication pattern, escalated to IR team.",Identity Provider
ALT00056,Lakshmi Insurance Group,Medium,2026-01-30 07:28:00,2026-01-30 10:11:00,Yes,"Cross-referenced with threat intel feed, identified C2 communication pattern, escalated to IR team.",IoT Device
ALT00057,Lakshmi Insurance Group,Low,2026-01-09 06:34:00,2026-01-09 09:26:00,No,"Investigated source IP, confirmed malicious signature, blocked at firewall, root cause documented.",IoT Device
ALT00058,Lakshmi Insurance Group,Medium,2026-03-14 14:12:00,2026-03-14 16:45:00,No,Ran memory capture on affected host; no injected process artefacts identified.,Identity Provider
ALT00059,Lakshmi Insurance Group,Low,2026-02-20 02:08:00,2026-02-20 05:01:00,No,Reviewed and closed.,IoT Device
ALT00060,Lakshmi Insurance Group,Low,2026-03-25 01:22:00,2026-03-25 03:59:00,No,Reviewed and closed.,Firewall
ALT00061,Lakshmi Insurance Group,Low,2026-03-23 13:48:00,2026-03-23 17:07:00,No,"Investigated source IP, confirmed malicious signature, blocked at firewall, root cause documented.",Cloud Workload
ALT00062,Lakshmi Insurance Group,Low,2026-03-09 07:07:00,2026-03-09 09:42:00,No,No further action required.,Endpoint
ALT00063,Lakshmi Insurance Group,Low,2026-03-28 11:53:00,2026-03-28 15:20:00,Yes,"Cross-referenced with threat intel feed, identified C2 communication pattern, escalated to IR team.",Database
ALT00064,Lakshmi Insurance Group,Low,2026-03-21 22:45:00,2026-03-22 02:11:00,No,No further action required.,Network Device
ALT00065,Lakshmi Insurance Group,Low,2026-02-26 20:02:00,2026-02-26 23:08:00,No,No further action required.,Cloud Workload
ALT00066,Lakshmi Insurance Group,Low,2026-02-02 12:14:00,2026-02-02 15:21:00,Yes,Contacted asset owner and confirmed scheduled maintenance window covered the activity.,Network Device
ALT00067,Lakshmi Insurance Group,Medium,2026-01-02 19:08:00,2026-01-02 21:51:00,No,"Performed forensic triage on affected host, isolated system, initiated containment protocol.",IoT Device
ALT00068,Lakshmi Insurance Group,Low,2026-02-21 02:42:00,2026-02-21 05:29:00,No,Analysed PCAP sample; payload matched benign monitoring agent heartbeat.,Database
ALT00069,Lakshmi Insurance Group,Medium,2026-02-20 03:43:00,2026-02-20 06:14:00,Yes,False positive.,Server
ALT00070,Lakshmi Insurance Group,Medium,2026-02-14 07:54:00,2026-02-14 11:02:00,No,"Performed forensic triage on affected host, isolated system, initiated containment protocol.",Firewall
ALT00071,Lakshmi Insurance Group,Low,2026-01-18 07:11:00,2026-01-18 10:19:00,Yes,"Correlated with SIEM logs across 3 hosts, identified lateral movement attempt, escalated.",Cloud Workload
ALT00072,Lakshmi Insurance Group,Low,2026-03-24 21:10:00,2026-03-25 00:23:00,No,No further action required.,Cloud Workload
ALT00073,Lakshmi Insurance Group,Medium,2026-02-14 00:53:00,2026-02-14 03:38:00,No,"Performed forensic triage on affected host, isolated system, initiated containment protocol.",Server
ALT00074,Lakshmi Insurance Group,Medium,2026-02-03 12:49:00,2026-02-03 16:14:00,No,Reviewed and closed.,Endpoint
ALT00075,Lakshmi Insurance Group,Low,2026-01-22 20:55:00,2026-01-22 23:54:00,No,"Investigated source IP, confirmed malicious signature, blocked at firewall, root cause documented.",Identity Provider
ALT00076,Lakshmi Insurance Group,Low,2026-03-03 03:16:00,2026-03-03 06:00:00,No,Closed as per standard procedure.,Server
ALT00077,Lakshmi Insurance Group,High,2026-02-17 23:01:00,2026-02-18 02:00:00,Yes,Closed as per standard procedure.,IoT Device
ALT00078,Lakshmi Insurance Group,High,2026-01-13 23:55:00,2026-01-14 02:48:00,No,"Investigated source IP, confirmed malicious signature, blocked at firewall, root cause documented.",Identity Provider
ALT00079,Lakshmi Insurance Group,Critical,2026-03-14 17:39:00,2026-03-14 20:37:00,No,"Cross-referenced with threat intel feed, identified C2 communication pattern, escalated to IR team.",Network Device
ALT00080,Lakshmi Insurance Group,Low,2026-02-22 18:37:00,2026-02-22 21:47:00,No,False positive.,Cloud Workload
ALT00081,Lakshmi Insurance Group,High,2026-03-29 04:04:00,2026-03-29 07:33:00,Yes,Contacted asset owner and confirmed scheduled maintenance window covered the activity.,Cloud Workload
ALT00082,Lakshmi Insurance Group,Medium,2026-01-30 04:16:00,2026-01-30 07:35:00,No,Contacted asset owner and confirmed scheduled maintenance window covered the activity.,Cloud Workload
ALT00083,Lakshmi Insurance Group,High,2026-03-31 08:35:00,2026-03-31 11:48:00,Yes,Analysed PCAP sample; payload matched benign monitoring agent heartbeat.,IoT Device
ALT00084,Lakshmi Insurance Group,Low,2026-03-24 01:47:00,2026-03-24 04:27:00,No,Reviewed EDR telemetry timeline; parent process traced to legitimate installer.,Database
ALT00085,Lakshmi Insurance Group,Medium,2026-03-04 20:23:00,2026-03-04 23:12:00,No,Analysed PCAP sample; payload matched benign monitoring agent heartbeat.,Cloud Workload
ALT00086,Lakshmi Insurance Group,Medium,2026-02-10 17:20:00,2026-02-10 19:53:00,No,"Performed forensic triage on affected host, isolated system, initiated containment protocol.",Server
ALT00087,Lakshmi Insurance Group,Medium,2026-02-28 06:19:00,2026-02-28 08:57:00,No,Closed as per standard procedure.,Server
ALT00088,Lakshmi Insurance Group,High,2026-02-16 00:20:00,2026-02-16 03:20:00,Yes,Reviewed EDR telemetry timeline; parent process traced to legitimate installer.,IoT Device
ALT00089,Lakshmi Insurance Group,Low,2026-01-17 21:55:00,2026-01-18 00:41:00,Yes,Contacted asset owner and confirmed scheduled maintenance window covered the activity.,Endpoint
ALT00090,Lakshmi Insurance Group,Critical,2026-02-18 02:55:00,2026-02-18 06:01:00,Yes,Ran memory capture on affected host; no injected process artefacts identified.,Identity Provider
ALT00091,Lakshmi Insurance Group,Low,2026-02-07 00:34:00,2026-02-07 03:28:00,No,Reviewed EDR telemetry timeline; parent process traced to legitimate installer.,Database
ALT00092,Lakshmi Insurance Group,Low,2026-01-07 01:56:00,2026-01-07 04:53:00,No,Analysed PCAP sample; payload matched benign monitoring agent heartbeat.,Identity Provider
ALT00093,Lakshmi Insurance Group,Low,2026-01-24 08:19:00,2026-01-24 11:47:00,No,Ran memory capture on affected host; no injected process artefacts identified.,Firewall
ALT00094,Lakshmi Insurance Group,Low,2026-03-23 19:04:00,2026-03-23 21:49:00,No,No further action required.,Database
ALT00095,Lakshmi Insurance Group,High,2026-03-08 02:56:00,2026-03-08 05:53:00,No,"Correlated with SIEM logs across 3 hosts, identified lateral movement attempt, escalated.",Network Device
ALT00096,Lakshmi Insurance Group,Low,2026-02-23 17:26:00,2026-02-23 20:55:00,No,Ran memory capture on affected host; no injected process artefacts identified.,Server
ALT00097,Lakshmi Insurance Group,Medium,2026-02-13 00:57:00,2026-02-13 03:41:00,No,No further action required.,Cloud Workload
ALT00098,Lakshmi Insurance Group,Medium,2026-02-27 13:03:00,2026-02-27 15:52:00,No,No further action required.,Cloud Workload
ALT00099,Lakshmi Insurance Group,Low,2026-02-28 03:40:00,2026-02-28 06:40:00,No,"Performed forensic triage on affected host, isolated system, initiated containment protocol.",Database
ALT00100,Lakshmi Insurance Group,High,2026-01-01 16:45:00,2026-01-01 19:33:00,Yes,No further action required.,Endpoint
ALT00101,Lakshmi Insurance Group,Low,2026-01-08 04:04:00,2026-01-08 07:08:00,No,"Correlated with SIEM logs across 3 hosts, identified lateral movement attempt, escalated.",Database
ALT00102,Lakshmi Insurance Group,Critical,2026-02-12 14:21:00,2026-02-12 17:51:00,No,Closed as per standard procedure.,Network Device
ALT00103,Lakshmi Insurance Group,Low,2026-01-09 13:05:00,2026-01-09 16:08:00,Yes,Reviewed EDR telemetry timeline; parent process traced to legitimate installer.,Cloud Workload
ALT00104,Lakshmi Insurance Group,High,2026-01-01 10:12:00,2026-01-01 13:39:00,No,Contacted asset owner and confirmed scheduled maintenance window covered the activity.,Firewall
ALT00105,Lakshmi Insurance Group,Low,2026-02-17 08:06:00,2026-02-17 10:59:00,No,Reviewed and closed.,IoT Device
ALT00106,Lakshmi Insurance Group,High,2026-03-20 05:49:00,2026-03-20 08:51:00,Yes,Ran memory capture on affected host; no injected process artefacts identified.,Firewall
ALT00107,Lakshmi Insurance Group,Low,2026-01-25 06:56:00,2026-01-25 09:55:00,No,"Performed forensic triage on affected host, isolated system, initiated containment protocol.",IoT Device
ALT00108,Lakshmi Insurance Group,Low,2026-02-03 19:48:00,2026-02-03 23:07:00,Yes,"Investigated source IP, confirmed malicious signature, blocked at firewall, root cause documented.",Network Device
ALT00109,Lakshmi Insurance Group,Medium,2026-01-16 13:03:00,2026-01-16 16:24:00,No,Analysed PCAP sample; payload matched benign monitoring agent heartbeat.,Endpoint
ALT00110,Lakshmi Insurance Group,Low,2026-03-05 18:52:00,2026-03-05 22:06:00,No,Contacted asset owner and confirmed scheduled maintenance window covered the activity.,Endpoint
ALT00111,Lakshmi Insurance Group,Low,2026-01-17 04:57:00,2026-01-17 07:50:00,No,Closed as per standard procedure.,Database
ALT00112,Lakshmi Insurance Group,Critical,2026-03-08 20:29:00,2026-03-08 23:44:00,Yes,Reviewed and closed.,Endpoint
ALT00113,Lakshmi Insurance Group,High,2026-02-20 11:24:00,2026-02-20 14:18:00,No,No further action required.,Server
ALT00114,Lakshmi Insurance Group,Low,2026-01-09 22:06:00,2026-01-10 00:43:00,No,"Cross-referenced with threat intel feed, identified C2 communication pattern, escalated to IR team.",Firewall
ALT00115,Lakshmi Insurance Group,Medium,2026-01-22 11:52:00,2026-01-22 14:22:00,No,"Correlated with SIEM logs across 3 hosts, identified lateral movement attempt, escalated.",Cloud Workload
ALT00116,Lakshmi Insurance Group,Critical,2026-01-22 23:52:00,2026-01-23 02:29:00,No,Reviewed and closed.,Network Device
ALT00117,Lakshmi Insurance Group,Critical,2026-02-24 08:34:00,2026-02-24 11:29:00,Yes,No further action required.,Firewall
ALT00118,Lakshmi Insurance Group,High,2026-02-22 17:20:00,2026-02-22 20:41:00,Yes,Reviewed and closed.,Endpoint
ALT00119,Lakshmi Insurance Group,High,2026-01-04 21:45:00,2026-01-05 00:32:00,Yes,"Correlated with SIEM logs across 3 hosts, identified lateral movement attempt, escalated.",Identity Provider
ALT00120,Lakshmi Insurance Group,Medium,2026-03-17 07:21:00,2026-03-17 10:10:00,No,False positive.,Database
ALT00121,Lakshmi Insurance Group,Low,2026-01-23 13:52:00,2026-01-23 16:32:00,No,"Investigated source IP, confirmed malicious signature, blocked at firewall, root cause documented.",Cloud Workload
ALT00122,Lakshmi Insurance Group,High,2026-01-18 17:36:00,2026-01-18 20:06:00,No,"Performed forensic triage on affected host, isolated system, initiated containment protocol.",Cloud Workload
ALT00123,Lakshmi Insurance Group,Medium,2026-03-25 14:40:00,2026-03-25 17:52:00,No,Closed as per standard procedure.,Firewall
ALT00124,Lakshmi Insurance Group,Low,2026-02-28 17:31:00,2026-02-28 20:49:00,No,Contacted asset owner and confirmed scheduled maintenance window covered the activity.,Server
ALT00125,Lakshmi Insurance Group,High,2026-02-26 03:09:00,2026-02-26 06:34:00,No,Ran memory capture on affected host; no injected process artefacts identified.,Server
ALT00126,Lakshmi Insurance Group,High,2026-01-27 02:03:00,2026-01-27 04:44:00,No,Reviewed EDR telemetry timeline; parent process traced to legitimate installer.,Server
ALT00127,Lakshmi Insurance Group,Low,2026-03-02 15:51:00,2026-03-02 18:23:00,No,No further action required.,Network Device
ALT00128,Lakshmi Insurance Group,Medium,2026-01-16 12:55:00,2026-01-16 15:32:00,No,"Investigated source IP, confirmed malicious signature, blocked at firewall, root cause documented.",Identity Provider
ALT00129,Lakshmi Insurance Group,Medium,2026-03-30 02:50:00,2026-03-30 05:22:00,No,False positive.,Endpoint
ALT00130,Lakshmi Insurance Group,Low,2026-01-13 00:07:00,2026-01-13 03:19:00,No,"Performed forensic triage on affected host, isolated system, initiated containment protocol.",Network Device
ALT00131,Lakshmi Insurance Group,Medium,2026-03-29 23:22:00,2026-03-30 02:19:00,No,Ran memory capture on affected host; no injected process artefacts identified.,Network Device
ALT00132,Lakshmi Insurance Group,Low,2026-02-14 02:35:00,2026-02-14 05:15:00,Yes,"Investigated source IP, confirmed malicious signature, blocked at firewall, root cause documented.",Firewall
ALT00133,Lakshmi Insurance Group,Medium,2026-03-15 03:02:00,2026-03-15 06:31:00,No,No further action required.,Network Device
ALT00134,Lakshmi Insurance Group,Medium,2026-02-21 01:44:00,2026-02-21 04:14:00,Yes,Contacted asset owner and confirmed scheduled maintenance window covered the activity.,Network Device
ALT00135,Lakshmi Insurance Group,High,2026-01-30 10:33:00,2026-01-30 13:06:00,Yes,"Cross-referenced with threat intel feed, identified C2 communication pattern, escalated to IR team.",Database
ALT00136,Lakshmi Insurance Group,Medium,2026-01-01 02:38:00,2026-01-01 05:41:00,No,Contacted asset owner and confirmed scheduled maintenance window covered the activity.,Database
ALT00137,Lakshmi Insurance Group,Low,2026-03-11 13:38:00,2026-03-11 16:28:00,No,Reviewed EDR telemetry timeline; parent process traced to legitimate installer.,Endpoint
ALT00138,Lakshmi Insurance Group,Medium,2026-03-14 18:32:00,2026-03-14 21:26:00,No,"Investigated source IP, confirmed malicious signature, blocked at firewall, root cause documented.",Firewall
ALT00139,Lakshmi Insurance Group,Medium,2026-03-30 15:14:00,2026-03-30 18:06:00,No,Reviewed EDR telemetry timeline; parent process traced to legitimate installer.,Endpoint
ALT00140,Lakshmi Insurance Group,Low,2026-01-14 15:15:00,2026-01-14 17:56:00,No,"Correlated with SIEM logs across 3 hosts, identified lateral movement attempt, escalated.",Database
ALT00141,Lakshmi Insurance Group,Low,2026-03-01 23:13:00,2026-03-02 02:34:00,No,No further action required.,Cloud Workload
ALT00142,Lakshmi Insurance Group,Low,2026-03-18 06:38:00,2026-03-18 09:58:00,No,"Investigated source IP, confirmed malicious signature, blocked at firewall, root cause documented.",Endpoint
ALT00143,Lakshmi Insurance Group,Low,2026-02-21 19:03:00,2026-02-21 22:28:00,No,Ran memory capture on affected host; no injected process artefacts identified.,Cloud Workload
ALT00144,Lakshmi Insurance Group,Low,2026-02-23 08:02:00,2026-02-23 11:14:00,No,No further action required.,Cloud Workload
ALT00145,Lakshmi Insurance Group,Low,2026-01-11 00:47:00,2026-01-11 03:53:00,No,"Performed forensic triage on affected host, isolated system, initiated containment protocol.",Firewall
ALT00146,Lakshmi Insurance Group,Low,2026-01-17 04:25:00,2026-01-17 06:58:00,Yes,"Correlated with SIEM logs across 3 hosts, identified lateral movement attempt, escalated.",Cloud Workload
ALT00147,Lakshmi Insurance Group,Low,2026-01-30 09:42:00,2026-01-30 12:31:00,Yes,"Cross-referenced with threat intel feed, identified C2 communication pattern, escalated to IR team.",Network Device
ALT00148,Lakshmi Insurance Group,Critical,2026-01-22 22:46:00,2026-01-23 01:30:00,No,"Correlated with SIEM logs across 3 hosts, identified lateral movement attempt, escalated.",Endpoint
ALT00149,Lakshmi Insurance Group,Medium,2026-03-05 10:01:00,2026-03-05 13:10:00,No,"Cross-referenced with threat intel feed, identified C2 communication pattern, escalated to IR team.",Identity Provider
ALT00150,Lakshmi Insurance Group,High,2026-01-11 16:34:00,2026-01-11 19:48:00,No,Closed as per standard procedure.,Identity Provider
ALT00151,Lakshmi Insurance Group,Low,2026-01-18 21:26:00,2026-01-19 00:50:00,No,"Correlated with SIEM logs across 3 hosts, identified lateral movement attempt, escalated.",Cloud Workload
ALT00152,Lakshmi Insurance Group,Medium,2026-02-03 13:25:00,2026-02-03 16:37:00,No,No further action required.,Cloud Workload
ALT00153,Lakshmi Insurance Group,Medium,2026-03-22 22:37:00,2026-03-23 01:25:00,No,No further action required.,Database
ALT00154,Lakshmi Insurance Group,Medium,2026-01-28 10:27:00,2026-01-28 13:02:00,No,Closed as per standard procedure.,IoT Device
ALT00155,Lakshmi Insurance Group,High,2026-02-17 09:39:00,2026-02-17 12:16:00,Yes,Reviewed and closed.,Cloud Workload
ALT00156,Lakshmi Insurance Group,Low,2026-02-18 12:03:00,2026-02-18 14:34:00,No,Ran memory capture on affected host; no injected process artefacts identified.,Cloud Workload
ALT00157,Lakshmi Insurance Group,Low,2026-01-15 06:12:00,2026-01-15 09:10:00,Yes,Analysed PCAP sample; payload matched benign monitoring agent heartbeat.,Firewall
ALT00158,Lakshmi Insurance Group,Low,2026-01-14 16:27:00,2026-01-14 19:28:00,No,Closed as per standard procedure.,Server
ALT00159,Lakshmi Insurance Group,Low,2026-01-21 10:00:00,2026-01-21 12:30:00,Yes,Analysed PCAP sample; payload matched benign monitoring agent heartbeat.,Cloud Workload
ALT00160,Lakshmi Insurance Group,High,2026-01-07 05:58:00,2026-01-07 09:07:00,Yes,False positive.,Endpoint
ALT00161,Lakshmi Insurance Group,Low,2026-01-17 00:29:00,2026-01-17 03:45:00,No,No further action required.,Endpoint
ALT00162,Lakshmi Insurance Group,Low,2026-01-16 16:00:00,2026-01-16 19:29:00,No,False positive.,Database
ALT00163,Lakshmi Insurance Group,High,2026-01-08 13:54:00,2026-01-08 17:24:00,Yes,Closed as per standard procedure.,Database
ALT00164,Lakshmi Insurance Group,Low,2026-01-06 22:44:00,2026-01-07 01:35:00,No,"Performed forensic triage on affected host, isolated system, initiated containment protocol.",Database
ALT00165,Lakshmi Insurance Group,Low,2026-03-09 07:54:00,2026-03-09 10:31:00,No,Ran memory capture on affected host; no injected process artefacts identified.,Identity Provider
ALT00166,Lakshmi Insurance Group,High,2026-03-26 18:43:00,2026-03-26 22:05:00,Yes,Closed as per standard procedure.,Cloud Workload
ALT00167,Lakshmi Insurance Group,Low,2026-02-04 10:09:00,2026-02-04 12:42:00,No,Reviewed and closed.,IoT Device
ALT00168,Lakshmi Insurance Group,High,2026-01-05 02:35:00,2026-01-05 05:46:00,Yes,"Investigated source IP, confirmed malicious signature, blocked at firewall, root cause documented.",Cloud Workload
ALT00169,Lakshmi Insurance Group,Medium,2026-01-29 20:08:00,2026-01-29 23:14:00,No,Analysed PCAP sample; payload matched benign monitoring agent heartbeat.,Identity Provider
ALT00170,Lakshmi Insurance Group,Low,2026-03-29 11:01:00,2026-03-29 14:24:00,No,"Correlated with SIEM logs across 3 hosts, identified lateral movement attempt, escalated.",Network Device
ALT00171,Lakshmi Insurance Group,Medium,2026-01-04 20:20:00,2026-01-04 22:52:00,No,Contacted asset owner and confirmed scheduled maintenance window covered the activity.,Cloud Workload
ALT00172,Lakshmi Insurance Group,Low,2026-01-21 02:59:00,2026-01-21 05:29:00,Yes,Reviewed EDR telemetry timeline; parent process traced to legitimate installer.,Identity Provider
ALT00173,Lakshmi Insurance Group,Medium,2026-03-22 02:37:00,2026-03-22 05:51:00,No,No further action required.,Firewall
ALT00174,Lakshmi Insurance Group,Medium,2026-03-30 15:26:00,2026-03-30 18:36:00,Yes,"Cross-referenced with threat intel feed, identified C2 communication pattern, escalated to IR team.",Identity Provider
ALT00175,Lakshmi Insurance Group,Low,2026-02-28 07:10:00,2026-02-28 09:40:00,No,"Investigated source IP, confirmed malicious signature, blocked at firewall, root cause documented.",Server
ALT00176,Lakshmi Insurance Group,High,2026-03-17 00:17:00,2026-03-17 02:51:00,No,Reviewed EDR telemetry timeline; parent process traced to legitimate installer.,Network Device
ALT00177,Lakshmi Insurance Group,Low,2026-03-26 17:26:00,2026-03-26 20:38:00,No,Ran memory capture on affected host; no injected process artefacts identified.,Cloud Workload
ALT00178,Lakshmi Insurance Group,Low,2026-03-27 01:57:00,2026-03-27 05:01:00,No,Ran memory capture on affected host; no injected process artefacts identified.,Cloud Workload
ALT00179,Lakshmi Insurance Group,High,2026-03-29 10:43:00,2026-03-29 14:11:00,No,Reviewed and closed.,Server
ALT00180,Lakshmi Insurance Group,Medium,2026-03-12 15:44:00,2026-03-12 19:14:00,No,No further action required.,IoT Device
ALT00181,Lakshmi Insurance Group,Critical,2026-01-29 04:39:00,2026-01-29 07:29:00,Yes,"Performed forensic triage on affected host, isolated system, initiated containment protocol.",Cloud Workload
ALT00182,Lakshmi Insurance Group,Medium,2026-02-22 08:41:00,2026-02-22 11:14:00,No,Ran memory capture on affected host; no injected process artefacts identified.,Endpoint
ALT00183,Lakshmi Insurance Group,Medium,2026-01-20 14:25:00,2026-01-20 16:55:00,No,"Correlated with SIEM logs across 3 hosts, identified lateral movement attempt, escalated.",Cloud Workload
ALT00184,Lakshmi Insurance Group,Low,2026-01-12 14:13:00,2026-01-12 17:06:00,No,"Investigated source IP, confirmed malicious signature, blocked at firewall, root cause documented.",Database
ALT00185,Lakshmi Insurance Group,Low,2026-03-26 15:39:00,2026-03-26 18:31:00,No,Reviewed and closed.,IoT Device
ALT00186,Lakshmi Insurance Group,Low,2026-03-15 13:13:00,2026-03-15 16:29:00,No,False positive.,Identity Provider
ALT00001,Malabar Gas Pipelines,Low,2026-03-10 14:50:00,2026-03-10 17:22:00,No,Closed as per standard procedure.,Identity Provider
ALT00002,Malabar Gas Pipelines,High,2026-01-31 17:31:00,2026-01-31 21:01:00,Yes,"Cross-referenced with threat intel feed, identified C2 communication pattern, escalated to IR team.",Cloud Workload
ALT00003,Malabar Gas Pipelines,High,2026-03-01 07:52:00,2026-03-01 11:12:00,Yes,"Investigated source IP, confirmed malicious signature, blocked at firewall, root cause documented.",Network Device
ALT00004,Malabar Gas Pipelines,Medium,2026-02-12 16:02:00,2026-02-12 19:07:00,Yes,Analysed PCAP sample; payload matched benign monitoring agent heartbeat.,Identity Provider
ALT00005,Malabar Gas Pipelines,Medium,2026-01-26 06:49:00,2026-01-26 10:19:00,Yes,Reviewed EDR telemetry timeline; parent process traced to legitimate installer.,Database
ALT00006,Malabar Gas Pipelines,Low,2026-01-20 03:54:00,2026-01-20 06:39:00,No,"Investigated source IP, confirmed malicious signature, blocked at firewall, root cause documented.",Endpoint
ALT00007,Malabar Gas Pipelines,Low,2026-03-17 22:21:00,2026-03-18 01:15:00,Yes,"Performed forensic triage on affected host, isolated system, initiated containment protocol.",Server
ALT00008,Malabar Gas Pipelines,Critical,2026-01-27 13:26:00,2026-01-27 16:37:00,Yes,Ran memory capture on affected host; no injected process artefacts identified.,IoT Device
ALT00009,Malabar Gas Pipelines,Low,2026-03-03 10:44:00,2026-03-03 14:12:00,No,Closed as per standard procedure.,Identity Provider
ALT00010,Malabar Gas Pipelines,High,2026-01-03 11:37:00,2026-01-03 14:46:00,No,No further action required.,Endpoint
ALT00011,Malabar Gas Pipelines,Low,2026-01-28 08:25:00,2026-01-28 11:25:00,No,Analysed PCAP sample; payload matched benign monitoring agent heartbeat.,Cloud Workload
ALT00012,Malabar Gas Pipelines,Low,2026-01-07 04:48:00,2026-01-07 08:03:00,Yes,Closed as per standard procedure.,Endpoint
ALT00013,Malabar Gas Pipelines,Medium,2026-02-04 06:54:00,2026-02-04 09:56:00,Yes,Analysed PCAP sample; payload matched benign monitoring agent heartbeat.,Database
ALT00014,Malabar Gas Pipelines,Low,2026-02-20 14:16:00,2026-02-20 17:08:00,Yes,Ran memory capture on affected host; no injected process artefacts identified.,Firewall
ALT00015,Malabar Gas Pipelines,Low,2026-01-27 22:27:00,2026-01-28 01:30:00,No,"Cross-referenced with threat intel feed, identified C2 communication pattern, escalated to IR team.",Server
ALT00016,Malabar Gas Pipelines,Medium,2026-03-11 21:29:00,2026-03-12 00:50:00,No,Reviewed EDR telemetry timeline; parent process traced to legitimate installer.,Identity Provider
ALT00017,Malabar Gas Pipelines,Medium,2026-01-16 08:17:00,2026-01-16 11:35:00,No,"Correlated with SIEM logs across 3 hosts, identified lateral movement attempt, escalated.",Identity Provider
ALT00018,Malabar Gas Pipelines,Low,2026-01-15 07:43:00,2026-01-15 10:33:00,No,"Correlated with SIEM logs across 3 hosts, identified lateral movement attempt, escalated.",Cloud Workload
ALT00019,Malabar Gas Pipelines,Low,2026-03-22 15:42:00,2026-03-22 18:20:00,No,Reviewed EDR telemetry timeline; parent process traced to legitimate installer.,Firewall
ALT00020,Malabar Gas Pipelines,Low,2026-03-20 23:27:00,2026-03-21 02:29:00,No,"Performed forensic triage on affected host, isolated system, initiated containment protocol.",Network Device
ALT00021,Malabar Gas Pipelines,Medium,2026-01-12 11:19:00,2026-01-12 14:30:00,No,"Investigated source IP, confirmed malicious signature, blocked at firewall, root cause documented.",Server
ALT00022,Malabar Gas Pipelines,Low,2026-02-23 13:25:00,2026-02-23 16:28:00,No,Ran memory capture on affected host; no injected process artefacts identified.,IoT Device
ALT00023,Malabar Gas Pipelines,Low,2026-01-01 22:29:00,2026-01-02 01:30:00,No,Reviewed EDR telemetry timeline; parent process traced to legitimate installer.,Endpoint
ALT00024,Malabar Gas Pipelines,High,2026-02-05 20:37:00,2026-02-05 23:50:00,No,Analysed PCAP sample; payload matched benign monitoring agent heartbeat.,Server
ALT00025,Malabar Gas Pipelines,High,2026-01-25 23:59:00,2026-01-26 02:35:00,No,False positive.,Identity Provider
ALT00026,Malabar Gas Pipelines,Low,2026-02-23 11:22:00,2026-02-23 14:39:00,No,Reviewed and closed.,Database
ALT00027,Malabar Gas Pipelines,Low,2026-03-13 17:42:00,2026-03-13 21:06:00,No,Ran memory capture on affected host; no injected process artefacts identified.,Endpoint
ALT00028,Malabar Gas Pipelines,Low,2026-03-05 05:33:00,2026-03-05 08:38:00,No,Ran memory capture on affected host; no injected process artefacts identified.,IoT Device
ALT00029,Malabar Gas Pipelines,Medium,2026-01-09 10:39:00,2026-01-09 13:27:00,No,"Performed forensic triage on affected host, isolated system, initiated containment protocol.",Firewall
ALT00030,Malabar Gas Pipelines,Low,2026-02-07 19:51:00,2026-02-07 23:02:00,No,"Performed forensic triage on affected host, isolated system, initiated containment protocol.",Database
ALT00031,Malabar Gas Pipelines,High,2026-03-08 20:26:00,2026-03-08 23:18:00,No,"Correlated with SIEM logs across 3 hosts, identified lateral movement attempt, escalated.",Server
ALT00032,Malabar Gas Pipelines,Medium,2026-02-05 12:04:00,2026-02-05 15:31:00,No,"Correlated with SIEM logs across 3 hosts, identified lateral movement attempt, escalated.",Endpoint
ALT00033,Malabar Gas Pipelines,Low,2026-03-18 23:55:00,2026-03-19 02:41:00,No,No further action required.,Server
ALT00034,Malabar Gas Pipelines,Medium,2026-02-13 18:42:00,2026-02-13 21:58:00,No,Closed as per standard procedure.,Server
ALT00035,Malabar Gas Pipelines,Low,2026-01-03 22:17:00,2026-01-04 01:11:00,No,Reviewed and closed.,Firewall
ALT00036,Malabar Gas Pipelines,Low,2026-01-26 02:55:00,2026-01-26 06:16:00,Yes,"Correlated with SIEM logs across 3 hosts, identified lateral movement attempt, escalated.",Firewall
ALT00037,Malabar Gas Pipelines,Medium,2026-03-01 11:08:00,2026-03-01 13:39:00,No,No further action required.,Database
ALT00038,Malabar Gas Pipelines,High,2026-03-16 10:30:00,2026-03-16 13:59:00,No,Closed as per standard procedure.,Identity Provider
ALT00039,Malabar Gas Pipelines,Low,2026-03-25 13:39:00,2026-03-25 16:35:00,No,"Investigated source IP, confirmed malicious signature, blocked at firewall, root cause documented.",Network Device
ALT00040,Malabar Gas Pipelines,Medium,2026-02-03 17:42:00,2026-02-03 20:51:00,No,No further action required.,Server
ALT00041,Malabar Gas Pipelines,Low,2026-01-01 23:54:00,2026-01-02 02:45:00,No,False positive.,IoT Device
ALT00042,Malabar Gas Pipelines,Low,2026-01-02 13:17:00,2026-01-02 15:51:00,No,Reviewed and closed.,Server
ALT00043,Malabar Gas Pipelines,Low,2026-01-15 06:59:00,2026-01-15 10:04:00,No,Analysed PCAP sample; payload matched benign monitoring agent heartbeat.,Firewall
ALT00044,Malabar Gas Pipelines,Medium,2026-03-12 09:22:00,2026-03-12 12:16:00,No,Closed as per standard procedure.,Identity Provider
ALT00045,Malabar Gas Pipelines,Low,2026-03-02 11:50:00,2026-03-02 14:29:00,Yes,"Investigated source IP, confirmed malicious signature, blocked at firewall, root cause documented.",IoT Device
ALT00046,Malabar Gas Pipelines,Low,2026-02-21 04:32:00,2026-02-21 08:01:00,No,"Cross-referenced with threat intel feed, identified C2 communication pattern, escalated to IR team.",Cloud Workload
ALT00047,Malabar Gas Pipelines,Low,2026-02-12 12:56:00,2026-02-12 15:39:00,Yes,"Cross-referenced with threat intel feed, identified C2 communication pattern, escalated to IR team.",IoT Device
ALT00048,Malabar Gas Pipelines,Medium,2026-01-22 22:12:00,2026-01-23 01:24:00,No,Analysed PCAP sample; payload matched benign monitoring agent heartbeat.,Server
ALT00049,Malabar Gas Pipelines,Low,2026-03-24 05:05:00,2026-03-24 08:28:00,No,"Performed forensic triage on affected host, isolated system, initiated containment protocol.",Endpoint
ALT00050,Malabar Gas Pipelines,Low,2026-02-26 16:33:00,2026-02-26 20:03:00,No,Closed as per standard procedure.,Network Device
ALT00051,Malabar Gas Pipelines,Low,2026-03-25 18:01:00,2026-03-25 21:05:00,No,Reviewed EDR telemetry timeline; parent process traced to legitimate installer.,Server
ALT00052,Malabar Gas Pipelines,Medium,2026-02-06 03:10:00,2026-02-06 06:10:00,No,"Investigated source IP, confirmed malicious signature, blocked at firewall, root cause documented.",Firewall
ALT00053,Malabar Gas Pipelines,Low,2026-02-15 19:52:00,2026-02-15 22:32:00,No,Closed as per standard procedure.,Server
ALT00054,Malabar Gas Pipelines,Medium,2026-02-10 04:55:00,2026-02-10 07:38:00,No,Reviewed and closed.,Firewall
ALT00055,Malabar Gas Pipelines,Critical,2026-02-09 10:14:00,2026-02-09 13:23:00,Yes,Contacted asset owner and confirmed scheduled maintenance window covered the activity.,Endpoint
ALT00056,Malabar Gas Pipelines,Low,2026-02-28 18:30:00,2026-02-28 21:14:00,No,False positive.,Endpoint
ALT00057,Malabar Gas Pipelines,Low,2026-03-08 15:18:00,2026-03-08 17:57:00,No,Reviewed EDR telemetry timeline; parent process traced to legitimate installer.,Cloud Workload
ALT00058,Malabar Gas Pipelines,Low,2026-01-26 08:25:00,2026-01-26 11:48:00,No,Closed as per standard procedure.,IoT Device
ALT00059,Malabar Gas Pipelines,High,2026-03-16 02:13:00,2026-03-16 04:55:00,Yes,Analysed PCAP sample; payload matched benign monitoring agent heartbeat.,Firewall
ALT00060,Malabar Gas Pipelines,Low,2026-02-04 11:51:00,2026-02-04 15:00:00,No,"Cross-referenced with threat intel feed, identified C2 communication pattern, escalated to IR team.",Cloud Workload
ALT00061,Malabar Gas Pipelines,Low,2026-01-14 00:38:00,2026-01-14 03:46:00,No,Closed as per standard procedure.,Server
ALT00062,Malabar Gas Pipelines,Low,2026-02-13 06:52:00,2026-02-13 09:59:00,No,Contacted asset owner and confirmed scheduled maintenance window covered the activity.,Firewall
ALT00063,Malabar Gas Pipelines,Low,2026-03-28 19:30:00,2026-03-28 22:00:00,No,Contacted asset owner and confirmed scheduled maintenance window covered the activity.,Server
ALT00064,Malabar Gas Pipelines,Medium,2026-01-16 04:03:00,2026-01-16 06:54:00,No,"Cross-referenced with threat intel feed, identified C2 communication pattern, escalated to IR team.",IoT Device
ALT00065,Malabar Gas Pipelines,Medium,2026-02-26 07:56:00,2026-02-26 10:26:00,No,Reviewed EDR telemetry timeline; parent process traced to legitimate installer.,Identity Provider
ALT00066,Malabar Gas Pipelines,Low,2026-02-27 17:13:00,2026-02-27 19:48:00,Yes,Reviewed EDR telemetry timeline; parent process traced to legitimate installer.,Identity Provider
ALT00067,Malabar Gas Pipelines,Medium,2026-01-04 00:02:00,2026-01-04 03:30:00,No,Reviewed and closed.,Identity Provider
ALT00068,Malabar Gas Pipelines,Low,2026-03-11 02:38:00,2026-03-11 05:09:00,No,"Cross-referenced with threat intel feed, identified C2 communication pattern, escalated to IR team.",Database
ALT00069,Malabar Gas Pipelines,Low,2026-02-24 22:58:00,2026-02-25 02:12:00,No,Reviewed EDR telemetry timeline; parent process traced to legitimate installer.,Identity Provider
ALT00070,Malabar Gas Pipelines,Low,2026-01-13 23:48:00,2026-01-14 02:57:00,No,Ran memory capture on affected host; no injected process artefacts identified.,Firewall
ALT00071,Malabar Gas Pipelines,High,2026-01-08 04:02:00,2026-01-08 06:33:00,Yes,Analysed PCAP sample; payload matched benign monitoring agent heartbeat.,Endpoint
ALT00072,Malabar Gas Pipelines,Low,2026-01-23 05:01:00,2026-01-23 08:02:00,No,False positive.,Server
ALT00073,Malabar Gas Pipelines,Low,2026-03-31 14:45:00,2026-03-31 17:18:00,Yes,"Correlated with SIEM logs across 3 hosts, identified lateral movement attempt, escalated.",Network Device
ALT00074,Malabar Gas Pipelines,Low,2026-02-18 14:37:00,2026-02-18 17:36:00,No,Reviewed and closed.,Network Device
ALT00075,Malabar Gas Pipelines,Low,2026-02-05 14:17:00,2026-02-05 17:14:00,No,"Performed forensic triage on affected host, isolated system, initiated containment protocol.",Endpoint
ALT00076,Malabar Gas Pipelines,Medium,2026-01-21 03:59:00,2026-01-21 06:57:00,No,"Correlated with SIEM logs across 3 hosts, identified lateral movement attempt, escalated.",IoT Device
ALT00077,Malabar Gas Pipelines,Low,2026-01-14 13:20:00,2026-01-14 16:39:00,Yes,Reviewed and closed.,Endpoint
ALT00078,Malabar Gas Pipelines,Medium,2026-03-01 04:20:00,2026-03-01 07:34:00,Yes,Reviewed EDR telemetry timeline; parent process traced to legitimate installer.,Cloud Workload
ALT00079,Malabar Gas Pipelines,Medium,2026-01-21 12:44:00,2026-01-21 15:54:00,Yes,Closed as per standard procedure.,IoT Device
ALT00080,Malabar Gas Pipelines,Low,2026-03-11 14:26:00,2026-03-11 16:58:00,Yes,Analysed PCAP sample; payload matched benign monitoring agent heartbeat.,Server
ALT00081,Malabar Gas Pipelines,High,2026-03-08 17:52:00,2026-03-08 21:05:00,Yes,No further action required.,Endpoint
ALT00082,Malabar Gas Pipelines,High,2026-02-18 04:56:00,2026-02-18 08:26:00,Yes,"Performed forensic triage on affected host, isolated system, initiated containment protocol.",Endpoint
ALT00083,Malabar Gas Pipelines,Critical,2026-01-22 05:10:00,2026-01-22 08:20:00,No,No further action required.,Cloud Workload
ALT00084,Malabar Gas Pipelines,Medium,2026-01-04 12:15:00,2026-01-04 15:20:00,No,Ran memory capture on affected host; no injected process artefacts identified.,Firewall
ALT00085,Malabar Gas Pipelines,Low,2026-01-20 07:04:00,2026-01-20 10:21:00,No,Ran memory capture on affected host; no injected process artefacts identified.,Firewall
ALT00086,Malabar Gas Pipelines,Medium,2026-01-02 08:46:00,2026-01-02 11:35:00,No,Reviewed EDR telemetry timeline; parent process traced to legitimate installer.,Identity Provider
ALT00087,Malabar Gas Pipelines,Critical,2026-03-21 06:51:00,2026-03-21 09:34:00,Yes,False positive.,Firewall
ALT00088,Malabar Gas Pipelines,Low,2026-02-26 00:52:00,2026-02-26 03:39:00,No,Ran memory capture on affected host; no injected process artefacts identified.,Identity Provider
ALT00089,Malabar Gas Pipelines,Medium,2026-02-08 08:43:00,2026-02-08 12:01:00,No,Analysed PCAP sample; payload matched benign monitoring agent heartbeat.,Server
ALT00090,Malabar Gas Pipelines,Low,2026-01-16 12:52:00,2026-01-16 15:41:00,No,Closed as per standard procedure.,Firewall
ALT00091,Malabar Gas Pipelines,Low,2026-02-24 05:52:00,2026-02-24 08:58:00,No,Analysed PCAP sample; payload matched benign monitoring agent heartbeat.,Server
ALT00092,Malabar Gas Pipelines,Medium,2026-02-13 21:30:00,2026-02-14 00:05:00,No,Contacted asset owner and confirmed scheduled maintenance window covered the activity.,Firewall
ALT00093,Malabar Gas Pipelines,Low,2026-02-01 07:44:00,2026-02-01 10:35:00,No,"Investigated source IP, confirmed malicious signature, blocked at firewall, root cause documented.",Firewall
ALT00094,Malabar Gas Pipelines,Low,2026-02-11 13:51:00,2026-02-11 17:05:00,Yes,"Performed forensic triage on affected host, isolated system, initiated containment protocol.",Server
ALT00095,Malabar Gas Pipelines,Medium,2026-01-17 15:30:00,2026-01-17 18:56:00,No,"Performed forensic triage on affected host, isolated system, initiated containment protocol.",Network Device
ALT00096,Malabar Gas Pipelines,Medium,2026-03-16 01:06:00,2026-03-16 04:22:00,Yes,"Correlated with SIEM logs across 3 hosts, identified lateral movement attempt, escalated.",Database
ALT00097,Malabar Gas Pipelines,High,2026-02-15 07:42:00,2026-02-15 10:26:00,Yes,False positive.,Endpoint
ALT00098,Malabar Gas Pipelines,High,2026-03-17 13:06:00,2026-03-17 16:06:00,Yes,"Investigated source IP, confirmed malicious signature, blocked at firewall, root cause documented.",Server
ALT00099,Malabar Gas Pipelines,Low,2026-02-25 23:11:00,2026-02-26 02:29:00,Yes,Ran memory capture on affected host; no injected process artefacts identified.,Database
ALT00100,Malabar Gas Pipelines,Low,2026-02-13 09:29:00,2026-02-13 12:42:00,No,Ran memory capture on affected host; no injected process artefacts identified.,Firewall
ALT00101,Malabar Gas Pipelines,Low,2026-01-20 05:03:00,2026-01-20 08:25:00,Yes,False positive.,Endpoint
ALT00102,Malabar Gas Pipelines,Medium,2026-01-07 16:24:00,2026-01-07 19:37:00,No,Ran memory capture on affected host; no injected process artefacts identified.,Server
ALT00103,Malabar Gas Pipelines,Medium,2026-02-20 17:10:00,2026-02-20 20:01:00,No,Ran memory capture on affected host; no injected process artefacts identified.,Network Device
ALT00104,Malabar Gas Pipelines,Critical,2026-02-06 02:14:00,2026-02-06 05:36:00,Yes,"Performed forensic triage on affected host, isolated system, initiated containment protocol.",Endpoint
ALT00105,Malabar Gas Pipelines,High,2026-01-05 05:56:00,2026-01-05 08:55:00,Yes,"Correlated with SIEM logs across 3 hosts, identified lateral movement attempt, escalated.",Endpoint
ALT00106,Malabar Gas Pipelines,Low,2026-02-07 04:51:00,2026-02-07 07:56:00,No,Contacted asset owner and confirmed scheduled maintenance window covered the activity.,Identity Provider
ALT00107,Malabar Gas Pipelines,Low,2026-03-10 05:21:00,2026-03-10 08:01:00,No,"Cross-referenced with threat intel feed, identified C2 communication pattern, escalated to IR team.",Identity Provider
ALT00108,Malabar Gas Pipelines,Low,2026-02-20 02:34:00,2026-02-20 05:31:00,No,Reviewed and closed.,Cloud Workload
ALT00109,Malabar Gas Pipelines,Low,2026-03-24 14:37:00,2026-03-24 17:24:00,No,Contacted asset owner and confirmed scheduled maintenance window covered the activity.,Firewall
ALT00110,Malabar Gas Pipelines,Low,2026-02-02 16:13:00,2026-02-02 18:43:00,No,Ran memory capture on affected host; no injected process artefacts identified.,Network Device
ALT00111,Malabar Gas Pipelines,Medium,2026-01-13 08:37:00,2026-01-13 11:25:00,Yes,No further action required.,Identity Provider
ALT00112,Malabar Gas Pipelines,Low,2026-01-19 14:21:00,2026-01-19 17:08:00,No,Ran memory capture on affected host; no injected process artefacts identified.,Database
ALT00113,Malabar Gas Pipelines,Medium,2026-01-15 23:20:00,2026-01-16 01:51:00,Yes,Contacted asset owner and confirmed scheduled maintenance window covered the activity.,IoT Device
ALT00114,Malabar Gas Pipelines,Low,2026-01-26 01:29:00,2026-01-26 04:21:00,No,"Performed forensic triage on affected host, isolated system, initiated containment protocol.",Firewall
ALT00115,Malabar Gas Pipelines,Medium,2026-01-20 21:34:00,2026-01-21 00:22:00,No,Contacted asset owner and confirmed scheduled maintenance window covered the activity.,Endpoint
ALT00116,Malabar Gas Pipelines,High,2026-03-07 04:13:00,2026-03-07 06:48:00,No,"Correlated with SIEM logs across 3 hosts, identified lateral movement attempt, escalated.",Server
ALT00117,Malabar Gas Pipelines,Medium,2026-02-15 06:36:00,2026-02-15 09:30:00,No,Closed as per standard procedure.,Endpoint
ALT00118,Malabar Gas Pipelines,Low,2026-01-28 10:59:00,2026-01-28 14:19:00,No,No further action required.,Network Device
ALT00119,Malabar Gas Pipelines,Low,2026-03-09 05:49:00,2026-03-09 09:12:00,No,"Cross-referenced with threat intel feed, identified C2 communication pattern, escalated to IR team.",Database
ALT00120,Malabar Gas Pipelines,Low,2026-01-28 06:25:00,2026-01-28 09:47:00,Yes,Contacted asset owner and confirmed scheduled maintenance window covered the activity.,Firewall
ALT00121,Malabar Gas Pipelines,High,2026-03-05 21:32:00,2026-03-06 00:24:00,Yes,Contacted asset owner and confirmed scheduled maintenance window covered the activity.,Cloud Workload
ALT00122,Malabar Gas Pipelines,High,2026-03-10 22:37:00,2026-03-11 01:26:00,Yes,"Performed forensic triage on affected host, isolated system, initiated containment protocol.",IoT Device
ALT00123,Malabar Gas Pipelines,Low,2026-03-13 03:13:00,2026-03-13 06:38:00,No,False positive.,Endpoint
ALT00124,Malabar Gas Pipelines,Low,2026-02-02 13:59:00,2026-02-02 16:46:00,No,False positive.,Firewall
ALT00125,Malabar Gas Pipelines,Medium,2026-02-03 19:40:00,2026-02-03 23:04:00,No,"Investigated source IP, confirmed malicious signature, blocked at firewall, root cause documented.",Database
ALT00126,Malabar Gas Pipelines,Medium,2026-03-28 15:34:00,2026-03-28 18:49:00,No,Ran memory capture on affected host; no injected process artefacts identified.,Server
ALT00127,Malabar Gas Pipelines,High,2026-03-15 17:47:00,2026-03-15 20:30:00,Yes,Contacted asset owner and confirmed scheduled maintenance window covered the activity.,Firewall
ALT00128,Malabar Gas Pipelines,Medium,2026-02-09 21:11:00,2026-02-10 00:41:00,No,"Investigated source IP, confirmed malicious signature, blocked at firewall, root cause documented.",IoT Device
ALT00129,Malabar Gas Pipelines,Low,2026-01-11 04:54:00,2026-01-11 08:23:00,No,"Cross-referenced with threat intel feed, identified C2 communication pattern, escalated to IR team.",Endpoint
ALT00130,Malabar Gas Pipelines,Low,2026-02-01 09:06:00,2026-02-01 12:36:00,No,"Cross-referenced with threat intel feed, identified C2 communication pattern, escalated to IR team.",Firewall
ALT00131,Malabar Gas Pipelines,Critical,2026-02-04 00:01:00,2026-02-04 02:42:00,No,Closed as per standard procedure.,IoT Device
ALT00132,Malabar Gas Pipelines,High,2026-01-06 18:31:00,2026-01-06 21:09:00,No,Contacted asset owner and confirmed scheduled maintenance window covered the activity.,Database
ALT00133,Malabar Gas Pipelines,Low,2026-01-24 06:21:00,2026-01-24 08:51:00,No,Reviewed EDR telemetry timeline; parent process traced to legitimate installer.,Cloud Workload
ALT00134,Malabar Gas Pipelines,Low,2026-01-05 00:30:00,2026-01-05 03:42:00,No,Contacted asset owner and confirmed scheduled maintenance window covered the activity.,Network Device
ALT00135,Malabar Gas Pipelines,Low,2026-01-23 00:57:00,2026-01-23 04:27:00,No,Ran memory capture on affected host; no injected process artefacts identified.,Firewall
ALT00136,Malabar Gas Pipelines,Low,2026-02-02 17:03:00,2026-02-02 19:47:00,No,Reviewed EDR telemetry timeline; parent process traced to legitimate installer.,Firewall
ALT00137,Malabar Gas Pipelines,Low,2026-02-25 21:53:00,2026-02-26 00:47:00,No,Analysed PCAP sample; payload matched benign monitoring agent heartbeat.,IoT Device
ALT00138,Malabar Gas Pipelines,Critical,2026-03-06 04:25:00,2026-03-06 07:33:00,No,"Performed forensic triage on affected host, isolated system, initiated containment protocol.",Endpoint
ALT00139,Malabar Gas Pipelines,Low,2026-01-21 07:30:00,2026-01-21 10:26:00,No,Ran memory capture on affected host; no injected process artefacts identified.,Firewall
ALT00140,Malabar Gas Pipelines,High,2026-01-14 18:27:00,2026-01-14 21:46:00,No,"Performed forensic triage on affected host, isolated system, initiated containment protocol.",Identity Provider
ALT00141,Malabar Gas Pipelines,Low,2026-01-26 17:10:00,2026-01-26 19:49:00,No,"Investigated source IP, confirmed malicious signature, blocked at firewall, root cause documented.",Server
ALT00142,Malabar Gas Pipelines,High,2026-02-07 16:11:00,2026-02-07 18:47:00,Yes,"Investigated source IP, confirmed malicious signature, blocked at firewall, root cause documented.",Database
ALT00143,Malabar Gas Pipelines,Low,2026-01-08 01:42:00,2026-01-08 04:21:00,No,Closed as per standard procedure.,Endpoint
ALT00144,Malabar Gas Pipelines,Low,2026-03-07 07:00:00,2026-03-07 09:49:00,Yes,"Correlated with SIEM logs across 3 hosts, identified lateral movement attempt, escalated.",Identity Provider
ALT00145,Malabar Gas Pipelines,Low,2026-01-30 01:00:00,2026-01-30 03:59:00,No,Closed as per standard procedure.,Network Device
ALT00146,Malabar Gas Pipelines,Medium,2026-03-28 19:52:00,2026-03-28 22:47:00,No,Reviewed and closed.,Firewall
ALT00147,Malabar Gas Pipelines,Medium,2026-01-08 09:07:00,2026-01-08 11:56:00,No,"Investigated source IP, confirmed malicious signature, blocked at firewall, root cause documented.",IoT Device
ALT00148,Malabar Gas Pipelines,Low,2026-03-04 02:22:00,2026-03-04 05:51:00,Yes,Analysed PCAP sample; payload matched benign monitoring agent heartbeat.,Network Device
ALT00149,Malabar Gas Pipelines,Medium,2026-03-03 23:09:00,2026-03-04 01:40:00,No,Closed as per standard procedure.,Server
ALT00150,Malabar Gas Pipelines,Low,2026-03-30 14:50:00,2026-03-30 17:56:00,No,Contacted asset owner and confirmed scheduled maintenance window covered the activity.,Server
ALT00151,Malabar Gas Pipelines,Medium,2026-02-16 14:54:00,2026-02-16 17:37:00,Yes,Reviewed and closed.,Firewall
ALT00152,Malabar Gas Pipelines,Low,2026-01-15 15:55:00,2026-01-15 19:10:00,No,Contacted asset owner and confirmed scheduled maintenance window covered the activity.,Network Device
ALT00153,Malabar Gas Pipelines,Low,2026-01-12 14:12:00,2026-01-12 17:09:00,No,Reviewed EDR telemetry timeline; parent process traced to legitimate installer.,Database
ALT00154,Malabar Gas Pipelines,Low,2026-01-19 18:53:00,2026-01-19 22:13:00,No,"Performed forensic triage on affected host, isolated system, initiated containment protocol.",Identity Provider
ALT00155,Malabar Gas Pipelines,Low,2026-02-10 01:26:00,2026-02-10 03:59:00,No,Reviewed and closed.,Server
ALT00156,Malabar Gas Pipelines,High,2026-02-23 23:54:00,2026-02-24 03:16:00,Yes,No further action required.,Network Device
ALT00157,Malabar Gas Pipelines,Critical,2026-02-05 17:11:00,2026-02-05 20:09:00,Yes,"Cross-referenced with threat intel feed, identified C2 communication pattern, escalated to IR team.",Cloud Workload
ALT00158,Malabar Gas Pipelines,Low,2026-02-27 04:00:00,2026-02-27 07:18:00,No,False positive.,Database
ALT00159,Malabar Gas Pipelines,Low,2026-02-14 18:15:00,2026-02-14 20:58:00,No,"Cross-referenced with threat intel feed, identified C2 communication pattern, escalated to IR team.",IoT Device
ALT00160,Malabar Gas Pipelines,Low,2026-01-27 08:52:00,2026-01-27 12:08:00,No,Reviewed and closed.,Network Device
ALT00161,Malabar Gas Pipelines,Medium,2026-02-17 14:50:00,2026-02-17 17:25:00,No,"Correlated with SIEM logs across 3 hosts, identified lateral movement attempt, escalated.",Identity Provider
ALT00162,Malabar Gas Pipelines,Critical,2026-01-12 19:20:00,2026-01-12 21:52:00,Yes,"Investigated source IP, confirmed malicious signature, blocked at firewall, root cause documented.",Cloud Workload
ALT00163,Malabar Gas Pipelines,Medium,2026-02-15 15:47:00,2026-02-15 18:23:00,No,"Cross-referenced with threat intel feed, identified C2 communication pattern, escalated to IR team.",Identity Provider
ALT00164,Malabar Gas Pipelines,Critical,2026-02-15 00:15:00,2026-02-15 03:13:00,Yes,Analysed PCAP sample; payload matched benign monitoring agent heartbeat.,IoT Device
ALT00165,Malabar Gas Pipelines,Medium,2026-03-14 06:45:00,2026-03-14 10:11:00,Yes,"Investigated source IP, confirmed malicious signature, blocked at firewall, root cause documented.",Cloud Workload
ALT00166,Malabar Gas Pipelines,Low,2026-02-19 18:46:00,2026-02-19 21:34:00,No,Reviewed and closed.,Identity Provider
ALT00167,Malabar Gas Pipelines,Medium,2026-01-03 07:22:00,2026-01-03 10:27:00,Yes,"Correlated with SIEM logs across 3 hosts, identified lateral movement attempt, escalated.",Server
ALT00168,Malabar Gas Pipelines,Medium,2026-03-24 10:28:00,2026-03-24 13:37:00,No,Closed as per standard procedure.,Server
ALT00169,Malabar Gas Pipelines,Low,2026-01-02 12:41:00,2026-01-02 15:39:00,Yes,"Investigated source IP, confirmed malicious signature, blocked at firewall, root cause documented.",Server
ALT00170,Malabar Gas Pipelines,Low,2026-02-26 04:56:00,2026-02-26 08:17:00,No,False positive.,Network Device
ALT00171,Malabar Gas Pipelines,Low,2026-02-02 18:21:00,2026-02-02 21:06:00,No,Ran memory capture on affected host; no injected process artefacts identified.,Database
ALT00172,Malabar Gas Pipelines,Critical,2026-01-02 06:24:00,2026-01-02 09:53:00,Yes,Closed as per standard procedure.,Database
ALT00173,Malabar Gas Pipelines,Low,2026-03-28 17:20:00,2026-03-28 19:51:00,No,"Investigated source IP, confirmed malicious signature, blocked at firewall, root cause documented.",IoT Device
ALT00174,Malabar Gas Pipelines,Low,2026-03-13 16:26:00,2026-03-13 19:49:00,No,"Performed forensic triage on affected host, isolated system, initiated containment protocol.",IoT Device
ALT00175,Malabar Gas Pipelines,Low,2026-03-16 18:54:00,2026-03-16 22:11:00,No,"Performed forensic triage on affected host, isolated system, initiated containment protocol.",Identity Provider
ALT00176,Malabar Gas Pipelines,Low,2026-01-15 04:42:00,2026-01-15 07:12:00,Yes,"Performed forensic triage on affected host, isolated system, initiated containment protocol.",Cloud Workload
ALT00177,Malabar Gas Pipelines,Low,2026-03-05 06:45:00,2026-03-05 09:44:00,Yes,"Investigated source IP, confirmed malicious signature, blocked at firewall, root cause documented.",Firewall
ALT00178,Malabar Gas Pipelines,Low,2026-02-03 10:33:00,2026-02-03 13:07:00,Yes,Reviewed EDR telemetry timeline; parent process traced to legitimate installer.,Database
ALT00179,Malabar Gas Pipelines,Low,2026-01-18 10:19:00,2026-01-18 13:02:00,Yes,Closed as per standard procedure.,Database
ALT00180,Malabar Gas Pipelines,Critical,2026-01-26 11:38:00,2026-01-26 14:17:00,Yes,Analysed PCAP sample; payload matched benign monitoring agent heartbeat.,Endpoint
ALT00181,Malabar Gas Pipelines,Low,2026-02-06 09:57:00,2026-02-06 12:51:00,No,No further action required.,Database
ALT00182,Malabar Gas Pipelines,Low,2026-03-01 04:48:00,2026-03-01 07:34:00,No,"Correlated with SIEM logs across 3 hosts, identified lateral movement attempt, escalated.",Identity Provider
ALT00183,Malabar Gas Pipelines,Medium,2026-02-02 02:50:00,2026-02-02 05:36:00,No,"Cross-referenced with threat intel feed, identified C2 communication pattern, escalated to IR team.",Cloud Workload
ALT00184,Malabar Gas Pipelines,Low,2026-03-21 00:32:00,2026-03-21 03:44:00,No,"Correlated with SIEM logs across 3 hosts, identified lateral movement attempt, escalated.",IoT Device
ALT00185,Malabar Gas Pipelines,Medium,2026-02-14 23:35:00,2026-02-15 02:22:00,Yes,"Investigated source IP, confirmed malicious signature, blocked at firewall, root cause documented.",Cloud Workload
ALT00186,Malabar Gas Pipelines,Low,2026-03-03 08:42:00,2026-03-03 11:48:00,No,Reviewed EDR telemetry timeline; parent process traced to legitimate installer.,Server
ALT00187,Malabar Gas Pipelines,High,2026-02-17 04:45:00,2026-02-17 07:56:00,No,Reviewed and closed.,Identity Provider
ALT00188,Malabar Gas Pipelines,Medium,2026-01-07 05:58:00,2026-01-07 09:05:00,No,"Investigated source IP, confirmed malicious signature, blocked at firewall, root cause documented.",Endpoint
ALT00189,Malabar Gas Pipelines,Medium,2026-01-24 22:04:00,2026-01-25 01:22:00,No,Reviewed EDR telemetry timeline; parent process traced to legitimate installer.,Endpoint
ALT00190,Malabar Gas Pipelines,Low,2026-02-23 21:59:00,2026-02-24 00:39:00,No,"Correlated with SIEM logs across 3 hosts, identified lateral movement attempt, escalated.",IoT Device
ALT00191,Malabar Gas Pipelines,Low,2026-03-04 07:01:00,2026-03-04 10:01:00,Yes,"Performed forensic triage on affected host, isolated system, initiated containment protocol.",Cloud Workload
ALT00192,Malabar Gas Pipelines,Low,2026-02-11 20:16:00,2026-02-11 23:01:00,No,"Performed forensic triage on affected host, isolated system, initiated containment protocol.",Firewall
ALT00193,Malabar Gas Pipelines,Low,2026-02-27 07:21:00,2026-02-27 10:08:00,No,No further action required.,Network Device
ALT00194,Malabar Gas Pipelines,Low,2026-03-06 21:29:00,2026-03-07 00:55:00,No,"Correlated with SIEM logs across 3 hosts, identified lateral movement attempt, escalated.",Identity Provider
ALT00195,Malabar Gas Pipelines,Medium,2026-02-22 17:58:00,2026-02-22 21:27:00,No,Closed as per standard procedure.,IoT Device
ALT00196,Malabar Gas Pipelines,Low,2026-02-03 03:28:00,2026-02-03 06:04:00,No,False positive.,Cloud Workload
ALT00197,Malabar Gas Pipelines,Low,2026-03-09 15:48:00,2026-03-09 18:22:00,No,Analysed PCAP sample; payload matched benign monitoring agent heartbeat.,Identity Provider
ALT00001,Narmada Steel Works,High,2026-01-12 22:56:00,2026-01-13 01:46:00,Yes,Reviewed and closed.,Database
ALT00002,Narmada Steel Works,High,2026-01-28 03:58:00,2026-01-28 07:28:00,Yes,Closed as per standard procedure.,Database
ALT00003,Narmada Steel Works,Low,2026-01-13 16:01:00,2026-01-13 19:18:00,Yes,"Correlated with SIEM logs across 3 hosts, identified lateral movement attempt, escalated.",Network Device
ALT00004,Narmada Steel Works,Low,2026-01-27 16:44:00,2026-01-27 20:12:00,No,"Investigated source IP, confirmed malicious signature, blocked at firewall, root cause documented.",Server
ALT00005,Narmada Steel Works,Critical,2026-01-13 18:33:00,2026-01-13 21:38:00,Yes,Analysed PCAP sample; payload matched benign monitoring agent heartbeat.,Cloud Workload
ALT00006,Narmada Steel Works,Low,2026-01-20 14:30:00,2026-01-20 17:34:00,No,"Cross-referenced with threat intel feed, identified C2 communication pattern, escalated to IR team.",Database
ALT00007,Narmada Steel Works,Medium,2026-01-27 08:59:00,2026-01-27 11:59:00,No,Reviewed and closed.,Cloud Workload
ALT00008,Narmada Steel Works,Medium,2026-03-13 09:50:00,2026-03-13 13:18:00,Yes,False positive.,Network Device
ALT00009,Narmada Steel Works,High,2026-02-14 03:35:00,2026-02-14 06:37:00,Yes,Closed as per standard procedure.,Server
ALT00010,Narmada Steel Works,Medium,2026-01-26 18:14:00,2026-01-26 21:41:00,Yes,Closed as per standard procedure.,IoT Device
ALT00011,Narmada Steel Works,Medium,2026-02-06 16:49:00,2026-02-06 19:26:00,No,False positive.,Identity Provider
ALT00012,Narmada Steel Works,Low,2026-01-26 01:15:00,2026-01-26 04:39:00,Yes,Reviewed and closed.,Identity Provider
ALT00013,Narmada Steel Works,Low,2026-02-06 21:50:00,2026-02-07 01:19:00,No,"Cross-referenced with threat intel feed, identified C2 communication pattern, escalated to IR team.",Cloud Workload
ALT00014,Narmada Steel Works,Low,2026-02-16 18:01:00,2026-02-16 21:21:00,No,Reviewed EDR telemetry timeline; parent process traced to legitimate installer.,Database
ALT00015,Narmada Steel Works,Low,2026-03-10 23:22:00,2026-03-11 02:34:00,Yes,Analysed PCAP sample; payload matched benign monitoring agent heartbeat.,Server
ALT00016,Narmada Steel Works,High,2026-01-11 21:13:00,2026-01-12 00:12:00,Yes,Analysed PCAP sample; payload matched benign monitoring agent heartbeat.,Firewall
ALT00017,Narmada Steel Works,Medium,2026-02-02 02:41:00,2026-02-02 05:13:00,No,False positive.,Endpoint
ALT00018,Narmada Steel Works,Low,2026-02-26 04:49:00,2026-02-26 07:21:00,No,No further action required.,IoT Device
ALT00019,Narmada Steel Works,High,2026-02-04 06:11:00,2026-02-04 09:10:00,Yes,Contacted asset owner and confirmed scheduled maintenance window covered the activity.,IoT Device
ALT00020,Narmada Steel Works,Medium,2026-01-03 02:48:00,2026-01-03 05:47:00,Yes,Reviewed EDR telemetry timeline; parent process traced to legitimate installer.,Identity Provider
ALT00021,Narmada Steel Works,Low,2026-02-28 10:55:00,2026-02-28 13:39:00,Yes,Reviewed EDR telemetry timeline; parent process traced to legitimate installer.,Firewall
ALT00022,Narmada Steel Works,Low,2026-03-19 06:12:00,2026-03-19 09:31:00,Yes,Ran memory capture on affected host; no injected process artefacts identified.,Database
ALT00023,Narmada Steel Works,Low,2026-03-06 04:16:00,2026-03-06 06:59:00,No,"Cross-referenced with threat intel feed, identified C2 communication pattern, escalated to IR team.",IoT Device
ALT00024,Narmada Steel Works,High,2026-03-31 07:47:00,2026-03-31 11:03:00,No,Closed as per standard procedure.,Identity Provider
ALT00025,Narmada Steel Works,Low,2026-03-02 02:22:00,2026-03-02 04:57:00,Yes,Analysed PCAP sample; payload matched benign monitoring agent heartbeat.,Identity Provider
ALT00026,Narmada Steel Works,Medium,2026-01-29 04:05:00,2026-01-29 07:03:00,Yes,No further action required.,Database
ALT00027,Narmada Steel Works,Low,2026-01-02 23:12:00,2026-01-03 02:30:00,No,Reviewed EDR telemetry timeline; parent process traced to legitimate installer.,Cloud Workload
ALT00028,Narmada Steel Works,Low,2026-02-20 19:23:00,2026-02-20 22:11:00,No,Contacted asset owner and confirmed scheduled maintenance window covered the activity.,Server
ALT00029,Narmada Steel Works,Low,2026-02-26 20:05:00,2026-02-26 22:43:00,No,Ran memory capture on affected host; no injected process artefacts identified.,Cloud Workload
ALT00030,Narmada Steel Works,Low,2026-02-23 11:49:00,2026-02-23 15:01:00,No,Reviewed and closed.,Cloud Workload
ALT00031,Narmada Steel Works,Medium,2026-02-06 14:33:00,2026-02-06 17:17:00,No,Reviewed and closed.,Network Device
ALT00032,Narmada Steel Works,High,2026-01-08 10:06:00,2026-01-08 13:00:00,Yes,Reviewed EDR telemetry timeline; parent process traced to legitimate installer.,Identity Provider
ALT00033,Narmada Steel Works,Medium,2026-03-18 04:38:00,2026-03-18 07:24:00,No,"Performed forensic triage on affected host, isolated system, initiated containment protocol.",Firewall
ALT00034,Narmada Steel Works,Low,2026-03-21 05:45:00,2026-03-21 09:00:00,No,"Cross-referenced with threat intel feed, identified C2 communication pattern, escalated to IR team.",Identity Provider
ALT00035,Narmada Steel Works,Low,2026-03-07 10:37:00,2026-03-07 13:30:00,Yes,Analysed PCAP sample; payload matched benign monitoring agent heartbeat.,Firewall
ALT00036,Narmada Steel Works,Low,2026-02-22 04:50:00,2026-02-22 07:56:00,Yes,No further action required.,Database
ALT00037,Narmada Steel Works,Medium,2026-01-31 18:24:00,2026-01-31 21:22:00,No,"Correlated with SIEM logs across 3 hosts, identified lateral movement attempt, escalated.",Identity Provider
ALT00038,Narmada Steel Works,Low,2026-03-13 08:35:00,2026-03-13 11:21:00,Yes,Analysed PCAP sample; payload matched benign monitoring agent heartbeat.,Cloud Workload
ALT00039,Narmada Steel Works,Critical,2026-01-16 09:41:00,2026-01-16 12:32:00,No,"Investigated source IP, confirmed malicious signature, blocked at firewall, root cause documented.",Database
ALT00040,Narmada Steel Works,Low,2026-03-01 04:21:00,2026-03-01 07:46:00,No,Closed as per standard procedure.,Firewall
ALT00041,Narmada Steel Works,Low,2026-02-03 15:58:00,2026-02-03 19:07:00,No,Contacted asset owner and confirmed scheduled maintenance window covered the activity.,IoT Device
ALT00042,Narmada Steel Works,Medium,2026-01-15 05:55:00,2026-01-15 09:19:00,No,Closed as per standard procedure.,IoT Device
ALT00043,Narmada Steel Works,Medium,2026-01-21 08:15:00,2026-01-21 11:15:00,No,"Correlated with SIEM logs across 3 hosts, identified lateral movement attempt, escalated.",Database
ALT00044,Narmada Steel Works,Low,2026-02-24 03:43:00,2026-02-24 06:21:00,Yes,Reviewed EDR telemetry timeline; parent process traced to legitimate installer.,Server
ALT00045,Narmada Steel Works,Low,2026-01-08 15:54:00,2026-01-08 18:48:00,Yes,False positive.,Database
ALT00046,Narmada Steel Works,Low,2026-03-21 16:09:00,2026-03-21 19:10:00,No,Ran memory capture on affected host; no injected process artefacts identified.,Firewall
ALT00047,Narmada Steel Works,High,2026-01-22 12:41:00,2026-01-22 15:43:00,Yes,"Correlated with SIEM logs across 3 hosts, identified lateral movement attempt, escalated.",Firewall
ALT00048,Narmada Steel Works,Low,2026-01-06 17:11:00,2026-01-06 20:09:00,No,Contacted asset owner and confirmed scheduled maintenance window covered the activity.,Identity Provider
ALT00049,Narmada Steel Works,Low,2026-03-06 13:34:00,2026-03-06 16:30:00,No,False positive.,IoT Device
ALT00050,Narmada Steel Works,Medium,2026-02-08 07:33:00,2026-02-08 10:08:00,No,"Investigated source IP, confirmed malicious signature, blocked at firewall, root cause documented.",IoT Device
ALT00051,Narmada Steel Works,High,2026-03-16 06:32:00,2026-03-16 09:06:00,Yes,Analysed PCAP sample; payload matched benign monitoring agent heartbeat.,Endpoint
ALT00052,Narmada Steel Works,Medium,2026-03-02 04:20:00,2026-03-02 07:19:00,No,False positive.,Firewall
ALT00053,Narmada Steel Works,Medium,2026-02-28 11:22:00,2026-02-28 13:53:00,No,"Performed forensic triage on affected host, isolated system, initiated containment protocol.",IoT Device
ALT00054,Narmada Steel Works,Low,2026-03-05 11:14:00,2026-03-05 14:02:00,No,Closed as per standard procedure.,Firewall
ALT00055,Narmada Steel Works,Low,2026-01-16 22:15:00,2026-01-17 01:13:00,No,False positive.,Server
ALT00056,Narmada Steel Works,Low,2026-01-10 00:37:00,2026-01-10 03:35:00,No,Analysed PCAP sample; payload matched benign monitoring agent heartbeat.,Firewall
ALT00057,Narmada Steel Works,Critical,2026-01-18 11:55:00,2026-01-18 14:30:00,Yes,Closed as per standard procedure.,Server
ALT00058,Narmada Steel Works,Low,2026-01-10 13:52:00,2026-01-10 16:48:00,No,No further action required.,Endpoint
ALT00059,Narmada Steel Works,Low,2026-02-10 15:05:00,2026-02-10 18:32:00,No,Analysed PCAP sample; payload matched benign monitoring agent heartbeat.,IoT Device
ALT00060,Narmada Steel Works,Medium,2026-03-14 21:52:00,2026-03-15 01:04:00,Yes,Closed as per standard procedure.,IoT Device
ALT00061,Narmada Steel Works,Medium,2026-02-09 20:32:00,2026-02-09 23:53:00,No,Ran memory capture on affected host; no injected process artefacts identified.,IoT Device
ALT00062,Narmada Steel Works,Low,2026-03-24 02:58:00,2026-03-24 05:29:00,Yes,"Correlated with SIEM logs across 3 hosts, identified lateral movement attempt, escalated.",IoT Device
ALT00063,Narmada Steel Works,Medium,2026-02-25 04:32:00,2026-02-25 07:46:00,No,No further action required.,IoT Device
ALT00064,Narmada Steel Works,Low,2026-02-21 23:56:00,2026-02-22 02:44:00,No,"Performed forensic triage on affected host, isolated system, initiated containment protocol.",Firewall
ALT00065,Narmada Steel Works,High,2026-03-29 07:58:00,2026-03-29 10:31:00,Yes,"Performed forensic triage on affected host, isolated system, initiated containment protocol.",Identity Provider
ALT00066,Narmada Steel Works,Medium,2026-02-26 17:20:00,2026-02-26 20:49:00,No,"Cross-referenced with threat intel feed, identified C2 communication pattern, escalated to IR team.",Server
ALT00067,Narmada Steel Works,Medium,2026-02-28 09:27:00,2026-02-28 12:08:00,Yes,Reviewed and closed.,Endpoint
ALT00068,Narmada Steel Works,Low,2026-02-10 20:00:00,2026-02-10 22:50:00,No,Closed as per standard procedure.,Network Device
ALT00069,Narmada Steel Works,Low,2026-03-11 23:23:00,2026-03-12 02:53:00,No,"Investigated source IP, confirmed malicious signature, blocked at firewall, root cause documented.",IoT Device
ALT00070,Narmada Steel Works,High,2026-03-21 06:54:00,2026-03-21 09:32:00,Yes,"Correlated with SIEM logs across 3 hosts, identified lateral movement attempt, escalated.",Firewall
ALT00071,Narmada Steel Works,High,2026-01-25 18:25:00,2026-01-25 21:00:00,Yes,"Correlated with SIEM logs across 3 hosts, identified lateral movement attempt, escalated.",Identity Provider
ALT00072,Narmada Steel Works,Medium,2026-02-15 04:49:00,2026-02-15 08:01:00,No,No further action required.,Database
ALT00073,Narmada Steel Works,High,2026-01-17 17:15:00,2026-01-17 20:12:00,Yes,Closed as per standard procedure.,Endpoint
ALT00074,Narmada Steel Works,Medium,2026-02-25 13:10:00,2026-02-25 16:18:00,No,Ran memory capture on affected host; no injected process artefacts identified.,Network Device
ALT00075,Narmada Steel Works,Low,2026-01-18 06:48:00,2026-01-18 10:02:00,No,Contacted asset owner and confirmed scheduled maintenance window covered the activity.,IoT Device
ALT00076,Narmada Steel Works,Low,2026-01-15 16:56:00,2026-01-15 20:01:00,No,Analysed PCAP sample; payload matched benign monitoring agent heartbeat.,Endpoint
ALT00077,Narmada Steel Works,Low,2026-02-16 20:35:00,2026-02-16 23:50:00,No,Analysed PCAP sample; payload matched benign monitoring agent heartbeat.,Cloud Workload
ALT00078,Narmada Steel Works,Low,2026-02-14 15:09:00,2026-02-14 18:15:00,No,Contacted asset owner and confirmed scheduled maintenance window covered the activity.,Endpoint
ALT00079,Narmada Steel Works,Low,2026-03-12 00:02:00,2026-03-12 02:43:00,No,False positive.,IoT Device
ALT00080,Narmada Steel Works,Low,2026-02-23 07:04:00,2026-02-23 10:13:00,No,Analysed PCAP sample; payload matched benign monitoring agent heartbeat.,Cloud Workload
ALT00081,Narmada Steel Works,Medium,2026-01-22 06:30:00,2026-01-22 09:03:00,No,Reviewed and closed.,IoT Device
ALT00082,Narmada Steel Works,Low,2026-03-07 16:47:00,2026-03-07 20:02:00,No,Reviewed EDR telemetry timeline; parent process traced to legitimate installer.,Endpoint
ALT00083,Narmada Steel Works,High,2026-02-17 01:17:00,2026-02-17 04:02:00,No,Ran memory capture on affected host; no injected process artefacts identified.,Server
ALT00084,Narmada Steel Works,Low,2026-01-27 12:58:00,2026-01-27 15:41:00,No,Ran memory capture on affected host; no injected process artefacts identified.,Server
ALT00085,Narmada Steel Works,Medium,2026-02-03 20:15:00,2026-02-03 23:17:00,No,Analysed PCAP sample; payload matched benign monitoring agent heartbeat.,IoT Device
ALT00086,Narmada Steel Works,Low,2026-03-13 09:15:00,2026-03-13 12:09:00,Yes,"Correlated with SIEM logs across 3 hosts, identified lateral movement attempt, escalated.",Identity Provider
ALT00087,Narmada Steel Works,Low,2026-03-06 16:37:00,2026-03-06 19:50:00,No,Ran memory capture on affected host; no injected process artefacts identified.,Identity Provider
ALT00088,Narmada Steel Works,Medium,2026-03-23 20:39:00,2026-03-23 23:41:00,Yes,"Correlated with SIEM logs across 3 hosts, identified lateral movement attempt, escalated.",Firewall
ALT00089,Narmada Steel Works,Low,2026-01-03 04:22:00,2026-01-03 07:25:00,No,Analysed PCAP sample; payload matched benign monitoring agent heartbeat.,Identity Provider
ALT00090,Narmada Steel Works,Medium,2026-01-20 05:06:00,2026-01-20 08:05:00,Yes,"Cross-referenced with threat intel feed, identified C2 communication pattern, escalated to IR team.",Network Device
ALT00091,Narmada Steel Works,Medium,2026-03-31 20:39:00,2026-03-31 23:59:59,Yes,Contacted asset owner and confirmed scheduled maintenance window covered the activity.,Endpoint
ALT00092,Narmada Steel Works,Critical,2026-03-09 14:10:00,2026-03-09 16:52:00,Yes,Contacted asset owner and confirmed scheduled maintenance window covered the activity.,Identity Provider
ALT00093,Narmada Steel Works,Medium,2026-01-11 12:59:00,2026-01-11 15:53:00,No,No further action required.,Network Device
ALT00094,Narmada Steel Works,Critical,2026-02-18 08:27:00,2026-02-18 11:49:00,Yes,"Correlated with SIEM logs across 3 hosts, identified lateral movement attempt, escalated.",Database
ALT00095,Narmada Steel Works,Low,2026-03-12 03:36:00,2026-03-12 06:38:00,No,Ran memory capture on affected host; no injected process artefacts identified.,Firewall
ALT00096,Narmada Steel Works,Medium,2026-03-08 14:29:00,2026-03-08 17:45:00,Yes,Analysed PCAP sample; payload matched benign monitoring agent heartbeat.,Server
ALT00097,Narmada Steel Works,Low,2026-02-16 15:08:00,2026-02-16 17:56:00,No,Reviewed EDR telemetry timeline; parent process traced to legitimate installer.,Network Device
ALT00098,Narmada Steel Works,Medium,2026-01-28 05:03:00,2026-01-28 08:14:00,No,No further action required.,Firewall
ALT00099,Narmada Steel Works,Medium,2026-01-10 17:54:00,2026-01-10 20:44:00,Yes,No further action required.,Identity Provider
ALT00100,Narmada Steel Works,Medium,2026-01-14 16:25:00,2026-01-14 19:37:00,No,Reviewed EDR telemetry timeline; parent process traced to legitimate installer.,Database
ALT00101,Narmada Steel Works,Medium,2026-03-26 17:47:00,2026-03-26 20:28:00,No,False positive.,Cloud Workload
ALT00102,Narmada Steel Works,Medium,2026-03-10 04:04:00,2026-03-10 07:10:00,No,"Cross-referenced with threat intel feed, identified C2 communication pattern, escalated to IR team.",Identity Provider
ALT00103,Narmada Steel Works,Medium,2026-03-06 18:42:00,2026-03-06 21:40:00,Yes,"Cross-referenced with threat intel feed, identified C2 communication pattern, escalated to IR team.",IoT Device
ALT00104,Narmada Steel Works,Low,2026-03-11 14:58:00,2026-03-11 17:49:00,Yes,Analysed PCAP sample; payload matched benign monitoring agent heartbeat.,Database
ALT00105,Narmada Steel Works,Critical,2026-01-23 20:00:00,2026-01-23 22:46:00,Yes,"Performed forensic triage on affected host, isolated system, initiated containment protocol.",Cloud Workload
ALT00106,Narmada Steel Works,Low,2026-02-12 23:49:00,2026-02-13 03:17:00,No,Contacted asset owner and confirmed scheduled maintenance window covered the activity.,Identity Provider
ALT00107,Narmada Steel Works,Low,2026-02-11 07:55:00,2026-02-11 10:48:00,No,Contacted asset owner and confirmed scheduled maintenance window covered the activity.,IoT Device
ALT00108,Narmada Steel Works,Medium,2026-03-04 11:33:00,2026-03-04 14:44:00,No,"Cross-referenced with threat intel feed, identified C2 communication pattern, escalated to IR team.",Firewall
ALT00109,Narmada Steel Works,Low,2026-02-08 21:07:00,2026-02-08 23:41:00,No,Reviewed EDR telemetry timeline; parent process traced to legitimate installer.,Firewall
ALT00110,Narmada Steel Works,Medium,2026-03-21 02:44:00,2026-03-21 05:49:00,No,No further action required.,Server
ALT00111,Narmada Steel Works,Low,2026-03-23 18:41:00,2026-03-23 21:23:00,No,"Correlated with SIEM logs across 3 hosts, identified lateral movement attempt, escalated.",Identity Provider
ALT00112,Narmada Steel Works,Low,2026-01-03 01:20:00,2026-01-03 04:46:00,Yes,Reviewed and closed.,IoT Device
ALT00113,Narmada Steel Works,Low,2026-03-03 14:24:00,2026-03-03 17:35:00,Yes,Analysed PCAP sample; payload matched benign monitoring agent heartbeat.,Database
ALT00114,Narmada Steel Works,Low,2026-03-30 17:16:00,2026-03-30 20:27:00,No,"Investigated source IP, confirmed malicious signature, blocked at firewall, root cause documented.",Firewall
ALT00115,Narmada Steel Works,Medium,2026-03-12 15:12:00,2026-03-12 18:27:00,Yes,Analysed PCAP sample; payload matched benign monitoring agent heartbeat.,Network Device
ALT00116,Narmada Steel Works,Low,2026-03-10 15:13:00,2026-03-10 17:45:00,No,"Performed forensic triage on affected host, isolated system, initiated containment protocol.",Identity Provider
ALT00117,Narmada Steel Works,High,2026-03-22 21:19:00,2026-03-23 00:43:00,No,Reviewed EDR telemetry timeline; parent process traced to legitimate installer.,Database
ALT00118,Narmada Steel Works,Low,2026-03-12 03:34:00,2026-03-12 06:19:00,No,No further action required.,Identity Provider
ALT00119,Narmada Steel Works,Low,2026-02-23 03:46:00,2026-02-23 06:55:00,No,"Correlated with SIEM logs across 3 hosts, identified lateral movement attempt, escalated.",Identity Provider
ALT00120,Narmada Steel Works,Medium,2026-01-24 01:59:00,2026-01-24 04:30:00,No,"Performed forensic triage on affected host, isolated system, initiated containment protocol.",Network Device
ALT00121,Narmada Steel Works,Low,2026-03-07 10:45:00,2026-03-07 13:28:00,No,Reviewed EDR telemetry timeline; parent process traced to legitimate installer.,IoT Device
ALT00122,Narmada Steel Works,High,2026-02-12 06:27:00,2026-02-12 09:36:00,Yes,Contacted asset owner and confirmed scheduled maintenance window covered the activity.,Cloud Workload
ALT00123,Narmada Steel Works,Medium,2026-02-23 19:28:00,2026-02-23 22:10:00,No,Analysed PCAP sample; payload matched benign monitoring agent heartbeat.,IoT Device
ALT00124,Narmada Steel Works,Low,2026-02-07 07:19:00,2026-02-07 10:09:00,No,False positive.,Server
ALT00125,Narmada Steel Works,High,2026-02-19 06:37:00,2026-02-19 09:44:00,No,"Performed forensic triage on affected host, isolated system, initiated containment protocol.",Firewall
ALT00126,Narmada Steel Works,Low,2026-03-15 22:30:00,2026-03-16 01:25:00,No,No further action required.,IoT Device
ALT00127,Narmada Steel Works,Medium,2026-03-29 21:43:00,2026-03-30 01:03:00,Yes,Closed as per standard procedure.,Firewall
ALT00128,Narmada Steel Works,Medium,2026-02-01 08:30:00,2026-02-01 11:17:00,No,Analysed PCAP sample; payload matched benign monitoring agent heartbeat.,Cloud Workload
ALT00129,Narmada Steel Works,Low,2026-01-01 14:02:00,2026-01-01 16:47:00,No,Reviewed and closed.,Firewall
ALT00130,Narmada Steel Works,Medium,2026-03-03 15:03:00,2026-03-03 17:45:00,No,No further action required.,IoT Device
ALT00131,Narmada Steel Works,Low,2026-03-06 20:27:00,2026-03-06 23:03:00,No,False positive.,Database
ALT00132,Narmada Steel Works,Low,2026-03-10 01:18:00,2026-03-10 03:50:00,Yes,No further action required.,Firewall
ALT00133,Narmada Steel Works,High,2026-01-10 09:04:00,2026-01-10 11:37:00,Yes,No further action required.,Endpoint
ALT00134,Narmada Steel Works,Low,2026-02-02 19:29:00,2026-02-02 22:57:00,Yes,Reviewed and closed.,Database
ALT00135,Narmada Steel Works,Low,2026-03-05 20:44:00,2026-03-05 23:15:00,No,No further action required.,Endpoint
ALT00136,Narmada Steel Works,Low,2026-01-09 02:19:00,2026-01-09 05:08:00,No,"Investigated source IP, confirmed malicious signature, blocked at firewall, root cause documented.",Server
ALT00137,Narmada Steel Works,Low,2026-01-24 17:08:00,2026-01-24 20:30:00,No,Reviewed and closed.,Firewall
ALT00138,Narmada Steel Works,Medium,2026-03-31 02:36:00,2026-03-31 05:24:00,No,"Investigated source IP, confirmed malicious signature, blocked at firewall, root cause documented.",Endpoint
ALT00139,Narmada Steel Works,Medium,2026-03-21 23:04:00,2026-03-22 02:22:00,No,No further action required.,Database
ALT00140,Narmada Steel Works,Low,2026-02-28 13:40:00,2026-02-28 17:06:00,No,Reviewed and closed.,Server
ALT00141,Narmada Steel Works,Medium,2026-02-02 05:47:00,2026-02-02 08:21:00,No,"Cross-referenced with threat intel feed, identified C2 communication pattern, escalated to IR team.",Endpoint
ALT00142,Narmada Steel Works,Low,2026-02-07 22:07:00,2026-02-08 00:44:00,No,Reviewed and closed.,Server
ALT00143,Narmada Steel Works,Low,2026-02-10 10:45:00,2026-02-10 13:20:00,Yes,No further action required.,Network Device
ALT00144,Narmada Steel Works,Low,2026-02-20 18:27:00,2026-02-20 20:58:00,No,Analysed PCAP sample; payload matched benign monitoring agent heartbeat.,Network Device
ALT00145,Narmada Steel Works,Medium,2026-02-04 08:12:00,2026-02-04 10:57:00,No,Analysed PCAP sample; payload matched benign monitoring agent heartbeat.,IoT Device
ALT00146,Narmada Steel Works,Medium,2026-01-28 06:08:00,2026-01-28 09:07:00,No,Contacted asset owner and confirmed scheduled maintenance window covered the activity.,Database
ALT00147,Narmada Steel Works,Medium,2026-01-07 23:47:00,2026-01-08 02:39:00,No,False positive.,Network Device
ALT00148,Narmada Steel Works,Low,2026-03-19 19:31:00,2026-03-19 22:23:00,Yes,Contacted asset owner and confirmed scheduled maintenance window covered the activity.,Server
ALT00149,Narmada Steel Works,Low,2026-03-17 00:10:00,2026-03-17 03:19:00,No,Reviewed EDR telemetry timeline; parent process traced to legitimate installer.,Identity Provider
ALT00150,Narmada Steel Works,Medium,2026-03-17 13:19:00,2026-03-17 16:17:00,No,"Performed forensic triage on affected host, isolated system, initiated containment protocol.",Server
ALT00151,Narmada Steel Works,Medium,2026-01-06 21:20:00,2026-01-07 00:25:00,No,Reviewed and closed.,Server
ALT00152,Narmada Steel Works,Low,2026-02-27 20:50:00,2026-02-27 23:43:00,No,Ran memory capture on affected host; no injected process artefacts identified.,Server
ALT00153,Narmada Steel Works,Critical,2026-02-08 04:01:00,2026-02-08 07:05:00,Yes,Reviewed and closed.,Firewall
ALT00154,Narmada Steel Works,High,2026-02-10 16:05:00,2026-02-10 19:14:00,No,Reviewed and closed.,IoT Device
ALT00155,Narmada Steel Works,High,2026-03-12 10:54:00,2026-03-12 14:18:00,Yes,Analysed PCAP sample; payload matched benign monitoring agent heartbeat.,Identity Provider
ALT00156,Narmada Steel Works,Medium,2026-01-12 15:42:00,2026-01-12 18:21:00,No,"Investigated source IP, confirmed malicious signature, blocked at firewall, root cause documented.",Identity Provider
ALT00157,Narmada Steel Works,Low,2026-03-03 09:33:00,2026-03-03 13:00:00,No,"Performed forensic triage on affected host, isolated system, initiated containment protocol.",Endpoint
ALT00158,Narmada Steel Works,Medium,2026-01-07 11:21:00,2026-01-07 14:41:00,No,Reviewed EDR telemetry timeline; parent process traced to legitimate installer.,Endpoint
ALT00159,Narmada Steel Works,Medium,2026-01-20 08:47:00,2026-01-20 11:17:00,Yes,No further action required.,Network Device
ALT00160,Narmada Steel Works,Low,2026-03-14 20:06:00,2026-03-14 22:44:00,No,Analysed PCAP sample; payload matched benign monitoring agent heartbeat.,Cloud Workload
ALT00161,Narmada Steel Works,Low,2026-02-07 19:47:00,2026-02-07 22:42:00,No,No further action required.,Endpoint
ALT00162,Narmada Steel Works,High,2026-02-05 12:34:00,2026-02-05 15:41:00,Yes,"Correlated with SIEM logs across 3 hosts, identified lateral movement attempt, escalated.",Database
ALT00163,Narmada Steel Works,Low,2026-03-07 09:51:00,2026-03-07 13:13:00,No,Reviewed and closed.,Server
ALT00164,Narmada Steel Works,High,2026-03-16 01:10:00,2026-03-16 03:54:00,Yes,Ran memory capture on affected host; no injected process artefacts identified.,Database
ALT00165,Narmada Steel Works,Low,2026-03-21 15:05:00,2026-03-21 18:08:00,No,False positive.,Server
ALT00166,Narmada Steel Works,High,2026-01-17 05:01:00,2026-01-17 08:11:00,No,"Cross-referenced with threat intel feed, identified C2 communication pattern, escalated to IR team.",Database
ALT00167,Narmada Steel Works,Medium,2026-03-19 03:16:00,2026-03-19 06:34:00,No,Contacted asset owner and confirmed scheduled maintenance window covered the activity.,Firewall
ALT00168,Narmada Steel Works,Low,2026-01-31 17:26:00,2026-01-31 20:35:00,No,"Performed forensic triage on affected host, isolated system, initiated containment protocol.",Identity Provider
ALT00169,Narmada Steel Works,Low,2026-03-08 00:08:00,2026-03-08 02:52:00,Yes,Reviewed and closed.,Network Device
ALT00170,Narmada Steel Works,Low,2026-02-27 03:26:00,2026-02-27 06:06:00,No,Reviewed and closed.,Firewall
ALT00171,Narmada Steel Works,Medium,2026-03-18 20:17:00,2026-03-18 22:47:00,No,"Cross-referenced with threat intel feed, identified C2 communication pattern, escalated to IR team.",Database
ALT00172,Narmada Steel Works,Low,2026-01-25 14:02:00,2026-01-25 17:08:00,No,False positive.,Network Device
ALT00173,Narmada Steel Works,Medium,2026-01-09 17:46:00,2026-01-09 20:42:00,Yes,"Investigated source IP, confirmed malicious signature, blocked at firewall, root cause documented.",Cloud Workload
ALT00174,Narmada Steel Works,Low,2026-03-05 19:42:00,2026-03-05 22:27:00,No,"Cross-referenced with threat intel feed, identified C2 communication pattern, escalated to IR team.",Network Device
ALT00175,Narmada Steel Works,Medium,2026-02-06 10:29:00,2026-02-06 13:41:00,No,"Investigated source IP, confirmed malicious signature, blocked at firewall, root cause documented.",Cloud Workload
ALT00176,Narmada Steel Works,Critical,2026-03-09 21:08:00,2026-03-09 23:59:00,No,Reviewed EDR telemetry timeline; parent process traced to legitimate installer.,Network Device
ALT00177,Narmada Steel Works,Medium,2026-01-11 11:42:00,2026-01-11 14:58:00,No,Reviewed and closed.,Server
ALT00178,Narmada Steel Works,High,2026-02-08 23:20:00,2026-02-09 02:48:00,Yes,"Correlated with SIEM logs across 3 hosts, identified lateral movement attempt, escalated.",Identity Provider
ALT00179,Narmada Steel Works,Medium,2026-03-04 09:04:00,2026-03-04 12:05:00,No,No further action required.,Cloud Workload
ALT00180,Narmada Steel Works,Low,2026-03-08 02:29:00,2026-03-08 05:54:00,No,Ran memory capture on affected host; no injected process artefacts identified.,Server
ALT00181,Narmada Steel Works,Low,2026-03-05 09:18:00,2026-03-05 12:19:00,Yes,Contacted asset owner and confirmed scheduled maintenance window covered the activity.,Network Device
ALT00182,Narmada Steel Works,Low,2026-01-27 20:55:00,2026-01-27 23:56:00,Yes,Reviewed and closed.,Network Device
ALT00183,Narmada Steel Works,Low,2026-03-08 19:52:00,2026-03-08 22:32:00,No,No further action required.,Firewall
ALT00184,Narmada Steel Works,Medium,2026-01-02 18:14:00,2026-01-02 20:57:00,No,Reviewed EDR telemetry timeline; parent process traced to legitimate installer.,IoT Device
ALT00185,Narmada Steel Works,Medium,2026-02-26 12:53:00,2026-02-26 15:37:00,Yes,"Performed forensic triage on affected host, isolated system, initiated containment protocol.",IoT Device
ALT00186,Narmada Steel Works,Low,2026-03-20 10:34:00,2026-03-20 13:36:00,No,"Investigated source IP, confirmed malicious signature, blocked at firewall, root cause documented.",Network Device
ALT00187,Narmada Steel Works,Low,2026-01-09 15:27:00,2026-01-09 18:51:00,No,Reviewed and closed.,Identity Provider
ALT00188,Narmada Steel Works,Medium,2026-03-13 06:40:00,2026-03-13 09:49:00,No,"Correlated with SIEM logs across 3 hosts, identified lateral movement attempt, escalated.",Server
ALT00189,Narmada Steel Works,High,2026-01-31 11:28:00,2026-01-31 14:49:00,Yes,No further action required.,Network Device
ALT00190,Narmada Steel Works,Low,2026-02-24 19:18:00,2026-02-24 22:36:00,No,No further action required.,Identity Provider
ALT00191,Narmada Steel Works,High,2026-03-25 07:20:00,2026-03-25 10:35:00,Yes,False positive.,Firewall
ALT00001,Orissa Mining Federation,High,2026-03-20 04:04:00,2026-03-20 07:24:00,No,No further action required.,Cloud Workload
ALT00002,Orissa Mining Federation,Low,2026-03-18 17:14:00,2026-03-18 19:53:00,No,"Investigated source IP, confirmed malicious signature, blocked at firewall, root cause documented.",Identity Provider
ALT00003,Orissa Mining Federation,Low,2026-01-08 05:22:00,2026-01-08 07:53:00,Yes,Reviewed and closed.,Identity Provider
ALT00004,Orissa Mining Federation,High,2026-02-15 19:05:00,2026-02-15 22:23:00,Yes,Contacted asset owner and confirmed scheduled maintenance window covered the activity.,Database
ALT00005,Orissa Mining Federation,Low,2026-01-08 01:51:00,2026-01-08 04:54:00,No,No further action required.,Firewall
ALT00006,Orissa Mining Federation,High,2026-01-06 13:10:00,2026-01-06 15:55:00,Yes,Reviewed EDR telemetry timeline; parent process traced to legitimate installer.,Database
ALT00007,Orissa Mining Federation,Medium,2026-02-27 07:26:00,2026-02-27 10:03:00,Yes,Analysed PCAP sample; payload matched benign monitoring agent heartbeat.,Identity Provider
ALT00008,Orissa Mining Federation,Low,2026-02-13 00:05:00,2026-02-13 03:04:00,No,"Correlated with SIEM logs across 3 hosts, identified lateral movement attempt, escalated.",Cloud Workload
ALT00009,Orissa Mining Federation,Low,2026-03-25 23:15:00,2026-03-26 01:52:00,Yes,"Cross-referenced with threat intel feed, identified C2 communication pattern, escalated to IR team.",Database
ALT00010,Orissa Mining Federation,Critical,2026-03-13 10:59:00,2026-03-13 14:08:00,No,"Correlated with SIEM logs across 3 hosts, identified lateral movement attempt, escalated.",IoT Device
ALT00011,Orissa Mining Federation,Low,2026-02-06 12:29:00,2026-02-06 15:46:00,No,Analysed PCAP sample; payload matched benign monitoring agent heartbeat.,Cloud Workload
ALT00012,Orissa Mining Federation,Low,2026-03-06 19:15:00,2026-03-06 22:01:00,Yes,Closed as per standard procedure.,Firewall
ALT00013,Orissa Mining Federation,Low,2026-03-15 06:40:00,2026-03-15 10:06:00,No,Ran memory capture on affected host; no injected process artefacts identified.,Server
ALT00014,Orissa Mining Federation,High,2026-02-20 11:05:00,2026-02-20 14:34:00,Yes,Ran memory capture on affected host; no injected process artefacts identified.,Endpoint
ALT00015,Orissa Mining Federation,Low,2026-01-25 16:17:00,2026-01-25 18:59:00,No,No further action required.,Server
ALT00016,Orissa Mining Federation,Low,2026-03-25 18:51:00,2026-03-25 21:48:00,No,Ran memory capture on affected host; no injected process artefacts identified.,IoT Device
ALT00017,Orissa Mining Federation,Medium,2026-01-30 04:53:00,2026-01-30 07:28:00,No,No further action required.,Identity Provider
ALT00018,Orissa Mining Federation,Low,2026-02-27 00:28:00,2026-02-27 03:06:00,No,"Investigated source IP, confirmed malicious signature, blocked at firewall, root cause documented.",Firewall
ALT00019,Orissa Mining Federation,Medium,2026-01-18 12:53:00,2026-01-18 15:59:00,No,"Cross-referenced with threat intel feed, identified C2 communication pattern, escalated to IR team.",Endpoint
ALT00020,Orissa Mining Federation,Low,2026-01-08 11:46:00,2026-01-08 15:02:00,No,False positive.,IoT Device
ALT00021,Orissa Mining Federation,Low,2026-02-19 16:04:00,2026-02-19 19:00:00,Yes,Ran memory capture on affected host; no injected process artefacts identified.,Database
ALT00022,Orissa Mining Federation,Medium,2026-03-24 14:12:00,2026-03-24 17:32:00,No,No further action required.,IoT Device
ALT00023,Orissa Mining Federation,Low,2026-01-21 02:39:00,2026-01-21 05:41:00,No,False positive.,Endpoint
ALT00024,Orissa Mining Federation,Medium,2026-01-01 08:09:00,2026-01-01 11:28:00,Yes,Contacted asset owner and confirmed scheduled maintenance window covered the activity.,Firewall
ALT00025,Orissa Mining Federation,Low,2026-01-18 08:22:00,2026-01-18 11:33:00,No,No further action required.,Endpoint
ALT00026,Orissa Mining Federation,Low,2026-01-22 21:54:00,2026-01-23 01:16:00,No,Reviewed EDR telemetry timeline; parent process traced to legitimate installer.,Firewall
ALT00027,Orissa Mining Federation,Low,2026-03-21 16:04:00,2026-03-21 19:19:00,No,"Performed forensic triage on affected host, isolated system, initiated containment protocol.",Network Device
ALT00028,Orissa Mining Federation,Medium,2026-01-22 07:10:00,2026-01-22 09:47:00,No,Reviewed and closed.,Identity Provider
ALT00029,Orissa Mining Federation,Low,2026-02-04 17:50:00,2026-02-04 20:50:00,No,"Investigated source IP, confirmed malicious signature, blocked at firewall, root cause documented.",Firewall
ALT00030,Orissa Mining Federation,Low,2026-03-10 17:10:00,2026-03-10 20:21:00,No,Closed as per standard procedure.,IoT Device
ALT00031,Orissa Mining Federation,Medium,2026-02-04 13:32:00,2026-02-04 16:30:00,No,Reviewed and closed.,Server
ALT00032,Orissa Mining Federation,Low,2026-02-03 17:10:00,2026-02-03 20:38:00,No,Analysed PCAP sample; payload matched benign monitoring agent heartbeat.,IoT Device
ALT00033,Orissa Mining Federation,Low,2026-01-11 04:27:00,2026-01-11 07:05:00,Yes,"Performed forensic triage on affected host, isolated system, initiated containment protocol.",Cloud Workload
ALT00034,Orissa Mining Federation,Critical,2026-02-22 02:16:00,2026-02-22 04:46:00,No,"Investigated source IP, confirmed malicious signature, blocked at firewall, root cause documented.",IoT Device
ALT00035,Orissa Mining Federation,Low,2026-02-13 16:18:00,2026-02-13 19:25:00,No,Reviewed EDR telemetry timeline; parent process traced to legitimate installer.,Server
ALT00036,Orissa Mining Federation,Low,2026-01-22 20:01:00,2026-01-22 22:34:00,Yes,"Investigated source IP, confirmed malicious signature, blocked at firewall, root cause documented.",Firewall
ALT00037,Orissa Mining Federation,Low,2026-02-11 03:12:00,2026-02-11 05:59:00,No,Ran memory capture on affected host; no injected process artefacts identified.,Server
ALT00038,Orissa Mining Federation,Low,2026-03-16 00:42:00,2026-03-16 03:45:00,Yes,"Investigated source IP, confirmed malicious signature, blocked at firewall, root cause documented.",Endpoint
ALT00039,Orissa Mining Federation,Critical,2026-02-03 17:22:00,2026-02-03 20:33:00,Yes,Contacted asset owner and confirmed scheduled maintenance window covered the activity.,Database
ALT00040,Orissa Mining Federation,Critical,2026-03-29 07:50:00,2026-03-29 11:20:00,Yes,"Cross-referenced with threat intel feed, identified C2 communication pattern, escalated to IR team.",Cloud Workload
ALT00041,Orissa Mining Federation,Low,2026-01-13 15:59:00,2026-01-13 19:17:00,No,No further action required.,Server
ALT00042,Orissa Mining Federation,Medium,2026-03-11 03:33:00,2026-03-11 06:53:00,No,Reviewed EDR telemetry timeline; parent process traced to legitimate installer.,Database
ALT00043,Orissa Mining Federation,High,2026-03-29 18:44:00,2026-03-29 21:54:00,Yes,Analysed PCAP sample; payload matched benign monitoring agent heartbeat.,Endpoint
ALT00044,Orissa Mining Federation,Low,2026-03-01 21:49:00,2026-03-02 00:49:00,No,"Performed forensic triage on affected host, isolated system, initiated containment protocol.",Server
ALT00045,Orissa Mining Federation,Low,2026-02-15 07:08:00,2026-02-15 10:09:00,Yes,Reviewed EDR telemetry timeline; parent process traced to legitimate installer.,Endpoint
ALT00046,Orissa Mining Federation,High,2026-01-16 00:57:00,2026-01-16 03:56:00,No,False positive.,Network Device
ALT00047,Orissa Mining Federation,Medium,2026-02-02 14:36:00,2026-02-02 17:44:00,No,"Investigated source IP, confirmed malicious signature, blocked at firewall, root cause documented.",Database
ALT00048,Orissa Mining Federation,Medium,2026-02-10 12:14:00,2026-02-10 15:03:00,Yes,"Correlated with SIEM logs across 3 hosts, identified lateral movement attempt, escalated.",IoT Device
ALT00049,Orissa Mining Federation,High,2026-01-03 17:02:00,2026-01-03 19:51:00,Yes,"Performed forensic triage on affected host, isolated system, initiated containment protocol.",Identity Provider
ALT00050,Orissa Mining Federation,High,2026-03-09 09:40:00,2026-03-09 13:08:00,Yes,Reviewed EDR telemetry timeline; parent process traced to legitimate installer.,Database
ALT00051,Orissa Mining Federation,Medium,2026-01-02 18:28:00,2026-01-02 21:38:00,No,Reviewed and closed.,Server
ALT00052,Orissa Mining Federation,Low,2026-01-29 04:31:00,2026-01-29 07:53:00,Yes,"Investigated source IP, confirmed malicious signature, blocked at firewall, root cause documented.",Endpoint
ALT00053,Orissa Mining Federation,Low,2026-03-16 22:07:00,2026-03-17 01:18:00,No,"Cross-referenced with threat intel feed, identified C2 communication pattern, escalated to IR team.",Firewall
ALT00054,Orissa Mining Federation,Low,2026-01-13 13:35:00,2026-01-13 16:36:00,No,"Cross-referenced with threat intel feed, identified C2 communication pattern, escalated to IR team.",Server
ALT00055,Orissa Mining Federation,Low,2026-03-27 12:07:00,2026-03-27 14:54:00,No,"Cross-referenced with threat intel feed, identified C2 communication pattern, escalated to IR team.",Endpoint
ALT00056,Orissa Mining Federation,Low,2026-03-11 23:44:00,2026-03-12 02:37:00,No,No further action required.,Network Device
ALT00057,Orissa Mining Federation,Low,2026-01-12 08:05:00,2026-01-12 11:25:00,Yes,Reviewed and closed.,IoT Device
ALT00058,Orissa Mining Federation,Medium,2026-01-17 04:09:00,2026-01-17 06:48:00,No,Reviewed and closed.,Cloud Workload
ALT00059,Orissa Mining Federation,Medium,2026-03-02 02:58:00,2026-03-02 05:48:00,No,"Investigated source IP, confirmed malicious signature, blocked at firewall, root cause documented.",Server
ALT00060,Orissa Mining Federation,Low,2026-01-10 14:29:00,2026-01-10 17:55:00,No,Ran memory capture on affected host; no injected process artefacts identified.,Network Device
ALT00061,Orissa Mining Federation,Low,2026-02-13 12:17:00,2026-02-13 15:34:00,No,"Correlated with SIEM logs across 3 hosts, identified lateral movement attempt, escalated.",Database
ALT00062,Orissa Mining Federation,High,2026-03-17 00:31:00,2026-03-17 03:54:00,No,"Performed forensic triage on affected host, isolated system, initiated containment protocol.",Database
ALT00063,Orissa Mining Federation,High,2026-01-13 04:30:00,2026-01-13 07:30:00,No,Ran memory capture on affected host; no injected process artefacts identified.,Network Device
ALT00064,Orissa Mining Federation,Low,2026-02-05 17:38:00,2026-02-05 20:29:00,No,"Correlated with SIEM logs across 3 hosts, identified lateral movement attempt, escalated.",Endpoint
ALT00065,Orissa Mining Federation,Low,2026-01-20 23:34:00,2026-01-21 02:18:00,No,"Cross-referenced with threat intel feed, identified C2 communication pattern, escalated to IR team.",Cloud Workload
ALT00066,Orissa Mining Federation,Low,2026-02-08 19:52:00,2026-02-08 22:58:00,No,"Cross-referenced with threat intel feed, identified C2 communication pattern, escalated to IR team.",Database
ALT00067,Orissa Mining Federation,Medium,2026-01-14 01:36:00,2026-01-14 04:38:00,No,Closed as per standard procedure.,Identity Provider
ALT00068,Orissa Mining Federation,Medium,2026-01-19 17:37:00,2026-01-19 20:26:00,No,Ran memory capture on affected host; no injected process artefacts identified.,Cloud Workload
ALT00069,Orissa Mining Federation,Low,2026-02-09 20:47:00,2026-02-09 23:56:00,No,Analysed PCAP sample; payload matched benign monitoring agent heartbeat.,Server
ALT00070,Orissa Mining Federation,Low,2026-03-15 20:14:00,2026-03-15 23:34:00,No,"Performed forensic triage on affected host, isolated system, initiated containment protocol.",Network Device
ALT00071,Orissa Mining Federation,High,2026-01-30 16:27:00,2026-01-30 19:42:00,Yes,"Performed forensic triage on affected host, isolated system, initiated containment protocol.",Firewall
ALT00072,Orissa Mining Federation,Medium,2026-03-10 04:43:00,2026-03-10 07:45:00,No,False positive.,Server
ALT00073,Orissa Mining Federation,Medium,2026-02-01 21:51:00,2026-02-02 00:22:00,Yes,No further action required.,Endpoint
ALT00074,Orissa Mining Federation,Medium,2026-01-03 08:44:00,2026-01-03 11:49:00,No,Contacted asset owner and confirmed scheduled maintenance window covered the activity.,Firewall
ALT00075,Orissa Mining Federation,High,2026-01-07 14:53:00,2026-01-07 18:19:00,Yes,False positive.,Database
ALT00076,Orissa Mining Federation,Medium,2026-03-06 22:14:00,2026-03-07 00:53:00,No,Reviewed and closed.,Server
ALT00077,Orissa Mining Federation,Low,2026-01-23 09:11:00,2026-01-23 12:26:00,No,Reviewed EDR telemetry timeline; parent process traced to legitimate installer.,Endpoint
ALT00078,Orissa Mining Federation,Low,2026-02-17 20:57:00,2026-02-17 23:46:00,Yes,No further action required.,Firewall
ALT00079,Orissa Mining Federation,Low,2026-02-15 13:37:00,2026-02-15 16:16:00,No,Ran memory capture on affected host; no injected process artefacts identified.,Server
ALT00080,Orissa Mining Federation,Medium,2026-02-06 03:34:00,2026-02-06 06:21:00,No,Reviewed EDR telemetry timeline; parent process traced to legitimate installer.,IoT Device
ALT00081,Orissa Mining Federation,Medium,2026-03-20 18:15:00,2026-03-20 21:16:00,Yes,Reviewed EDR telemetry timeline; parent process traced to legitimate installer.,Server
ALT00082,Orissa Mining Federation,Low,2026-02-25 02:43:00,2026-02-25 05:32:00,No,No further action required.,Cloud Workload
ALT00083,Orissa Mining Federation,Medium,2026-03-19 16:04:00,2026-03-19 19:07:00,No,Analysed PCAP sample; payload matched benign monitoring agent heartbeat.,Firewall
ALT00084,Orissa Mining Federation,Low,2026-02-24 10:52:00,2026-02-24 14:17:00,No,Reviewed EDR telemetry timeline; parent process traced to legitimate installer.,Server
ALT00085,Orissa Mining Federation,Low,2026-03-19 00:48:00,2026-03-19 03:41:00,No,Reviewed and closed.,Endpoint
ALT00086,Orissa Mining Federation,Low,2026-01-17 11:59:00,2026-01-17 14:42:00,No,Reviewed and closed.,Firewall
ALT00087,Orissa Mining Federation,Low,2026-01-07 20:27:00,2026-01-07 23:14:00,Yes,Closed as per standard procedure.,Database
ALT00088,Orissa Mining Federation,Low,2026-01-29 08:07:00,2026-01-29 11:30:00,No,"Cross-referenced with threat intel feed, identified C2 communication pattern, escalated to IR team.",Server
ALT00089,Orissa Mining Federation,Low,2026-03-01 17:09:00,2026-03-01 19:55:00,Yes,Reviewed EDR telemetry timeline; parent process traced to legitimate installer.,Cloud Workload
ALT00090,Orissa Mining Federation,Low,2026-02-01 04:34:00,2026-02-01 07:37:00,No,Analysed PCAP sample; payload matched benign monitoring agent heartbeat.,Cloud Workload
ALT00091,Orissa Mining Federation,Low,2026-02-11 23:47:00,2026-02-12 02:44:00,No,Ran memory capture on affected host; no injected process artefacts identified.,Network Device
ALT00092,Orissa Mining Federation,Low,2026-02-15 06:43:00,2026-02-15 09:22:00,No,Contacted asset owner and confirmed scheduled maintenance window covered the activity.,Cloud Workload
ALT00093,Orissa Mining Federation,Low,2026-01-29 08:04:00,2026-01-29 11:25:00,No,"Investigated source IP, confirmed malicious signature, blocked at firewall, root cause documented.",Server
ALT00094,Orissa Mining Federation,Medium,2026-01-19 16:44:00,2026-01-19 20:03:00,No,"Correlated with SIEM logs across 3 hosts, identified lateral movement attempt, escalated.",Server
ALT00095,Orissa Mining Federation,Medium,2026-01-16 13:11:00,2026-01-16 15:52:00,No,Ran memory capture on affected host; no injected process artefacts identified.,Server
ALT00096,Orissa Mining Federation,High,2026-02-27 15:09:00,2026-02-27 18:18:00,Yes,Reviewed EDR telemetry timeline; parent process traced to legitimate installer.,Endpoint
ALT00097,Orissa Mining Federation,Low,2026-02-25 18:49:00,2026-02-25 21:43:00,No,Closed as per standard procedure.,Identity Provider
ALT00098,Orissa Mining Federation,Low,2026-03-01 04:44:00,2026-03-01 07:23:00,No,False positive.,IoT Device
ALT00099,Orissa Mining Federation,Low,2026-01-27 13:22:00,2026-01-27 16:01:00,No,"Performed forensic triage on affected host, isolated system, initiated containment protocol.",Endpoint
ALT00100,Orissa Mining Federation,Medium,2026-02-28 19:51:00,2026-02-28 22:56:00,No,No further action required.,Cloud Workload
ALT00101,Orissa Mining Federation,Medium,2026-02-20 13:24:00,2026-02-20 16:35:00,Yes,Reviewed and closed.,IoT Device
ALT00102,Orissa Mining Federation,Low,2026-02-13 02:41:00,2026-02-13 06:08:00,No,Ran memory capture on affected host; no injected process artefacts identified.,IoT Device
ALT00103,Orissa Mining Federation,Medium,2026-03-04 14:11:00,2026-03-04 17:18:00,No,Ran memory capture on affected host; no injected process artefacts identified.,Firewall
ALT00104,Orissa Mining Federation,High,2026-02-01 07:48:00,2026-02-01 10:59:00,Yes,Reviewed and closed.,Server
ALT00105,Orissa Mining Federation,Low,2026-03-05 22:12:00,2026-03-06 01:27:00,Yes,"Cross-referenced with threat intel feed, identified C2 communication pattern, escalated to IR team.",Server
ALT00106,Orissa Mining Federation,High,2026-02-03 19:23:00,2026-02-03 21:57:00,No,Reviewed and closed.,Endpoint
ALT00107,Orissa Mining Federation,Medium,2026-03-16 21:10:00,2026-03-16 23:55:00,No,Contacted asset owner and confirmed scheduled maintenance window covered the activity.,Database
ALT00108,Orissa Mining Federation,Medium,2026-01-03 09:56:00,2026-01-03 12:37:00,No,Closed as per standard procedure.,Server
ALT00109,Orissa Mining Federation,Medium,2026-02-18 22:17:00,2026-02-19 01:35:00,No,"Cross-referenced with threat intel feed, identified C2 communication pattern, escalated to IR team.",Cloud Workload
ALT00110,Orissa Mining Federation,Medium,2026-03-04 12:00:00,2026-03-04 14:37:00,Yes,"Cross-referenced with threat intel feed, identified C2 communication pattern, escalated to IR team.",Firewall
ALT00111,Orissa Mining Federation,High,2026-03-29 22:37:00,2026-03-30 01:22:00,Yes,False positive.,Database
ALT00112,Orissa Mining Federation,Medium,2026-02-21 23:07:00,2026-02-22 02:03:00,No,False positive.,Firewall
ALT00113,Orissa Mining Federation,High,2026-01-04 20:09:00,2026-01-04 22:58:00,No,No further action required.,Firewall
ALT00114,Orissa Mining Federation,Low,2026-02-24 08:48:00,2026-02-24 11:22:00,No,"Performed forensic triage on affected host, isolated system, initiated containment protocol.",IoT Device
ALT00115,Orissa Mining Federation,Critical,2026-02-17 19:19:00,2026-02-17 22:14:00,Yes,No further action required.,Network Device
ALT00116,Orissa Mining Federation,Medium,2026-03-13 20:55:00,2026-03-13 23:49:00,No,Closed as per standard procedure.,IoT Device
ALT00117,Orissa Mining Federation,High,2026-01-29 23:21:00,2026-01-30 01:52:00,Yes,"Correlated with SIEM logs across 3 hosts, identified lateral movement attempt, escalated.",Server
ALT00118,Orissa Mining Federation,Medium,2026-01-07 07:36:00,2026-01-07 10:15:00,No,"Cross-referenced with threat intel feed, identified C2 communication pattern, escalated to IR team.",Server
ALT00119,Orissa Mining Federation,Medium,2026-01-03 02:08:00,2026-01-03 05:02:00,Yes,No further action required.,Server
ALT00120,Orissa Mining Federation,Medium,2026-03-08 06:01:00,2026-03-08 09:27:00,Yes,"Performed forensic triage on affected host, isolated system, initiated containment protocol.",Identity Provider
ALT00121,Orissa Mining Federation,Low,2026-02-14 20:38:00,2026-02-14 23:47:00,No,"Performed forensic triage on affected host, isolated system, initiated containment protocol.",Firewall
ALT00122,Orissa Mining Federation,Low,2026-03-30 07:53:00,2026-03-30 11:13:00,No,Contacted asset owner and confirmed scheduled maintenance window covered the activity.,Network Device
ALT00123,Orissa Mining Federation,Critical,2026-03-24 14:18:00,2026-03-24 17:45:00,Yes,"Investigated source IP, confirmed malicious signature, blocked at firewall, root cause documented.",Database
ALT00124,Orissa Mining Federation,Medium,2026-03-10 03:47:00,2026-03-10 07:14:00,No,Ran memory capture on affected host; no injected process artefacts identified.,Server
ALT00125,Orissa Mining Federation,Low,2026-01-12 09:30:00,2026-01-12 12:09:00,No,"Investigated source IP, confirmed malicious signature, blocked at firewall, root cause documented.",Server
ALT00126,Orissa Mining Federation,Low,2026-02-27 01:02:00,2026-02-27 03:49:00,No,False positive.,Identity Provider
ALT00127,Orissa Mining Federation,Critical,2026-03-31 07:46:00,2026-03-31 11:13:00,No,Reviewed and closed.,IoT Device
ALT00128,Orissa Mining Federation,Low,2026-02-06 16:01:00,2026-02-06 19:08:00,No,Closed as per standard procedure.,IoT Device
ALT00129,Orissa Mining Federation,Low,2026-03-20 19:12:00,2026-03-20 22:34:00,No,"Investigated source IP, confirmed malicious signature, blocked at firewall, root cause documented.",Firewall
ALT00130,Orissa Mining Federation,High,2026-01-12 18:57:00,2026-01-12 21:38:00,Yes,Reviewed EDR telemetry timeline; parent process traced to legitimate installer.,Endpoint
ALT00131,Orissa Mining Federation,Low,2026-01-02 07:26:00,2026-01-02 09:57:00,No,"Performed forensic triage on affected host, isolated system, initiated containment protocol.",Firewall
ALT00132,Orissa Mining Federation,Low,2026-01-15 02:31:00,2026-01-15 05:49:00,No,Closed as per standard procedure.,Server
ALT00133,Orissa Mining Federation,Medium,2026-03-29 00:52:00,2026-03-29 03:59:00,Yes,False positive.,Database
ALT00134,Orissa Mining Federation,High,2026-01-15 04:14:00,2026-01-15 07:30:00,Yes,False positive.,Network Device
ALT00135,Orissa Mining Federation,Low,2026-02-26 20:50:00,2026-02-27 00:16:00,No,"Correlated with SIEM logs across 3 hosts, identified lateral movement attempt, escalated.",Cloud Workload
ALT00136,Orissa Mining Federation,Medium,2026-02-19 20:00:00,2026-02-19 23:22:00,No,Contacted asset owner and confirmed scheduled maintenance window covered the activity.,Server
ALT00137,Orissa Mining Federation,High,2026-01-01 20:29:00,2026-01-01 23:20:00,Yes,"Cross-referenced with threat intel feed, identified C2 communication pattern, escalated to IR team.",Network Device
ALT00138,Orissa Mining Federation,Low,2026-02-16 21:35:00,2026-02-17 00:25:00,No,Closed as per standard procedure.,IoT Device
ALT00139,Orissa Mining Federation,Medium,2026-02-21 16:22:00,2026-02-21 19:39:00,No,Analysed PCAP sample; payload matched benign monitoring agent heartbeat.,Firewall
ALT00140,Orissa Mining Federation,Low,2026-03-23 21:00:00,2026-03-23 23:37:00,No,"Correlated with SIEM logs across 3 hosts, identified lateral movement attempt, escalated.",Server
ALT00141,Orissa Mining Federation,Low,2026-01-16 04:20:00,2026-01-16 07:21:00,No,False positive.,IoT Device
ALT00142,Orissa Mining Federation,Medium,2026-03-23 07:15:00,2026-03-23 10:12:00,No,"Correlated with SIEM logs across 3 hosts, identified lateral movement attempt, escalated.",Firewall
ALT00143,Orissa Mining Federation,Medium,2026-01-23 09:43:00,2026-01-23 12:45:00,No,No further action required.,IoT Device
ALT00144,Orissa Mining Federation,Medium,2026-01-11 20:15:00,2026-01-11 23:13:00,No,No further action required.,Cloud Workload
ALT00145,Orissa Mining Federation,Low,2026-01-08 04:02:00,2026-01-08 06:47:00,No,"Performed forensic triage on affected host, isolated system, initiated containment protocol.",Cloud Workload
ALT00146,Orissa Mining Federation,Low,2026-03-02 05:57:00,2026-03-02 09:00:00,No,Analysed PCAP sample; payload matched benign monitoring agent heartbeat.,Cloud Workload
ALT00147,Orissa Mining Federation,Low,2026-03-07 14:59:00,2026-03-07 17:53:00,No,Reviewed and closed.,Network Device
ALT00148,Orissa Mining Federation,Low,2026-01-27 03:09:00,2026-01-27 06:22:00,No,No further action required.,Cloud Workload
ALT00149,Orissa Mining Federation,High,2026-02-04 09:25:00,2026-02-04 12:13:00,Yes,Reviewed and closed.,Cloud Workload
ALT00150,Orissa Mining Federation,Low,2026-02-26 13:37:00,2026-02-26 16:53:00,Yes,Contacted asset owner and confirmed scheduled maintenance window covered the activity.,Cloud Workload
ALT00151,Orissa Mining Federation,Low,2026-02-09 08:13:00,2026-02-09 10:54:00,No,False positive.,Network Device
ALT00152,Orissa Mining Federation,Low,2026-03-24 21:58:00,2026-03-25 01:18:00,Yes,"Performed forensic triage on affected host, isolated system, initiated containment protocol.",Network Device
ALT00153,Orissa Mining Federation,Medium,2026-03-01 13:28:00,2026-03-01 16:56:00,Yes,Closed as per standard procedure.,Cloud Workload
ALT00154,Orissa Mining Federation,Medium,2026-03-31 08:15:00,2026-03-31 11:30:00,Yes,False positive.,Server
ALT00155,Orissa Mining Federation,Medium,2026-03-24 11:17:00,2026-03-24 14:22:00,No,Ran memory capture on affected host; no injected process artefacts identified.,Server
ALT00156,Orissa Mining Federation,Low,2026-03-28 20:15:00,2026-03-28 23:09:00,No,Closed as per standard procedure.,Network Device
ALT00157,Orissa Mining Federation,High,2026-01-10 22:35:00,2026-01-11 01:25:00,Yes,False positive.,Identity Provider
ALT00158,Orissa Mining Federation,Medium,2026-03-21 04:13:00,2026-03-21 06:49:00,No,"Performed forensic triage on affected host, isolated system, initiated containment protocol.",Firewall
ALT00159,Orissa Mining Federation,Low,2026-02-08 14:27:00,2026-02-08 17:28:00,No,Reviewed and closed.,IoT Device
ALT00160,Orissa Mining Federation,Low,2026-01-17 07:02:00,2026-01-17 10:23:00,No,Closed as per standard procedure.,Firewall
ALT00161,Orissa Mining Federation,Low,2026-03-17 01:13:00,2026-03-17 04:26:00,No,"Correlated with SIEM logs across 3 hosts, identified lateral movement attempt, escalated.",Endpoint
ALT00162,Orissa Mining Federation,Low,2026-02-16 04:02:00,2026-02-16 07:01:00,No,Reviewed and closed.,Identity Provider
ALT00163,Orissa Mining Federation,Low,2026-02-13 04:29:00,2026-02-13 07:54:00,Yes,"Performed forensic triage on affected host, isolated system, initiated containment protocol.",Network Device
ALT00164,Orissa Mining Federation,Low,2026-01-04 20:05:00,2026-01-04 22:40:00,No,Analysed PCAP sample; payload matched benign monitoring agent heartbeat.,Network Device
ALT00165,Orissa Mining Federation,Low,2026-02-25 15:00:00,2026-02-25 17:32:00,No,Analysed PCAP sample; payload matched benign monitoring agent heartbeat.,Network Device
ALT00166,Orissa Mining Federation,Low,2026-02-03 08:14:00,2026-02-03 11:17:00,No,Closed as per standard procedure.,Database
ALT00167,Orissa Mining Federation,Low,2026-02-20 13:12:00,2026-02-20 15:43:00,No,Reviewed EDR telemetry timeline; parent process traced to legitimate installer.,Firewall
ALT00168,Orissa Mining Federation,Low,2026-02-25 21:28:00,2026-02-26 00:37:00,Yes,Closed as per standard procedure.,Identity Provider
ALT00169,Orissa Mining Federation,Low,2026-03-01 23:38:00,2026-03-02 02:34:00,No,"Performed forensic triage on affected host, isolated system, initiated containment protocol.",Cloud Workload
ALT00170,Orissa Mining Federation,Medium,2026-02-15 01:54:00,2026-02-15 04:48:00,Yes,Reviewed and closed.,IoT Device
ALT00171,Orissa Mining Federation,Medium,2026-02-13 23:42:00,2026-02-14 03:07:00,Yes,Reviewed EDR telemetry timeline; parent process traced to legitimate installer.,Endpoint
ALT00172,Orissa Mining Federation,Low,2026-02-27 01:46:00,2026-02-27 04:29:00,No,"Cross-referenced with threat intel feed, identified C2 communication pattern, escalated to IR team.",Cloud Workload
ALT00173,Orissa Mining Federation,Medium,2026-02-18 07:31:00,2026-02-18 10:15:00,No,"Investigated source IP, confirmed malicious signature, blocked at firewall, root cause documented.",Endpoint
ALT00174,Orissa Mining Federation,Medium,2026-02-20 07:03:00,2026-02-20 10:07:00,No,Ran memory capture on affected host; no injected process artefacts identified.,Network Device
ALT00175,Orissa Mining Federation,Medium,2026-01-12 06:01:00,2026-01-12 08:40:00,No,"Investigated source IP, confirmed malicious signature, blocked at firewall, root cause documented.",Server
ALT00176,Orissa Mining Federation,Critical,2026-01-19 20:09:00,2026-01-19 23:11:00,No,"Correlated with SIEM logs across 3 hosts, identified lateral movement attempt, escalated.",IoT Device
ALT00177,Orissa Mining Federation,Low,2026-03-15 16:45:00,2026-03-15 19:27:00,No,Analysed PCAP sample; payload matched benign monitoring agent heartbeat.,IoT Device
ALT00178,Orissa Mining Federation,Low,2026-01-23 02:47:00,2026-01-23 05:19:00,No,Reviewed EDR telemetry timeline; parent process traced to legitimate installer.,IoT Device
ALT00179,Orissa Mining Federation,Low,2026-01-18 03:37:00,2026-01-18 06:31:00,No,"Performed forensic triage on affected host, isolated system, initiated containment protocol.",Database
ALT00180,Orissa Mining Federation,Critical,2026-03-27 01:59:00,2026-03-27 04:50:00,Yes,No further action required.,Database
ALT00181,Orissa Mining Federation,Medium,2026-01-16 21:25:00,2026-01-17 00:41:00,No,"Correlated with SIEM logs across 3 hosts, identified lateral movement attempt, escalated.",Network Device
ALT00182,Orissa Mining Federation,Low,2026-01-28 07:16:00,2026-01-28 09:52:00,No,"Performed forensic triage on affected host, isolated system, initiated containment protocol.",Database
ALT00183,Orissa Mining Federation,High,2026-01-24 06:29:00,2026-01-24 09:58:00,Yes,Analysed PCAP sample; payload matched benign monitoring agent heartbeat.,Endpoint
ALT00184,Orissa Mining Federation,Low,2026-02-09 10:18:00,2026-02-09 13:45:00,No,Closed as per standard procedure.,IoT Device
ALT00185,Orissa Mining Federation,Low,2026-02-22 17:26:00,2026-02-22 20:32:00,No,Analysed PCAP sample; payload matched benign monitoring agent heartbeat.,Network Device
ALT00186,Orissa Mining Federation,Low,2026-01-13 05:11:00,2026-01-13 07:48:00,No,Reviewed and closed.,IoT Device
ALT00187,Orissa Mining Federation,Low,2026-03-28 18:06:00,2026-03-28 20:47:00,No,No further action required.,Server
ALT00188,Orissa Mining Federation,Medium,2026-02-20 10:02:00,2026-02-20 13:07:00,No,Closed as per standard procedure.,Firewall
ALT00189,Orissa Mining Federation,Medium,2026-03-25 00:27:00,2026-03-25 03:13:00,No,Ran memory capture on affected host; no injected process artefacts identified.,Firewall
ALT00190,Orissa Mining Federation,Low,2026-01-27 11:40:00,2026-01-27 14:35:00,No,"Performed forensic triage on affected host, isolated system, initiated containment protocol.",Database
ALT00191,Orissa Mining Federation,Low,2026-02-07 23:41:00,2026-02-08 02:59:00,No,"Performed forensic triage on affected host, isolated system, initiated containment protocol.",Identity Provider
ALT00192,Orissa Mining Federation,Critical,2026-02-09 00:16:00,2026-02-09 03:12:00,Yes,"Correlated with SIEM logs across 3 hosts, identified lateral movement attempt, escalated.",Network Device
ALT00193,Orissa Mining Federation,Medium,2026-03-12 07:28:00,2026-03-12 10:25:00,No,Reviewed and closed.,Server
ALT00194,Orissa Mining Federation,High,2026-02-18 00:14:00,2026-02-18 03:01:00,Yes,"Investigated source IP, confirmed malicious signature, blocked at firewall, root cause documented.",Identity Provider
ALT00195,Orissa Mining Federation,Low,2026-03-29 22:49:00,2026-03-30 01:35:00,Yes,"Investigated source IP, confirmed malicious signature, blocked at firewall, root cause documented.",Network Device
ALT00196,Orissa Mining Federation,Medium,2026-03-05 12:49:00,2026-03-05 15:20:00,No,False positive.,Endpoint
ALT00197,Orissa Mining Federation,High,2026-03-03 07:06:00,2026-03-03 10:06:00,Yes,Reviewed EDR telemetry timeline; parent process traced to legitimate installer.,IoT Device
ALT00198,Orissa Mining Federation,Critical,2026-02-04 10:26:00,2026-02-04 13:55:00,Yes,Contacted asset owner and confirmed scheduled maintenance window covered the activity.,Network Device
ALT00199,Orissa Mining Federation,Medium,2026-01-27 21:14:00,2026-01-28 00:36:00,No,False positive.,Cloud Workload
ALT00200,Orissa Mining Federation,Medium,2026-03-02 19:56:00,2026-03-02 22:57:00,No,"Performed forensic triage on affected host, isolated system, initiated containment protocol.",Database
ALT00201,Orissa Mining Federation,Low,2026-03-29 05:53:00,2026-03-29 08:35:00,No,Closed as per standard procedure.,IoT Device
ALT00202,Orissa Mining Federation,Low,2026-03-12 12:48:00,2026-03-12 15:28:00,No,"Cross-referenced with threat intel feed, identified C2 communication pattern, escalated to IR team.",Endpoint
ALT00203,Orissa Mining Federation,Critical,2026-02-05 08:44:00,2026-02-05 11:48:00,Yes,Reviewed and closed.,Server
ALT00204,Orissa Mining Federation,Low,2026-01-19 20:52:00,2026-01-19 23:58:00,Yes,False positive.,Endpoint
ALT00205,Orissa Mining Federation,Low,2026-02-15 00:10:00,2026-02-15 03:35:00,No,No further action required.,Server
ALT00206,Orissa Mining Federation,Medium,2026-01-13 01:15:00,2026-01-13 04:13:00,No,Contacted asset owner and confirmed scheduled maintenance window covered the activity.,Database
ALT00207,Orissa Mining Federation,Low,2026-02-08 07:25:00,2026-02-08 10:08:00,No,"Investigated source IP, confirmed malicious signature, blocked at firewall, root cause documented.",IoT Device
ALT00208,Orissa Mining Federation,Low,2026-03-04 02:17:00,2026-03-04 04:47:00,No,"Performed forensic triage on affected host, isolated system, initiated containment protocol.",IoT Device
ALT00209,Orissa Mining Federation,High,2026-02-14 10:47:00,2026-02-14 13:35:00,Yes,False positive.,Server
ALT00210,Orissa Mining Federation,Medium,2026-03-30 13:28:00,2026-03-30 16:27:00,No,"Cross-referenced with threat intel feed, identified C2 communication pattern, escalated to IR team.",IoT Device
ALT00211,Orissa Mining Federation,Low,2026-02-12 04:04:00,2026-02-12 07:27:00,Yes,False positive.,Identity Provider
ALT00212,Orissa Mining Federation,Medium,2026-01-26 15:55:00,2026-01-26 19:18:00,No,No further action required.,Cloud Workload
ALT00213,Orissa Mining Federation,Low,2026-03-27 01:06:00,2026-03-27 03:56:00,No,No further action required.,Identity Provider
ALT00214,Orissa Mining Federation,Medium,2026-01-27 12:32:00,2026-01-27 15:17:00,Yes,Analysed PCAP sample; payload matched benign monitoring agent heartbeat.,Endpoint
ALT00215,Orissa Mining Federation,High,2026-02-14 07:48:00,2026-02-14 10:33:00,Yes,Closed as per standard procedure.,Server
ALT00216,Orissa Mining Federation,Critical,2026-03-13 05:43:00,2026-03-13 09:00:00,No,"Investigated source IP, confirmed malicious signature, blocked at firewall, root cause documented.",Endpoint
ALT00217,Orissa Mining Federation,Medium,2026-01-20 08:16:00,2026-01-20 11:25:00,No,"Cross-referenced with threat intel feed, identified C2 communication pattern, escalated to IR team.",Endpoint
ALT00218,Orissa Mining Federation,Low,2026-01-26 04:51:00,2026-01-26 07:22:00,No,Closed as per standard procedure.,Network Device
ALT00219,Orissa Mining Federation,Low,2026-02-11 19:31:00,2026-02-11 22:03:00,Yes,Reviewed and closed.,Server
ALT00220,Orissa Mining Federation,High,2026-03-01 21:04:00,2026-03-01 23:49:00,No,"Investigated source IP, confirmed malicious signature, blocked at firewall, root cause documented.",Server
ALT00221,Orissa Mining Federation,Medium,2026-02-04 20:21:00,2026-02-04 23:29:00,Yes,Analysed PCAP sample; payload matched benign monitoring agent heartbeat.,Network Device
ALT00222,Orissa Mining Federation,Medium,2026-03-24 15:16:00,2026-03-24 18:19:00,No,False positive.,Database
ALT00223,Orissa Mining Federation,Critical,2026-02-04 00:29:00,2026-02-04 03:37:00,No,"Investigated source IP, confirmed malicious signature, blocked at firewall, root cause documented.",Server
ALT00224,Orissa Mining Federation,Low,2026-01-19 01:11:00,2026-01-19 04:30:00,No,"Investigated source IP, confirmed malicious signature, blocked at firewall, root cause documented.",Endpoint
ALT00001,Pennar Cement Industries,Low,2026-01-01 20:36:00,2026-01-01 23:09:00,Yes,"Correlated with SIEM logs across 3 hosts, identified lateral movement attempt, escalated.",Server
ALT00002,Pennar Cement Industries,Critical,2026-03-03 12:21:00,2026-03-03 15:06:00,Yes,"Cross-referenced with threat intel feed, identified C2 communication pattern, escalated to IR team.",Network Device
ALT00003,Pennar Cement Industries,High,2026-03-05 21:34:00,2026-03-06 00:53:00,Yes,"Investigated source IP, confirmed malicious signature, blocked at firewall, root cause documented.",Server
ALT00004,Pennar Cement Industries,Low,2026-02-14 17:57:00,2026-02-14 20:44:00,No,Ran memory capture on affected host; no injected process artefacts identified.,Cloud Workload
ALT00005,Pennar Cement Industries,Medium,2026-03-25 12:49:00,2026-03-25 15:32:00,Yes,"Investigated source IP, confirmed malicious signature, blocked at firewall, root cause documented.",IoT Device
ALT00006,Pennar Cement Industries,Low,2026-02-13 19:46:00,2026-02-13 22:49:00,Yes,Ran memory capture on affected host; no injected process artefacts identified.,Cloud Workload
ALT00007,Pennar Cement Industries,High,2026-03-31 09:09:00,2026-03-31 12:31:00,No,Closed as per standard procedure.,Network Device
ALT00008,Pennar Cement Industries,Low,2026-02-09 12:50:00,2026-02-09 15:52:00,No,"Correlated with SIEM logs across 3 hosts, identified lateral movement attempt, escalated.",Database
ALT00009,Pennar Cement Industries,High,2026-02-04 18:50:00,2026-02-04 22:13:00,Yes,Reviewed and closed.,Endpoint
ALT00010,Pennar Cement Industries,High,2026-01-22 11:43:00,2026-01-22 15:01:00,Yes,False positive.,Identity Provider
ALT00011,Pennar Cement Industries,Low,2026-02-11 23:08:00,2026-02-12 02:34:00,No,Closed as per standard procedure.,Database
ALT00012,Pennar Cement Industries,Medium,2026-02-14 20:18:00,2026-02-14 23:05:00,No,"Performed forensic triage on affected host, isolated system, initiated containment protocol.",Endpoint
ALT00013,Pennar Cement Industries,Medium,2026-03-17 09:57:00,2026-03-17 12:50:00,No,No further action required.,Firewall
ALT00014,Pennar Cement Industries,High,2026-02-27 11:45:00,2026-02-27 14:32:00,No,Reviewed EDR telemetry timeline; parent process traced to legitimate installer.,Server
ALT00015,Pennar Cement Industries,Low,2026-01-05 08:07:00,2026-01-05 10:45:00,No,No further action required.,IoT Device
ALT00016,Pennar Cement Industries,Low,2026-02-10 23:39:00,2026-02-11 02:29:00,No,Ran memory capture on affected host; no injected process artefacts identified.,Identity Provider
ALT00017,Pennar Cement Industries,High,2026-01-05 15:22:00,2026-01-05 18:47:00,Yes,"Correlated with SIEM logs across 3 hosts, identified lateral movement attempt, escalated.",IoT Device
ALT00018,Pennar Cement Industries,High,2026-01-01 09:38:00,2026-01-01 12:13:00,No,No further action required.,Firewall
ALT00019,Pennar Cement Industries,Medium,2026-03-25 18:09:00,2026-03-25 21:21:00,No,Ran memory capture on affected host; no injected process artefacts identified.,Endpoint
ALT00020,Pennar Cement Industries,Low,2026-01-13 13:35:00,2026-01-13 17:02:00,No,"Investigated source IP, confirmed malicious signature, blocked at firewall, root cause documented.",Firewall
ALT00021,Pennar Cement Industries,Medium,2026-03-11 15:31:00,2026-03-11 18:36:00,No,No further action required.,Server
ALT00022,Pennar Cement Industries,Medium,2026-03-28 03:22:00,2026-03-28 05:52:00,No,"Cross-referenced with threat intel feed, identified C2 communication pattern, escalated to IR team.",Server
ALT00023,Pennar Cement Industries,Low,2026-03-21 05:43:00,2026-03-21 08:45:00,No,"Performed forensic triage on affected host, isolated system, initiated containment protocol.",Endpoint
ALT00024,Pennar Cement Industries,Low,2026-03-19 13:21:00,2026-03-19 16:18:00,No,"Correlated with SIEM logs across 3 hosts, identified lateral movement attempt, escalated.",Firewall
ALT00025,Pennar Cement Industries,Low,2026-01-18 02:17:00,2026-01-18 05:47:00,Yes,False positive.,Endpoint
ALT00026,Pennar Cement Industries,Low,2026-02-15 03:15:00,2026-02-15 06:11:00,No,Closed as per standard procedure.,Identity Provider
ALT00027,Pennar Cement Industries,Medium,2026-01-03 21:47:00,2026-01-04 01:01:00,Yes,"Performed forensic triage on affected host, isolated system, initiated containment protocol.",Database
ALT00028,Pennar Cement Industries,Critical,2026-01-18 18:42:00,2026-01-18 21:41:00,Yes,"Investigated source IP, confirmed malicious signature, blocked at firewall, root cause documented.",IoT Device
ALT00029,Pennar Cement Industries,Low,2026-02-28 16:37:00,2026-02-28 20:07:00,No,Ran memory capture on affected host; no injected process artefacts identified.,Database
ALT00030,Pennar Cement Industries,High,2026-03-15 00:55:00,2026-03-15 03:39:00,Yes,Reviewed EDR telemetry timeline; parent process traced to legitimate installer.,Identity Provider
ALT00031,Pennar Cement Industries,Low,2026-03-28 15:24:00,2026-03-28 18:41:00,No,No further action required.,Cloud Workload
ALT00032,Pennar Cement Industries,Low,2026-02-02 18:24:00,2026-02-02 21:42:00,No,Analysed PCAP sample; payload matched benign monitoring agent heartbeat.,Firewall
ALT00033,Pennar Cement Industries,High,2026-01-01 22:59:00,2026-01-02 01:30:00,No,"Cross-referenced with threat intel feed, identified C2 communication pattern, escalated to IR team.",IoT Device
ALT00034,Pennar Cement Industries,Medium,2026-02-10 04:16:00,2026-02-10 07:33:00,No,False positive.,Endpoint
ALT00035,Pennar Cement Industries,Critical,2026-02-02 06:22:00,2026-02-02 08:55:00,No,Ran memory capture on affected host; no injected process artefacts identified.,Cloud Workload
ALT00036,Pennar Cement Industries,Medium,2026-01-02 18:16:00,2026-01-02 21:23:00,No,Contacted asset owner and confirmed scheduled maintenance window covered the activity.,Endpoint
ALT00037,Pennar Cement Industries,Low,2026-03-17 09:03:00,2026-03-17 12:24:00,No,Reviewed and closed.,Endpoint
ALT00038,Pennar Cement Industries,Medium,2026-02-16 01:17:00,2026-02-16 04:03:00,No,Reviewed and closed.,Database
ALT00039,Pennar Cement Industries,Medium,2026-02-03 17:15:00,2026-02-03 19:50:00,No,"Correlated with SIEM logs across 3 hosts, identified lateral movement attempt, escalated.",Database
ALT00040,Pennar Cement Industries,Low,2026-02-20 23:23:00,2026-02-21 02:48:00,No,Contacted asset owner and confirmed scheduled maintenance window covered the activity.,Identity Provider
ALT00041,Pennar Cement Industries,Low,2026-01-19 06:49:00,2026-01-19 09:44:00,No,Reviewed EDR telemetry timeline; parent process traced to legitimate installer.,IoT Device
ALT00042,Pennar Cement Industries,Medium,2026-02-28 15:34:00,2026-02-28 18:54:00,No,"Investigated source IP, confirmed malicious signature, blocked at firewall, root cause documented.",Identity Provider
ALT00043,Pennar Cement Industries,Medium,2026-02-19 03:15:00,2026-02-19 06:39:00,Yes,"Cross-referenced with threat intel feed, identified C2 communication pattern, escalated to IR team.",Server
ALT00044,Pennar Cement Industries,High,2026-02-04 22:08:00,2026-02-05 00:43:00,Yes,Reviewed EDR telemetry timeline; parent process traced to legitimate installer.,Database
ALT00045,Pennar Cement Industries,Low,2026-01-12 21:27:00,2026-01-13 00:35:00,No,"Correlated with SIEM logs across 3 hosts, identified lateral movement attempt, escalated.",Firewall
ALT00046,Pennar Cement Industries,Medium,2026-01-10 15:55:00,2026-01-10 19:08:00,No,No further action required.,Database
ALT00047,Pennar Cement Industries,Low,2026-03-25 23:15:00,2026-03-26 02:33:00,Yes,False positive.,Network Device
ALT00048,Pennar Cement Industries,Low,2026-03-06 16:29:00,2026-03-06 19:51:00,No,"Cross-referenced with threat intel feed, identified C2 communication pattern, escalated to IR team.",Firewall
ALT00049,Pennar Cement Industries,Medium,2026-03-17 13:57:00,2026-03-17 16:42:00,No,No further action required.,Database
ALT00050,Pennar Cement Industries,Medium,2026-01-01 02:15:00,2026-01-01 05:34:00,No,"Cross-referenced with threat intel feed, identified C2 communication pattern, escalated to IR team.",Server
ALT00051,Pennar Cement Industries,High,2026-02-08 04:18:00,2026-02-08 07:25:00,Yes,Closed as per standard procedure.,Identity Provider
ALT00052,Pennar Cement Industries,Low,2026-02-14 02:05:00,2026-02-14 04:36:00,No,Closed as per standard procedure.,Network Device
ALT00053,Pennar Cement Industries,Low,2026-01-27 22:11:00,2026-01-28 00:59:00,No,Reviewed EDR telemetry timeline; parent process traced to legitimate installer.,Cloud Workload
ALT00054,Pennar Cement Industries,High,2026-01-22 16:09:00,2026-01-22 19:00:00,Yes,"Performed forensic triage on affected host, isolated system, initiated containment protocol.",IoT Device
ALT00055,Pennar Cement Industries,Low,2026-02-12 21:12:00,2026-02-13 00:04:00,Yes,No further action required.,Database
ALT00056,Pennar Cement Industries,Low,2026-01-25 14:33:00,2026-01-25 17:11:00,Yes,Reviewed EDR telemetry timeline; parent process traced to legitimate installer.,Firewall
ALT00057,Pennar Cement Industries,High,2026-03-26 19:23:00,2026-03-26 22:24:00,Yes,Reviewed and closed.,Network Device
ALT00058,Pennar Cement Industries,Critical,2026-03-21 11:52:00,2026-03-21 14:35:00,Yes,Reviewed EDR telemetry timeline; parent process traced to legitimate installer.,Server
ALT00059,Pennar Cement Industries,High,2026-03-04 12:36:00,2026-03-04 15:30:00,Yes,"Correlated with SIEM logs across 3 hosts, identified lateral movement attempt, escalated.",Cloud Workload
ALT00060,Pennar Cement Industries,Low,2026-02-13 11:42:00,2026-02-13 15:00:00,Yes,False positive.,Network Device
ALT00061,Pennar Cement Industries,Low,2026-02-26 01:43:00,2026-02-26 04:54:00,No,Reviewed EDR telemetry timeline; parent process traced to legitimate installer.,Server
ALT00062,Pennar Cement Industries,Low,2026-02-24 05:14:00,2026-02-24 08:39:00,No,"Investigated source IP, confirmed malicious signature, blocked at firewall, root cause documented.",Endpoint
ALT00063,Pennar Cement Industries,High,2026-01-13 19:45:00,2026-01-13 23:13:00,No,No further action required.,Network Device
ALT00064,Pennar Cement Industries,Critical,2026-02-24 13:33:00,2026-02-24 16:52:00,Yes,No further action required.,IoT Device
ALT00065,Pennar Cement Industries,Medium,2026-03-11 00:17:00,2026-03-11 03:41:00,No,Ran memory capture on affected host; no injected process artefacts identified.,Database
ALT00066,Pennar Cement Industries,Low,2026-01-09 12:06:00,2026-01-09 15:13:00,Yes,"Cross-referenced with threat intel feed, identified C2 communication pattern, escalated to IR team.",Firewall
ALT00067,Pennar Cement Industries,High,2026-02-02 09:17:00,2026-02-02 12:17:00,No,"Cross-referenced with threat intel feed, identified C2 communication pattern, escalated to IR team.",IoT Device
ALT00068,Pennar Cement Industries,Low,2026-01-02 00:42:00,2026-01-02 03:27:00,No,Ran memory capture on affected host; no injected process artefacts identified.,Server
ALT00069,Pennar Cement Industries,Low,2026-02-17 07:05:00,2026-02-17 10:09:00,No,False positive.,Firewall
ALT00070,Pennar Cement Industries,Low,2026-03-08 14:54:00,2026-03-08 18:07:00,No,Reviewed EDR telemetry timeline; parent process traced to legitimate installer.,Firewall
ALT00071,Pennar Cement Industries,Medium,2026-02-09 12:08:00,2026-02-09 14:45:00,Yes,"Investigated source IP, confirmed malicious signature, blocked at firewall, root cause documented.",Network Device
ALT00072,Pennar Cement Industries,Medium,2026-03-17 23:07:00,2026-03-18 02:10:00,No,"Investigated source IP, confirmed malicious signature, blocked at firewall, root cause documented.",Database
ALT00073,Pennar Cement Industries,Medium,2026-03-15 17:25:00,2026-03-15 20:34:00,Yes,"Cross-referenced with threat intel feed, identified C2 communication pattern, escalated to IR team.",Firewall
ALT00074,Pennar Cement Industries,Medium,2026-03-18 15:52:00,2026-03-18 18:32:00,No,False positive.,Identity Provider
ALT00075,Pennar Cement Industries,Medium,2026-01-24 13:25:00,2026-01-24 16:04:00,No,Ran memory capture on affected host; no injected process artefacts identified.,Cloud Workload
ALT00076,Pennar Cement Industries,Critical,2026-02-21 06:42:00,2026-02-21 09:12:00,Yes,No further action required.,Server
ALT00077,Pennar Cement Industries,High,2026-03-22 19:53:00,2026-03-22 23:06:00,No,"Correlated with SIEM logs across 3 hosts, identified lateral movement attempt, escalated.",IoT Device
ALT00078,Pennar Cement Industries,Medium,2026-03-06 18:48:00,2026-03-06 21:30:00,No,No further action required.,Firewall
ALT00079,Pennar Cement Industries,Low,2026-03-07 22:55:00,2026-03-08 02:25:00,Yes,Reviewed and closed.,Network Device
ALT00080,Pennar Cement Industries,Medium,2026-01-04 07:13:00,2026-01-04 09:50:00,No,"Investigated source IP, confirmed malicious signature, blocked at firewall, root cause documented.",IoT Device
ALT00081,Pennar Cement Industries,Low,2026-02-26 07:41:00,2026-02-26 10:36:00,No,"Performed forensic triage on affected host, isolated system, initiated containment protocol.",Firewall
ALT00082,Pennar Cement Industries,Medium,2026-02-09 00:54:00,2026-02-09 04:21:00,No,No further action required.,IoT Device
ALT00083,Pennar Cement Industries,Low,2026-03-05 13:47:00,2026-03-05 16:44:00,No,Analysed PCAP sample; payload matched benign monitoring agent heartbeat.,Server
ALT00084,Pennar Cement Industries,Low,2026-02-07 13:14:00,2026-02-07 15:45:00,No,No further action required.,IoT Device
ALT00085,Pennar Cement Industries,Low,2026-03-31 07:12:00,2026-03-31 10:19:00,No,"Correlated with SIEM logs across 3 hosts, identified lateral movement attempt, escalated.",IoT Device
ALT00086,Pennar Cement Industries,Low,2026-01-10 16:55:00,2026-01-10 20:23:00,No,"Performed forensic triage on affected host, isolated system, initiated containment protocol.",Endpoint
ALT00087,Pennar Cement Industries,Critical,2026-03-29 18:39:00,2026-03-29 21:13:00,Yes,Analysed PCAP sample; payload matched benign monitoring agent heartbeat.,IoT Device
ALT00088,Pennar Cement Industries,Low,2026-01-01 09:59:00,2026-01-01 13:25:00,No,Closed as per standard procedure.,IoT Device
ALT00089,Pennar Cement Industries,Low,2026-01-28 20:33:00,2026-01-28 23:33:00,No,"Cross-referenced with threat intel feed, identified C2 communication pattern, escalated to IR team.",Cloud Workload
ALT00090,Pennar Cement Industries,Critical,2026-03-28 15:28:00,2026-03-28 18:36:00,Yes,Contacted asset owner and confirmed scheduled maintenance window covered the activity.,Server
ALT00091,Pennar Cement Industries,High,2026-02-15 08:49:00,2026-02-15 11:46:00,Yes,"Performed forensic triage on affected host, isolated system, initiated containment protocol.",IoT Device
ALT00092,Pennar Cement Industries,Low,2026-01-27 04:03:00,2026-01-27 06:58:00,No,Reviewed and closed.,Database
ALT00093,Pennar Cement Industries,Low,2026-02-25 10:05:00,2026-02-25 13:33:00,No,Contacted asset owner and confirmed scheduled maintenance window covered the activity.,Network Device
ALT00094,Pennar Cement Industries,Low,2026-02-04 05:16:00,2026-02-04 08:34:00,No,"Correlated with SIEM logs across 3 hosts, identified lateral movement attempt, escalated.",Firewall
ALT00095,Pennar Cement Industries,Low,2026-03-12 21:17:00,2026-03-12 23:51:00,No,No further action required.,Network Device
ALT00096,Pennar Cement Industries,Low,2026-01-29 07:58:00,2026-01-29 10:59:00,No,False positive.,Endpoint
ALT00097,Pennar Cement Industries,Low,2026-03-10 17:38:00,2026-03-10 20:32:00,No,"Investigated source IP, confirmed malicious signature, blocked at firewall, root cause documented.",Server
ALT00098,Pennar Cement Industries,Low,2026-02-24 22:51:00,2026-02-25 01:36:00,Yes,"Correlated with SIEM logs across 3 hosts, identified lateral movement attempt, escalated.",Firewall
ALT00099,Pennar Cement Industries,Low,2026-01-13 08:23:00,2026-01-13 11:21:00,No,Closed as per standard procedure.,Cloud Workload
ALT00100,Pennar Cement Industries,Low,2026-02-04 01:55:00,2026-02-04 05:02:00,Yes,"Correlated with SIEM logs across 3 hosts, identified lateral movement attempt, escalated.",Firewall
ALT00101,Pennar Cement Industries,Low,2026-01-29 11:56:00,2026-01-29 14:57:00,No,Reviewed and closed.,Server
ALT00102,Pennar Cement Industries,Low,2026-03-10 12:56:00,2026-03-10 15:29:00,Yes,"Correlated with SIEM logs across 3 hosts, identified lateral movement attempt, escalated.",Server
ALT00103,Pennar Cement Industries,High,2026-02-14 19:51:00,2026-02-14 22:40:00,Yes,Reviewed EDR telemetry timeline; parent process traced to legitimate installer.,Cloud Workload
ALT00104,Pennar Cement Industries,Low,2026-01-19 14:25:00,2026-01-19 17:28:00,No,False positive.,Cloud Workload
ALT00105,Pennar Cement Industries,Medium,2026-03-08 19:22:00,2026-03-08 22:22:00,Yes,False positive.,Firewall
ALT00106,Pennar Cement Industries,Low,2026-03-02 17:41:00,2026-03-02 20:50:00,No,Contacted asset owner and confirmed scheduled maintenance window covered the activity.,Firewall
ALT00107,Pennar Cement Industries,Low,2026-03-29 15:12:00,2026-03-29 17:48:00,No,"Cross-referenced with threat intel feed, identified C2 communication pattern, escalated to IR team.",Identity Provider
ALT00108,Pennar Cement Industries,Critical,2026-02-14 14:47:00,2026-02-14 18:00:00,No,Closed as per standard procedure.,Firewall
ALT00109,Pennar Cement Industries,Medium,2026-01-11 03:06:00,2026-01-11 06:28:00,No,False positive.,Identity Provider
ALT00110,Pennar Cement Industries,Low,2026-01-17 13:50:00,2026-01-17 17:19:00,Yes,Reviewed and closed.,Endpoint
ALT00111,Pennar Cement Industries,High,2026-02-16 12:13:00,2026-02-16 15:35:00,Yes,Reviewed EDR telemetry timeline; parent process traced to legitimate installer.,Server
ALT00112,Pennar Cement Industries,Low,2026-02-21 10:14:00,2026-02-21 13:42:00,Yes,Reviewed EDR telemetry timeline; parent process traced to legitimate installer.,Database
ALT00113,Pennar Cement Industries,Low,2026-03-29 14:41:00,2026-03-29 17:13:00,No,"Correlated with SIEM logs across 3 hosts, identified lateral movement attempt, escalated.",Database
ALT00114,Pennar Cement Industries,Low,2026-02-09 19:25:00,2026-02-09 22:45:00,No,Closed as per standard procedure.,Network Device
ALT00115,Pennar Cement Industries,Low,2026-03-16 21:16:00,2026-03-16 23:54:00,Yes,Ran memory capture on affected host; no injected process artefacts identified.,Network Device
ALT00116,Pennar Cement Industries,Medium,2026-01-10 22:27:00,2026-01-11 01:05:00,No,Analysed PCAP sample; payload matched benign monitoring agent heartbeat.,Database
ALT00117,Pennar Cement Industries,Low,2026-01-23 03:29:00,2026-01-23 06:35:00,Yes,"Investigated source IP, confirmed malicious signature, blocked at firewall, root cause documented.",Firewall
ALT00118,Pennar Cement Industries,Low,2026-01-01 09:36:00,2026-01-01 13:00:00,Yes,Reviewed EDR telemetry timeline; parent process traced to legitimate installer.,Endpoint
ALT00119,Pennar Cement Industries,Low,2026-03-06 12:43:00,2026-03-06 15:27:00,No,Analysed PCAP sample; payload matched benign monitoring agent heartbeat.,Network Device
ALT00120,Pennar Cement Industries,Medium,2026-01-16 02:58:00,2026-01-16 06:01:00,No,"Cross-referenced with threat intel feed, identified C2 communication pattern, escalated to IR team.",Identity Provider
ALT00121,Pennar Cement Industries,Low,2026-02-01 12:23:00,2026-02-01 15:04:00,Yes,Analysed PCAP sample; payload matched benign monitoring agent heartbeat.,Firewall
ALT00122,Pennar Cement Industries,Low,2026-01-18 23:04:00,2026-01-19 02:03:00,No,Ran memory capture on affected host; no injected process artefacts identified.,Database
ALT00123,Pennar Cement Industries,Low,2026-01-07 17:01:00,2026-01-07 20:06:00,No,Reviewed EDR telemetry timeline; parent process traced to legitimate installer.,Network Device
ALT00124,Pennar Cement Industries,Low,2026-01-24 13:37:00,2026-01-24 17:07:00,No,"Correlated with SIEM logs across 3 hosts, identified lateral movement attempt, escalated.",Identity Provider
ALT00125,Pennar Cement Industries,Low,2026-03-05 04:02:00,2026-03-05 07:05:00,No,"Performed forensic triage on affected host, isolated system, initiated containment protocol.",Cloud Workload
ALT00126,Pennar Cement Industries,Low,2026-02-09 00:11:00,2026-02-09 03:25:00,No,"Cross-referenced with threat intel feed, identified C2 communication pattern, escalated to IR team.",Endpoint
ALT00127,Pennar Cement Industries,Low,2026-02-22 16:37:00,2026-02-22 19:56:00,No,Ran memory capture on affected host; no injected process artefacts identified.,Database
ALT00128,Pennar Cement Industries,Medium,2026-02-02 06:01:00,2026-02-02 08:50:00,Yes,"Correlated with SIEM logs across 3 hosts, identified lateral movement attempt, escalated.",Cloud Workload
ALT00129,Pennar Cement Industries,High,2026-01-19 21:19:00,2026-01-20 00:01:00,No,Reviewed and closed.,Database
ALT00130,Pennar Cement Industries,Low,2026-01-10 19:48:00,2026-01-10 22:19:00,No,Reviewed and closed.,IoT Device
ALT00131,Pennar Cement Industries,Low,2026-02-25 06:32:00,2026-02-25 09:31:00,No,"Performed forensic triage on affected host, isolated system, initiated containment protocol.",Endpoint
ALT00132,Pennar Cement Industries,Medium,2026-02-11 06:55:00,2026-02-11 09:43:00,Yes,"Investigated source IP, confirmed malicious signature, blocked at firewall, root cause documented.",Firewall
ALT00133,Pennar Cement Industries,Medium,2026-01-25 16:37:00,2026-01-25 19:39:00,No,Reviewed and closed.,Endpoint
ALT00134,Pennar Cement Industries,Medium,2026-02-12 22:45:00,2026-02-13 01:21:00,No,"Cross-referenced with threat intel feed, identified C2 communication pattern, escalated to IR team.",IoT Device
ALT00135,Pennar Cement Industries,Medium,2026-02-01 14:38:00,2026-02-01 17:47:00,No,"Cross-referenced with threat intel feed, identified C2 communication pattern, escalated to IR team.",Server
ALT00136,Pennar Cement Industries,High,2026-03-19 12:25:00,2026-03-19 15:22:00,Yes,Ran memory capture on affected host; no injected process artefacts identified.,Network Device
ALT00137,Pennar Cement Industries,High,2026-01-03 04:19:00,2026-01-03 07:40:00,Yes,Contacted asset owner and confirmed scheduled maintenance window covered the activity.,IoT Device
ALT00138,Pennar Cement Industries,Medium,2026-02-01 01:03:00,2026-02-01 03:38:00,No,"Investigated source IP, confirmed malicious signature, blocked at firewall, root cause documented.",Cloud Workload
ALT00139,Pennar Cement Industries,Critical,2026-01-20 00:54:00,2026-01-20 04:23:00,No,Closed as per standard procedure.,Identity Provider
ALT00140,Pennar Cement Industries,Low,2026-01-20 20:55:00,2026-01-20 23:30:00,No,"Cross-referenced with threat intel feed, identified C2 communication pattern, escalated to IR team.",Firewall
ALT00141,Pennar Cement Industries,Medium,2026-01-27 05:13:00,2026-01-27 08:36:00,No,"Investigated source IP, confirmed malicious signature, blocked at firewall, root cause documented.",Network Device
ALT00142,Pennar Cement Industries,Low,2026-01-31 13:50:00,2026-01-31 17:12:00,No,False positive.,Endpoint
ALT00143,Pennar Cement Industries,Low,2026-03-22 06:19:00,2026-03-22 09:26:00,No,Closed as per standard procedure.,Server
ALT00144,Pennar Cement Industries,Low,2026-01-12 17:03:00,2026-01-12 19:49:00,Yes,Reviewed EDR telemetry timeline; parent process traced to legitimate installer.,IoT Device
ALT00145,Pennar Cement Industries,Low,2026-03-08 13:39:00,2026-03-08 16:49:00,No,No further action required.,Cloud Workload
ALT00146,Pennar Cement Industries,Critical,2026-02-04 00:18:00,2026-02-04 03:33:00,No,Analysed PCAP sample; payload matched benign monitoring agent heartbeat.,Server
ALT00147,Pennar Cement Industries,High,2026-01-01 16:03:00,2026-01-01 18:52:00,Yes,"Performed forensic triage on affected host, isolated system, initiated containment protocol.",Cloud Workload
ALT00148,Pennar Cement Industries,Low,2026-03-27 21:55:00,2026-03-28 00:55:00,No,Reviewed and closed.,Server
ALT00149,Pennar Cement Industries,Medium,2026-01-08 11:10:00,2026-01-08 14:26:00,Yes,"Performed forensic triage on affected host, isolated system, initiated containment protocol.",Endpoint
ALT00150,Pennar Cement Industries,Low,2026-01-28 04:46:00,2026-01-28 08:09:00,No,"Investigated source IP, confirmed malicious signature, blocked at firewall, root cause documented.",Identity Provider
ALT00151,Pennar Cement Industries,Low,2026-01-21 18:03:00,2026-01-21 21:33:00,Yes,Reviewed and closed.,Database
ALT00152,Pennar Cement Industries,Medium,2026-03-07 01:29:00,2026-03-07 04:08:00,No,Reviewed and closed.,Cloud Workload
ALT00153,Pennar Cement Industries,Medium,2026-01-31 11:44:00,2026-01-31 15:07:00,Yes,Analysed PCAP sample; payload matched benign monitoring agent heartbeat.,Endpoint
ALT00154,Pennar Cement Industries,Low,2026-01-26 10:02:00,2026-01-26 13:15:00,No,Analysed PCAP sample; payload matched benign monitoring agent heartbeat.,IoT Device
ALT00155,Pennar Cement Industries,Low,2026-03-21 19:04:00,2026-03-21 22:19:00,Yes,"Cross-referenced with threat intel feed, identified C2 communication pattern, escalated to IR team.",Cloud Workload
ALT00156,Pennar Cement Industries,Low,2026-03-13 09:27:00,2026-03-13 12:37:00,No,Analysed PCAP sample; payload matched benign monitoring agent heartbeat.,Identity Provider
ALT00157,Pennar Cement Industries,Low,2026-02-17 02:03:00,2026-02-17 05:14:00,No,"Performed forensic triage on affected host, isolated system, initiated containment protocol.",Firewall
ALT00158,Pennar Cement Industries,Low,2026-02-19 04:44:00,2026-02-19 07:37:00,No,Analysed PCAP sample; payload matched benign monitoring agent heartbeat.,Cloud Workload
ALT00159,Pennar Cement Industries,High,2026-01-19 23:22:00,2026-01-20 02:02:00,Yes,Analysed PCAP sample; payload matched benign monitoring agent heartbeat.,Identity Provider
ALT00160,Pennar Cement Industries,Low,2026-01-27 21:43:00,2026-01-28 00:19:00,Yes,Reviewed and closed.,Cloud Workload
ALT00161,Pennar Cement Industries,Low,2026-01-21 15:03:00,2026-01-21 18:25:00,No,Reviewed EDR telemetry timeline; parent process traced to legitimate installer.,Firewall
ALT00162,Pennar Cement Industries,Low,2026-01-22 13:44:00,2026-01-22 16:32:00,No,"Correlated with SIEM logs across 3 hosts, identified lateral movement attempt, escalated.",Network Device
ALT00163,Pennar Cement Industries,Low,2026-03-04 12:26:00,2026-03-04 15:51:00,No,No further action required.,IoT Device
ALT00164,Pennar Cement Industries,Low,2026-03-04 22:04:00,2026-03-05 00:38:00,Yes,"Performed forensic triage on affected host, isolated system, initiated containment protocol.",Database
ALT00165,Pennar Cement Industries,Low,2026-01-25 23:34:00,2026-01-26 02:12:00,Yes,Contacted asset owner and confirmed scheduled maintenance window covered the activity.,IoT Device
ALT00166,Pennar Cement Industries,Low,2026-01-24 10:16:00,2026-01-24 13:40:00,No,Reviewed and closed.,Network Device
ALT00167,Pennar Cement Industries,Medium,2026-01-20 14:55:00,2026-01-20 17:51:00,No,No further action required.,Cloud Workload
ALT00168,Pennar Cement Industries,Low,2026-03-22 03:00:00,2026-03-22 05:54:00,No,Reviewed EDR telemetry timeline; parent process traced to legitimate installer.,Endpoint
ALT00169,Pennar Cement Industries,Medium,2026-01-26 00:46:00,2026-01-26 04:15:00,Yes,"Correlated with SIEM logs across 3 hosts, identified lateral movement attempt, escalated.",Identity Provider
ALT00170,Pennar Cement Industries,Low,2026-02-22 18:24:00,2026-02-22 21:38:00,No,Closed as per standard procedure.,Identity Provider
ALT00171,Pennar Cement Industries,Critical,2026-01-20 21:32:00,2026-01-21 00:13:00,No,Reviewed and closed.,Firewall
ALT00172,Pennar Cement Industries,Medium,2026-02-16 13:20:00,2026-02-16 16:35:00,No,Reviewed EDR telemetry timeline; parent process traced to legitimate installer.,Network Device
ALT00173,Pennar Cement Industries,Critical,2026-02-27 16:15:00,2026-02-27 19:28:00,Yes,"Cross-referenced with threat intel feed, identified C2 communication pattern, escalated to IR team.",Network Device
ALT00174,Pennar Cement Industries,High,2026-02-09 10:00:00,2026-02-09 12:36:00,No,Contacted asset owner and confirmed scheduled maintenance window covered the activity.,Database
ALT00175,Pennar Cement Industries,Medium,2026-02-14 10:46:00,2026-02-14 14:03:00,No,Contacted asset owner and confirmed scheduled maintenance window covered the activity.,Server
ALT00176,Pennar Cement Industries,Medium,2026-01-13 10:47:00,2026-01-13 13:27:00,No,No further action required.,Firewall
ALT00177,Pennar Cement Industries,Critical,2026-03-13 16:34:00,2026-03-13 19:40:00,No,"Correlated with SIEM logs across 3 hosts, identified lateral movement attempt, escalated.",Server
ALT00178,Pennar Cement Industries,Medium,2026-02-15 18:45:00,2026-02-15 22:03:00,No,"Investigated source IP, confirmed malicious signature, blocked at firewall, root cause documented.",IoT Device
ALT00179,Pennar Cement Industries,Medium,2026-02-17 11:14:00,2026-02-17 13:58:00,Yes,Reviewed and closed.,Database
ALT00180,Pennar Cement Industries,Low,2026-01-30 14:43:00,2026-01-30 18:00:00,No,Ran memory capture on affected host; no injected process artefacts identified.,Endpoint
ALT00181,Pennar Cement Industries,Low,2026-01-11 11:32:00,2026-01-11 14:30:00,No,"Performed forensic triage on affected host, isolated system, initiated containment protocol.",Server
ALT00182,Pennar Cement Industries,Medium,2026-02-19 11:43:00,2026-02-19 14:24:00,No,Ran memory capture on affected host; no injected process artefacts identified.,Endpoint
ALT00183,Pennar Cement Industries,Medium,2026-02-22 18:41:00,2026-02-22 21:52:00,Yes,Reviewed EDR telemetry timeline; parent process traced to legitimate installer.,Database
ALT00184,Pennar Cement Industries,Medium,2026-01-29 07:24:00,2026-01-29 10:33:00,No,"Correlated with SIEM logs across 3 hosts, identified lateral movement attempt, escalated.",Identity Provider
ALT00185,Pennar Cement Industries,Low,2026-02-11 03:03:00,2026-02-11 06:31:00,Yes,"Cross-referenced with threat intel feed, identified C2 communication pattern, escalated to IR team.",Database
ALT00186,Pennar Cement Industries,Low,2026-01-12 05:43:00,2026-01-12 08:39:00,No,False positive.,Network Device
ALT00187,Pennar Cement Industries,Medium,2026-01-06 13:42:00,2026-01-06 16:14:00,No,"Performed forensic triage on affected host, isolated system, initiated containment protocol.",Endpoint
ALT00188,Pennar Cement Industries,Low,2026-03-07 14:27:00,2026-03-07 17:56:00,Yes,Reviewed and closed.,Endpoint
ALT00189,Pennar Cement Industries,Low,2026-01-09 17:12:00,2026-01-09 19:45:00,No,"Cross-referenced with threat intel feed, identified C2 communication pattern, escalated to IR team.",Endpoint
ALT00190,Pennar Cement Industries,Low,2026-03-02 18:42:00,2026-03-02 21:16:00,Yes,False positive.,Endpoint
ALT00191,Pennar Cement Industries,Low,2026-02-02 23:26:00,2026-02-03 02:10:00,No,"Correlated with SIEM logs across 3 hosts, identified lateral movement attempt, escalated.",Identity Provider
