alert_id,entity_name,severity,created_time,closed_time,escalated,investigation_notes,asset_type
ALT00001,Jupiter Aviation Control,Medium,2026-05-08 17:16:00,2026-05-08 19:46:00,Yes,"Investigated source IP, confirmed malicious signature, blocked at firewall, root cause documented.",Database
ALT00002,Jupiter Aviation Control,High,2026-04-19 20:09:00,2026-04-19 22:39:00,Yes,False positive.,Server
ALT00003,Jupiter Aviation Control,Medium,2026-05-15 17:07:00,2026-05-15 20:16:00,No,False positive.,Network Device
ALT00004,Jupiter Aviation Control,Critical,2026-06-26 21:04:00,2026-06-27 00:14:00,No,Reviewed and closed.,Cloud Workload
ALT00005,Jupiter Aviation Control,Medium,2026-04-01 23:05:00,2026-04-02 02:18:00,No,"Correlated with SIEM logs across 3 hosts, identified lateral movement attempt, escalated.",Cloud Workload
ALT00006,Jupiter Aviation Control,Critical,2026-04-12 18:19:00,2026-04-12 21:31:00,Yes,"Performed forensic triage on affected host, isolated system, initiated containment protocol.",Network Device
ALT00007,Jupiter Aviation Control,Medium,2026-06-03 02:29:00,2026-06-03 05:26:00,No,Reviewed and closed.,IoT Device
ALT00008,Jupiter Aviation Control,Low,2026-05-16 07:30:00,2026-05-16 10:05:00,No,Closed as per standard procedure.,IoT Device
ALT00009,Jupiter Aviation Control,Critical,2026-06-07 05:51:00,2026-06-07 08:44:00,Yes,No further action required.,Network Device
ALT00010,Jupiter Aviation Control,High,2026-04-29 21:25:00,2026-04-30 00:08:00,Yes,"Correlated with SIEM logs across 3 hosts, identified lateral movement attempt, escalated.",Cloud Workload
ALT00011,Jupiter Aviation Control,High,2026-04-03 06:38:00,2026-04-03 09:09:00,No,"Cross-referenced with threat intel feed, identified C2 communication pattern, escalated to IR team.",Endpoint
ALT00012,Jupiter Aviation Control,High,2026-05-05 07:11:00,2026-05-05 09:54:00,Yes,Closed as per standard procedure.,Cloud Workload
ALT00013,Jupiter Aviation Control,High,2026-04-02 02:13:00,2026-04-02 05:08:00,Yes,No further action required.,Server
ALT00014,Jupiter Aviation Control,Low,2026-06-10 05:51:00,2026-06-10 08:35:00,No,"Investigated source IP, confirmed malicious signature, blocked at firewall, root cause documented.",Cloud Workload
ALT00015,Jupiter Aviation Control,Critical,2026-06-13 12:44:00,2026-06-13 15:19:00,Yes,No further action required.,Database
ALT00016,Jupiter Aviation Control,Low,2026-04-22 23:20:00,2026-04-23 01:54:00,Yes,"Investigated source IP, confirmed malicious signature, blocked at firewall, root cause documented.",Cloud Workload
ALT00017,Jupiter Aviation Control,Low,2026-05-01 06:25:00,2026-05-01 09:44:00,No,"Performed forensic triage on affected host, isolated system, initiated containment protocol.",Network Device
ALT00018,Jupiter Aviation Control,High,2026-04-25 18:33:00,2026-04-25 21:15:00,Yes,"Investigated source IP, confirmed malicious signature, blocked at firewall, root cause documented.",IoT Device
ALT00019,Jupiter Aviation Control,Low,2026-04-23 06:18:00,2026-04-23 09:00:00,No,False positive.,IoT Device
ALT00020,Jupiter Aviation Control,Low,2026-04-30 03:40:00,2026-04-30 06:16:00,Yes,"Performed forensic triage on affected host, isolated system, initiated containment protocol.",Database
ALT00021,Jupiter Aviation Control,Low,2026-04-01 13:14:00,2026-04-01 16:10:00,No,"Performed forensic triage on affected host, isolated system, initiated containment protocol.",IoT Device
ALT00022,Jupiter Aviation Control,High,2026-06-04 10:38:00,2026-06-04 13:25:00,No,No further action required.,Server
ALT00023,Jupiter Aviation Control,Medium,2026-05-26 19:23:00,2026-05-26 22:29:00,Yes,"Investigated source IP, confirmed malicious signature, blocked at firewall, root cause documented.",IoT Device
ALT00024,Jupiter Aviation Control,Low,2026-06-15 09:22:00,2026-06-15 12:38:00,No,"Performed forensic triage on affected host, isolated system, initiated containment protocol.",Cloud Workload
ALT00025,Jupiter Aviation Control,High,2026-04-19 16:51:00,2026-04-19 20:08:00,Yes,Closed as per standard procedure.,Database
ALT00026,Jupiter Aviation Control,Low,2026-05-03 10:59:00,2026-05-03 13:44:00,No,"Investigated source IP, confirmed malicious signature, blocked at firewall, root cause documented.",Database
ALT00027,Jupiter Aviation Control,Low,2026-06-10 15:35:00,2026-06-10 18:08:00,Yes,"Cross-referenced with threat intel feed, identified C2 communication pattern, escalated to IR team.",Database
ALT00028,Jupiter Aviation Control,Medium,2026-05-18 12:38:00,2026-05-18 15:43:00,Yes,"Performed forensic triage on affected host, isolated system, initiated containment protocol.",Endpoint
ALT00029,Jupiter Aviation Control,Low,2026-04-18 08:58:00,2026-04-18 12:03:00,Yes,False positive.,Network Device
ALT00030,Jupiter Aviation Control,Low,2026-04-22 17:37:00,2026-04-22 20:37:00,No,"Cross-referenced with threat intel feed, identified C2 communication pattern, escalated to IR team.",Network Device
ALT00031,Jupiter Aviation Control,Medium,2026-06-17 13:33:00,2026-06-17 16:10:00,Yes,"Performed forensic triage on affected host, isolated system, initiated containment protocol.",Endpoint
ALT00032,Jupiter Aviation Control,Medium,2026-06-13 16:28:00,2026-06-13 19:09:00,No,Closed as per standard procedure.,Network Device
ALT00033,Jupiter Aviation Control,High,2026-06-10 21:28:00,2026-06-11 00:49:00,Yes,False positive.,Network Device
ALT00034,Jupiter Aviation Control,Medium,2026-05-05 01:55:00,2026-05-05 05:07:00,Yes,"Investigated source IP, confirmed malicious signature, blocked at firewall, root cause documented.",Database
ALT00035,Jupiter Aviation Control,Medium,2026-05-02 08:55:00,2026-05-02 11:50:00,No,Reviewed and closed.,Cloud Workload
ALT00036,Jupiter Aviation Control,Low,2026-06-29 10:43:00,2026-06-29 13:35:00,No,No further action required.,Server
ALT00037,Jupiter Aviation Control,Low,2026-05-18 14:16:00,2026-05-18 17:25:00,No,No further action required.,Server
ALT00038,Jupiter Aviation Control,Medium,2026-04-04 11:41:00,2026-04-04 15:09:00,No,No further action required.,Cloud Workload
ALT00039,Jupiter Aviation Control,High,2026-05-23 14:50:00,2026-05-23 18:19:00,Yes,Closed as per standard procedure.,Server
ALT00040,Jupiter Aviation Control,Medium,2026-05-18 09:30:00,2026-05-18 12:50:00,No,No further action required.,Endpoint
ALT00041,Jupiter Aviation Control,Low,2026-05-09 12:31:00,2026-05-09 15:59:00,No,"Correlated with SIEM logs across 3 hosts, identified lateral movement attempt, escalated.",Server
ALT00042,Jupiter Aviation Control,Low,2026-06-25 03:19:00,2026-06-25 05:57:00,Yes,False positive.,Cloud Workload
ALT00043,Jupiter Aviation Control,Low,2026-04-08 18:40:00,2026-04-08 21:41:00,No,False positive.,Database
ALT00044,Jupiter Aviation Control,Medium,2026-05-19 12:25:00,2026-05-19 15:18:00,No,Closed as per standard procedure.,Endpoint
ALT00045,Jupiter Aviation Control,High,2026-05-14 14:01:00,2026-05-14 17:08:00,Yes,Reviewed and closed.,Cloud Workload
ALT00046,Jupiter Aviation Control,Medium,2026-04-18 08:03:00,2026-04-18 11:33:00,Yes,"Correlated with SIEM logs across 3 hosts, identified lateral movement attempt, escalated.",IoT Device
ALT00047,Jupiter Aviation Control,Low,2026-05-12 18:38:00,2026-05-12 21:31:00,No,"Investigated source IP, confirmed malicious signature, blocked at firewall, root cause documented.",Cloud Workload
ALT00048,Jupiter Aviation Control,Low,2026-06-09 15:14:00,2026-06-09 17:57:00,No,Closed as per standard procedure.,Database
ALT00049,Jupiter Aviation Control,Low,2026-05-28 16:00:00,2026-05-28 19:08:00,No,Reviewed and closed.,Cloud Workload
ALT00050,Jupiter Aviation Control,High,2026-06-09 13:39:00,2026-06-09 17:02:00,Yes,No further action required.,IoT Device
ALT00051,Jupiter Aviation Control,High,2026-04-14 18:37:00,2026-04-14 21:49:00,No,No further action required.,Network Device
ALT00052,Jupiter Aviation Control,Medium,2026-06-24 09:46:00,2026-06-24 12:43:00,Yes,Reviewed and closed.,Endpoint
ALT00053,Jupiter Aviation Control,High,2026-06-21 01:03:00,2026-06-21 03:56:00,Yes,"Correlated with SIEM logs across 3 hosts, identified lateral movement attempt, escalated.",Server
ALT00054,Jupiter Aviation Control,Low,2026-04-10 16:54:00,2026-04-10 19:43:00,No,Reviewed and closed.,Endpoint
ALT00055,Jupiter Aviation Control,Low,2026-04-23 22:24:00,2026-04-24 01:21:00,No,"Cross-referenced with threat intel feed, identified C2 communication pattern, escalated to IR team.",Server
ALT00056,Jupiter Aviation Control,Critical,2026-04-24 08:11:00,2026-04-24 11:31:00,Yes,"Investigated source IP, confirmed malicious signature, blocked at firewall, root cause documented.",Cloud Workload
ALT00057,Jupiter Aviation Control,Low,2026-05-03 08:27:00,2026-05-03 11:01:00,No,"Investigated source IP, confirmed malicious signature, blocked at firewall, root cause documented.",Cloud Workload
ALT00058,Jupiter Aviation Control,Low,2026-05-29 13:20:00,2026-05-29 16:05:00,Yes,False positive.,Server
ALT00059,Jupiter Aviation Control,Medium,2026-05-23 19:56:00,2026-05-23 22:49:00,No,"Performed forensic triage on affected host, isolated system, initiated containment protocol.",IoT Device
ALT00060,Jupiter Aviation Control,High,2026-04-13 01:30:00,2026-04-13 04:29:00,Yes,"Cross-referenced with threat intel feed, identified C2 communication pattern, escalated to IR team.",Network Device
ALT00061,Jupiter Aviation Control,Low,2026-06-16 13:08:00,2026-06-16 15:57:00,No,"Investigated source IP, confirmed malicious signature, blocked at firewall, root cause documented.",IoT Device
ALT00062,Jupiter Aviation Control,Low,2026-04-24 22:13:00,2026-04-25 01:09:00,Yes,"Performed forensic triage on affected host, isolated system, initiated containment protocol.",Endpoint
ALT00063,Jupiter Aviation Control,Medium,2026-04-28 23:32:00,2026-04-29 02:39:00,No,"Performed forensic triage on affected host, isolated system, initiated containment protocol.",Cloud Workload
ALT00064,Jupiter Aviation Control,Medium,2026-05-31 15:49:00,2026-05-31 19:07:00,Yes,"Correlated with SIEM logs across 3 hosts, identified lateral movement attempt, escalated.",Server
ALT00065,Jupiter Aviation Control,Low,2026-05-08 22:42:00,2026-05-09 01:36:00,No,"Correlated with SIEM logs across 3 hosts, identified lateral movement attempt, escalated.",Server
ALT00066,Jupiter Aviation Control,Medium,2026-04-07 11:13:00,2026-04-07 14:07:00,Yes,"Cross-referenced with threat intel feed, identified C2 communication pattern, escalated to IR team.",IoT Device
ALT00067,Jupiter Aviation Control,High,2026-05-03 16:22:00,2026-05-03 19:32:00,Yes,False positive.,IoT Device
ALT00068,Jupiter Aviation Control,Low,2026-05-01 18:07:00,2026-05-01 21:05:00,No,Closed as per standard procedure.,Database
ALT00069,Jupiter Aviation Control,Low,2026-04-09 18:33:00,2026-04-09 21:25:00,Yes,"Performed forensic triage on affected host, isolated system, initiated containment protocol.",Endpoint
ALT00070,Jupiter Aviation Control,Medium,2026-05-04 04:52:00,2026-05-04 08:07:00,Yes,False positive.,Endpoint
ALT00071,Jupiter Aviation Control,Low,2026-05-29 14:27:00,2026-05-29 17:14:00,No,"Correlated with SIEM logs across 3 hosts, identified lateral movement attempt, escalated.",Server
ALT00072,Jupiter Aviation Control,Low,2026-04-09 02:08:00,2026-04-09 04:41:00,No,"Investigated source IP, confirmed malicious signature, blocked at firewall, root cause documented.",Network Device
ALT00073,Jupiter Aviation Control,Critical,2026-04-05 13:52:00,2026-04-05 17:05:00,Yes,Reviewed and closed.,Cloud Workload
ALT00074,Jupiter Aviation Control,Low,2026-06-07 14:02:00,2026-06-07 16:33:00,No,"Performed forensic triage on affected host, isolated system, initiated containment protocol.",Endpoint
ALT00075,Jupiter Aviation Control,Critical,2026-05-06 07:16:00,2026-05-06 10:16:00,No,"Performed forensic triage on affected host, isolated system, initiated containment protocol.",Cloud Workload
ALT00076,Jupiter Aviation Control,Low,2026-05-10 06:50:00,2026-05-10 09:23:00,No,Reviewed and closed.,Endpoint
ALT00077,Jupiter Aviation Control,Medium,2026-06-04 08:25:00,2026-06-04 11:19:00,Yes,"Performed forensic triage on affected host, isolated system, initiated containment protocol.",Server
ALT00078,Jupiter Aviation Control,Low,2026-05-29 05:41:00,2026-05-29 08:35:00,No,No further action required.,Network Device
ALT00079,Jupiter Aviation Control,Medium,2026-05-26 00:40:00,2026-05-26 03:59:00,No,No further action required.,Cloud Workload
ALT00080,Jupiter Aviation Control,Low,2026-06-16 20:47:00,2026-06-16 23:22:00,No,"Performed forensic triage on affected host, isolated system, initiated containment protocol.",Endpoint
ALT00081,Jupiter Aviation Control,Low,2026-05-06 16:42:00,2026-05-06 19:22:00,No,"Performed forensic triage on affected host, isolated system, initiated containment protocol.",Cloud Workload
ALT00082,Jupiter Aviation Control,Low,2026-04-02 06:16:00,2026-04-02 09:01:00,No,No further action required.,Database
ALT00083,Jupiter Aviation Control,Low,2026-05-10 14:59:00,2026-05-10 17:48:00,No,Reviewed and closed.,Network Device
ALT00084,Jupiter Aviation Control,Medium,2026-06-29 11:58:00,2026-06-29 15:19:00,No,"Investigated source IP, confirmed malicious signature, blocked at firewall, root cause documented.",Server
ALT00085,Jupiter Aviation Control,Low,2026-06-03 17:51:00,2026-06-03 20:53:00,No,Reviewed and closed.,Cloud Workload
ALT00086,Jupiter Aviation Control,Medium,2026-05-12 23:43:00,2026-05-13 02:37:00,No,Closed as per standard procedure.,Cloud Workload
ALT00001,Eastern Water Utility,Low,2026-05-06 15:16:00,2026-05-06 18:45:00,No,"Cross-referenced with threat intel feed, identified C2 communication pattern, escalated to IR team.",Endpoint
ALT00002,Eastern Water Utility,Low,2026-05-22 10:38:00,2026-05-22 13:12:00,No,"Performed forensic triage on affected host, isolated system, initiated containment protocol.",Network Device
ALT00003,Eastern Water Utility,Medium,2026-04-18 18:01:00,2026-04-18 21:28:00,Yes,False positive.,Server
ALT00004,Eastern Water Utility,Medium,2026-04-24 12:58:00,2026-04-24 16:04:00,No,False positive.,Cloud Workload
ALT00005,Eastern Water Utility,Low,2026-05-31 02:34:00,2026-05-31 05:44:00,No,"Cross-referenced with threat intel feed, identified C2 communication pattern, escalated to IR team.",Network Device
ALT00006,Eastern Water Utility,Critical,2026-04-15 01:15:00,2026-04-15 04:41:00,Yes,"Correlated with SIEM logs across 3 hosts, identified lateral movement attempt, escalated.",Database
ALT00007,Eastern Water Utility,Medium,2026-04-12 03:50:00,2026-04-12 06:21:00,No,No further action required.,Server
ALT00008,Eastern Water Utility,High,2026-06-19 08:44:00,2026-06-19 11:38:00,No,Closed as per standard procedure.,Network Device
ALT00009,Eastern Water Utility,High,2026-06-12 19:11:00,2026-06-12 21:59:00,No,No further action required.,Server
ALT00010,Eastern Water Utility,Low,2026-04-12 12:30:00,2026-04-12 15:08:00,No,"Investigated source IP, confirmed malicious signature, blocked at firewall, root cause documented.",Server
ALT00011,Eastern Water Utility,Critical,2026-06-07 18:09:00,2026-06-07 21:34:00,Yes,Closed as per standard procedure.,IoT Device
ALT00012,Eastern Water Utility,Critical,2026-05-23 09:49:00,2026-05-23 12:41:00,No,"Correlated with SIEM logs across 3 hosts, identified lateral movement attempt, escalated.",Database
ALT00013,Eastern Water Utility,Critical,2026-04-10 01:43:00,2026-04-10 04:13:00,Yes,Reviewed and closed.,Network Device
ALT00014,Eastern Water Utility,High,2026-06-15 22:10:00,2026-06-16 01:27:00,Yes,Reviewed and closed.,Database
ALT00015,Eastern Water Utility,Medium,2026-04-18 07:42:00,2026-04-18 10:31:00,No,Closed as per standard procedure.,Cloud Workload
ALT00016,Eastern Water Utility,Medium,2026-06-03 17:41:00,2026-06-03 20:33:00,No,No further action required.,Cloud Workload
ALT00017,Eastern Water Utility,Medium,2026-06-18 23:14:00,2026-06-19 02:29:00,Yes,"Performed forensic triage on affected host, isolated system, initiated containment protocol.",Server
ALT00018,Eastern Water Utility,Low,2026-04-09 07:19:00,2026-04-09 10:38:00,No,"Cross-referenced with threat intel feed, identified C2 communication pattern, escalated to IR team.",IoT Device
ALT00019,Eastern Water Utility,Medium,2026-04-30 12:05:00,2026-04-30 15:19:00,Yes,"Performed forensic triage on affected host, isolated system, initiated containment protocol.",Server
ALT00020,Eastern Water Utility,Medium,2026-04-29 00:24:00,2026-04-29 03:54:00,No,False positive.,Cloud Workload
ALT00021,Eastern Water Utility,Medium,2026-06-14 15:22:00,2026-06-14 18:04:00,No,Closed as per standard procedure.,IoT Device
ALT00022,Eastern Water Utility,Critical,2026-04-22 23:29:00,2026-04-23 02:06:00,Yes,"Investigated source IP, confirmed malicious signature, blocked at firewall, root cause documented.",Network Device
ALT00023,Eastern Water Utility,Medium,2026-05-15 04:59:00,2026-05-15 07:33:00,No,"Performed forensic triage on affected host, isolated system, initiated containment protocol.",IoT Device
ALT00024,Eastern Water Utility,Low,2026-06-22 03:51:00,2026-06-22 07:16:00,No,Reviewed and closed.,Endpoint
ALT00025,Eastern Water Utility,Low,2026-06-10 21:43:00,2026-06-11 00:27:00,No,"Performed forensic triage on affected host, isolated system, initiated containment protocol.",Endpoint
ALT00026,Eastern Water Utility,Low,2026-05-14 13:18:00,2026-05-14 15:57:00,No,"Investigated source IP, confirmed malicious signature, blocked at firewall, root cause documented.",IoT Device
ALT00027,Eastern Water Utility,Low,2026-04-09 16:12:00,2026-04-09 18:57:00,No,"Investigated source IP, confirmed malicious signature, blocked at firewall, root cause documented.",Database
ALT00028,Eastern Water Utility,Medium,2026-06-14 06:53:00,2026-06-14 09:44:00,No,"Investigated source IP, confirmed malicious signature, blocked at firewall, root cause documented.",Server
ALT00029,Eastern Water Utility,High,2026-06-22 04:51:00,2026-06-22 07:45:00,No,"Performed forensic triage on affected host, isolated system, initiated containment protocol.",IoT Device
ALT00030,Eastern Water Utility,Low,2026-05-11 02:32:00,2026-05-11 06:00:00,No,"Correlated with SIEM logs across 3 hosts, identified lateral movement attempt, escalated.",Network Device
ALT00031,Eastern Water Utility,Critical,2026-05-25 22:12:00,2026-05-26 01:38:00,Yes,"Correlated with SIEM logs across 3 hosts, identified lateral movement attempt, escalated.",Cloud Workload
ALT00032,Eastern Water Utility,Low,2026-04-13 06:32:00,2026-04-13 09:41:00,No,"Performed forensic triage on affected host, isolated system, initiated containment protocol.",Network Device
ALT00033,Eastern Water Utility,Medium,2026-06-02 13:19:00,2026-06-02 16:40:00,No,No further action required.,IoT Device
ALT00034,Eastern Water Utility,Low,2026-05-29 01:51:00,2026-05-29 04:22:00,No,"Performed forensic triage on affected host, isolated system, initiated containment protocol.",Endpoint
ALT00035,Eastern Water Utility,Medium,2026-06-23 15:06:00,2026-06-23 17:56:00,No,False positive.,Network Device
ALT00036,Eastern Water Utility,Medium,2026-06-22 00:17:00,2026-06-22 03:43:00,No,"Cross-referenced with threat intel feed, identified C2 communication pattern, escalated to IR team.",Database
ALT00037,Eastern Water Utility,High,2026-05-28 01:41:00,2026-05-28 04:36:00,Yes,"Investigated source IP, confirmed malicious signature, blocked at firewall, root cause documented.",Network Device
ALT00038,Eastern Water Utility,Medium,2026-05-02 18:55:00,2026-05-02 21:38:00,No,"Cross-referenced with threat intel feed, identified C2 communication pattern, escalated to IR team.",IoT Device
ALT00039,Eastern Water Utility,Low,2026-06-02 15:32:00,2026-06-02 18:14:00,No,False positive.,Endpoint
ALT00040,Eastern Water Utility,Low,2026-06-23 07:46:00,2026-06-23 10:54:00,No,"Performed forensic triage on affected host, isolated system, initiated containment protocol.",Endpoint
ALT00041,Eastern Water Utility,Low,2026-05-05 06:22:00,2026-05-05 09:11:00,No,Closed as per standard procedure.,Cloud Workload
ALT00042,Eastern Water Utility,Low,2026-06-11 05:48:00,2026-06-11 09:14:00,Yes,No further action required.,Endpoint
ALT00043,Eastern Water Utility,Low,2026-04-05 17:50:00,2026-04-05 20:47:00,No,Closed as per standard procedure.,IoT Device
ALT00044,Eastern Water Utility,Low,2026-05-11 03:13:00,2026-05-11 06:40:00,No,"Performed forensic triage on affected host, isolated system, initiated containment protocol.",Server
ALT00045,Eastern Water Utility,High,2026-04-04 00:03:00,2026-04-04 03:11:00,No,Closed as per standard procedure.,Cloud Workload
ALT00046,Eastern Water Utility,Medium,2026-05-02 02:11:00,2026-05-02 05:13:00,No,Reviewed and closed.,Endpoint
ALT00047,Eastern Water Utility,Low,2026-04-05 16:22:00,2026-04-05 19:19:00,Yes,"Investigated source IP, confirmed malicious signature, blocked at firewall, root cause documented.",Database
ALT00048,Eastern Water Utility,Medium,2026-05-05 22:13:00,2026-05-06 01:36:00,No,"Performed forensic triage on affected host, isolated system, initiated containment protocol.",Database
ALT00049,Eastern Water Utility,Medium,2026-05-21 20:01:00,2026-05-21 23:31:00,No,"Investigated source IP, confirmed malicious signature, blocked at firewall, root cause documented.",Server
ALT00050,Eastern Water Utility,Low,2026-06-08 09:27:00,2026-06-08 12:52:00,Yes,"Investigated source IP, confirmed malicious signature, blocked at firewall, root cause documented.",Endpoint
ALT00051,Eastern Water Utility,High,2026-05-05 10:16:00,2026-05-05 13:27:00,Yes,False positive.,Endpoint
ALT00052,Eastern Water Utility,Medium,2026-05-14 20:42:00,2026-05-14 23:36:00,Yes,"Cross-referenced with threat intel feed, identified C2 communication pattern, escalated to IR team.",Database
ALT00053,Eastern Water Utility,Critical,2026-06-16 05:49:00,2026-06-16 08:24:00,No,Reviewed and closed.,IoT Device
ALT00054,Eastern Water Utility,Medium,2026-06-22 06:45:00,2026-06-22 09:28:00,No,False positive.,Network Device
ALT00055,Eastern Water Utility,Medium,2026-06-16 18:57:00,2026-06-16 21:32:00,Yes,"Performed forensic triage on affected host, isolated system, initiated containment protocol.",Database
ALT00056,Eastern Water Utility,Low,2026-05-05 05:52:00,2026-05-05 08:46:00,Yes,"Investigated source IP, confirmed malicious signature, blocked at firewall, root cause documented.",Network Device
ALT00057,Eastern Water Utility,High,2026-05-25 13:05:00,2026-05-25 16:15:00,No,"Performed forensic triage on affected host, isolated system, initiated containment protocol.",Server
ALT00058,Eastern Water Utility,High,2026-05-30 18:00:00,2026-05-30 20:57:00,Yes,Reviewed and closed.,Server
ALT00059,Eastern Water Utility,Medium,2026-05-16 12:45:00,2026-05-16 15:39:00,Yes,Reviewed and closed.,Endpoint
ALT00060,Eastern Water Utility,Critical,2026-04-19 15:40:00,2026-04-19 18:22:00,No,No further action required.,Cloud Workload
ALT00061,Eastern Water Utility,Medium,2026-05-28 21:01:00,2026-05-29 00:18:00,No,Reviewed and closed.,Server
ALT00062,Eastern Water Utility,Low,2026-04-07 07:55:00,2026-04-07 10:27:00,No,No further action required.,Endpoint
ALT00063,Eastern Water Utility,Low,2026-05-21 00:21:00,2026-05-21 03:02:00,No,"Correlated with SIEM logs across 3 hosts, identified lateral movement attempt, escalated.",Network Device
ALT00064,Eastern Water Utility,High,2026-05-24 03:20:00,2026-05-24 06:21:00,No,"Correlated with SIEM logs across 3 hosts, identified lateral movement attempt, escalated.",Network Device
ALT00065,Eastern Water Utility,Critical,2026-05-28 03:21:00,2026-05-28 05:57:00,Yes,"Cross-referenced with threat intel feed, identified C2 communication pattern, escalated to IR team.",Network Device
ALT00066,Eastern Water Utility,Low,2026-05-25 11:47:00,2026-05-25 14:45:00,No,No further action required.,Database
ALT00067,Eastern Water Utility,Critical,2026-06-03 22:08:00,2026-06-04 01:00:00,No,"Investigated source IP, confirmed malicious signature, blocked at firewall, root cause documented.",Endpoint
ALT00068,Eastern Water Utility,High,2026-05-15 07:32:00,2026-05-15 10:44:00,Yes,"Correlated with SIEM logs across 3 hosts, identified lateral movement attempt, escalated.",Cloud Workload
ALT00069,Eastern Water Utility,Medium,2026-06-28 22:44:00,2026-06-29 01:43:00,No,No further action required.,Network Device
ALT00070,Eastern Water Utility,Low,2026-05-16 12:17:00,2026-05-16 15:21:00,No,"Correlated with SIEM logs across 3 hosts, identified lateral movement attempt, escalated.",Cloud Workload
ALT00071,Eastern Water Utility,Critical,2026-05-03 13:28:00,2026-05-03 16:18:00,No,No further action required.,Endpoint
ALT00072,Eastern Water Utility,High,2026-06-19 11:09:00,2026-06-19 14:04:00,Yes,"Performed forensic triage on affected host, isolated system, initiated containment protocol.",Database
ALT00073,Eastern Water Utility,Low,2026-05-26 00:40:00,2026-05-26 03:30:00,No,"Performed forensic triage on affected host, isolated system, initiated containment protocol.",Endpoint
ALT00074,Eastern Water Utility,Low,2026-06-18 14:32:00,2026-06-18 17:18:00,No,"Cross-referenced with threat intel feed, identified C2 communication pattern, escalated to IR team.",Network Device
ALT00075,Eastern Water Utility,Low,2026-04-26 03:04:00,2026-04-26 05:56:00,No,"Investigated source IP, confirmed malicious signature, blocked at firewall, root cause documented.",Cloud Workload
ALT00076,Eastern Water Utility,Low,2026-05-01 17:36:00,2026-05-01 20:32:00,Yes,"Investigated source IP, confirmed malicious signature, blocked at firewall, root cause documented.",Cloud Workload
ALT00077,Eastern Water Utility,High,2026-05-05 16:51:00,2026-05-05 19:50:00,No,"Correlated with SIEM logs across 3 hosts, identified lateral movement attempt, escalated.",Server
ALT00078,Eastern Water Utility,Critical,2026-04-30 07:37:00,2026-04-30 10:15:00,Yes,"Performed forensic triage on affected host, isolated system, initiated containment protocol.",Server
ALT00079,Eastern Water Utility,Low,2026-06-07 21:27:00,2026-06-08 00:42:00,No,Closed as per standard procedure.,Database
ALT00080,Eastern Water Utility,Low,2026-06-07 02:34:00,2026-06-07 05:34:00,No,"Investigated source IP, confirmed malicious signature, blocked at firewall, root cause documented.",Cloud Workload
ALT00081,Eastern Water Utility,Low,2026-04-25 00:56:00,2026-04-25 03:43:00,No,Reviewed and closed.,Server
ALT00082,Eastern Water Utility,Low,2026-05-06 15:33:00,2026-05-06 19:00:00,No,Reviewed and closed.,Server
ALT00083,Eastern Water Utility,Critical,2026-04-15 23:06:00,2026-04-16 02:14:00,No,No further action required.,Network Device
ALT00084,Eastern Water Utility,Low,2026-05-27 07:32:00,2026-05-27 10:45:00,No,"Cross-referenced with threat intel feed, identified C2 communication pattern, escalated to IR team.",Endpoint
ALT00085,Eastern Water Utility,Low,2026-05-13 01:09:00,2026-05-13 04:29:00,No,Reviewed and closed.,Cloud Workload
ALT00086,Eastern Water Utility,Medium,2026-05-07 21:33:00,2026-05-08 00:35:00,No,No further action required.,IoT Device
ALT00087,Eastern Water Utility,Medium,2026-05-15 17:44:00,2026-05-15 20:32:00,No,"Correlated with SIEM logs across 3 hosts, identified lateral movement attempt, escalated.",Cloud Workload
ALT00088,Eastern Water Utility,High,2026-05-15 22:02:00,2026-05-16 01:24:00,No,No further action required.,Endpoint
ALT00089,Eastern Water Utility,Medium,2026-06-13 01:12:00,2026-06-13 04:04:00,No,Reviewed and closed.,Network Device
ALT00090,Eastern Water Utility,High,2026-05-13 09:21:00,2026-05-13 12:50:00,No,False positive.,Network Device
ALT00091,Eastern Water Utility,Medium,2026-04-10 10:00:00,2026-04-10 13:00:00,Yes,"Correlated with SIEM logs across 3 hosts, identified lateral movement attempt, escalated.",Database
ALT00092,Eastern Water Utility,Medium,2026-04-05 11:30:00,2026-04-05 14:44:00,No,"Correlated with SIEM logs across 3 hosts, identified lateral movement attempt, escalated.",IoT Device
ALT00093,Eastern Water Utility,Low,2026-04-21 21:27:00,2026-04-22 00:43:00,No,Reviewed and closed.,IoT Device
ALT00094,Eastern Water Utility,Low,2026-05-11 23:04:00,2026-05-12 01:37:00,No,No further action required.,Database
ALT00095,Eastern Water Utility,Low,2026-04-30 23:20:00,2026-05-01 02:08:00,Yes,"Correlated with SIEM logs across 3 hosts, identified lateral movement attempt, escalated.",Endpoint
ALT00096,Eastern Water Utility,Medium,2026-04-27 00:06:00,2026-04-27 03:19:00,No,False positive.,IoT Device
ALT00097,Eastern Water Utility,Low,2026-06-12 17:14:00,2026-06-12 20:25:00,No,Closed as per standard procedure.,Database
ALT00098,Eastern Water Utility,Critical,2026-05-27 11:01:00,2026-05-27 13:52:00,Yes,False positive.,Network Device
ALT00099,Eastern Water Utility,Medium,2026-05-25 12:34:00,2026-05-25 15:07:00,No,"Investigated source IP, confirmed malicious signature, blocked at firewall, root cause documented.",Endpoint
ALT00001,Indus Financial Services,Critical,2026-05-31 04:01:00,2026-05-31 06:42:00,No,False positive.,Network Device
ALT00002,Indus Financial Services,High,2026-05-24 14:41:00,2026-05-24 14:43:00,No,Reviewed and closed.,Network Device
ALT00003,Indus Financial Services,Low,2026-04-11 06:49:00,2026-04-11 09:47:00,No,Closed as per standard procedure.,Server
ALT00004,Indus Financial Services,High,2026-06-29 03:36:00,2026-06-29 03:38:00,No,Closed as per standard procedure.,Database
ALT00005,Indus Financial Services,Medium,2026-06-25 19:22:00,2026-06-25 22:23:00,No,"Cross-referenced with threat intel feed, identified C2 communication pattern, escalated to IR team.",IoT Device
ALT00006,Indus Financial Services,Low,2026-06-10 02:17:00,2026-06-10 05:09:00,Yes,False positive.,Network Device
ALT00007,Indus Financial Services,Low,2026-04-03 09:30:00,2026-04-03 12:47:00,No,Reviewed and closed.,Server
ALT00008,Indus Financial Services,Low,2026-06-29 11:09:00,2026-06-29 14:34:00,No,Reviewed and closed.,Cloud Workload
ALT00009,Indus Financial Services,Low,2026-04-23 22:20:00,2026-04-24 01:04:00,No,No further action required.,Server
ALT00010,Indus Financial Services,Low,2026-04-21 01:18:00,2026-04-21 04:43:00,No,Reviewed and closed.,IoT Device
ALT00011,Indus Financial Services,High,2026-06-24 05:25:00,2026-06-24 05:29:00,No,Closed as per standard procedure.,IoT Device
ALT00012,Indus Financial Services,Medium,2026-04-05 17:54:00,2026-04-05 20:56:00,No,No further action required.,Endpoint
ALT00013,Indus Financial Services,Critical,2026-06-28 15:04:00,2026-06-28 15:07:00,No,No further action required.,Server
ALT00014,Indus Financial Services,High,2026-06-20 19:24:00,2026-06-20 19:25:00,No,False positive.,Endpoint
ALT00015,Indus Financial Services,High,2026-05-26 10:59:00,2026-05-26 11:00:00,No,Closed as per standard procedure.,IoT Device
ALT00016,Indus Financial Services,Low,2026-06-09 13:40:00,2026-06-09 17:06:00,No,No further action required.,Network Device
ALT00017,Indus Financial Services,Medium,2026-05-17 02:40:00,2026-05-17 06:08:00,No,Closed as per standard procedure.,Network Device
ALT00018,Indus Financial Services,Medium,2026-04-06 22:35:00,2026-04-07 01:53:00,Yes,Reviewed and closed.,Network Device
ALT00019,Indus Financial Services,High,2026-06-07 07:52:00,2026-06-07 07:54:00,No,Closed as per standard procedure.,Endpoint
ALT00020,Indus Financial Services,High,2026-06-10 23:59:00,2026-06-11 00:01:00,No,Reviewed and closed.,IoT Device
ALT00021,Indus Financial Services,High,2026-04-26 15:31:00,2026-04-26 15:34:00,No,No further action required.,Endpoint
ALT00022,Indus Financial Services,High,2026-05-31 09:25:00,2026-05-31 09:26:00,No,Closed as per standard procedure.,Server
ALT00023,Indus Financial Services,Low,2026-05-22 16:45:00,2026-05-22 20:12:00,No,No further action required.,Network Device
ALT00024,Indus Financial Services,High,2026-04-30 15:55:00,2026-04-30 18:44:00,No,No further action required.,Endpoint
ALT00025,Indus Financial Services,Critical,2026-06-04 02:31:00,2026-06-04 02:34:00,No,Closed as per standard procedure.,Cloud Workload
ALT00026,Indus Financial Services,Medium,2026-06-05 13:09:00,2026-06-05 15:46:00,No,False positive.,Cloud Workload
ALT00027,Indus Financial Services,Medium,2026-05-18 22:11:00,2026-05-19 00:52:00,Yes,Closed as per standard procedure.,IoT Device
ALT00028,Indus Financial Services,High,2026-05-09 19:33:00,2026-05-09 19:34:00,No,No further action required.,IoT Device
ALT00029,Indus Financial Services,Medium,2026-04-20 22:11:00,2026-04-21 00:42:00,No,False positive.,Cloud Workload
ALT00030,Indus Financial Services,Low,2026-05-08 10:17:00,2026-05-08 13:03:00,No,False positive.,IoT Device
ALT00031,Indus Financial Services,Low,2026-05-17 12:42:00,2026-05-17 16:12:00,No,Reviewed and closed.,Endpoint
ALT00032,Indus Financial Services,High,2026-06-24 19:45:00,2026-06-24 19:47:00,No,False positive.,Server
ALT00033,Indus Financial Services,Critical,2026-06-14 15:47:00,2026-06-14 15:49:00,No,No further action required.,Network Device
ALT00034,Indus Financial Services,Low,2026-06-26 06:14:00,2026-06-26 09:41:00,Yes,Reviewed and closed.,IoT Device
ALT00035,Indus Financial Services,High,2026-05-07 09:11:00,2026-05-07 09:13:00,No,No further action required.,Endpoint
ALT00036,Indus Financial Services,Critical,2026-04-14 03:11:00,2026-04-14 03:15:00,No,No further action required.,Network Device
ALT00037,Indus Financial Services,Medium,2026-05-08 17:59:00,2026-05-08 20:29:00,Yes,Reviewed and closed.,Database
ALT00038,Indus Financial Services,Medium,2026-04-04 16:19:00,2026-04-04 19:28:00,No,False positive.,Server
ALT00039,Indus Financial Services,Medium,2026-06-07 14:06:00,2026-06-07 16:46:00,No,False positive.,Network Device
ALT00040,Indus Financial Services,High,2026-06-04 08:43:00,2026-06-04 08:45:00,No,No further action required.,IoT Device
ALT00041,Indus Financial Services,Critical,2026-05-26 04:47:00,2026-05-26 04:49:00,No,No further action required.,Database
ALT00042,Indus Financial Services,Medium,2026-05-26 16:34:00,2026-05-26 19:52:00,No,Closed as per standard procedure.,Server
ALT00043,Indus Financial Services,Critical,2026-04-27 07:47:00,2026-04-27 07:50:00,No,Reviewed and closed.,Server
ALT00044,Indus Financial Services,Low,2026-04-17 22:04:00,2026-04-18 01:04:00,Yes,No further action required.,Server
ALT00045,Indus Financial Services,High,2026-06-01 08:07:00,2026-06-01 08:08:00,No,False positive.,IoT Device
ALT00046,Indus Financial Services,Low,2026-05-23 18:38:00,2026-05-23 22:04:00,No,Reviewed and closed.,Database
ALT00047,Indus Financial Services,Low,2026-05-08 00:43:00,2026-05-08 04:00:00,No,No further action required.,Database
ALT00048,Indus Financial Services,High,2026-04-14 17:07:00,2026-04-14 17:11:00,Yes,No further action required.,Endpoint
ALT00049,Indus Financial Services,Low,2026-05-07 04:04:00,2026-05-07 07:30:00,No,Reviewed and closed.,IoT Device
ALT00050,Indus Financial Services,Medium,2026-04-04 00:26:00,2026-04-04 03:49:00,Yes,Closed as per standard procedure.,Database
ALT00051,Indus Financial Services,Low,2026-05-25 13:38:00,2026-05-25 17:03:00,No,False positive.,Database
ALT00052,Indus Financial Services,Medium,2026-05-14 19:23:00,2026-05-14 22:23:00,No,Closed as per standard procedure.,IoT Device
ALT00053,Indus Financial Services,Critical,2026-06-13 13:01:00,2026-06-13 13:02:00,No,No further action required.,Server
ALT00054,Indus Financial Services,Critical,2026-06-29 20:46:00,2026-06-29 20:49:00,No,Closed as per standard procedure.,Endpoint
ALT00055,Indus Financial Services,Low,2026-04-11 02:20:00,2026-04-11 05:49:00,No,Reviewed and closed.,Cloud Workload
ALT00056,Indus Financial Services,Medium,2026-06-06 03:42:00,2026-06-06 06:37:00,No,Reviewed and closed.,Database
ALT00057,Indus Financial Services,Medium,2026-05-07 01:38:00,2026-05-07 04:09:00,No,Closed as per standard procedure.,Cloud Workload
ALT00058,Indus Financial Services,Medium,2026-04-25 05:46:00,2026-04-25 08:18:00,No,Closed as per standard procedure.,Database
ALT00059,Indus Financial Services,Medium,2026-04-06 12:12:00,2026-04-06 14:58:00,No,Closed as per standard procedure.,Endpoint
ALT00060,Indus Financial Services,High,2026-05-18 22:56:00,2026-05-18 23:00:00,No,Reviewed and closed.,IoT Device
ALT00061,Indus Financial Services,High,2026-06-06 14:33:00,2026-06-06 14:35:00,No,No further action required.,Server
ALT00062,Indus Financial Services,Critical,2026-05-29 01:03:00,2026-05-29 01:07:00,No,False positive.,Cloud Workload
ALT00063,Indus Financial Services,Medium,2026-05-26 10:30:00,2026-05-26 13:28:00,No,No further action required.,Cloud Workload
ALT00064,Indus Financial Services,High,2026-04-13 06:45:00,2026-04-13 06:47:00,No,Closed as per standard procedure.,Endpoint
ALT00065,Indus Financial Services,Medium,2026-05-02 01:56:00,2026-05-02 05:14:00,No,Closed as per standard procedure.,Endpoint
ALT00066,Indus Financial Services,Low,2026-04-04 14:16:00,2026-04-04 17:01:00,No,False positive.,IoT Device
ALT00001,Fortis Defense Systems,Medium,2026-05-16 13:30:00,2026-05-16 16:28:00,Yes,No further action required.,Network Device
ALT00002,Fortis Defense Systems,Medium,2026-06-21 15:51:00,2026-06-21 19:03:00,Yes,"Investigated source IP, confirmed malicious signature, blocked at firewall, root cause documented.",IoT Device
ALT00003,Fortis Defense Systems,Medium,2026-05-07 19:06:00,2026-05-07 22:02:00,No,False positive.,Cloud Workload
ALT00004,Fortis Defense Systems,Critical,2026-04-18 12:21:00,2026-04-18 15:16:00,No,Closed as per standard procedure.,Database
ALT00005,Fortis Defense Systems,Medium,2026-05-31 00:17:00,2026-05-31 02:49:00,No,"Performed forensic triage on affected host, isolated system, initiated containment protocol.",IoT Device
ALT00006,Fortis Defense Systems,High,2026-04-14 19:34:00,2026-04-14 22:44:00,No,Closed as per standard procedure.,IoT Device
ALT00007,Fortis Defense Systems,High,2026-06-09 15:09:00,2026-06-09 17:50:00,Yes,"Correlated with SIEM logs across 3 hosts, identified lateral movement attempt, escalated.",Server
ALT00008,Fortis Defense Systems,High,2026-05-30 06:31:00,2026-05-30 09:31:00,Yes,"Performed forensic triage on affected host, isolated system, initiated containment protocol.",IoT Device
ALT00009,Fortis Defense Systems,Medium,2026-06-11 12:56:00,2026-06-11 15:58:00,No,"Performed forensic triage on affected host, isolated system, initiated containment protocol.",Network Device
ALT00010,Fortis Defense Systems,Critical,2026-06-10 12:00:00,2026-06-10 15:08:00,Yes,No further action required.,Cloud Workload
ALT00011,Fortis Defense Systems,High,2026-06-12 13:37:00,2026-06-12 16:20:00,No,"Correlated with SIEM logs across 3 hosts, identified lateral movement attempt, escalated.",Cloud Workload
ALT00012,Fortis Defense Systems,Low,2026-06-07 14:47:00,2026-06-07 17:59:00,Yes,False positive.,Server
ALT00013,Fortis Defense Systems,High,2026-05-01 00:49:00,2026-05-01 04:05:00,No,No further action required.,Database
ALT00014,Fortis Defense Systems,Low,2026-04-25 03:10:00,2026-04-25 06:23:00,No,"Cross-referenced with threat intel feed, identified C2 communication pattern, escalated to IR team.",Endpoint
ALT00015,Fortis Defense Systems,Critical,2026-05-18 14:53:00,2026-05-18 18:16:00,No,No further action required.,IoT Device
ALT00016,Fortis Defense Systems,Low,2026-06-11 16:24:00,2026-06-11 19:15:00,No,Reviewed and closed.,Server
ALT00017,Fortis Defense Systems,Medium,2026-06-09 02:44:00,2026-06-09 05:32:00,No,"Investigated source IP, confirmed malicious signature, blocked at firewall, root cause documented.",IoT Device
ALT00018,Fortis Defense Systems,High,2026-05-24 03:18:00,2026-05-24 06:44:00,No,"Performed forensic triage on affected host, isolated system, initiated containment protocol.",Network Device
ALT00019,Fortis Defense Systems,High,2026-04-07 12:51:00,2026-04-07 15:36:00,No,Reviewed and closed.,Network Device
ALT00020,Fortis Defense Systems,Low,2026-05-29 23:05:00,2026-05-30 02:08:00,No,False positive.,Network Device
ALT00021,Fortis Defense Systems,Medium,2026-06-23 22:22:00,2026-06-24 01:49:00,No,No further action required.,Cloud Workload
ALT00022,Fortis Defense Systems,Medium,2026-06-11 22:46:00,2026-06-12 02:02:00,No,Closed as per standard procedure.,Network Device
ALT00023,Fortis Defense Systems,Medium,2026-06-17 02:50:00,2026-06-17 06:11:00,Yes,Reviewed and closed.,Server
ALT00024,Fortis Defense Systems,Medium,2026-04-23 01:56:00,2026-04-23 05:24:00,No,Reviewed and closed.,Cloud Workload
ALT00025,Fortis Defense Systems,Medium,2026-04-06 05:44:00,2026-04-06 08:15:00,Yes,"Investigated source IP, confirmed malicious signature, blocked at firewall, root cause documented.",Network Device
ALT00026,Fortis Defense Systems,High,2026-04-19 11:38:00,2026-04-19 14:55:00,No,False positive.,IoT Device
ALT00027,Fortis Defense Systems,Medium,2026-06-05 22:15:00,2026-06-06 01:16:00,No,"Performed forensic triage on affected host, isolated system, initiated containment protocol.",Database
ALT00028,Fortis Defense Systems,Low,2026-05-26 15:37:00,2026-05-26 18:59:00,No,"Investigated source IP, confirmed malicious signature, blocked at firewall, root cause documented.",Cloud Workload
ALT00029,Fortis Defense Systems,High,2026-06-20 12:53:00,2026-06-20 16:23:00,No,Closed as per standard procedure.,IoT Device
ALT00030,Fortis Defense Systems,Critical,2026-04-15 02:18:00,2026-04-15 05:30:00,Yes,No further action required.,Endpoint
ALT00031,Fortis Defense Systems,High,2026-04-19 12:24:00,2026-04-19 15:06:00,Yes,Reviewed and closed.,Network Device
ALT00032,Fortis Defense Systems,Low,2026-04-24 11:58:00,2026-04-24 14:36:00,No,"Investigated source IP, confirmed malicious signature, blocked at firewall, root cause documented.",Network Device
ALT00033,Fortis Defense Systems,Low,2026-04-24 14:36:00,2026-04-24 17:18:00,No,Reviewed and closed.,Endpoint
ALT00034,Fortis Defense Systems,Medium,2026-06-01 20:54:00,2026-06-01 23:31:00,No,No further action required.,Database
ALT00035,Fortis Defense Systems,Critical,2026-05-06 08:11:00,2026-05-06 11:15:00,Yes,"Investigated source IP, confirmed malicious signature, blocked at firewall, root cause documented.",Database
ALT00036,Fortis Defense Systems,Critical,2026-05-13 16:35:00,2026-05-13 19:59:00,Yes,No further action required.,Server
ALT00037,Fortis Defense Systems,Medium,2026-06-30 22:31:00,2026-06-30 23:59:59,Yes,"Performed forensic triage on affected host, isolated system, initiated containment protocol.",Cloud Workload
ALT00038,Fortis Defense Systems,Medium,2026-05-07 09:20:00,2026-05-07 12:42:00,No,"Performed forensic triage on affected host, isolated system, initiated containment protocol.",Server
ALT00039,Fortis Defense Systems,Low,2026-04-25 21:07:00,2026-04-26 00:10:00,No,"Performed forensic triage on affected host, isolated system, initiated containment protocol.",IoT Device
ALT00040,Fortis Defense Systems,Low,2026-05-12 11:54:00,2026-05-12 14:24:00,No,False positive.,Server
ALT00041,Fortis Defense Systems,High,2026-05-10 16:29:00,2026-05-10 19:51:00,Yes,"Investigated source IP, confirmed malicious signature, blocked at firewall, root cause documented.",Database
ALT00042,Fortis Defense Systems,Medium,2026-05-27 19:17:00,2026-05-27 21:47:00,No,No further action required.,Database
ALT00043,Fortis Defense Systems,Critical,2026-04-29 02:05:00,2026-04-29 05:08:00,No,"Cross-referenced with threat intel feed, identified C2 communication pattern, escalated to IR team.",Endpoint
ALT00044,Fortis Defense Systems,Critical,2026-04-06 14:53:00,2026-04-06 17:27:00,Yes,No further action required.,Server
ALT00045,Fortis Defense Systems,Medium,2026-04-12 20:37:00,2026-04-12 23:50:00,Yes,Reviewed and closed.,Endpoint
ALT00046,Fortis Defense Systems,Low,2026-05-10 10:50:00,2026-05-10 13:36:00,No,"Investigated source IP, confirmed malicious signature, blocked at firewall, root cause documented.",Cloud Workload
ALT00047,Fortis Defense Systems,Critical,2026-06-15 11:54:00,2026-06-15 14:31:00,Yes,"Cross-referenced with threat intel feed, identified C2 communication pattern, escalated to IR team.",Server
ALT00048,Fortis Defense Systems,Medium,2026-04-18 19:43:00,2026-04-18 23:12:00,Yes,"Correlated with SIEM logs across 3 hosts, identified lateral movement attempt, escalated.",IoT Device
ALT00049,Fortis Defense Systems,Critical,2026-05-27 18:27:00,2026-05-27 21:18:00,Yes,No further action required.,Endpoint
ALT00050,Fortis Defense Systems,Low,2026-04-14 20:40:00,2026-04-14 23:19:00,No,Closed as per standard procedure.,Cloud Workload
ALT00051,Fortis Defense Systems,Medium,2026-05-04 17:23:00,2026-05-04 20:29:00,Yes,No further action required.,Network Device
ALT00052,Fortis Defense Systems,Critical,2026-06-24 17:56:00,2026-06-24 21:19:00,Yes,Closed as per standard procedure.,Server
ALT00053,Fortis Defense Systems,Medium,2026-04-19 20:00:00,2026-04-19 22:57:00,Yes,No further action required.,Cloud Workload
ALT00054,Fortis Defense Systems,Low,2026-05-15 06:06:00,2026-05-15 09:17:00,No,"Correlated with SIEM logs across 3 hosts, identified lateral movement attempt, escalated.",Server
ALT00055,Fortis Defense Systems,High,2026-06-05 20:09:00,2026-06-05 22:49:00,No,"Cross-referenced with threat intel feed, identified C2 communication pattern, escalated to IR team.",Endpoint
ALT00056,Fortis Defense Systems,Medium,2026-04-21 07:24:00,2026-04-21 10:30:00,No,Reviewed and closed.,Database
ALT00057,Fortis Defense Systems,Medium,2026-06-05 16:08:00,2026-06-05 19:25:00,No,"Cross-referenced with threat intel feed, identified C2 communication pattern, escalated to IR team.",Endpoint
ALT00058,Fortis Defense Systems,Medium,2026-05-12 00:51:00,2026-05-12 03:28:00,No,"Cross-referenced with threat intel feed, identified C2 communication pattern, escalated to IR team.",IoT Device
ALT00059,Fortis Defense Systems,Medium,2026-05-09 18:26:00,2026-05-09 21:44:00,No,"Correlated with SIEM logs across 3 hosts, identified lateral movement attempt, escalated.",Server
ALT00060,Fortis Defense Systems,High,2026-05-04 07:10:00,2026-05-04 09:50:00,No,"Cross-referenced with threat intel feed, identified C2 communication pattern, escalated to IR team.",Database
ALT00061,Fortis Defense Systems,Critical,2026-04-14 22:26:00,2026-04-15 01:22:00,Yes,"Performed forensic triage on affected host, isolated system, initiated containment protocol.",Cloud Workload
ALT00062,Fortis Defense Systems,Low,2026-04-18 04:19:00,2026-04-18 07:34:00,No,"Correlated with SIEM logs across 3 hosts, identified lateral movement attempt, escalated.",Server
ALT00063,Fortis Defense Systems,High,2026-04-28 22:23:00,2026-04-29 01:44:00,Yes,Reviewed and closed.,Server
ALT00064,Fortis Defense Systems,High,2026-06-25 12:30:00,2026-06-25 15:51:00,No,"Cross-referenced with threat intel feed, identified C2 communication pattern, escalated to IR team.",Network Device
ALT00065,Fortis Defense Systems,Medium,2026-05-10 01:04:00,2026-05-10 04:27:00,No,"Performed forensic triage on affected host, isolated system, initiated containment protocol.",Cloud Workload
ALT00066,Fortis Defense Systems,Low,2026-05-01 12:43:00,2026-05-01 15:45:00,No,Reviewed and closed.,Network Device
ALT00067,Fortis Defense Systems,Critical,2026-04-11 07:30:00,2026-04-11 10:00:00,Yes,No further action required.,IoT Device
ALT00068,Fortis Defense Systems,Low,2026-06-13 05:26:00,2026-06-13 08:55:00,Yes,Closed as per standard procedure.,Server
ALT00069,Fortis Defense Systems,Critical,2026-04-30 07:01:00,2026-04-30 09:58:00,Yes,"Investigated source IP, confirmed malicious signature, blocked at firewall, root cause documented.",IoT Device
ALT00070,Fortis Defense Systems,Medium,2026-05-28 06:40:00,2026-05-28 09:45:00,No,"Correlated with SIEM logs across 3 hosts, identified lateral movement attempt, escalated.",IoT Device
ALT00071,Fortis Defense Systems,Medium,2026-04-10 12:19:00,2026-04-10 15:07:00,Yes,False positive.,Cloud Workload
ALT00072,Fortis Defense Systems,Critical,2026-05-28 18:23:00,2026-05-28 21:17:00,Yes,No further action required.,Endpoint
ALT00073,Fortis Defense Systems,Low,2026-05-07 01:53:00,2026-05-07 05:02:00,No,"Correlated with SIEM logs across 3 hosts, identified lateral movement attempt, escalated.",Database
ALT00074,Fortis Defense Systems,Medium,2026-05-08 09:30:00,2026-05-08 12:42:00,No,"Correlated with SIEM logs across 3 hosts, identified lateral movement attempt, escalated.",Cloud Workload
ALT00075,Fortis Defense Systems,High,2026-06-27 11:32:00,2026-06-27 14:54:00,Yes,"Correlated with SIEM logs across 3 hosts, identified lateral movement attempt, escalated.",Endpoint
ALT00076,Fortis Defense Systems,Low,2026-04-11 01:50:00,2026-04-11 04:27:00,No,Closed as per standard procedure.,Cloud Workload
ALT00077,Fortis Defense Systems,High,2026-06-27 00:01:00,2026-06-27 02:55:00,No,"Cross-referenced with threat intel feed, identified C2 communication pattern, escalated to IR team.",Endpoint
ALT00078,Fortis Defense Systems,Medium,2026-06-29 10:51:00,2026-06-29 13:41:00,Yes,Reviewed and closed.,Network Device
ALT00079,Fortis Defense Systems,Low,2026-06-08 05:24:00,2026-06-08 08:40:00,Yes,Closed as per standard procedure.,Network Device
ALT00080,Fortis Defense Systems,Low,2026-06-05 11:45:00,2026-06-05 15:15:00,No,"Investigated source IP, confirmed malicious signature, blocked at firewall, root cause documented.",IoT Device
ALT00081,Fortis Defense Systems,Low,2026-05-07 02:44:00,2026-05-07 05:22:00,No,Reviewed and closed.,Endpoint
ALT00082,Fortis Defense Systems,Low,2026-04-12 23:37:00,2026-04-13 02:24:00,No,"Cross-referenced with threat intel feed, identified C2 communication pattern, escalated to IR team.",Database
ALT00083,Fortis Defense Systems,Critical,2026-05-04 20:01:00,2026-05-04 22:40:00,Yes,"Correlated with SIEM logs across 3 hosts, identified lateral movement attempt, escalated.",Cloud Workload
ALT00084,Fortis Defense Systems,Low,2026-04-19 11:14:00,2026-04-19 14:21:00,No,No further action required.,IoT Device
ALT00085,Fortis Defense Systems,Low,2026-06-06 08:16:00,2026-06-06 11:26:00,Yes,"Investigated source IP, confirmed malicious signature, blocked at firewall, root cause documented.",Cloud Workload
ALT00086,Fortis Defense Systems,Low,2026-04-29 22:17:00,2026-04-30 00:48:00,No,False positive.,Database
ALT00087,Fortis Defense Systems,Medium,2026-05-24 09:07:00,2026-05-24 12:13:00,No,False positive.,Server
ALT00088,Fortis Defense Systems,Medium,2026-04-03 23:57:00,2026-04-04 02:51:00,No,False positive.,Database
ALT00089,Fortis Defense Systems,Critical,2026-05-13 04:46:00,2026-05-13 07:47:00,Yes,False positive.,Endpoint
ALT00090,Fortis Defense Systems,Low,2026-04-18 02:21:00,2026-04-18 05:42:00,No,"Correlated with SIEM logs across 3 hosts, identified lateral movement attempt, escalated.",Server
ALT00091,Fortis Defense Systems,Low,2026-04-21 22:45:00,2026-04-22 01:54:00,No,Reviewed and closed.,IoT Device
ALT00092,Fortis Defense Systems,Medium,2026-04-02 16:56:00,2026-04-02 20:02:00,No,False positive.,IoT Device
ALT00093,Fortis Defense Systems,High,2026-05-04 02:32:00,2026-05-04 05:37:00,Yes,"Investigated source IP, confirmed malicious signature, blocked at firewall, root cause documented.",IoT Device
ALT00094,Fortis Defense Systems,Low,2026-06-07 06:11:00,2026-06-07 09:30:00,No,Reviewed and closed.,Cloud Workload
ALT00095,Fortis Defense Systems,Medium,2026-05-20 17:52:00,2026-05-20 21:03:00,No,"Cross-referenced with threat intel feed, identified C2 communication pattern, escalated to IR team.",Cloud Workload
ALT00096,Fortis Defense Systems,Low,2026-04-12 11:49:00,2026-04-12 15:07:00,No,"Performed forensic triage on affected host, isolated system, initiated containment protocol.",Server
ALT00097,Fortis Defense Systems,Low,2026-05-12 09:23:00,2026-05-12 12:16:00,No,"Correlated with SIEM logs across 3 hosts, identified lateral movement attempt, escalated.",Endpoint
ALT00098,Fortis Defense Systems,Low,2026-05-22 01:22:00,2026-05-22 04:16:00,No,No further action required.,IoT Device
ALT00099,Fortis Defense Systems,Low,2026-05-22 07:04:00,2026-05-22 10:34:00,Yes,Closed as per standard procedure.,Endpoint
ALT00100,Fortis Defense Systems,Medium,2026-06-09 11:49:00,2026-06-09 14:47:00,No,Closed as per standard procedure.,Network Device
ALT00101,Fortis Defense Systems,Low,2026-04-18 10:40:00,2026-04-18 13:39:00,No,"Investigated source IP, confirmed malicious signature, blocked at firewall, root cause documented.",Server
ALT00102,Fortis Defense Systems,Low,2026-06-03 01:08:00,2026-06-03 04:32:00,Yes,"Correlated with SIEM logs across 3 hosts, identified lateral movement attempt, escalated.",IoT Device
ALT00103,Fortis Defense Systems,High,2026-06-29 00:02:00,2026-06-29 02:55:00,Yes,"Investigated source IP, confirmed malicious signature, blocked at firewall, root cause documented.",Network Device
ALT00104,Fortis Defense Systems,Low,2026-05-04 21:31:00,2026-05-05 00:58:00,Yes,"Performed forensic triage on affected host, isolated system, initiated containment protocol.",IoT Device
ALT00105,Fortis Defense Systems,Medium,2026-05-11 20:04:00,2026-05-11 23:20:00,Yes,Closed as per standard procedure.,Server
ALT00106,Fortis Defense Systems,Low,2026-05-06 04:24:00,2026-05-06 06:54:00,No,Closed as per standard procedure.,Endpoint
ALT00107,Fortis Defense Systems,Critical,2026-06-28 16:37:00,2026-06-28 19:31:00,No,"Correlated with SIEM logs across 3 hosts, identified lateral movement attempt, escalated.",Network Device
ALT00108,Fortis Defense Systems,High,2026-06-26 04:25:00,2026-06-26 07:26:00,Yes,No further action required.,IoT Device
ALT00109,Fortis Defense Systems,Medium,2026-05-19 06:32:00,2026-05-19 09:17:00,No,"Investigated source IP, confirmed malicious signature, blocked at firewall, root cause documented.",Endpoint
ALT00110,Fortis Defense Systems,Medium,2026-05-09 04:38:00,2026-05-09 07:30:00,No,"Correlated with SIEM logs across 3 hosts, identified lateral movement attempt, escalated.",Server
ALT00111,Fortis Defense Systems,High,2026-04-18 15:29:00,2026-04-18 18:16:00,Yes,Closed as per standard procedure.,Cloud Workload
ALT00112,Fortis Defense Systems,Medium,2026-05-01 10:08:00,2026-05-01 13:31:00,No,"Investigated source IP, confirmed malicious signature, blocked at firewall, root cause documented.",Cloud Workload
ALT00113,Fortis Defense Systems,Low,2026-04-18 17:15:00,2026-04-18 20:23:00,No,False positive.,Network Device
ALT00114,Fortis Defense Systems,Low,2026-06-02 10:33:00,2026-06-02 14:00:00,Yes,"Performed forensic triage on affected host, isolated system, initiated containment protocol.",Endpoint
ALT00115,Fortis Defense Systems,High,2026-06-18 17:49:00,2026-06-18 21:13:00,Yes,"Cross-referenced with threat intel feed, identified C2 communication pattern, escalated to IR team.",Network Device
ALT00116,Fortis Defense Systems,Medium,2026-05-31 19:26:00,2026-05-31 22:39:00,No,"Investigated source IP, confirmed malicious signature, blocked at firewall, root cause documented.",Endpoint
ALT00117,Fortis Defense Systems,Low,2026-05-25 11:49:00,2026-05-25 15:05:00,No,"Performed forensic triage on affected host, isolated system, initiated containment protocol.",Cloud Workload
ALT00118,Fortis Defense Systems,Critical,2026-06-06 09:26:00,2026-06-06 12:28:00,Yes,Closed as per standard procedure.,Cloud Workload
ALT00119,Fortis Defense Systems,Low,2026-05-14 10:15:00,2026-05-14 13:42:00,No,Reviewed and closed.,Network Device
ALT00120,Fortis Defense Systems,Low,2026-05-24 12:14:00,2026-05-24 15:25:00,Yes,"Cross-referenced with threat intel feed, identified C2 communication pattern, escalated to IR team.",Server
ALT00121,Fortis Defense Systems,Low,2026-04-06 11:59:00,2026-04-06 15:25:00,Yes,"Cross-referenced with threat intel feed, identified C2 communication pattern, escalated to IR team.",Network Device
ALT00122,Fortis Defense Systems,Low,2026-04-08 20:15:00,2026-04-08 23:07:00,No,No further action required.,IoT Device
ALT00123,Fortis Defense Systems,High,2026-06-23 01:27:00,2026-06-23 04:01:00,Yes,Closed as per standard procedure.,Endpoint
ALT00124,Fortis Defense Systems,Low,2026-04-08 05:32:00,2026-04-08 08:19:00,No,"Investigated source IP, confirmed malicious signature, blocked at firewall, root cause documented.",Cloud Workload
ALT00125,Fortis Defense Systems,High,2026-05-23 08:46:00,2026-05-23 12:05:00,Yes,Closed as per standard procedure.,Database
ALT00126,Fortis Defense Systems,Medium,2026-05-21 09:06:00,2026-05-21 12:03:00,No,"Correlated with SIEM logs across 3 hosts, identified lateral movement attempt, escalated.",Endpoint
ALT00127,Fortis Defense Systems,Low,2026-06-24 15:16:00,2026-06-24 18:19:00,Yes,False positive.,Network Device
ALT00128,Fortis Defense Systems,Medium,2026-05-13 08:15:00,2026-05-13 11:15:00,No,Closed as per standard procedure.,IoT Device
ALT00129,Fortis Defense Systems,Low,2026-05-26 02:41:00,2026-05-26 05:12:00,No,False positive.,Cloud Workload
ALT00130,Fortis Defense Systems,Medium,2026-06-02 11:45:00,2026-06-02 15:10:00,No,"Cross-referenced with threat intel feed, identified C2 communication pattern, escalated to IR team.",Server
ALT00131,Fortis Defense Systems,Medium,2026-05-10 22:28:00,2026-05-11 01:12:00,Yes,Reviewed and closed.,Database
ALT00132,Fortis Defense Systems,High,2026-06-23 20:08:00,2026-06-23 23:13:00,Yes,Reviewed and closed.,IoT Device
ALT00133,Fortis Defense Systems,Medium,2026-06-08 14:53:00,2026-06-08 17:45:00,No,Closed as per standard procedure.,IoT Device
ALT00134,Fortis Defense Systems,Critical,2026-05-12 23:16:00,2026-05-13 01:47:00,No,False positive.,Server
ALT00135,Fortis Defense Systems,High,2026-04-02 08:38:00,2026-04-02 11:14:00,Yes,Reviewed and closed.,Endpoint
ALT00136,Fortis Defense Systems,High,2026-05-27 08:35:00,2026-05-27 11:43:00,Yes,"Investigated source IP, confirmed malicious signature, blocked at firewall, root cause documented.",Network Device
ALT00137,Fortis Defense Systems,Critical,2026-04-03 01:19:00,2026-04-03 04:33:00,No,Reviewed and closed.,Database
ALT00138,Fortis Defense Systems,Low,2026-06-09 00:44:00,2026-06-09 03:50:00,No,"Correlated with SIEM logs across 3 hosts, identified lateral movement attempt, escalated.",Server
ALT00139,Fortis Defense Systems,Low,2026-06-16 11:14:00,2026-06-16 13:45:00,Yes,False positive.,IoT Device
ALT00140,Fortis Defense Systems,Critical,2026-05-30 09:58:00,2026-05-30 12:39:00,Yes,"Correlated with SIEM logs across 3 hosts, identified lateral movement attempt, escalated.",Network Device
ALT00141,Fortis Defense Systems,High,2026-05-12 11:24:00,2026-05-12 14:53:00,Yes,"Correlated with SIEM logs across 3 hosts, identified lateral movement attempt, escalated.",Endpoint
ALT00142,Fortis Defense Systems,Medium,2026-04-15 18:03:00,2026-04-15 21:23:00,Yes,No further action required.,IoT Device
ALT00143,Fortis Defense Systems,Low,2026-06-26 21:26:00,2026-06-27 00:31:00,No,Reviewed and closed.,Endpoint
ALT00144,Fortis Defense Systems,Medium,2026-06-08 19:22:00,2026-06-08 22:46:00,Yes,Closed as per standard procedure.,Endpoint
ALT00145,Fortis Defense Systems,Critical,2026-06-04 15:19:00,2026-06-04 18:25:00,Yes,Closed as per standard procedure.,Cloud Workload
ALT00146,Fortis Defense Systems,Low,2026-05-23 10:43:00,2026-05-23 13:55:00,Yes,"Cross-referenced with threat intel feed, identified C2 communication pattern, escalated to IR team.",Network Device
ALT00147,Fortis Defense Systems,Low,2026-06-30 21:07:00,2026-06-30 23:59:59,No,False positive.,Database
ALT00148,Fortis Defense Systems,Medium,2026-06-28 14:41:00,2026-06-28 17:59:00,No,No further action required.,Server
ALT00149,Fortis Defense Systems,High,2026-04-10 23:49:00,2026-04-11 02:39:00,Yes,No further action required.,Database
ALT00150,Fortis Defense Systems,Critical,2026-04-26 08:05:00,2026-04-26 10:52:00,Yes,"Performed forensic triage on affected host, isolated system, initiated containment protocol.",Endpoint
ALT00151,Fortis Defense Systems,Low,2026-05-16 04:18:00,2026-05-16 07:08:00,No,"Performed forensic triage on affected host, isolated system, initiated containment protocol.",Network Device
ALT00152,Fortis Defense Systems,Medium,2026-04-16 13:01:00,2026-04-16 16:15:00,No,False positive.,Database
ALT00153,Fortis Defense Systems,Medium,2026-06-15 20:11:00,2026-06-15 23:24:00,No,No further action required.,Endpoint
ALT00154,Fortis Defense Systems,Medium,2026-05-22 14:36:00,2026-05-22 17:09:00,Yes,"Cross-referenced with threat intel feed, identified C2 communication pattern, escalated to IR team.",Server
ALT00155,Fortis Defense Systems,Low,2026-04-25 05:13:00,2026-04-25 08:13:00,Yes,"Cross-referenced with threat intel feed, identified C2 communication pattern, escalated to IR team.",Cloud Workload
ALT00156,Fortis Defense Systems,Medium,2026-05-14 03:36:00,2026-05-14 06:32:00,No,"Correlated with SIEM logs across 3 hosts, identified lateral movement attempt, escalated.",Endpoint
ALT00157,Fortis Defense Systems,Low,2026-06-16 10:00:00,2026-06-16 12:46:00,Yes,No further action required.,IoT Device
ALT00158,Fortis Defense Systems,Low,2026-05-27 16:19:00,2026-05-27 19:20:00,Yes,No further action required.,Server
ALT00159,Fortis Defense Systems,Low,2026-05-07 11:03:00,2026-05-07 14:00:00,No,Closed as per standard procedure.,IoT Device
ALT00160,Fortis Defense Systems,Critical,2026-05-25 06:23:00,2026-05-25 09:50:00,Yes,No further action required.,Server
ALT00161,Fortis Defense Systems,High,2026-04-01 04:45:00,2026-04-01 07:40:00,Yes,Reviewed and closed.,Database
ALT00162,Fortis Defense Systems,Medium,2026-06-10 20:47:00,2026-06-11 00:10:00,No,"Correlated with SIEM logs across 3 hosts, identified lateral movement attempt, escalated.",Database
ALT00163,Fortis Defense Systems,High,2026-04-03 15:52:00,2026-04-03 19:09:00,Yes,"Performed forensic triage on affected host, isolated system, initiated containment protocol.",Endpoint
ALT00164,Fortis Defense Systems,Low,2026-06-22 02:54:00,2026-06-22 06:13:00,No,"Correlated with SIEM logs across 3 hosts, identified lateral movement attempt, escalated.",Network Device
ALT00165,Fortis Defense Systems,Medium,2026-06-04 11:14:00,2026-06-04 14:30:00,No,False positive.,IoT Device
ALT00166,Fortis Defense Systems,Critical,2026-06-02 18:44:00,2026-06-02 22:10:00,Yes,Reviewed and closed.,Database
ALT00167,Fortis Defense Systems,High,2026-04-19 03:25:00,2026-04-19 06:33:00,No,"Performed forensic triage on affected host, isolated system, initiated containment protocol.",Server
ALT00168,Fortis Defense Systems,Medium,2026-04-20 23:30:00,2026-04-21 02:06:00,No,"Correlated with SIEM logs across 3 hosts, identified lateral movement attempt, escalated.",Cloud Workload
ALT00169,Fortis Defense Systems,Medium,2026-06-06 05:42:00,2026-06-06 08:13:00,No,"Investigated source IP, confirmed malicious signature, blocked at firewall, root cause documented.",Network Device
ALT00170,Fortis Defense Systems,Low,2026-06-01 03:53:00,2026-06-01 06:44:00,No,Closed as per standard procedure.,Network Device
ALT00171,Fortis Defense Systems,Low,2026-06-13 09:39:00,2026-06-13 13:06:00,No,"Performed forensic triage on affected host, isolated system, initiated containment protocol.",Database
ALT00172,Fortis Defense Systems,High,2026-04-06 08:25:00,2026-04-06 11:44:00,No,False positive.,Database
ALT00173,Fortis Defense Systems,Medium,2026-05-04 08:11:00,2026-05-04 11:10:00,No,"Correlated with SIEM logs across 3 hosts, identified lateral movement attempt, escalated.",Database
ALT00174,Fortis Defense Systems,High,2026-04-11 01:27:00,2026-04-11 04:08:00,Yes,"Performed forensic triage on affected host, isolated system, initiated containment protocol.",Database
ALT00175,Fortis Defense Systems,Medium,2026-05-31 04:20:00,2026-05-31 07:05:00,No,"Investigated source IP, confirmed malicious signature, blocked at firewall, root cause documented.",Endpoint
ALT00176,Fortis Defense Systems,Medium,2026-05-15 13:08:00,2026-05-15 15:40:00,No,"Correlated with SIEM logs across 3 hosts, identified lateral movement attempt, escalated.",Network Device
ALT00177,Fortis Defense Systems,Medium,2026-04-25 23:03:00,2026-04-26 01:57:00,No,"Performed forensic triage on affected host, isolated system, initiated containment protocol.",Database
ALT00178,Fortis Defense Systems,Low,2026-04-10 23:22:00,2026-04-11 02:33:00,No,"Performed forensic triage on affected host, isolated system, initiated containment protocol.",Database
ALT00179,Fortis Defense Systems,Medium,2026-05-26 20:38:00,2026-05-26 23:12:00,No,"Investigated source IP, confirmed malicious signature, blocked at firewall, root cause documented.",IoT Device
ALT00180,Fortis Defense Systems,Medium,2026-05-22 22:03:00,2026-05-23 00:54:00,No,No further action required.,Endpoint
ALT00181,Fortis Defense Systems,Low,2026-05-14 08:21:00,2026-05-14 11:22:00,No,Closed as per standard procedure.,Cloud Workload
ALT00182,Fortis Defense Systems,Medium,2026-06-16 21:52:00,2026-06-17 00:25:00,No,Closed as per standard procedure.,Endpoint
ALT00183,Fortis Defense Systems,Low,2026-05-15 01:05:00,2026-05-15 04:11:00,No,Reviewed and closed.,IoT Device
ALT00184,Fortis Defense Systems,Low,2026-06-09 11:00:00,2026-06-09 14:26:00,No,"Investigated source IP, confirmed malicious signature, blocked at firewall, root cause documented.",IoT Device
ALT00185,Fortis Defense Systems,Low,2026-06-13 12:45:00,2026-06-13 15:28:00,No,"Cross-referenced with threat intel feed, identified C2 communication pattern, escalated to IR team.",Cloud Workload
ALT00186,Fortis Defense Systems,Low,2026-04-04 18:15:00,2026-04-04 21:44:00,No,"Investigated source IP, confirmed malicious signature, blocked at firewall, root cause documented.",Cloud Workload
ALT00187,Fortis Defense Systems,Medium,2026-06-12 04:51:00,2026-06-12 07:38:00,No,Closed as per standard procedure.,Server
ALT00188,Fortis Defense Systems,Low,2026-06-20 23:45:00,2026-06-21 03:11:00,No,Closed as per standard procedure.,Endpoint
ALT00189,Fortis Defense Systems,High,2026-06-26 01:49:00,2026-06-26 05:06:00,Yes,"Correlated with SIEM logs across 3 hosts, identified lateral movement attempt, escalated.",Cloud Workload
ALT00190,Fortis Defense Systems,High,2026-06-10 07:08:00,2026-06-10 09:41:00,Yes,"Cross-referenced with threat intel feed, identified C2 communication pattern, escalated to IR team.",Network Device
ALT00191,Fortis Defense Systems,Medium,2026-05-28 12:47:00,2026-05-28 16:05:00,No,"Performed forensic triage on affected host, isolated system, initiated containment protocol.",Endpoint
ALT00192,Fortis Defense Systems,High,2026-04-10 10:24:00,2026-04-10 13:01:00,No,No further action required.,Endpoint
ALT00193,Fortis Defense Systems,Low,2026-06-20 19:16:00,2026-06-20 22:07:00,No,No further action required.,Database
ALT00194,Fortis Defense Systems,Low,2026-05-06 08:10:00,2026-05-06 11:12:00,No,"Investigated source IP, confirmed malicious signature, blocked at firewall, root cause documented.",Cloud Workload
ALT00195,Fortis Defense Systems,Medium,2026-05-07 07:16:00,2026-05-07 10:10:00,No,Closed as per standard procedure.,IoT Device
ALT00196,Fortis Defense Systems,High,2026-04-18 23:36:00,2026-04-19 03:06:00,Yes,No further action required.,IoT Device
ALT00197,Fortis Defense Systems,Medium,2026-05-07 22:51:00,2026-05-08 02:09:00,No,"Correlated with SIEM logs across 3 hosts, identified lateral movement attempt, escalated.",Database
ALT00198,Fortis Defense Systems,Medium,2026-06-05 20:14:00,2026-06-05 22:47:00,No,"Correlated with SIEM logs across 3 hosts, identified lateral movement attempt, escalated.",Network Device
ALT00199,Fortis Defense Systems,Medium,2026-06-07 15:25:00,2026-06-07 18:20:00,No,"Correlated with SIEM logs across 3 hosts, identified lateral movement attempt, escalated.",IoT Device
ALT00200,Fortis Defense Systems,Medium,2026-04-02 22:06:00,2026-04-03 00:59:00,Yes,"Correlated with SIEM logs across 3 hosts, identified lateral movement attempt, escalated.",Database
ALT00201,Fortis Defense Systems,Low,2026-04-14 16:03:00,2026-04-14 19:29:00,No,"Investigated source IP, confirmed malicious signature, blocked at firewall, root cause documented.",Endpoint
ALT00202,Fortis Defense Systems,Medium,2026-06-16 14:14:00,2026-06-16 17:27:00,No,"Correlated with SIEM logs across 3 hosts, identified lateral movement attempt, escalated.",Cloud Workload
ALT00203,Fortis Defense Systems,Medium,2026-05-07 02:42:00,2026-05-07 06:04:00,No,Reviewed and closed.,Server
ALT00204,Fortis Defense Systems,Critical,2026-05-04 21:47:00,2026-05-05 00:22:00,Yes,"Performed forensic triage on affected host, isolated system, initiated containment protocol.",Cloud Workload
ALT00205,Fortis Defense Systems,Critical,2026-04-06 09:25:00,2026-04-06 12:05:00,Yes,No further action required.,Network Device
ALT00206,Fortis Defense Systems,Critical,2026-06-23 19:51:00,2026-06-23 22:23:00,No,Reviewed and closed.,IoT Device
ALT00207,Fortis Defense Systems,Low,2026-04-01 02:03:00,2026-04-01 04:55:00,No,"Correlated with SIEM logs across 3 hosts, identified lateral movement attempt, escalated.",Network Device
ALT00208,Fortis Defense Systems,Low,2026-06-06 09:29:00,2026-06-06 12:34:00,Yes,No further action required.,Network Device
ALT00209,Fortis Defense Systems,Low,2026-04-26 04:07:00,2026-04-26 06:53:00,No,"Investigated source IP, confirmed malicious signature, blocked at firewall, root cause documented.",IoT Device
ALT00210,Fortis Defense Systems,High,2026-06-15 08:17:00,2026-06-15 11:19:00,No,False positive.,Database
ALT00211,Fortis Defense Systems,Medium,2026-06-03 02:10:00,2026-06-03 04:57:00,No,No further action required.,Database
ALT00212,Fortis Defense Systems,Critical,2026-05-10 16:15:00,2026-05-10 19:17:00,No,"Performed forensic triage on affected host, isolated system, initiated containment protocol.",IoT Device
ALT00213,Fortis Defense Systems,Critical,2026-04-12 09:07:00,2026-04-12 12:02:00,Yes,Closed as per standard procedure.,IoT Device
ALT00214,Fortis Defense Systems,Low,2026-05-29 01:07:00,2026-05-29 04:11:00,No,"Correlated with SIEM logs across 3 hosts, identified lateral movement attempt, escalated.",Database
ALT00215,Fortis Defense Systems,Low,2026-05-19 21:14:00,2026-05-19 23:53:00,No,"Performed forensic triage on affected host, isolated system, initiated containment protocol.",IoT Device
ALT00216,Fortis Defense Systems,Low,2026-06-16 20:32:00,2026-06-17 00:00:00,No,"Cross-referenced with threat intel feed, identified C2 communication pattern, escalated to IR team.",Server
ALT00217,Fortis Defense Systems,Medium,2026-06-14 18:01:00,2026-06-14 21:03:00,Yes,False positive.,Endpoint
ALT00218,Fortis Defense Systems,High,2026-06-08 14:12:00,2026-06-08 17:03:00,Yes,"Investigated source IP, confirmed malicious signature, blocked at firewall, root cause documented.",Database
ALT00219,Fortis Defense Systems,Low,2026-05-26 00:36:00,2026-05-26 03:25:00,No,"Investigated source IP, confirmed malicious signature, blocked at firewall, root cause documented.",Server
ALT00220,Fortis Defense Systems,Low,2026-05-06 13:45:00,2026-05-06 17:04:00,No,"Performed forensic triage on affected host, isolated system, initiated containment protocol.",Server
ALT00221,Fortis Defense Systems,High,2026-05-09 22:09:00,2026-05-10 01:07:00,Yes,"Correlated with SIEM logs across 3 hosts, identified lateral movement attempt, escalated.",Endpoint
ALT00222,Fortis Defense Systems,Low,2026-06-30 01:53:00,2026-06-30 05:18:00,No,"Correlated with SIEM logs across 3 hosts, identified lateral movement attempt, escalated.",Server
ALT00223,Fortis Defense Systems,Critical,2026-05-24 06:06:00,2026-05-24 09:20:00,Yes,False positive.,Server
ALT00224,Fortis Defense Systems,Medium,2026-04-14 21:17:00,2026-04-15 00:12:00,No,"Performed forensic triage on affected host, isolated system, initiated containment protocol.",Server
ALT00225,Fortis Defense Systems,Low,2026-04-18 20:00:00,2026-04-18 23:15:00,No,"Cross-referenced with threat intel feed, identified C2 communication pattern, escalated to IR team.",Endpoint
ALT00226,Fortis Defense Systems,Medium,2026-06-10 13:03:00,2026-06-10 16:08:00,No,Reviewed and closed.,Database
ALT00227,Fortis Defense Systems,Low,2026-04-29 08:38:00,2026-04-29 11:27:00,No,Reviewed and closed.,Server
ALT00228,Fortis Defense Systems,Critical,2026-05-21 00:21:00,2026-05-21 03:32:00,Yes,Reviewed and closed.,Cloud Workload
ALT00229,Fortis Defense Systems,High,2026-05-28 10:08:00,2026-05-28 13:26:00,Yes,"Performed forensic triage on affected host, isolated system, initiated containment protocol.",Database
ALT00230,Fortis Defense Systems,Low,2026-05-08 01:13:00,2026-05-08 04:29:00,No,No further action required.,Database
ALT00231,Fortis Defense Systems,Medium,2026-05-12 09:32:00,2026-05-12 12:39:00,No,"Performed forensic triage on affected host, isolated system, initiated containment protocol.",Cloud Workload
ALT00232,Fortis Defense Systems,Critical,2026-06-06 05:58:00,2026-06-06 09:10:00,Yes,No further action required.,Database
ALT00233,Fortis Defense Systems,High,2026-06-24 04:49:00,2026-06-24 07:41:00,Yes,Reviewed and closed.,Endpoint
ALT00234,Fortis Defense Systems,High,2026-06-20 22:53:00,2026-06-21 01:31:00,Yes,"Correlated with SIEM logs across 3 hosts, identified lateral movement attempt, escalated.",Endpoint
ALT00235,Fortis Defense Systems,Low,2026-05-26 04:07:00,2026-05-26 06:57:00,No,"Cross-referenced with threat intel feed, identified C2 communication pattern, escalated to IR team.",Cloud Workload
ALT00236,Fortis Defense Systems,Low,2026-06-28 09:48:00,2026-06-28 12:54:00,No,Closed as per standard procedure.,Endpoint
ALT00237,Fortis Defense Systems,Medium,2026-05-07 06:42:00,2026-05-07 10:01:00,No,"Performed forensic triage on affected host, isolated system, initiated containment protocol.",Server
ALT00238,Fortis Defense Systems,Low,2026-06-27 00:39:00,2026-06-27 04:06:00,Yes,"Investigated source IP, confirmed malicious signature, blocked at firewall, root cause documented.",Cloud Workload
ALT00239,Fortis Defense Systems,Low,2026-05-03 17:56:00,2026-05-03 20:40:00,No,Reviewed and closed.,Cloud Workload
ALT00240,Fortis Defense Systems,Medium,2026-05-10 14:43:00,2026-05-10 17:14:00,Yes,"Investigated source IP, confirmed malicious signature, blocked at firewall, root cause documented.",Database
ALT00241,Fortis Defense Systems,Low,2026-06-26 06:32:00,2026-06-26 09:08:00,No,"Cross-referenced with threat intel feed, identified C2 communication pattern, escalated to IR team.",Database
ALT00242,Fortis Defense Systems,Medium,2026-04-26 22:36:00,2026-04-27 01:42:00,No,No further action required.,Server
ALT00243,Fortis Defense Systems,Low,2026-06-28 07:27:00,2026-06-28 10:36:00,No,False positive.,Cloud Workload
ALT00244,Fortis Defense Systems,Medium,2026-04-22 09:45:00,2026-04-22 12:41:00,No,"Performed forensic triage on affected host, isolated system, initiated containment protocol.",Database
ALT00245,Fortis Defense Systems,Critical,2026-05-14 18:31:00,2026-05-14 21:27:00,Yes,No further action required.,Database
ALT00246,Fortis Defense Systems,High,2026-05-30 18:54:00,2026-05-30 22:07:00,No,Reviewed and closed.,Network Device
ALT00247,Fortis Defense Systems,Low,2026-06-05 11:14:00,2026-06-05 14:40:00,Yes,False positive.,Endpoint
ALT00248,Fortis Defense Systems,Medium,2026-05-04 20:03:00,2026-05-04 22:59:00,Yes,Closed as per standard procedure.,Database
ALT00249,Fortis Defense Systems,Medium,2026-05-17 02:48:00,2026-05-17 05:40:00,No,Closed as per standard procedure.,Cloud Workload
ALT00250,Fortis Defense Systems,Medium,2026-06-05 20:31:00,2026-06-05 23:53:00,No,"Correlated with SIEM logs across 3 hosts, identified lateral movement attempt, escalated.",Server
ALT00251,Fortis Defense Systems,Low,2026-05-06 05:37:00,2026-05-06 08:41:00,No,Closed as per standard procedure.,Server
ALT00252,Fortis Defense Systems,Low,2026-05-23 10:58:00,2026-05-23 14:00:00,No,False positive.,Database
ALT00253,Fortis Defense Systems,High,2026-05-08 17:09:00,2026-05-08 20:03:00,Yes,No further action required.,Database
ALT00254,Fortis Defense Systems,Low,2026-04-30 16:23:00,2026-04-30 19:38:00,Yes,No further action required.,IoT Device
ALT00255,Fortis Defense Systems,Critical,2026-05-20 03:19:00,2026-05-20 06:15:00,Yes,"Investigated source IP, confirmed malicious signature, blocked at firewall, root cause documented.",Endpoint
ALT00256,Fortis Defense Systems,Low,2026-04-03 11:16:00,2026-04-03 14:18:00,No,No further action required.,Database
ALT00257,Fortis Defense Systems,Low,2026-04-03 21:28:00,2026-04-04 00:52:00,No,Closed as per standard procedure.,Network Device
ALT00258,Fortis Defense Systems,Low,2026-05-14 21:54:00,2026-05-15 01:17:00,No,"Investigated source IP, confirmed malicious signature, blocked at firewall, root cause documented.",Server
ALT00259,Fortis Defense Systems,Medium,2026-06-06 13:22:00,2026-06-06 16:03:00,No,No further action required.,Server
ALT00260,Fortis Defense Systems,Low,2026-05-21 00:10:00,2026-05-21 03:02:00,No,"Performed forensic triage on affected host, isolated system, initiated containment protocol.",Database
ALT00261,Fortis Defense Systems,Low,2026-06-02 11:33:00,2026-06-02 14:51:00,No,"Correlated with SIEM logs across 3 hosts, identified lateral movement attempt, escalated.",Database
ALT00262,Fortis Defense Systems,Low,2026-06-22 01:29:00,2026-06-22 04:30:00,No,False positive.,Cloud Workload
ALT00263,Fortis Defense Systems,Critical,2026-05-01 04:29:00,2026-05-01 07:57:00,No,No further action required.,Cloud Workload
ALT00264,Fortis Defense Systems,Low,2026-04-26 05:01:00,2026-04-26 08:26:00,No,Closed as per standard procedure.,Endpoint
ALT00265,Fortis Defense Systems,High,2026-04-01 07:17:00,2026-04-01 10:17:00,Yes,Closed as per standard procedure.,Endpoint
ALT00266,Fortis Defense Systems,Low,2026-04-03 03:30:00,2026-04-03 06:15:00,Yes,False positive.,Endpoint
ALT00267,Fortis Defense Systems,Medium,2026-06-03 17:33:00,2026-06-03 20:55:00,No,Reviewed and closed.,IoT Device
ALT00268,Fortis Defense Systems,Critical,2026-04-02 21:44:00,2026-04-03 00:41:00,Yes,Reviewed and closed.,Cloud Workload
ALT00269,Fortis Defense Systems,Medium,2026-06-20 22:06:00,2026-06-21 01:13:00,No,Reviewed and closed.,IoT Device
ALT00270,Fortis Defense Systems,Medium,2026-04-19 07:52:00,2026-04-19 10:49:00,No,"Correlated with SIEM logs across 3 hosts, identified lateral movement attempt, escalated.",Database
ALT00271,Fortis Defense Systems,High,2026-05-19 03:41:00,2026-05-19 07:05:00,Yes,False positive.,Network Device
ALT00272,Fortis Defense Systems,High,2026-06-24 16:09:00,2026-06-24 18:44:00,No,"Investigated source IP, confirmed malicious signature, blocked at firewall, root cause documented.",Endpoint
ALT00273,Fortis Defense Systems,Low,2026-05-02 18:07:00,2026-05-02 21:35:00,No,False positive.,IoT Device
ALT00274,Fortis Defense Systems,Medium,2026-04-08 19:23:00,2026-04-08 22:13:00,No,"Cross-referenced with threat intel feed, identified C2 communication pattern, escalated to IR team.",Database
ALT00275,Fortis Defense Systems,Medium,2026-05-06 16:32:00,2026-05-06 19:11:00,No,"Performed forensic triage on affected host, isolated system, initiated containment protocol.",Database
ALT00276,Fortis Defense Systems,Low,2026-06-04 10:34:00,2026-06-04 13:55:00,Yes,Reviewed and closed.,Cloud Workload
ALT00277,Fortis Defense Systems,Low,2026-04-30 19:24:00,2026-04-30 22:35:00,Yes,No further action required.,Cloud Workload
ALT00278,Fortis Defense Systems,Medium,2026-05-15 13:46:00,2026-05-15 16:59:00,Yes,"Investigated source IP, confirmed malicious signature, blocked at firewall, root cause documented.",IoT Device
ALT00279,Fortis Defense Systems,Medium,2026-06-23 17:49:00,2026-06-23 21:13:00,Yes,No further action required.,Cloud Workload
ALT00280,Fortis Defense Systems,Medium,2026-05-08 11:41:00,2026-05-08 14:26:00,No,No further action required.,Endpoint
ALT00281,Fortis Defense Systems,Low,2026-05-12 15:32:00,2026-05-12 18:50:00,No,False positive.,Cloud Workload
ALT00282,Fortis Defense Systems,Low,2026-05-24 15:50:00,2026-05-24 18:52:00,No,False positive.,Network Device
ALT00283,Fortis Defense Systems,High,2026-04-18 02:08:00,2026-04-18 05:24:00,Yes,No further action required.,Database
ALT00284,Fortis Defense Systems,Low,2026-04-05 03:03:00,2026-04-05 05:55:00,No,Closed as per standard procedure.,Database
ALT00285,Fortis Defense Systems,High,2026-06-20 16:53:00,2026-06-20 19:23:00,No,Reviewed and closed.,Cloud Workload
ALT00286,Fortis Defense Systems,High,2026-06-04 21:24:00,2026-06-05 00:40:00,Yes,False positive.,Network Device
ALT00287,Fortis Defense Systems,Medium,2026-06-27 08:06:00,2026-06-27 10:38:00,No,"Investigated source IP, confirmed malicious signature, blocked at firewall, root cause documented.",IoT Device
ALT00288,Fortis Defense Systems,Low,2026-04-21 23:51:00,2026-04-22 03:16:00,Yes,"Performed forensic triage on affected host, isolated system, initiated containment protocol.",Cloud Workload
ALT00289,Fortis Defense Systems,Medium,2026-04-04 16:38:00,2026-04-04 19:46:00,No,No further action required.,Server
ALT00290,Fortis Defense Systems,Medium,2026-05-30 05:28:00,2026-05-30 08:47:00,Yes,No further action required.,IoT Device
ALT00291,Fortis Defense Systems,Medium,2026-05-17 05:11:00,2026-05-17 08:27:00,No,"Correlated with SIEM logs across 3 hosts, identified lateral movement attempt, escalated.",Database
ALT00292,Fortis Defense Systems,High,2026-06-29 09:50:00,2026-06-29 13:17:00,Yes,False positive.,Database
ALT00293,Fortis Defense Systems,Low,2026-04-26 02:09:00,2026-04-26 05:15:00,No,"Cross-referenced with threat intel feed, identified C2 communication pattern, escalated to IR team.",Server
ALT00294,Fortis Defense Systems,Medium,2026-04-06 16:40:00,2026-04-06 19:37:00,No,"Cross-referenced with threat intel feed, identified C2 communication pattern, escalated to IR team.",Database
ALT00295,Fortis Defense Systems,Low,2026-04-21 14:16:00,2026-04-21 17:36:00,No,"Performed forensic triage on affected host, isolated system, initiated containment protocol.",Server
ALT00296,Fortis Defense Systems,Critical,2026-05-15 21:02:00,2026-05-15 23:46:00,No,False positive.,IoT Device
ALT00297,Fortis Defense Systems,Critical,2026-05-26 00:26:00,2026-05-26 03:05:00,No,"Correlated with SIEM logs across 3 hosts, identified lateral movement attempt, escalated.",Network Device
ALT00298,Fortis Defense Systems,Medium,2026-05-23 09:16:00,2026-05-23 12:24:00,Yes,"Investigated source IP, confirmed malicious signature, blocked at firewall, root cause documented.",Cloud Workload
ALT00299,Fortis Defense Systems,Critical,2026-04-28 16:05:00,2026-04-28 18:38:00,Yes,False positive.,Server
ALT00300,Fortis Defense Systems,Medium,2026-06-30 05:07:00,2026-06-30 08:10:00,No,No further action required.,Server
ALT00301,Fortis Defense Systems,Medium,2026-04-28 12:34:00,2026-04-28 15:08:00,No,"Investigated source IP, confirmed malicious signature, blocked at firewall, root cause documented.",Endpoint
ALT00302,Fortis Defense Systems,High,2026-05-07 20:13:00,2026-05-07 22:56:00,Yes,No further action required.,Database
ALT00303,Fortis Defense Systems,Low,2026-05-27 15:03:00,2026-05-27 17:56:00,No,No further action required.,IoT Device
ALT00304,Fortis Defense Systems,Medium,2026-05-31 06:04:00,2026-05-31 08:57:00,No,"Correlated with SIEM logs across 3 hosts, identified lateral movement attempt, escalated.",Database
ALT00305,Fortis Defense Systems,Low,2026-04-01 05:43:00,2026-04-01 08:41:00,Yes,"Performed forensic triage on affected host, isolated system, initiated containment protocol.",Cloud Workload
ALT00306,Fortis Defense Systems,Low,2026-05-22 03:17:00,2026-05-22 06:31:00,Yes,"Investigated source IP, confirmed malicious signature, blocked at firewall, root cause documented.",Cloud Workload
ALT00307,Fortis Defense Systems,High,2026-04-03 19:05:00,2026-04-03 22:33:00,Yes,"Performed forensic triage on affected host, isolated system, initiated containment protocol.",Cloud Workload
ALT00308,Fortis Defense Systems,Low,2026-05-17 13:57:00,2026-05-17 16:46:00,No,Closed as per standard procedure.,Endpoint
ALT00309,Fortis Defense Systems,Low,2026-05-01 06:12:00,2026-05-01 09:14:00,Yes,"Performed forensic triage on affected host, isolated system, initiated containment protocol.",Server
ALT00310,Fortis Defense Systems,Critical,2026-05-07 17:19:00,2026-05-07 20:17:00,Yes,"Performed forensic triage on affected host, isolated system, initiated containment protocol.",Database
ALT00311,Fortis Defense Systems,Medium,2026-05-06 03:55:00,2026-05-06 07:17:00,No,No further action required.,Server
ALT00312,Fortis Defense Systems,High,2026-04-19 12:26:00,2026-04-19 15:02:00,Yes,"Correlated with SIEM logs across 3 hosts, identified lateral movement attempt, escalated.",Database
ALT00313,Fortis Defense Systems,Critical,2026-04-25 20:14:00,2026-04-25 23:08:00,No,Reviewed and closed.,Database
ALT00314,Fortis Defense Systems,High,2026-06-20 22:12:00,2026-06-21 01:34:00,Yes,Reviewed and closed.,Endpoint
ALT00315,Fortis Defense Systems,Medium,2026-06-19 06:43:00,2026-06-19 09:22:00,No,No further action required.,Network Device
ALT00316,Fortis Defense Systems,Low,2026-05-28 06:19:00,2026-05-28 09:49:00,No,"Correlated with SIEM logs across 3 hosts, identified lateral movement attempt, escalated.",Endpoint
ALT00317,Fortis Defense Systems,Medium,2026-06-18 02:21:00,2026-06-18 04:56:00,No,False positive.,IoT Device
ALT00318,Fortis Defense Systems,Low,2026-06-24 12:59:00,2026-06-24 15:40:00,No,"Correlated with SIEM logs across 3 hosts, identified lateral movement attempt, escalated.",IoT Device
ALT00319,Fortis Defense Systems,Low,2026-06-13 12:13:00,2026-06-13 14:51:00,No,"Performed forensic triage on affected host, isolated system, initiated containment protocol.",Endpoint
ALT00320,Fortis Defense Systems,Medium,2026-05-02 02:46:00,2026-05-02 05:54:00,No,Closed as per standard procedure.,Network Device
ALT00321,Fortis Defense Systems,Medium,2026-05-03 02:07:00,2026-05-03 04:40:00,No,Closed as per standard procedure.,IoT Device
ALT00322,Fortis Defense Systems,Low,2026-06-25 16:43:00,2026-06-25 19:19:00,No,Closed as per standard procedure.,Database
ALT00323,Fortis Defense Systems,Low,2026-04-16 04:17:00,2026-04-16 06:56:00,No,"Cross-referenced with threat intel feed, identified C2 communication pattern, escalated to IR team.",Endpoint
ALT00324,Fortis Defense Systems,Low,2026-06-23 00:00:00,2026-06-23 03:30:00,No,Reviewed and closed.,Database
ALT00325,Fortis Defense Systems,Medium,2026-05-13 00:28:00,2026-05-13 03:14:00,Yes,Closed as per standard procedure.,Cloud Workload
ALT00326,Fortis Defense Systems,High,2026-04-27 08:36:00,2026-04-27 11:21:00,Yes,"Performed forensic triage on affected host, isolated system, initiated containment protocol.",Endpoint
ALT00327,Fortis Defense Systems,Low,2026-06-12 17:08:00,2026-06-12 19:47:00,No,Reviewed and closed.,Endpoint
ALT00328,Fortis Defense Systems,Low,2026-04-01 13:44:00,2026-04-01 16:22:00,Yes,False positive.,Cloud Workload
ALT00329,Fortis Defense Systems,Low,2026-06-01 22:00:00,2026-06-02 01:27:00,No,False positive.,IoT Device
ALT00330,Fortis Defense Systems,Low,2026-06-14 12:03:00,2026-06-14 15:15:00,No,"Investigated source IP, confirmed malicious signature, blocked at firewall, root cause documented.",Endpoint
ALT00331,Fortis Defense Systems,Critical,2026-05-05 19:59:00,2026-05-05 22:39:00,No,Closed as per standard procedure.,Cloud Workload
ALT00332,Fortis Defense Systems,High,2026-05-03 18:36:00,2026-05-03 21:17:00,Yes,False positive.,Server
ALT00333,Fortis Defense Systems,Medium,2026-06-05 23:40:00,2026-06-06 02:48:00,No,False positive.,Cloud Workload
ALT00334,Fortis Defense Systems,Low,2026-05-07 11:16:00,2026-05-07 14:04:00,No,"Cross-referenced with threat intel feed, identified C2 communication pattern, escalated to IR team.",Endpoint
ALT00335,Fortis Defense Systems,Low,2026-04-18 20:10:00,2026-04-18 23:25:00,No,"Cross-referenced with threat intel feed, identified C2 communication pattern, escalated to IR team.",Endpoint
ALT00336,Fortis Defense Systems,Medium,2026-04-30 00:09:00,2026-04-30 02:49:00,No,"Cross-referenced with threat intel feed, identified C2 communication pattern, escalated to IR team.",Database
ALT00337,Fortis Defense Systems,Medium,2026-06-02 11:23:00,2026-06-02 14:42:00,Yes,Reviewed and closed.,Database
ALT00338,Fortis Defense Systems,Low,2026-04-05 14:55:00,2026-04-05 18:04:00,No,Reviewed and closed.,Network Device
ALT00339,Fortis Defense Systems,Low,2026-05-14 01:35:00,2026-05-14 04:54:00,No,"Investigated source IP, confirmed malicious signature, blocked at firewall, root cause documented.",Cloud Workload
ALT00340,Fortis Defense Systems,Low,2026-06-09 19:37:00,2026-06-09 22:22:00,No,"Correlated with SIEM logs across 3 hosts, identified lateral movement attempt, escalated.",Network Device
ALT00341,Fortis Defense Systems,Medium,2026-05-06 16:45:00,2026-05-06 19:31:00,No,"Performed forensic triage on affected host, isolated system, initiated containment protocol.",Cloud Workload
ALT00342,Fortis Defense Systems,Low,2026-06-18 15:46:00,2026-06-18 18:25:00,Yes,Closed as per standard procedure.,Database
ALT00343,Fortis Defense Systems,Medium,2026-06-09 08:17:00,2026-06-09 10:52:00,No,"Correlated with SIEM logs across 3 hosts, identified lateral movement attempt, escalated.",Database
ALT00344,Fortis Defense Systems,Low,2026-05-15 21:15:00,2026-05-16 00:12:00,No,"Investigated source IP, confirmed malicious signature, blocked at firewall, root cause documented.",IoT Device
ALT00345,Fortis Defense Systems,Critical,2026-06-23 08:41:00,2026-06-23 11:23:00,Yes,"Investigated source IP, confirmed malicious signature, blocked at firewall, root cause documented.",IoT Device
ALT00346,Fortis Defense Systems,Low,2026-04-21 12:52:00,2026-04-21 15:46:00,Yes,"Investigated source IP, confirmed malicious signature, blocked at firewall, root cause documented.",Database
ALT00347,Fortis Defense Systems,Low,2026-06-21 19:33:00,2026-06-21 22:37:00,No,"Correlated with SIEM logs across 3 hosts, identified lateral movement attempt, escalated.",Endpoint
ALT00348,Fortis Defense Systems,Low,2026-04-01 01:52:00,2026-04-01 05:13:00,No,"Cross-referenced with threat intel feed, identified C2 communication pattern, escalated to IR team.",Network Device
ALT00349,Fortis Defense Systems,Medium,2026-06-11 11:16:00,2026-06-11 14:43:00,No,Reviewed and closed.,Endpoint
ALT00350,Fortis Defense Systems,Low,2026-04-27 17:05:00,2026-04-27 20:31:00,No,"Investigated source IP, confirmed malicious signature, blocked at firewall, root cause documented.",Database
ALT00351,Fortis Defense Systems,Low,2026-05-19 09:01:00,2026-05-19 12:25:00,No,"Investigated source IP, confirmed malicious signature, blocked at firewall, root cause documented.",Server
ALT00352,Fortis Defense Systems,Low,2026-06-01 18:41:00,2026-06-01 22:00:00,No,"Investigated source IP, confirmed malicious signature, blocked at firewall, root cause documented.",Server
ALT00353,Fortis Defense Systems,High,2026-04-27 15:30:00,2026-04-27 18:03:00,No,Closed as per standard procedure.,Cloud Workload
ALT00354,Fortis Defense Systems,Low,2026-05-03 02:28:00,2026-05-03 05:17:00,Yes,False positive.,Cloud Workload
ALT00355,Fortis Defense Systems,Medium,2026-05-26 22:07:00,2026-05-27 01:30:00,Yes,Closed as per standard procedure.,Database
ALT00356,Fortis Defense Systems,Medium,2026-04-02 07:02:00,2026-04-02 10:27:00,Yes,Closed as per standard procedure.,Network Device
ALT00357,Fortis Defense Systems,Low,2026-05-04 13:08:00,2026-05-04 16:23:00,Yes,"Performed forensic triage on affected host, isolated system, initiated containment protocol.",IoT Device
ALT00358,Fortis Defense Systems,Medium,2026-04-13 16:30:00,2026-04-13 19:36:00,No,"Investigated source IP, confirmed malicious signature, blocked at firewall, root cause documented.",Network Device
ALT00359,Fortis Defense Systems,Low,2026-06-14 03:22:00,2026-06-14 06:17:00,No,"Cross-referenced with threat intel feed, identified C2 communication pattern, escalated to IR team.",Server
ALT00360,Fortis Defense Systems,Medium,2026-06-03 20:24:00,2026-06-03 23:43:00,No,Reviewed and closed.,Server
ALT00361,Fortis Defense Systems,Medium,2026-05-11 05:30:00,2026-05-11 08:57:00,Yes,"Performed forensic triage on affected host, isolated system, initiated containment protocol.",Cloud Workload
ALT00362,Fortis Defense Systems,Critical,2026-04-12 00:49:00,2026-04-12 03:43:00,Yes,"Performed forensic triage on affected host, isolated system, initiated containment protocol.",Cloud Workload
ALT00363,Fortis Defense Systems,High,2026-04-09 16:45:00,2026-04-09 20:02:00,No,"Correlated with SIEM logs across 3 hosts, identified lateral movement attempt, escalated.",Database
ALT00364,Fortis Defense Systems,Medium,2026-04-02 14:31:00,2026-04-02 17:26:00,No,Reviewed and closed.,Network Device
ALT00365,Fortis Defense Systems,Low,2026-05-28 00:07:00,2026-05-28 03:08:00,No,Reviewed and closed.,Cloud Workload
ALT00366,Fortis Defense Systems,Low,2026-05-28 06:15:00,2026-05-28 08:53:00,No,Closed as per standard procedure.,Endpoint
ALT00367,Fortis Defense Systems,Low,2026-04-06 14:48:00,2026-04-06 17:43:00,No,Closed as per standard procedure.,IoT Device
ALT00368,Fortis Defense Systems,Low,2026-05-10 01:43:00,2026-05-10 04:42:00,No,"Investigated source IP, confirmed malicious signature, blocked at firewall, root cause documented.",IoT Device
ALT00369,Fortis Defense Systems,Medium,2026-04-17 05:46:00,2026-04-17 08:39:00,Yes,Reviewed and closed.,Network Device
ALT00370,Fortis Defense Systems,Critical,2026-06-23 22:19:00,2026-06-24 01:29:00,No,False positive.,IoT Device
ALT00371,Fortis Defense Systems,Low,2026-04-20 21:53:00,2026-04-21 00:40:00,No,False positive.,Database
ALT00372,Fortis Defense Systems,Medium,2026-05-18 05:21:00,2026-05-18 07:54:00,No,Reviewed and closed.,Database
ALT00373,Fortis Defense Systems,Low,2026-04-22 07:13:00,2026-04-22 10:02:00,No,"Investigated source IP, confirmed malicious signature, blocked at firewall, root cause documented.",Database
ALT00374,Fortis Defense Systems,Low,2026-04-03 10:23:00,2026-04-03 13:53:00,Yes,Reviewed and closed.,Endpoint
ALT00375,Fortis Defense Systems,High,2026-06-28 03:47:00,2026-06-28 06:37:00,No,"Cross-referenced with threat intel feed, identified C2 communication pattern, escalated to IR team.",Server
ALT00376,Fortis Defense Systems,Medium,2026-04-30 11:30:00,2026-04-30 14:10:00,No,No further action required.,Database
ALT00377,Fortis Defense Systems,Critical,2026-06-05 09:18:00,2026-06-05 12:44:00,Yes,"Cross-referenced with threat intel feed, identified C2 communication pattern, escalated to IR team.",Network Device
ALT00378,Fortis Defense Systems,Medium,2026-04-24 09:25:00,2026-04-24 12:12:00,Yes,No further action required.,Cloud Workload
ALT00379,Fortis Defense Systems,Medium,2026-04-16 23:28:00,2026-04-17 02:15:00,No,False positive.,Database
ALT00380,Fortis Defense Systems,Medium,2026-04-12 19:39:00,2026-04-12 22:53:00,Yes,No further action required.,Network Device
ALT00381,Fortis Defense Systems,Medium,2026-06-25 08:04:00,2026-06-25 10:44:00,No,Closed as per standard procedure.,Cloud Workload
ALT00382,Fortis Defense Systems,Medium,2026-05-08 21:47:00,2026-05-09 00:51:00,Yes,"Performed forensic triage on affected host, isolated system, initiated containment protocol.",Server
ALT00383,Fortis Defense Systems,Medium,2026-06-24 17:49:00,2026-06-24 20:27:00,No,"Investigated source IP, confirmed malicious signature, blocked at firewall, root cause documented.",Database
ALT00384,Fortis Defense Systems,Low,2026-05-10 10:47:00,2026-05-10 13:25:00,No,False positive.,Database
ALT00385,Fortis Defense Systems,Low,2026-05-01 18:29:00,2026-05-01 21:06:00,No,"Cross-referenced with threat intel feed, identified C2 communication pattern, escalated to IR team.",Endpoint
ALT00386,Fortis Defense Systems,High,2026-05-22 05:12:00,2026-05-22 08:39:00,Yes,"Performed forensic triage on affected host, isolated system, initiated containment protocol.",Cloud Workload
ALT00387,Fortis Defense Systems,Critical,2026-06-22 06:08:00,2026-06-22 08:39:00,Yes,"Investigated source IP, confirmed malicious signature, blocked at firewall, root cause documented.",Cloud Workload
ALT00388,Fortis Defense Systems,Low,2026-04-09 23:38:00,2026-04-10 02:55:00,No,"Performed forensic triage on affected host, isolated system, initiated containment protocol.",Server
ALT00389,Fortis Defense Systems,Medium,2026-06-17 22:47:00,2026-06-18 01:23:00,Yes,False positive.,Network Device
ALT00390,Fortis Defense Systems,Medium,2026-05-04 23:00:00,2026-05-05 02:22:00,No,"Investigated source IP, confirmed malicious signature, blocked at firewall, root cause documented.",Database
ALT00391,Fortis Defense Systems,Low,2026-06-04 03:59:00,2026-06-04 06:40:00,Yes,No further action required.,IoT Device
ALT00392,Fortis Defense Systems,Medium,2026-06-26 09:19:00,2026-06-26 11:59:00,Yes,"Investigated source IP, confirmed malicious signature, blocked at firewall, root cause documented.",Endpoint
ALT00393,Fortis Defense Systems,Low,2026-04-25 20:05:00,2026-04-25 22:50:00,Yes,"Investigated source IP, confirmed malicious signature, blocked at firewall, root cause documented.",Cloud Workload
ALT00394,Fortis Defense Systems,Low,2026-06-04 16:58:00,2026-06-04 20:03:00,No,"Investigated source IP, confirmed malicious signature, blocked at firewall, root cause documented.",Server
ALT00395,Fortis Defense Systems,Medium,2026-05-20 05:53:00,2026-05-20 08:46:00,No,"Investigated source IP, confirmed malicious signature, blocked at firewall, root cause documented.",IoT Device
ALT00396,Fortis Defense Systems,Low,2026-04-19 18:25:00,2026-04-19 21:22:00,No,False positive.,Network Device
ALT00397,Fortis Defense Systems,Critical,2026-05-11 10:01:00,2026-05-11 12:59:00,No,No further action required.,Network Device
ALT00398,Fortis Defense Systems,Critical,2026-06-18 20:08:00,2026-06-18 23:22:00,Yes,No further action required.,Endpoint
ALT00399,Fortis Defense Systems,Low,2026-05-09 23:05:00,2026-05-10 02:33:00,No,Reviewed and closed.,Cloud Workload
ALT00400,Fortis Defense Systems,Medium,2026-05-06 15:40:00,2026-05-06 18:51:00,Yes,Reviewed and closed.,Cloud Workload
ALT00401,Fortis Defense Systems,Low,2026-04-30 15:51:00,2026-04-30 19:18:00,Yes,False positive.,Database
ALT00402,Fortis Defense Systems,Low,2026-06-09 03:54:00,2026-06-09 07:24:00,No,"Investigated source IP, confirmed malicious signature, blocked at firewall, root cause documented.",Database
ALT00403,Fortis Defense Systems,High,2026-04-26 04:47:00,2026-04-26 07:34:00,No,"Correlated with SIEM logs across 3 hosts, identified lateral movement attempt, escalated.",Cloud Workload
ALT00404,Fortis Defense Systems,Low,2026-05-09 11:55:00,2026-05-09 15:05:00,No,Reviewed and closed.,Cloud Workload
ALT00405,Fortis Defense Systems,Low,2026-04-27 16:03:00,2026-04-27 19:00:00,No,"Performed forensic triage on affected host, isolated system, initiated containment protocol.",IoT Device
ALT00406,Fortis Defense Systems,Critical,2026-04-18 23:25:00,2026-04-19 02:43:00,Yes,False positive.,Network Device
ALT00407,Fortis Defense Systems,Medium,2026-05-04 22:44:00,2026-05-05 01:33:00,No,No further action required.,IoT Device
ALT00408,Fortis Defense Systems,Low,2026-05-21 22:18:00,2026-05-22 01:34:00,Yes,"Correlated with SIEM logs across 3 hosts, identified lateral movement attempt, escalated.",Server
ALT00409,Fortis Defense Systems,Critical,2026-04-21 04:47:00,2026-04-21 07:58:00,No,No further action required.,Endpoint
ALT00410,Fortis Defense Systems,Low,2026-05-06 00:36:00,2026-05-06 03:36:00,No,"Correlated with SIEM logs across 3 hosts, identified lateral movement attempt, escalated.",Database
ALT00411,Fortis Defense Systems,Medium,2026-06-18 12:12:00,2026-06-18 14:56:00,Yes,"Performed forensic triage on affected host, isolated system, initiated containment protocol.",IoT Device
ALT00412,Fortis Defense Systems,Medium,2026-05-08 12:50:00,2026-05-08 16:06:00,No,Reviewed and closed.,Network Device
ALT00413,Fortis Defense Systems,High,2026-06-26 00:40:00,2026-06-26 04:09:00,Yes,"Investigated source IP, confirmed malicious signature, blocked at firewall, root cause documented.",Database
ALT00414,Fortis Defense Systems,High,2026-04-22 09:07:00,2026-04-22 12:15:00,Yes,"Investigated source IP, confirmed malicious signature, blocked at firewall, root cause documented.",Network Device
ALT00415,Fortis Defense Systems,Medium,2026-05-10 21:04:00,2026-05-10 23:59:00,Yes,Reviewed and closed.,IoT Device
ALT00416,Fortis Defense Systems,Low,2026-06-15 00:48:00,2026-06-15 03:24:00,No,No further action required.,Database
ALT00417,Fortis Defense Systems,High,2026-06-17 12:03:00,2026-06-17 14:37:00,No,"Cross-referenced with threat intel feed, identified C2 communication pattern, escalated to IR team.",Database
ALT00418,Fortis Defense Systems,Medium,2026-06-08 08:19:00,2026-06-08 11:19:00,No,Reviewed and closed.,Cloud Workload
ALT00419,Fortis Defense Systems,Low,2026-05-02 00:07:00,2026-05-02 02:57:00,No,"Performed forensic triage on affected host, isolated system, initiated containment protocol.",Database
ALT00420,Fortis Defense Systems,High,2026-05-03 20:51:00,2026-05-04 00:09:00,Yes,"Correlated with SIEM logs across 3 hosts, identified lateral movement attempt, escalated.",Endpoint
ALT00421,Fortis Defense Systems,Low,2026-04-20 01:34:00,2026-04-20 04:09:00,No,Closed as per standard procedure.,Endpoint
ALT00422,Fortis Defense Systems,Low,2026-06-13 22:07:00,2026-06-14 01:08:00,No,Closed as per standard procedure.,Network Device
ALT00423,Fortis Defense Systems,High,2026-04-29 21:35:00,2026-04-30 00:38:00,No,"Cross-referenced with threat intel feed, identified C2 communication pattern, escalated to IR team.",Endpoint
ALT00424,Fortis Defense Systems,Medium,2026-06-11 11:27:00,2026-06-11 14:11:00,No,Closed as per standard procedure.,Database
ALT00425,Fortis Defense Systems,Medium,2026-04-02 00:18:00,2026-04-02 02:57:00,Yes,No further action required.,Cloud Workload
ALT00426,Fortis Defense Systems,Medium,2026-05-17 01:15:00,2026-05-17 04:41:00,No,"Cross-referenced with threat intel feed, identified C2 communication pattern, escalated to IR team.",Database
ALT00427,Fortis Defense Systems,High,2026-06-25 21:11:00,2026-06-26 00:03:00,Yes,"Investigated source IP, confirmed malicious signature, blocked at firewall, root cause documented.",IoT Device
ALT00428,Fortis Defense Systems,Low,2026-06-07 07:42:00,2026-06-07 10:45:00,No,Reviewed and closed.,Server
ALT00429,Fortis Defense Systems,Low,2026-04-19 07:08:00,2026-04-19 09:54:00,No,False positive.,Endpoint
ALT00430,Fortis Defense Systems,Medium,2026-06-18 23:20:00,2026-06-19 02:38:00,No,"Performed forensic triage on affected host, isolated system, initiated containment protocol.",Server
ALT00431,Fortis Defense Systems,Critical,2026-06-17 16:50:00,2026-06-17 19:29:00,Yes,No further action required.,Cloud Workload
ALT00432,Fortis Defense Systems,Critical,2026-05-10 01:37:00,2026-05-10 04:10:00,No,"Investigated source IP, confirmed malicious signature, blocked at firewall, root cause documented.",Cloud Workload
ALT00433,Fortis Defense Systems,Low,2026-04-20 22:00:00,2026-04-21 00:59:00,No,No further action required.,Database
ALT00434,Fortis Defense Systems,Low,2026-04-13 07:26:00,2026-04-13 09:58:00,No,No further action required.,Cloud Workload
ALT00435,Fortis Defense Systems,Medium,2026-06-28 10:33:00,2026-06-28 13:34:00,No,Reviewed and closed.,Database
ALT00436,Fortis Defense Systems,Low,2026-06-12 10:45:00,2026-06-12 13:35:00,No,Closed as per standard procedure.,IoT Device
ALT00437,Fortis Defense Systems,High,2026-06-04 06:11:00,2026-06-04 09:03:00,No,"Investigated source IP, confirmed malicious signature, blocked at firewall, root cause documented.",Database
ALT00438,Fortis Defense Systems,Low,2026-06-08 19:49:00,2026-06-08 22:51:00,Yes,"Investigated source IP, confirmed malicious signature, blocked at firewall, root cause documented.",Endpoint
ALT00439,Fortis Defense Systems,Critical,2026-05-28 09:53:00,2026-05-28 12:25:00,No,No further action required.,Network Device
ALT00440,Fortis Defense Systems,Low,2026-05-06 23:05:00,2026-05-07 02:22:00,No,False positive.,Cloud Workload
ALT00441,Fortis Defense Systems,Low,2026-05-10 08:34:00,2026-05-10 11:23:00,No,"Investigated source IP, confirmed malicious signature, blocked at firewall, root cause documented.",Endpoint
ALT00442,Fortis Defense Systems,Low,2026-04-06 01:30:00,2026-04-06 04:34:00,Yes,Reviewed and closed.,Server
ALT00443,Fortis Defense Systems,High,2026-06-02 00:53:00,2026-06-02 03:34:00,Yes,Closed as per standard procedure.,Endpoint
ALT00444,Fortis Defense Systems,Medium,2026-05-29 03:24:00,2026-05-29 06:26:00,No,False positive.,Server
ALT00445,Fortis Defense Systems,Low,2026-05-12 22:15:00,2026-05-13 01:07:00,No,Reviewed and closed.,Cloud Workload
ALT00446,Fortis Defense Systems,Low,2026-06-12 11:37:00,2026-06-12 14:10:00,No,Reviewed and closed.,Database
ALT00447,Fortis Defense Systems,Medium,2026-06-25 00:19:00,2026-06-25 03:45:00,No,No further action required.,Database
ALT00448,Fortis Defense Systems,Medium,2026-06-06 12:25:00,2026-06-06 15:17:00,No,No further action required.,Cloud Workload
ALT00449,Fortis Defense Systems,Low,2026-05-01 22:53:00,2026-05-02 01:38:00,No,"Performed forensic triage on affected host, isolated system, initiated containment protocol.",Endpoint
ALT00450,Fortis Defense Systems,Critical,2026-04-26 08:26:00,2026-04-26 11:39:00,No,"Performed forensic triage on affected host, isolated system, initiated containment protocol.",Cloud Workload
ALT00451,Fortis Defense Systems,Low,2026-06-16 09:14:00,2026-06-16 12:20:00,No,"Investigated source IP, confirmed malicious signature, blocked at firewall, root cause documented.",Server
ALT00452,Fortis Defense Systems,Medium,2026-06-14 18:56:00,2026-06-14 21:36:00,No,"Performed forensic triage on affected host, isolated system, initiated containment protocol.",Endpoint
ALT00453,Fortis Defense Systems,Low,2026-05-11 21:58:00,2026-05-12 00:56:00,Yes,No further action required.,Network Device
ALT00454,Fortis Defense Systems,Critical,2026-06-21 22:41:00,2026-06-22 02:03:00,Yes,Closed as per standard procedure.,Endpoint
ALT00455,Fortis Defense Systems,Critical,2026-05-26 17:33:00,2026-05-26 20:32:00,Yes,Closed as per standard procedure.,Endpoint
ALT00456,Fortis Defense Systems,Low,2026-06-23 02:27:00,2026-06-23 05:48:00,Yes,"Correlated with SIEM logs across 3 hosts, identified lateral movement attempt, escalated.",Server
ALT00457,Fortis Defense Systems,Critical,2026-04-04 02:19:00,2026-04-04 05:30:00,No,Reviewed and closed.,Endpoint
ALT00458,Fortis Defense Systems,High,2026-06-03 08:24:00,2026-06-03 10:57:00,Yes,Closed as per standard procedure.,Cloud Workload
ALT00459,Fortis Defense Systems,Medium,2026-05-17 20:55:00,2026-05-17 23:44:00,Yes,No further action required.,Network Device
ALT00460,Fortis Defense Systems,High,2026-06-27 03:27:00,2026-06-27 06:45:00,Yes,No further action required.,Endpoint
ALT00461,Fortis Defense Systems,Low,2026-05-15 04:21:00,2026-05-15 07:47:00,No,False positive.,Endpoint
ALT00462,Fortis Defense Systems,Medium,2026-05-15 10:02:00,2026-05-15 13:19:00,No,Reviewed and closed.,Network Device
ALT00463,Fortis Defense Systems,Low,2026-06-19 05:32:00,2026-06-19 08:09:00,No,"Performed forensic triage on affected host, isolated system, initiated containment protocol.",Database
ALT00464,Fortis Defense Systems,High,2026-06-11 21:35:00,2026-06-12 00:49:00,No,"Investigated source IP, confirmed malicious signature, blocked at firewall, root cause documented.",IoT Device
ALT00465,Fortis Defense Systems,Low,2026-06-08 22:35:00,2026-06-09 02:01:00,Yes,False positive.,Network Device
ALT00466,Fortis Defense Systems,Critical,2026-05-06 08:53:00,2026-05-06 11:54:00,Yes,No further action required.,Database
ALT00467,Fortis Defense Systems,Medium,2026-05-02 23:56:00,2026-05-03 03:12:00,No,False positive.,Server
ALT00468,Fortis Defense Systems,Critical,2026-06-08 19:46:00,2026-06-08 22:52:00,Yes,"Cross-referenced with threat intel feed, identified C2 communication pattern, escalated to IR team.",Cloud Workload
ALT00469,Fortis Defense Systems,Low,2026-04-22 09:07:00,2026-04-22 12:17:00,No,"Investigated source IP, confirmed malicious signature, blocked at firewall, root cause documented.",Cloud Workload
ALT00470,Fortis Defense Systems,Medium,2026-04-26 15:00:00,2026-04-26 17:42:00,No,"Investigated source IP, confirmed malicious signature, blocked at firewall, root cause documented.",Database
ALT00471,Fortis Defense Systems,Medium,2026-05-17 09:10:00,2026-05-17 12:28:00,No,No further action required.,IoT Device
ALT00472,Fortis Defense Systems,Low,2026-05-10 23:51:00,2026-05-11 02:21:00,No,"Cross-referenced with threat intel feed, identified C2 communication pattern, escalated to IR team.",Endpoint
ALT00473,Fortis Defense Systems,Low,2026-04-15 04:52:00,2026-04-15 08:06:00,No,No further action required.,IoT Device
ALT00474,Fortis Defense Systems,Medium,2026-06-18 03:53:00,2026-06-18 06:24:00,No,Closed as per standard procedure.,Server
ALT00475,Fortis Defense Systems,High,2026-04-25 04:31:00,2026-04-25 07:22:00,No,No further action required.,Endpoint
ALT00476,Fortis Defense Systems,High,2026-06-01 10:29:00,2026-06-01 13:39:00,Yes,"Cross-referenced with threat intel feed, identified C2 communication pattern, escalated to IR team.",Database
ALT00477,Fortis Defense Systems,Low,2026-04-19 03:46:00,2026-04-19 06:16:00,Yes,No further action required.,IoT Device
ALT00478,Fortis Defense Systems,Low,2026-04-23 15:34:00,2026-04-23 18:41:00,No,"Performed forensic triage on affected host, isolated system, initiated containment protocol.",Endpoint
ALT00479,Fortis Defense Systems,Medium,2026-06-20 03:30:00,2026-06-20 06:56:00,No,False positive.,Cloud Workload
ALT00480,Fortis Defense Systems,Low,2026-05-14 22:51:00,2026-05-15 02:15:00,No,"Cross-referenced with threat intel feed, identified C2 communication pattern, escalated to IR team.",Database
ALT00481,Fortis Defense Systems,Medium,2026-05-16 03:28:00,2026-05-16 06:31:00,No,"Cross-referenced with threat intel feed, identified C2 communication pattern, escalated to IR team.",IoT Device
ALT00482,Fortis Defense Systems,Medium,2026-04-28 22:19:00,2026-04-29 00:54:00,No,"Correlated with SIEM logs across 3 hosts, identified lateral movement attempt, escalated.",Endpoint
ALT00483,Fortis Defense Systems,Low,2026-04-26 23:32:00,2026-04-27 03:00:00,Yes,"Cross-referenced with threat intel feed, identified C2 communication pattern, escalated to IR team.",Database
ALT00484,Fortis Defense Systems,High,2026-06-23 10:01:00,2026-06-23 13:21:00,No,"Performed forensic triage on affected host, isolated system, initiated containment protocol.",Cloud Workload
ALT00485,Fortis Defense Systems,High,2026-06-01 05:31:00,2026-06-01 08:09:00,Yes,"Investigated source IP, confirmed malicious signature, blocked at firewall, root cause documented.",Server
ALT00486,Fortis Defense Systems,Medium,2026-04-23 12:29:00,2026-04-23 15:21:00,Yes,"Cross-referenced with threat intel feed, identified C2 communication pattern, escalated to IR team.",Server
ALT00487,Fortis Defense Systems,Medium,2026-04-23 19:44:00,2026-04-23 23:07:00,Yes,False positive.,Database
ALT00488,Fortis Defense Systems,Medium,2026-04-25 06:47:00,2026-04-25 10:04:00,Yes,"Performed forensic triage on affected host, isolated system, initiated containment protocol.",Endpoint
ALT00489,Fortis Defense Systems,Medium,2026-06-15 09:14:00,2026-06-15 12:25:00,No,"Performed forensic triage on affected host, isolated system, initiated containment protocol.",Network Device
ALT00490,Fortis Defense Systems,Critical,2026-04-03 19:21:00,2026-04-03 22:25:00,Yes,"Correlated with SIEM logs across 3 hosts, identified lateral movement attempt, escalated.",Database
ALT00491,Fortis Defense Systems,Medium,2026-05-14 22:23:00,2026-05-15 01:00:00,No,Reviewed and closed.,Endpoint
ALT00492,Fortis Defense Systems,Low,2026-05-11 03:23:00,2026-05-11 06:29:00,No,"Correlated with SIEM logs across 3 hosts, identified lateral movement attempt, escalated.",Endpoint
ALT00493,Fortis Defense Systems,High,2026-06-12 09:05:00,2026-06-12 11:57:00,Yes,"Correlated with SIEM logs across 3 hosts, identified lateral movement attempt, escalated.",Network Device
ALT00494,Fortis Defense Systems,Low,2026-05-23 22:42:00,2026-05-24 01:47:00,No,"Cross-referenced with threat intel feed, identified C2 communication pattern, escalated to IR team.",Database
ALT00495,Fortis Defense Systems,Low,2026-04-02 09:14:00,2026-04-02 12:21:00,No,No further action required.,IoT Device
ALT00496,Fortis Defense Systems,Medium,2026-05-09 01:40:00,2026-05-09 04:53:00,No,Reviewed and closed.,Database
ALT00497,Fortis Defense Systems,Low,2026-05-12 17:55:00,2026-05-12 21:01:00,Yes,"Cross-referenced with threat intel feed, identified C2 communication pattern, escalated to IR team.",IoT Device
ALT00498,Fortis Defense Systems,Low,2026-04-28 22:36:00,2026-04-29 01:57:00,Yes,"Cross-referenced with threat intel feed, identified C2 communication pattern, escalated to IR team.",Endpoint
ALT00499,Fortis Defense Systems,Low,2026-06-08 04:23:00,2026-06-08 07:28:00,No,Closed as per standard procedure.,IoT Device
ALT00500,Fortis Defense Systems,Low,2026-04-18 12:42:00,2026-04-18 15:25:00,Yes,"Performed forensic triage on affected host, isolated system, initiated containment protocol.",Cloud Workload
ALT00501,Fortis Defense Systems,Medium,2026-06-08 17:26:00,2026-06-08 19:58:00,No,"Cross-referenced with threat intel feed, identified C2 communication pattern, escalated to IR team.",Cloud Workload
ALT00502,Fortis Defense Systems,Low,2026-05-18 02:59:00,2026-05-18 05:33:00,No,"Investigated source IP, confirmed malicious signature, blocked at firewall, root cause documented.",IoT Device
ALT00503,Fortis Defense Systems,Critical,2026-05-16 17:35:00,2026-05-16 20:18:00,No,"Cross-referenced with threat intel feed, identified C2 communication pattern, escalated to IR team.",Network Device
ALT00504,Fortis Defense Systems,Medium,2026-04-16 17:21:00,2026-04-16 20:44:00,Yes,"Correlated with SIEM logs across 3 hosts, identified lateral movement attempt, escalated.",Cloud Workload
ALT00505,Fortis Defense Systems,Medium,2026-06-21 13:08:00,2026-06-21 15:48:00,No,"Performed forensic triage on affected host, isolated system, initiated containment protocol.",Database
ALT00506,Fortis Defense Systems,Low,2026-06-07 19:46:00,2026-06-07 23:06:00,No,"Investigated source IP, confirmed malicious signature, blocked at firewall, root cause documented.",Cloud Workload
ALT00507,Fortis Defense Systems,Critical,2026-04-25 01:19:00,2026-04-25 04:06:00,Yes,Reviewed and closed.,Network Device
ALT00508,Fortis Defense Systems,Critical,2026-06-28 15:04:00,2026-06-28 17:45:00,Yes,No further action required.,Cloud Workload
ALT00509,Fortis Defense Systems,Critical,2026-06-26 17:02:00,2026-06-26 19:32:00,Yes,Reviewed and closed.,Database
ALT00510,Fortis Defense Systems,Low,2026-06-14 18:04:00,2026-06-14 20:37:00,Yes,Reviewed and closed.,Cloud Workload
ALT00511,Fortis Defense Systems,Critical,2026-05-06 11:44:00,2026-05-06 14:50:00,Yes,False positive.,IoT Device
ALT00512,Fortis Defense Systems,High,2026-06-10 06:40:00,2026-06-10 09:23:00,Yes,"Investigated source IP, confirmed malicious signature, blocked at firewall, root cause documented.",IoT Device
ALT00513,Fortis Defense Systems,Low,2026-05-31 19:00:00,2026-05-31 21:45:00,Yes,"Cross-referenced with threat intel feed, identified C2 communication pattern, escalated to IR team.",Cloud Workload
ALT00514,Fortis Defense Systems,Medium,2026-06-20 23:12:00,2026-06-21 02:28:00,No,"Correlated with SIEM logs across 3 hosts, identified lateral movement attempt, escalated.",Endpoint
ALT00515,Fortis Defense Systems,High,2026-05-02 00:43:00,2026-05-02 03:40:00,Yes,No further action required.,Endpoint
ALT00516,Fortis Defense Systems,Low,2026-04-30 23:45:00,2026-05-01 03:00:00,No,"Correlated with SIEM logs across 3 hosts, identified lateral movement attempt, escalated.",Endpoint
ALT00517,Fortis Defense Systems,High,2026-05-17 22:18:00,2026-05-18 01:23:00,Yes,"Performed forensic triage on affected host, isolated system, initiated containment protocol.",Endpoint
ALT00518,Fortis Defense Systems,Critical,2026-06-15 17:19:00,2026-06-15 20:48:00,No,False positive.,Endpoint
ALT00519,Fortis Defense Systems,Medium,2026-05-02 02:20:00,2026-05-02 05:17:00,No,Reviewed and closed.,Endpoint
ALT00520,Fortis Defense Systems,Low,2026-06-21 02:39:00,2026-06-21 05:22:00,No,False positive.,Endpoint
ALT00521,Fortis Defense Systems,High,2026-05-17 11:51:00,2026-05-17 15:19:00,Yes,"Correlated with SIEM logs across 3 hosts, identified lateral movement attempt, escalated.",Endpoint
ALT00522,Fortis Defense Systems,Critical,2026-06-05 12:21:00,2026-06-05 14:56:00,No,"Correlated with SIEM logs across 3 hosts, identified lateral movement attempt, escalated.",Network Device
ALT00523,Fortis Defense Systems,Critical,2026-04-04 08:37:00,2026-04-04 11:08:00,Yes,"Cross-referenced with threat intel feed, identified C2 communication pattern, escalated to IR team.",Database
ALT00524,Fortis Defense Systems,High,2026-05-22 21:46:00,2026-05-23 00:48:00,Yes,Reviewed and closed.,Endpoint
ALT00525,Fortis Defense Systems,Medium,2026-04-28 01:45:00,2026-04-28 04:59:00,Yes,False positive.,IoT Device
ALT00526,Fortis Defense Systems,High,2026-05-15 16:43:00,2026-05-15 19:47:00,Yes,"Investigated source IP, confirmed malicious signature, blocked at firewall, root cause documented.",Server
ALT00527,Fortis Defense Systems,Medium,2026-05-18 13:02:00,2026-05-18 16:22:00,No,"Correlated with SIEM logs across 3 hosts, identified lateral movement attempt, escalated.",Database
ALT00528,Fortis Defense Systems,Low,2026-06-12 16:13:00,2026-06-12 19:01:00,No,"Performed forensic triage on affected host, isolated system, initiated containment protocol.",Network Device
ALT00529,Fortis Defense Systems,Low,2026-05-23 06:43:00,2026-05-23 09:40:00,No,"Performed forensic triage on affected host, isolated system, initiated containment protocol.",IoT Device
ALT00530,Fortis Defense Systems,Critical,2026-04-28 13:53:00,2026-04-28 17:19:00,No,"Correlated with SIEM logs across 3 hosts, identified lateral movement attempt, escalated.",Cloud Workload
ALT00531,Fortis Defense Systems,High,2026-06-16 18:28:00,2026-06-16 21:18:00,Yes,"Cross-referenced with threat intel feed, identified C2 communication pattern, escalated to IR team.",Endpoint
ALT00532,Fortis Defense Systems,Low,2026-05-03 13:06:00,2026-05-03 16:27:00,Yes,"Investigated source IP, confirmed malicious signature, blocked at firewall, root cause documented.",Endpoint
ALT00533,Fortis Defense Systems,High,2026-05-15 03:11:00,2026-05-15 06:31:00,Yes,"Investigated source IP, confirmed malicious signature, blocked at firewall, root cause documented.",IoT Device
ALT00534,Fortis Defense Systems,Critical,2026-05-31 11:51:00,2026-05-31 14:53:00,No,No further action required.,Endpoint
ALT00535,Fortis Defense Systems,Critical,2026-05-05 07:14:00,2026-05-05 09:51:00,No,"Correlated with SIEM logs across 3 hosts, identified lateral movement attempt, escalated.",IoT Device
ALT00536,Fortis Defense Systems,Low,2026-05-26 07:21:00,2026-05-26 09:52:00,No,"Performed forensic triage on affected host, isolated system, initiated containment protocol.",Database
ALT00537,Fortis Defense Systems,Medium,2026-06-10 22:33:00,2026-06-11 01:28:00,No,"Cross-referenced with threat intel feed, identified C2 communication pattern, escalated to IR team.",Cloud Workload
ALT00538,Fortis Defense Systems,Medium,2026-05-22 20:22:00,2026-05-22 23:06:00,No,False positive.,Network Device
ALT00539,Fortis Defense Systems,Low,2026-06-28 14:07:00,2026-06-28 17:12:00,No,"Cross-referenced with threat intel feed, identified C2 communication pattern, escalated to IR team.",IoT Device
ALT00540,Fortis Defense Systems,Low,2026-05-10 05:00:00,2026-05-10 08:14:00,No,"Investigated source IP, confirmed malicious signature, blocked at firewall, root cause documented.",Endpoint
ALT00541,Fortis Defense Systems,Medium,2026-05-29 13:56:00,2026-05-29 16:29:00,No,"Correlated with SIEM logs across 3 hosts, identified lateral movement attempt, escalated.",Endpoint
ALT00542,Fortis Defense Systems,Low,2026-05-15 19:33:00,2026-05-15 22:11:00,No,"Cross-referenced with threat intel feed, identified C2 communication pattern, escalated to IR team.",Server
ALT00543,Fortis Defense Systems,Medium,2026-06-26 21:07:00,2026-06-26 23:39:00,No,"Correlated with SIEM logs across 3 hosts, identified lateral movement attempt, escalated.",IoT Device
ALT00544,Fortis Defense Systems,Critical,2026-06-27 19:59:00,2026-06-27 22:29:00,No,"Correlated with SIEM logs across 3 hosts, identified lateral movement attempt, escalated.",Endpoint
ALT00545,Fortis Defense Systems,Low,2026-05-23 16:56:00,2026-05-23 19:30:00,No,False positive.,IoT Device
ALT00546,Fortis Defense Systems,Medium,2026-05-11 09:31:00,2026-05-11 12:20:00,No,Reviewed and closed.,Cloud Workload
ALT00547,Fortis Defense Systems,Low,2026-04-05 00:41:00,2026-04-05 03:48:00,Yes,No further action required.,Database
ALT00548,Fortis Defense Systems,Medium,2026-05-19 05:23:00,2026-05-19 08:51:00,No,"Investigated source IP, confirmed malicious signature, blocked at firewall, root cause documented.",Cloud Workload
ALT00549,Fortis Defense Systems,Low,2026-06-06 11:11:00,2026-06-06 14:04:00,No,"Performed forensic triage on affected host, isolated system, initiated containment protocol.",Endpoint
ALT00550,Fortis Defense Systems,Low,2026-04-21 00:32:00,2026-04-21 03:14:00,No,Reviewed and closed.,Network Device
ALT00551,Fortis Defense Systems,Medium,2026-05-11 11:06:00,2026-05-11 14:22:00,No,"Correlated with SIEM logs across 3 hosts, identified lateral movement attempt, escalated.",Endpoint
ALT00552,Fortis Defense Systems,Low,2026-04-24 21:29:00,2026-04-25 00:04:00,No,No further action required.,Server
ALT00553,Fortis Defense Systems,Medium,2026-04-02 17:56:00,2026-04-02 21:01:00,No,"Cross-referenced with threat intel feed, identified C2 communication pattern, escalated to IR team.",IoT Device
ALT00554,Fortis Defense Systems,High,2026-04-22 20:23:00,2026-04-22 22:53:00,Yes,"Cross-referenced with threat intel feed, identified C2 communication pattern, escalated to IR team.",Database
ALT00555,Fortis Defense Systems,Medium,2026-04-20 17:46:00,2026-04-20 20:31:00,No,"Performed forensic triage on affected host, isolated system, initiated containment protocol.",Endpoint
ALT00556,Fortis Defense Systems,Medium,2026-05-24 16:42:00,2026-05-24 19:55:00,No,False positive.,Endpoint
ALT00557,Fortis Defense Systems,Low,2026-05-20 14:14:00,2026-05-20 17:09:00,No,"Performed forensic triage on affected host, isolated system, initiated containment protocol.",Database
ALT00558,Fortis Defense Systems,High,2026-06-21 21:11:00,2026-06-22 00:01:00,Yes,No further action required.,Database
ALT00559,Fortis Defense Systems,Low,2026-05-08 19:07:00,2026-05-08 22:23:00,No,"Performed forensic triage on affected host, isolated system, initiated containment protocol.",IoT Device
ALT00560,Fortis Defense Systems,Medium,2026-05-16 02:24:00,2026-05-16 05:35:00,No,"Cross-referenced with threat intel feed, identified C2 communication pattern, escalated to IR team.",Server
ALT00561,Fortis Defense Systems,Low,2026-06-15 12:47:00,2026-06-15 15:39:00,No,Closed as per standard procedure.,IoT Device
ALT00562,Fortis Defense Systems,High,2026-06-20 06:55:00,2026-06-20 09:27:00,Yes,No further action required.,IoT Device
ALT00563,Fortis Defense Systems,Low,2026-06-11 19:20:00,2026-06-11 22:34:00,No,No further action required.,Network Device
ALT00564,Fortis Defense Systems,Medium,2026-06-25 16:19:00,2026-06-25 19:20:00,Yes,No further action required.,Network Device
ALT00565,Fortis Defense Systems,High,2026-04-14 23:30:00,2026-04-15 02:18:00,No,"Correlated with SIEM logs across 3 hosts, identified lateral movement attempt, escalated.",Endpoint
ALT00566,Fortis Defense Systems,Low,2026-06-02 14:12:00,2026-06-02 17:31:00,No,No further action required.,Network Device
ALT00567,Fortis Defense Systems,High,2026-05-21 23:53:00,2026-05-22 02:51:00,Yes,Closed as per standard procedure.,Database
ALT00568,Fortis Defense Systems,Low,2026-05-14 15:55:00,2026-05-14 18:28:00,No,"Cross-referenced with threat intel feed, identified C2 communication pattern, escalated to IR team.",Network Device
ALT00569,Fortis Defense Systems,Medium,2026-05-10 03:04:00,2026-05-10 06:27:00,No,"Cross-referenced with threat intel feed, identified C2 communication pattern, escalated to IR team.",Network Device
ALT00570,Fortis Defense Systems,Medium,2026-05-03 15:49:00,2026-05-03 18:35:00,No,No further action required.,Server
ALT00571,Fortis Defense Systems,Critical,2026-06-09 04:12:00,2026-06-09 07:12:00,No,Closed as per standard procedure.,IoT Device
ALT00572,Fortis Defense Systems,Low,2026-06-22 06:59:00,2026-06-22 10:10:00,No,"Correlated with SIEM logs across 3 hosts, identified lateral movement attempt, escalated.",Database
ALT00573,Fortis Defense Systems,Medium,2026-05-01 17:22:00,2026-05-01 19:55:00,No,Reviewed and closed.,Database
ALT00574,Fortis Defense Systems,Medium,2026-05-27 13:16:00,2026-05-27 16:18:00,No,"Cross-referenced with threat intel feed, identified C2 communication pattern, escalated to IR team.",Network Device
ALT00575,Fortis Defense Systems,Medium,2026-06-18 18:38:00,2026-06-18 21:51:00,No,Reviewed and closed.,Cloud Workload
ALT00576,Fortis Defense Systems,Medium,2026-05-11 02:31:00,2026-05-11 05:15:00,No,False positive.,IoT Device
ALT00577,Fortis Defense Systems,Medium,2026-04-18 04:01:00,2026-04-18 06:42:00,No,Closed as per standard procedure.,Cloud Workload
ALT00578,Fortis Defense Systems,Medium,2026-05-02 03:13:00,2026-05-02 05:51:00,No,No further action required.,Network Device
ALT00579,Fortis Defense Systems,Medium,2026-05-08 15:01:00,2026-05-08 18:19:00,Yes,"Performed forensic triage on affected host, isolated system, initiated containment protocol.",Database
ALT00580,Fortis Defense Systems,High,2026-05-04 03:04:00,2026-05-04 06:20:00,Yes,Reviewed and closed.,Network Device
ALT00581,Fortis Defense Systems,Low,2026-04-07 23:44:00,2026-04-08 03:02:00,No,"Investigated source IP, confirmed malicious signature, blocked at firewall, root cause documented.",Endpoint
ALT00582,Fortis Defense Systems,Medium,2026-04-03 09:58:00,2026-04-03 13:11:00,No,"Correlated with SIEM logs across 3 hosts, identified lateral movement attempt, escalated.",IoT Device
ALT00583,Fortis Defense Systems,High,2026-05-07 08:15:00,2026-05-07 11:07:00,Yes,Closed as per standard procedure.,IoT Device
ALT00584,Fortis Defense Systems,High,2026-06-20 13:59:00,2026-06-20 17:18:00,No,No further action required.,Cloud Workload
ALT00585,Fortis Defense Systems,Low,2026-06-04 13:27:00,2026-06-04 16:23:00,Yes,"Investigated source IP, confirmed malicious signature, blocked at firewall, root cause documented.",Cloud Workload
ALT00586,Fortis Defense Systems,Low,2026-04-13 08:47:00,2026-04-13 12:06:00,Yes,"Investigated source IP, confirmed malicious signature, blocked at firewall, root cause documented.",Database
ALT00587,Fortis Defense Systems,Medium,2026-05-05 22:26:00,2026-05-06 01:49:00,No,"Investigated source IP, confirmed malicious signature, blocked at firewall, root cause documented.",Server
ALT00588,Fortis Defense Systems,Critical,2026-04-16 07:16:00,2026-04-16 10:07:00,Yes,"Performed forensic triage on affected host, isolated system, initiated containment protocol.",IoT Device
ALT00589,Fortis Defense Systems,Low,2026-06-08 22:24:00,2026-06-09 01:25:00,Yes,No further action required.,IoT Device
ALT00590,Fortis Defense Systems,Medium,2026-06-12 01:37:00,2026-06-12 04:24:00,No,False positive.,Network Device
ALT00591,Fortis Defense Systems,Low,2026-06-30 13:47:00,2026-06-30 16:29:00,No,False positive.,Endpoint
ALT00592,Fortis Defense Systems,Critical,2026-06-03 16:19:00,2026-06-03 19:48:00,Yes,"Investigated source IP, confirmed malicious signature, blocked at firewall, root cause documented.",Network Device
ALT00593,Fortis Defense Systems,Medium,2026-05-01 12:17:00,2026-05-01 14:49:00,No,"Investigated source IP, confirmed malicious signature, blocked at firewall, root cause documented.",Endpoint
ALT00594,Fortis Defense Systems,Medium,2026-05-23 23:34:00,2026-05-24 02:50:00,No,"Correlated with SIEM logs across 3 hosts, identified lateral movement attempt, escalated.",Database
ALT00595,Fortis Defense Systems,Medium,2026-04-17 11:07:00,2026-04-17 13:59:00,No,False positive.,Endpoint
ALT00596,Fortis Defense Systems,Critical,2026-06-24 15:56:00,2026-06-24 19:06:00,Yes,"Investigated source IP, confirmed malicious signature, blocked at firewall, root cause documented.",Network Device
ALT00597,Fortis Defense Systems,Medium,2026-06-01 17:16:00,2026-06-01 19:51:00,No,"Correlated with SIEM logs across 3 hosts, identified lateral movement attempt, escalated.",IoT Device
ALT00598,Fortis Defense Systems,Low,2026-04-17 08:56:00,2026-04-17 11:30:00,No,"Correlated with SIEM logs across 3 hosts, identified lateral movement attempt, escalated.",IoT Device
ALT00599,Fortis Defense Systems,Low,2026-04-15 04:26:00,2026-04-15 07:35:00,No,False positive.,IoT Device
ALT00600,Fortis Defense Systems,Medium,2026-06-26 20:38:00,2026-06-26 23:24:00,Yes,"Cross-referenced with threat intel feed, identified C2 communication pattern, escalated to IR team.",Server
ALT00601,Fortis Defense Systems,High,2026-05-11 00:23:00,2026-05-11 03:34:00,Yes,"Cross-referenced with threat intel feed, identified C2 communication pattern, escalated to IR team.",Database
ALT00602,Fortis Defense Systems,Medium,2026-04-28 00:52:00,2026-04-28 03:39:00,Yes,"Correlated with SIEM logs across 3 hosts, identified lateral movement attempt, escalated.",Cloud Workload
ALT00603,Fortis Defense Systems,Medium,2026-05-18 02:23:00,2026-05-18 05:52:00,Yes,"Performed forensic triage on affected host, isolated system, initiated containment protocol.",IoT Device
ALT00604,Fortis Defense Systems,Low,2026-05-09 11:37:00,2026-05-09 14:47:00,Yes,No further action required.,Database
ALT00605,Fortis Defense Systems,High,2026-04-23 08:26:00,2026-04-23 11:16:00,Yes,Reviewed and closed.,Database
ALT00606,Fortis Defense Systems,Critical,2026-05-03 14:12:00,2026-05-03 17:30:00,Yes,"Cross-referenced with threat intel feed, identified C2 communication pattern, escalated to IR team.",Server
ALT00607,Fortis Defense Systems,Low,2026-04-06 14:14:00,2026-04-06 17:14:00,No,No further action required.,Endpoint
ALT00608,Fortis Defense Systems,Low,2026-04-01 12:01:00,2026-04-01 15:30:00,No,"Performed forensic triage on affected host, isolated system, initiated containment protocol.",Network Device
ALT00609,Fortis Defense Systems,Low,2026-04-14 07:42:00,2026-04-14 10:16:00,Yes,"Correlated with SIEM logs across 3 hosts, identified lateral movement attempt, escalated.",Cloud Workload
ALT00610,Fortis Defense Systems,Low,2026-06-11 03:36:00,2026-06-11 06:46:00,No,"Investigated source IP, confirmed malicious signature, blocked at firewall, root cause documented.",Endpoint
ALT00611,Fortis Defense Systems,High,2026-06-14 09:39:00,2026-06-14 12:37:00,Yes,"Performed forensic triage on affected host, isolated system, initiated containment protocol.",Database
ALT00612,Fortis Defense Systems,Medium,2026-05-23 02:01:00,2026-05-23 05:10:00,No,Closed as per standard procedure.,Network Device
ALT00613,Fortis Defense Systems,High,2026-06-09 20:55:00,2026-06-09 23:33:00,Yes,"Investigated source IP, confirmed malicious signature, blocked at firewall, root cause documented.",Database
ALT00614,Fortis Defense Systems,Medium,2026-06-12 22:25:00,2026-06-13 01:50:00,No,"Investigated source IP, confirmed malicious signature, blocked at firewall, root cause documented.",Database
ALT00615,Fortis Defense Systems,Critical,2026-06-16 10:06:00,2026-06-16 13:13:00,Yes,"Investigated source IP, confirmed malicious signature, blocked at firewall, root cause documented.",Server
ALT00616,Fortis Defense Systems,High,2026-04-24 02:44:00,2026-04-24 05:59:00,Yes,Closed as per standard procedure.,Network Device
ALT00617,Fortis Defense Systems,Critical,2026-04-10 10:43:00,2026-04-10 13:25:00,No,"Performed forensic triage on affected host, isolated system, initiated containment protocol.",Endpoint
ALT00618,Fortis Defense Systems,Medium,2026-05-25 14:35:00,2026-05-25 17:25:00,No,"Correlated with SIEM logs across 3 hosts, identified lateral movement attempt, escalated.",Network Device
ALT00619,Fortis Defense Systems,Low,2026-05-28 22:00:00,2026-05-29 01:22:00,No,No further action required.,Network Device
ALT00620,Fortis Defense Systems,Low,2026-06-23 10:44:00,2026-06-23 13:26:00,No,Reviewed and closed.,Network Device
ALT00621,Fortis Defense Systems,Medium,2026-05-15 16:37:00,2026-05-15 19:30:00,No,Reviewed and closed.,Endpoint
ALT00622,Fortis Defense Systems,Low,2026-04-02 12:43:00,2026-04-02 15:40:00,No,Closed as per standard procedure.,Database
ALT00623,Fortis Defense Systems,Medium,2026-04-14 17:17:00,2026-04-14 19:57:00,No,No further action required.,IoT Device
ALT00624,Fortis Defense Systems,Medium,2026-06-12 15:59:00,2026-06-12 18:30:00,Yes,No further action required.,Cloud Workload
ALT00625,Fortis Defense Systems,High,2026-06-28 06:02:00,2026-06-28 09:07:00,Yes,Closed as per standard procedure.,Network Device
ALT00626,Fortis Defense Systems,Low,2026-05-19 15:57:00,2026-05-19 19:19:00,No,"Performed forensic triage on affected host, isolated system, initiated containment protocol.",Server
ALT00627,Fortis Defense Systems,Low,2026-04-25 14:52:00,2026-04-25 17:55:00,No,Closed as per standard procedure.,Cloud Workload
ALT00628,Fortis Defense Systems,Medium,2026-05-29 21:42:00,2026-05-30 00:46:00,No,False positive.,IoT Device
ALT00629,Fortis Defense Systems,Low,2026-04-22 15:14:00,2026-04-22 18:27:00,No,False positive.,Server
ALT00630,Fortis Defense Systems,Low,2026-04-23 05:38:00,2026-04-23 09:06:00,No,"Cross-referenced with threat intel feed, identified C2 communication pattern, escalated to IR team.",Server
ALT00631,Fortis Defense Systems,Medium,2026-05-06 22:03:00,2026-05-07 01:00:00,No,False positive.,Database
ALT00632,Fortis Defense Systems,High,2026-06-29 12:27:00,2026-06-29 15:01:00,No,No further action required.,Server
ALT00633,Fortis Defense Systems,Low,2026-04-05 03:24:00,2026-04-05 06:44:00,No,No further action required.,Endpoint
ALT00634,Fortis Defense Systems,Low,2026-04-06 04:05:00,2026-04-06 06:52:00,No,"Investigated source IP, confirmed malicious signature, blocked at firewall, root cause documented.",IoT Device
ALT00635,Fortis Defense Systems,Low,2026-05-21 14:38:00,2026-05-21 17:23:00,No,No further action required.,Database
ALT00636,Fortis Defense Systems,Medium,2026-04-08 13:25:00,2026-04-08 16:39:00,No,Closed as per standard procedure.,Server
ALT00637,Fortis Defense Systems,High,2026-05-06 16:09:00,2026-05-06 19:23:00,Yes,Closed as per standard procedure.,Cloud Workload
ALT00638,Fortis Defense Systems,Low,2026-04-19 01:32:00,2026-04-19 04:31:00,Yes,False positive.,Database
ALT00639,Fortis Defense Systems,Low,2026-05-07 15:11:00,2026-05-07 18:01:00,Yes,No further action required.,IoT Device
ALT00640,Fortis Defense Systems,Medium,2026-05-07 09:29:00,2026-05-07 12:53:00,No,"Correlated with SIEM logs across 3 hosts, identified lateral movement attempt, escalated.",Cloud Workload
ALT00641,Fortis Defense Systems,High,2026-05-08 19:59:00,2026-05-08 22:49:00,Yes,"Cross-referenced with threat intel feed, identified C2 communication pattern, escalated to IR team.",IoT Device
ALT00642,Fortis Defense Systems,Medium,2026-06-16 15:06:00,2026-06-16 17:37:00,No,"Correlated with SIEM logs across 3 hosts, identified lateral movement attempt, escalated.",Endpoint
ALT00643,Fortis Defense Systems,Critical,2026-05-17 20:32:00,2026-05-17 23:25:00,No,False positive.,Cloud Workload
ALT00644,Fortis Defense Systems,Low,2026-05-21 19:36:00,2026-05-21 22:35:00,No,False positive.,Database
ALT00645,Fortis Defense Systems,High,2026-06-13 20:45:00,2026-06-13 23:56:00,Yes,"Performed forensic triage on affected host, isolated system, initiated containment protocol.",Database
ALT00646,Fortis Defense Systems,Medium,2026-04-28 17:35:00,2026-04-28 20:41:00,Yes,Reviewed and closed.,Database
ALT00647,Fortis Defense Systems,Medium,2026-05-12 05:36:00,2026-05-12 09:05:00,No,"Performed forensic triage on affected host, isolated system, initiated containment protocol.",Network Device
ALT00648,Fortis Defense Systems,High,2026-06-07 19:30:00,2026-06-07 22:29:00,Yes,"Investigated source IP, confirmed malicious signature, blocked at firewall, root cause documented.",Endpoint
ALT00649,Fortis Defense Systems,Medium,2026-04-08 06:47:00,2026-04-08 09:26:00,Yes,"Investigated source IP, confirmed malicious signature, blocked at firewall, root cause documented.",Endpoint
ALT00650,Fortis Defense Systems,Low,2026-04-15 22:14:00,2026-04-16 00:50:00,No,Closed as per standard procedure.,IoT Device
ALT00001,Ganga Oil & Gas,Medium,2026-06-06 23:25:00,2026-06-07 02:05:00,No,False positive.,Cloud Workload
ALT00002,Ganga Oil & Gas,Medium,2026-05-25 19:01:00,2026-05-25 21:37:00,No,No further action required.,Database
ALT00003,Ganga Oil & Gas,Low,2026-06-07 15:34:00,2026-06-07 18:04:00,No,"Cross-referenced with threat intel feed, identified C2 communication pattern, escalated to IR team.",Cloud Workload
ALT00004,Ganga Oil & Gas,Low,2026-04-30 08:19:00,2026-04-30 11:40:00,No,Reviewed and closed.,Cloud Workload
ALT00005,Ganga Oil & Gas,Medium,2026-05-18 19:54:00,2026-05-18 22:44:00,Yes,"Investigated source IP, confirmed malicious signature, blocked at firewall, root cause documented.",Endpoint
ALT00006,Ganga Oil & Gas,High,2026-05-15 00:59:00,2026-05-15 04:22:00,No,Reviewed and closed.,Network Device
ALT00007,Ganga Oil & Gas,Low,2026-04-09 06:39:00,2026-04-09 09:48:00,Yes,"Correlated with SIEM logs across 3 hosts, identified lateral movement attempt, escalated.",Endpoint
ALT00008,Ganga Oil & Gas,Medium,2026-04-04 04:38:00,2026-04-04 07:45:00,No,Closed as per standard procedure.,IoT Device
ALT00009,Ganga Oil & Gas,High,2026-04-01 12:30:00,2026-04-01 15:04:00,Yes,Reviewed and closed.,Database
ALT00010,Ganga Oil & Gas,Medium,2026-05-12 02:34:00,2026-05-12 05:10:00,No,"Cross-referenced with threat intel feed, identified C2 communication pattern, escalated to IR team.",Endpoint
ALT00011,Ganga Oil & Gas,Medium,2026-04-14 03:30:00,2026-04-14 06:52:00,No,No further action required.,Endpoint
ALT00012,Ganga Oil & Gas,High,2026-05-29 11:13:00,2026-05-29 14:07:00,Yes,"Investigated source IP, confirmed malicious signature, blocked at firewall, root cause documented.",Cloud Workload
ALT00013,Ganga Oil & Gas,Medium,2026-06-18 03:59:00,2026-06-18 06:53:00,No,"Cross-referenced with threat intel feed, identified C2 communication pattern, escalated to IR team.",IoT Device
ALT00014,Ganga Oil & Gas,Low,2026-06-08 18:28:00,2026-06-08 21:17:00,Yes,"Cross-referenced with threat intel feed, identified C2 communication pattern, escalated to IR team.",IoT Device
ALT00015,Ganga Oil & Gas,Medium,2026-05-07 17:33:00,2026-05-07 20:30:00,No,Reviewed and closed.,IoT Device
ALT00016,Ganga Oil & Gas,Low,2026-05-24 22:43:00,2026-05-25 01:44:00,No,Reviewed and closed.,Endpoint
ALT00017,Ganga Oil & Gas,Low,2026-06-21 21:18:00,2026-06-22 00:12:00,No,Closed as per standard procedure.,Network Device
ALT00018,Ganga Oil & Gas,Medium,2026-06-30 01:48:00,2026-06-30 05:09:00,No,"Investigated source IP, confirmed malicious signature, blocked at firewall, root cause documented.",Endpoint
ALT00019,Ganga Oil & Gas,Medium,2026-06-18 07:37:00,2026-06-18 10:41:00,Yes,Closed as per standard procedure.,Database
ALT00020,Ganga Oil & Gas,Medium,2026-04-08 19:30:00,2026-04-08 22:50:00,No,"Investigated source IP, confirmed malicious signature, blocked at firewall, root cause documented.",Network Device
ALT00021,Ganga Oil & Gas,High,2026-05-22 12:12:00,2026-05-22 15:30:00,Yes,"Cross-referenced with threat intel feed, identified C2 communication pattern, escalated to IR team.",IoT Device
ALT00022,Ganga Oil & Gas,Medium,2026-05-12 12:52:00,2026-05-12 16:21:00,No,"Correlated with SIEM logs across 3 hosts, identified lateral movement attempt, escalated.",Server
ALT00023,Ganga Oil & Gas,Low,2026-04-27 18:00:00,2026-04-27 20:50:00,Yes,"Performed forensic triage on affected host, isolated system, initiated containment protocol.",IoT Device
ALT00024,Ganga Oil & Gas,Low,2026-05-24 00:16:00,2026-05-24 03:18:00,Yes,No further action required.,Database
ALT00025,Ganga Oil & Gas,Low,2026-04-07 11:34:00,2026-04-07 14:42:00,No,False positive.,Database
ALT00026,Ganga Oil & Gas,High,2026-04-17 15:59:00,2026-04-17 19:29:00,Yes,False positive.,Endpoint
ALT00027,Ganga Oil & Gas,Low,2026-05-25 16:20:00,2026-05-25 19:33:00,No,Closed as per standard procedure.,Endpoint
ALT00028,Ganga Oil & Gas,High,2026-04-14 02:35:00,2026-04-14 05:47:00,Yes,No further action required.,Cloud Workload
ALT00029,Ganga Oil & Gas,Low,2026-06-09 16:32:00,2026-06-09 19:33:00,Yes,"Investigated source IP, confirmed malicious signature, blocked at firewall, root cause documented.",Server
ALT00030,Ganga Oil & Gas,Low,2026-06-29 17:15:00,2026-06-29 19:53:00,No,"Investigated source IP, confirmed malicious signature, blocked at firewall, root cause documented.",IoT Device
ALT00031,Ganga Oil & Gas,Low,2026-06-24 18:48:00,2026-06-24 21:42:00,No,"Correlated with SIEM logs across 3 hosts, identified lateral movement attempt, escalated.",Cloud Workload
ALT00032,Ganga Oil & Gas,Low,2026-04-12 21:46:00,2026-04-13 00:49:00,No,"Cross-referenced with threat intel feed, identified C2 communication pattern, escalated to IR team.",Cloud Workload
ALT00033,Ganga Oil & Gas,Low,2026-06-17 01:34:00,2026-06-17 04:05:00,No,No further action required.,Cloud Workload
ALT00034,Ganga Oil & Gas,Medium,2026-06-01 05:36:00,2026-06-01 08:53:00,No,"Performed forensic triage on affected host, isolated system, initiated containment protocol.",Database
ALT00035,Ganga Oil & Gas,Low,2026-04-14 07:33:00,2026-04-14 10:17:00,No,No further action required.,Server
ALT00036,Ganga Oil & Gas,Medium,2026-05-22 01:06:00,2026-05-22 03:59:00,No,"Investigated source IP, confirmed malicious signature, blocked at firewall, root cause documented.",Cloud Workload
ALT00037,Ganga Oil & Gas,Medium,2026-04-27 11:53:00,2026-04-27 15:10:00,No,"Performed forensic triage on affected host, isolated system, initiated containment protocol.",IoT Device
ALT00038,Ganga Oil & Gas,Low,2026-06-08 16:38:00,2026-06-08 19:19:00,No,Closed as per standard procedure.,Network Device
ALT00039,Ganga Oil & Gas,Medium,2026-04-19 01:42:00,2026-04-19 05:01:00,No,Closed as per standard procedure.,Cloud Workload
ALT00040,Ganga Oil & Gas,Medium,2026-04-11 01:38:00,2026-04-11 04:25:00,No,Reviewed and closed.,Server
ALT00041,Ganga Oil & Gas,Medium,2026-06-08 04:36:00,2026-06-08 07:47:00,No,Reviewed and closed.,Database
ALT00042,Ganga Oil & Gas,High,2026-06-14 13:30:00,2026-06-14 16:49:00,Yes,"Investigated source IP, confirmed malicious signature, blocked at firewall, root cause documented.",IoT Device
ALT00043,Ganga Oil & Gas,High,2026-05-11 20:07:00,2026-05-11 22:43:00,Yes,Closed as per standard procedure.,IoT Device
ALT00044,Ganga Oil & Gas,High,2026-06-24 14:56:00,2026-06-24 18:25:00,Yes,Closed as per standard procedure.,Database
ALT00045,Ganga Oil & Gas,Low,2026-05-17 10:54:00,2026-05-17 13:38:00,No,No further action required.,Cloud Workload
ALT00046,Ganga Oil & Gas,Medium,2026-06-30 23:01:00,2026-06-30 23:59:59,Yes,Reviewed and closed.,Network Device
ALT00047,Ganga Oil & Gas,Medium,2026-06-03 20:37:00,2026-06-03 23:08:00,No,False positive.,Database
ALT00048,Ganga Oil & Gas,Medium,2026-06-13 13:29:00,2026-06-13 16:42:00,Yes,No further action required.,Cloud Workload
ALT00049,Ganga Oil & Gas,Low,2026-06-28 11:39:00,2026-06-28 15:04:00,No,"Cross-referenced with threat intel feed, identified C2 communication pattern, escalated to IR team.",Database
ALT00050,Ganga Oil & Gas,Low,2026-06-30 21:33:00,2026-06-30 23:59:59,No,No further action required.,Cloud Workload
ALT00051,Ganga Oil & Gas,Medium,2026-04-01 14:15:00,2026-04-01 16:48:00,No,False positive.,Database
ALT00052,Ganga Oil & Gas,Medium,2026-06-12 09:46:00,2026-06-12 12:51:00,Yes,False positive.,Database
ALT00053,Ganga Oil & Gas,Medium,2026-06-06 11:53:00,2026-06-06 15:06:00,No,"Performed forensic triage on affected host, isolated system, initiated containment protocol.",Database
ALT00054,Ganga Oil & Gas,Critical,2026-05-22 21:59:00,2026-05-23 00:40:00,Yes,"Correlated with SIEM logs across 3 hosts, identified lateral movement attempt, escalated.",Database
ALT00055,Ganga Oil & Gas,Critical,2026-06-01 12:33:00,2026-06-01 15:09:00,No,"Cross-referenced with threat intel feed, identified C2 communication pattern, escalated to IR team.",Server
ALT00056,Ganga Oil & Gas,Low,2026-04-08 13:14:00,2026-04-08 15:48:00,No,"Investigated source IP, confirmed malicious signature, blocked at firewall, root cause documented.",Database
ALT00057,Ganga Oil & Gas,Low,2026-04-16 09:46:00,2026-04-16 12:22:00,No,No further action required.,Database
ALT00058,Ganga Oil & Gas,High,2026-06-12 07:29:00,2026-06-12 10:56:00,Yes,Closed as per standard procedure.,IoT Device
ALT00059,Ganga Oil & Gas,Medium,2026-06-23 04:07:00,2026-06-23 07:11:00,Yes,Reviewed and closed.,Endpoint
ALT00060,Ganga Oil & Gas,Medium,2026-05-06 20:21:00,2026-05-06 23:02:00,No,"Correlated with SIEM logs across 3 hosts, identified lateral movement attempt, escalated.",IoT Device
ALT00061,Ganga Oil & Gas,Low,2026-04-02 01:08:00,2026-04-02 03:49:00,Yes,Closed as per standard procedure.,Endpoint
ALT00062,Ganga Oil & Gas,High,2026-06-22 06:02:00,2026-06-22 08:49:00,Yes,"Performed forensic triage on affected host, isolated system, initiated containment protocol.",Cloud Workload
ALT00063,Ganga Oil & Gas,Low,2026-04-19 22:50:00,2026-04-20 01:46:00,No,Closed as per standard procedure.,Network Device
ALT00064,Ganga Oil & Gas,Critical,2026-05-26 13:41:00,2026-05-26 17:05:00,No,"Investigated source IP, confirmed malicious signature, blocked at firewall, root cause documented.",Endpoint
ALT00065,Ganga Oil & Gas,Low,2026-04-09 21:30:00,2026-04-10 00:38:00,Yes,"Investigated source IP, confirmed malicious signature, blocked at firewall, root cause documented.",Cloud Workload
ALT00066,Ganga Oil & Gas,Low,2026-06-08 06:48:00,2026-06-08 09:20:00,Yes,Closed as per standard procedure.,Network Device
ALT00067,Ganga Oil & Gas,High,2026-05-04 08:46:00,2026-05-04 11:35:00,Yes,"Performed forensic triage on affected host, isolated system, initiated containment protocol.",Cloud Workload
ALT00068,Ganga Oil & Gas,Medium,2026-05-31 05:44:00,2026-05-31 08:37:00,No,False positive.,Server
ALT00069,Ganga Oil & Gas,Low,2026-04-20 23:28:00,2026-04-21 02:11:00,Yes,False positive.,IoT Device
ALT00070,Ganga Oil & Gas,Medium,2026-05-10 11:22:00,2026-05-10 14:30:00,No,"Investigated source IP, confirmed malicious signature, blocked at firewall, root cause documented.",Database
ALT00071,Ganga Oil & Gas,Low,2026-04-28 02:01:00,2026-04-28 05:16:00,No,False positive.,Database
ALT00072,Ganga Oil & Gas,Medium,2026-06-15 11:52:00,2026-06-15 14:35:00,No,False positive.,Endpoint
ALT00073,Ganga Oil & Gas,Low,2026-06-22 09:35:00,2026-06-22 13:01:00,No,"Correlated with SIEM logs across 3 hosts, identified lateral movement attempt, escalated.",Server
ALT00074,Ganga Oil & Gas,Medium,2026-05-16 08:56:00,2026-05-16 12:03:00,No,No further action required.,Endpoint
ALT00075,Ganga Oil & Gas,Low,2026-06-30 00:24:00,2026-06-30 03:27:00,Yes,"Cross-referenced with threat intel feed, identified C2 communication pattern, escalated to IR team.",Cloud Workload
ALT00076,Ganga Oil & Gas,Low,2026-06-05 13:22:00,2026-06-05 16:25:00,Yes,No further action required.,Database
ALT00077,Ganga Oil & Gas,High,2026-06-16 00:08:00,2026-06-16 02:50:00,Yes,"Cross-referenced with threat intel feed, identified C2 communication pattern, escalated to IR team.",IoT Device
ALT00078,Ganga Oil & Gas,Medium,2026-04-18 06:34:00,2026-04-18 09:29:00,No,"Investigated source IP, confirmed malicious signature, blocked at firewall, root cause documented.",Cloud Workload
ALT00079,Ganga Oil & Gas,Critical,2026-04-19 09:02:00,2026-04-19 11:53:00,No,"Cross-referenced with threat intel feed, identified C2 communication pattern, escalated to IR team.",Database
ALT00080,Ganga Oil & Gas,Medium,2026-04-12 06:43:00,2026-04-12 10:06:00,No,"Correlated with SIEM logs across 3 hosts, identified lateral movement attempt, escalated.",Endpoint
ALT00081,Ganga Oil & Gas,Medium,2026-05-09 06:19:00,2026-05-09 08:58:00,No,No further action required.,Cloud Workload
ALT00082,Ganga Oil & Gas,Low,2026-05-18 08:17:00,2026-05-18 11:43:00,No,"Investigated source IP, confirmed malicious signature, blocked at firewall, root cause documented.",Database
ALT00083,Ganga Oil & Gas,Low,2026-05-04 05:13:00,2026-05-04 07:47:00,No,Closed as per standard procedure.,Endpoint
ALT00084,Ganga Oil & Gas,Low,2026-04-27 03:06:00,2026-04-27 06:03:00,No,Closed as per standard procedure.,Network Device
ALT00085,Ganga Oil & Gas,High,2026-04-05 21:18:00,2026-04-06 00:18:00,No,No further action required.,Cloud Workload
ALT00001,Bharat Telecom Networks,High,2026-05-22 06:16:00,2026-05-22 09:30:00,No,No further action required.,Server
ALT00002,Bharat Telecom Networks,Medium,2026-06-17 14:36:00,2026-06-17 17:13:00,No,"Investigated source IP, confirmed malicious signature, blocked at firewall, root cause documented.",Endpoint
ALT00003,Bharat Telecom Networks,Medium,2026-05-23 06:29:00,2026-05-23 09:51:00,No,"Investigated source IP, confirmed malicious signature, blocked at firewall, root cause documented.",Network Device
ALT00004,Bharat Telecom Networks,Low,2026-06-09 03:40:00,2026-06-09 06:23:00,Yes,"Investigated source IP, confirmed malicious signature, blocked at firewall, root cause documented.",Network Device
ALT00005,Bharat Telecom Networks,High,2026-05-05 00:07:00,2026-05-05 03:12:00,Yes,"Correlated with SIEM logs across 3 hosts, identified lateral movement attempt, escalated.",Server
ALT00006,Bharat Telecom Networks,Low,2026-06-04 05:20:00,2026-06-04 08:30:00,Yes,"Correlated with SIEM logs across 3 hosts, identified lateral movement attempt, escalated.",Server
ALT00007,Bharat Telecom Networks,Low,2026-05-01 19:16:00,2026-05-01 22:10:00,No,No further action required.,Network Device
ALT00008,Bharat Telecom Networks,Low,2026-04-30 07:15:00,2026-04-30 10:32:00,No,No further action required.,Database
ALT00009,Bharat Telecom Networks,Low,2026-05-30 03:13:00,2026-05-30 06:36:00,No,Closed as per standard procedure.,Endpoint
ALT00010,Bharat Telecom Networks,Low,2026-06-30 01:20:00,2026-06-30 04:09:00,No,False positive.,Endpoint
ALT00011,Bharat Telecom Networks,Low,2026-04-27 13:25:00,2026-04-27 16:32:00,No,"Correlated with SIEM logs across 3 hosts, identified lateral movement attempt, escalated.",IoT Device
ALT00012,Bharat Telecom Networks,Medium,2026-06-15 05:13:00,2026-06-15 08:06:00,No,Reviewed and closed.,IoT Device
ALT00013,Bharat Telecom Networks,Medium,2026-06-20 23:32:00,2026-06-21 02:25:00,No,"Correlated with SIEM logs across 3 hosts, identified lateral movement attempt, escalated.",Server
ALT00014,Bharat Telecom Networks,Low,2026-05-11 18:54:00,2026-05-11 21:53:00,No,"Correlated with SIEM logs across 3 hosts, identified lateral movement attempt, escalated.",Endpoint
ALT00015,Bharat Telecom Networks,Medium,2026-05-16 16:02:00,2026-05-16 18:53:00,No,Closed as per standard procedure.,Cloud Workload
ALT00016,Bharat Telecom Networks,Low,2026-04-02 14:49:00,2026-04-02 17:49:00,No,Reviewed and closed.,Server
ALT00017,Bharat Telecom Networks,Critical,2026-05-12 20:18:00,2026-05-12 23:29:00,No,"Performed forensic triage on affected host, isolated system, initiated containment protocol.",Database
ALT00018,Bharat Telecom Networks,High,2026-05-09 18:41:00,2026-05-09 21:20:00,No,"Investigated source IP, confirmed malicious signature, blocked at firewall, root cause documented.",Database
ALT00019,Bharat Telecom Networks,Medium,2026-05-02 08:32:00,2026-05-02 11:49:00,No,False positive.,Server
ALT00020,Bharat Telecom Networks,High,2026-05-21 07:27:00,2026-05-21 10:32:00,Yes,"Cross-referenced with threat intel feed, identified C2 communication pattern, escalated to IR team.",Database
ALT00021,Bharat Telecom Networks,Low,2026-06-10 07:53:00,2026-06-10 11:20:00,No,"Investigated source IP, confirmed malicious signature, blocked at firewall, root cause documented.",Cloud Workload
ALT00022,Bharat Telecom Networks,Low,2026-04-20 00:11:00,2026-04-20 03:29:00,Yes,False positive.,Server
ALT00023,Bharat Telecom Networks,High,2026-04-24 15:24:00,2026-04-24 18:28:00,Yes,"Performed forensic triage on affected host, isolated system, initiated containment protocol.",Server
ALT00024,Bharat Telecom Networks,High,2026-06-22 21:25:00,2026-06-23 00:24:00,Yes,"Performed forensic triage on affected host, isolated system, initiated containment protocol.",Cloud Workload
ALT00025,Bharat Telecom Networks,Medium,2026-06-03 01:01:00,2026-06-03 03:37:00,No,No further action required.,Endpoint
ALT00026,Bharat Telecom Networks,Medium,2026-06-22 08:13:00,2026-06-22 10:55:00,No,"Performed forensic triage on affected host, isolated system, initiated containment protocol.",Database
ALT00027,Bharat Telecom Networks,Low,2026-06-22 21:53:00,2026-06-23 01:17:00,No,"Investigated source IP, confirmed malicious signature, blocked at firewall, root cause documented.",Database
ALT00028,Bharat Telecom Networks,Medium,2026-05-13 03:29:00,2026-05-13 06:31:00,No,"Correlated with SIEM logs across 3 hosts, identified lateral movement attempt, escalated.",Network Device
ALT00029,Bharat Telecom Networks,High,2026-04-25 19:05:00,2026-04-25 22:23:00,Yes,No further action required.,IoT Device
ALT00030,Bharat Telecom Networks,Critical,2026-06-13 15:07:00,2026-06-13 18:16:00,No,"Investigated source IP, confirmed malicious signature, blocked at firewall, root cause documented.",Network Device
ALT00031,Bharat Telecom Networks,Critical,2026-04-19 11:18:00,2026-04-19 14:05:00,No,"Performed forensic triage on affected host, isolated system, initiated containment protocol.",IoT Device
ALT00032,Bharat Telecom Networks,Low,2026-05-17 12:17:00,2026-05-17 15:07:00,Yes,Reviewed and closed.,Server
ALT00033,Bharat Telecom Networks,Low,2026-04-26 22:59:00,2026-04-27 01:37:00,No,"Performed forensic triage on affected host, isolated system, initiated containment protocol.",Database
ALT00034,Bharat Telecom Networks,Low,2026-06-09 05:08:00,2026-06-09 08:10:00,No,"Performed forensic triage on affected host, isolated system, initiated containment protocol.",Cloud Workload
ALT00035,Bharat Telecom Networks,Medium,2026-05-13 16:24:00,2026-05-13 19:03:00,No,"Investigated source IP, confirmed malicious signature, blocked at firewall, root cause documented.",IoT Device
ALT00036,Bharat Telecom Networks,Critical,2026-05-23 14:30:00,2026-05-23 17:39:00,Yes,Closed as per standard procedure.,Network Device
ALT00037,Bharat Telecom Networks,Low,2026-05-04 08:39:00,2026-05-04 11:19:00,No,Reviewed and closed.,Cloud Workload
ALT00038,Bharat Telecom Networks,Low,2026-06-05 09:43:00,2026-06-05 12:21:00,No,"Investigated source IP, confirmed malicious signature, blocked at firewall, root cause documented.",Database
ALT00039,Bharat Telecom Networks,Medium,2026-06-14 00:22:00,2026-06-14 03:17:00,Yes,False positive.,IoT Device
ALT00040,Bharat Telecom Networks,Low,2026-05-14 02:38:00,2026-05-14 05:58:00,No,"Correlated with SIEM logs across 3 hosts, identified lateral movement attempt, escalated.",Cloud Workload
ALT00041,Bharat Telecom Networks,Low,2026-06-25 11:25:00,2026-06-25 14:55:00,Yes,"Correlated with SIEM logs across 3 hosts, identified lateral movement attempt, escalated.",Endpoint
ALT00042,Bharat Telecom Networks,High,2026-04-08 19:54:00,2026-04-08 22:45:00,No,"Correlated with SIEM logs across 3 hosts, identified lateral movement attempt, escalated.",Cloud Workload
ALT00043,Bharat Telecom Networks,Medium,2026-05-23 21:30:00,2026-05-24 00:50:00,Yes,"Cross-referenced with threat intel feed, identified C2 communication pattern, escalated to IR team.",Endpoint
ALT00044,Bharat Telecom Networks,Low,2026-05-25 01:07:00,2026-05-25 04:27:00,No,"Correlated with SIEM logs across 3 hosts, identified lateral movement attempt, escalated.",Cloud Workload
ALT00045,Bharat Telecom Networks,Low,2026-04-08 02:14:00,2026-04-08 05:08:00,Yes,"Performed forensic triage on affected host, isolated system, initiated containment protocol.",Cloud Workload
ALT00046,Bharat Telecom Networks,Medium,2026-04-18 17:48:00,2026-04-18 20:41:00,No,"Cross-referenced with threat intel feed, identified C2 communication pattern, escalated to IR team.",Database
ALT00047,Bharat Telecom Networks,Critical,2026-04-22 20:28:00,2026-04-22 23:14:00,Yes,No further action required.,Database
ALT00048,Bharat Telecom Networks,Medium,2026-04-01 18:58:00,2026-04-01 21:28:00,No,"Cross-referenced with threat intel feed, identified C2 communication pattern, escalated to IR team.",Cloud Workload
ALT00049,Bharat Telecom Networks,High,2026-04-18 05:16:00,2026-04-18 07:52:00,Yes,False positive.,IoT Device
ALT00050,Bharat Telecom Networks,High,2026-06-29 14:36:00,2026-06-29 17:42:00,Yes,False positive.,Endpoint
ALT00051,Bharat Telecom Networks,Medium,2026-05-28 20:03:00,2026-05-28 22:51:00,Yes,"Investigated source IP, confirmed malicious signature, blocked at firewall, root cause documented.",Endpoint
ALT00052,Bharat Telecom Networks,Critical,2026-06-11 18:13:00,2026-06-11 21:12:00,Yes,No further action required.,Cloud Workload
ALT00053,Bharat Telecom Networks,Critical,2026-05-31 12:34:00,2026-05-31 15:09:00,Yes,"Performed forensic triage on affected host, isolated system, initiated containment protocol.",Endpoint
ALT00054,Bharat Telecom Networks,Low,2026-05-24 10:31:00,2026-05-24 13:02:00,Yes,"Cross-referenced with threat intel feed, identified C2 communication pattern, escalated to IR team.",Cloud Workload
ALT00055,Bharat Telecom Networks,Low,2026-05-02 08:31:00,2026-05-02 11:37:00,Yes,"Performed forensic triage on affected host, isolated system, initiated containment protocol.",Database
ALT00056,Bharat Telecom Networks,High,2026-04-18 11:05:00,2026-04-18 14:34:00,Yes,"Cross-referenced with threat intel feed, identified C2 communication pattern, escalated to IR team.",Cloud Workload
ALT00057,Bharat Telecom Networks,Low,2026-05-07 07:48:00,2026-05-07 10:38:00,No,"Cross-referenced with threat intel feed, identified C2 communication pattern, escalated to IR team.",Endpoint
ALT00058,Bharat Telecom Networks,Medium,2026-05-12 20:53:00,2026-05-12 23:54:00,Yes,"Performed forensic triage on affected host, isolated system, initiated containment protocol.",Cloud Workload
ALT00059,Bharat Telecom Networks,Critical,2026-05-02 06:23:00,2026-05-02 09:11:00,Yes,Reviewed and closed.,Database
ALT00060,Bharat Telecom Networks,Medium,2026-04-05 15:08:00,2026-04-05 18:08:00,No,Closed as per standard procedure.,Network Device
ALT00061,Bharat Telecom Networks,Medium,2026-05-09 12:53:00,2026-05-09 15:56:00,No,No further action required.,Cloud Workload
ALT00062,Bharat Telecom Networks,Medium,2026-05-05 22:58:00,2026-05-06 02:05:00,No,"Investigated source IP, confirmed malicious signature, blocked at firewall, root cause documented.",Endpoint
ALT00063,Bharat Telecom Networks,Medium,2026-05-25 20:51:00,2026-05-25 23:34:00,No,Closed as per standard procedure.,Database
ALT00064,Bharat Telecom Networks,Low,2026-05-17 02:38:00,2026-05-17 05:23:00,No,"Correlated with SIEM logs across 3 hosts, identified lateral movement attempt, escalated.",Server
ALT00065,Bharat Telecom Networks,Medium,2026-05-06 20:21:00,2026-05-06 23:11:00,No,No further action required.,Endpoint
ALT00066,Bharat Telecom Networks,Medium,2026-06-27 07:49:00,2026-06-27 10:41:00,Yes,"Cross-referenced with threat intel feed, identified C2 communication pattern, escalated to IR team.",Endpoint
ALT00067,Bharat Telecom Networks,Medium,2026-04-20 22:10:00,2026-04-21 01:06:00,No,"Correlated with SIEM logs across 3 hosts, identified lateral movement attempt, escalated.",Endpoint
ALT00068,Bharat Telecom Networks,High,2026-06-18 12:46:00,2026-06-18 15:30:00,Yes,Reviewed and closed.,Endpoint
ALT00069,Bharat Telecom Networks,Low,2026-05-24 17:01:00,2026-05-24 19:55:00,No,False positive.,Network Device
ALT00070,Bharat Telecom Networks,Medium,2026-05-29 11:05:00,2026-05-29 13:40:00,No,"Investigated source IP, confirmed malicious signature, blocked at firewall, root cause documented.",Cloud Workload
ALT00071,Bharat Telecom Networks,High,2026-06-23 10:03:00,2026-06-23 12:44:00,Yes,Closed as per standard procedure.,Network Device
ALT00072,Bharat Telecom Networks,Low,2026-04-19 20:48:00,2026-04-19 23:43:00,Yes,False positive.,IoT Device
ALT00073,Bharat Telecom Networks,Low,2026-06-30 06:05:00,2026-06-30 09:20:00,No,False positive.,Network Device
ALT00074,Bharat Telecom Networks,High,2026-04-17 21:05:00,2026-04-18 00:32:00,Yes,"Investigated source IP, confirmed malicious signature, blocked at firewall, root cause documented.",Server
ALT00075,Bharat Telecom Networks,High,2026-06-02 23:27:00,2026-06-03 02:03:00,Yes,No further action required.,Database
ALT00076,Bharat Telecom Networks,Low,2026-06-03 08:13:00,2026-06-03 11:42:00,No,False positive.,Endpoint
ALT00077,Bharat Telecom Networks,High,2026-05-02 08:30:00,2026-05-02 11:37:00,No,False positive.,IoT Device
ALT00078,Bharat Telecom Networks,High,2026-06-01 17:48:00,2026-06-01 21:01:00,Yes,"Correlated with SIEM logs across 3 hosts, identified lateral movement attempt, escalated.",Cloud Workload
ALT00079,Bharat Telecom Networks,Medium,2026-05-30 08:03:00,2026-05-30 10:55:00,Yes,"Performed forensic triage on affected host, isolated system, initiated containment protocol.",Cloud Workload
ALT00080,Bharat Telecom Networks,Medium,2026-04-12 07:39:00,2026-04-12 10:31:00,Yes,False positive.,Endpoint
ALT00081,Bharat Telecom Networks,Medium,2026-04-20 11:32:00,2026-04-20 14:14:00,No,No further action required.,IoT Device
ALT00001,Himalayan Healthcare Network,Low,2026-05-31 13:16:00,2026-05-31 16:18:00,No,"Cross-referenced with threat intel feed, identified C2 communication pattern, escalated to IR team.",Database
ALT00002,Himalayan Healthcare Network,Low,2026-04-27 09:51:00,2026-04-27 13:06:00,No,"Investigated source IP, confirmed malicious signature, blocked at firewall, root cause documented.",Cloud Workload
ALT00003,Himalayan Healthcare Network,Medium,2026-04-25 05:31:00,2026-04-25 08:26:00,Yes,"Investigated source IP, confirmed malicious signature, blocked at firewall, root cause documented.",IoT Device
ALT00004,Himalayan Healthcare Network,Low,2026-05-07 00:24:00,2026-05-07 03:35:00,No,"Investigated source IP, confirmed malicious signature, blocked at firewall, root cause documented.",Database
ALT00005,Himalayan Healthcare Network,Low,2026-06-09 19:35:00,2026-06-09 22:52:00,No,"Correlated with SIEM logs across 3 hosts, identified lateral movement attempt, escalated.",Network Device
ALT00006,Himalayan Healthcare Network,Medium,2026-05-25 15:31:00,2026-05-25 18:17:00,Yes,"Correlated with SIEM logs across 3 hosts, identified lateral movement attempt, escalated.",Network Device
ALT00007,Himalayan Healthcare Network,Critical,2026-05-25 15:24:00,2026-05-25 18:50:00,Yes,"Cross-referenced with threat intel feed, identified C2 communication pattern, escalated to IR team.",IoT Device
ALT00008,Himalayan Healthcare Network,Medium,2026-05-16 14:16:00,2026-05-16 17:09:00,No,"Correlated with SIEM logs across 3 hosts, identified lateral movement attempt, escalated.",IoT Device
ALT00009,Himalayan Healthcare Network,Medium,2026-05-19 03:16:00,2026-05-19 05:54:00,No,"Investigated source IP, confirmed malicious signature, blocked at firewall, root cause documented.",Server
ALT00010,Himalayan Healthcare Network,Medium,2026-05-07 23:23:00,2026-05-08 02:50:00,No,"Correlated with SIEM logs across 3 hosts, identified lateral movement attempt, escalated.",Endpoint
ALT00011,Himalayan Healthcare Network,Low,2026-05-25 16:41:00,2026-05-25 19:32:00,No,"Investigated source IP, confirmed malicious signature, blocked at firewall, root cause documented.",Network Device
ALT00012,Himalayan Healthcare Network,Critical,2026-06-15 02:01:00,2026-06-15 04:39:00,No,"Performed forensic triage on affected host, isolated system, initiated containment protocol.",Database
ALT00013,Himalayan Healthcare Network,Critical,2026-06-11 06:22:00,2026-06-11 09:10:00,No,No further action required.,Database
ALT00014,Himalayan Healthcare Network,Medium,2026-04-26 13:32:00,2026-04-26 16:16:00,No,No further action required.,Endpoint
ALT00015,Himalayan Healthcare Network,Medium,2026-05-30 18:18:00,2026-05-30 21:08:00,No,"Cross-referenced with threat intel feed, identified C2 communication pattern, escalated to IR team.",IoT Device
ALT00016,Himalayan Healthcare Network,Low,2026-05-21 19:11:00,2026-05-21 22:34:00,Yes,"Correlated with SIEM logs across 3 hosts, identified lateral movement attempt, escalated.",Server
ALT00017,Himalayan Healthcare Network,Low,2026-05-10 03:40:00,2026-05-10 06:27:00,No,"Investigated source IP, confirmed malicious signature, blocked at firewall, root cause documented.",Cloud Workload
ALT00018,Himalayan Healthcare Network,High,2026-06-18 13:12:00,2026-06-18 16:25:00,Yes,No further action required.,Server
ALT00019,Himalayan Healthcare Network,High,2026-06-02 01:46:00,2026-06-02 04:46:00,No,Closed as per standard procedure.,IoT Device
ALT00020,Himalayan Healthcare Network,Low,2026-04-11 18:07:00,2026-04-11 21:25:00,No,"Investigated source IP, confirmed malicious signature, blocked at firewall, root cause documented.",Network Device
ALT00021,Himalayan Healthcare Network,Low,2026-05-29 22:18:00,2026-05-30 01:44:00,Yes,"Performed forensic triage on affected host, isolated system, initiated containment protocol.",IoT Device
ALT00022,Himalayan Healthcare Network,Medium,2026-05-30 11:14:00,2026-05-30 14:09:00,No,Closed as per standard procedure.,Cloud Workload
ALT00023,Himalayan Healthcare Network,Low,2026-06-03 14:39:00,2026-06-03 17:57:00,No,No further action required.,Network Device
ALT00024,Himalayan Healthcare Network,Low,2026-05-20 04:35:00,2026-05-20 07:26:00,No,"Investigated source IP, confirmed malicious signature, blocked at firewall, root cause documented.",Endpoint
ALT00025,Himalayan Healthcare Network,Medium,2026-05-03 15:48:00,2026-05-03 19:15:00,No,False positive.,Cloud Workload
ALT00026,Himalayan Healthcare Network,Low,2026-04-15 18:59:00,2026-04-15 22:18:00,No,No further action required.,Database
ALT00027,Himalayan Healthcare Network,Critical,2026-04-15 01:40:00,2026-04-15 04:29:00,Yes,Closed as per standard procedure.,Network Device
ALT00028,Himalayan Healthcare Network,Low,2026-05-05 12:31:00,2026-05-05 15:03:00,No,"Investigated source IP, confirmed malicious signature, blocked at firewall, root cause documented.",Cloud Workload
ALT00029,Himalayan Healthcare Network,High,2026-06-22 07:55:00,2026-06-22 11:14:00,No,"Cross-referenced with threat intel feed, identified C2 communication pattern, escalated to IR team.",Network Device
ALT00030,Himalayan Healthcare Network,High,2026-05-05 07:11:00,2026-05-05 10:34:00,No,"Correlated with SIEM logs across 3 hosts, identified lateral movement attempt, escalated.",Cloud Workload
ALT00031,Himalayan Healthcare Network,Critical,2026-05-29 16:43:00,2026-05-29 20:12:00,No,"Correlated with SIEM logs across 3 hosts, identified lateral movement attempt, escalated.",IoT Device
ALT00032,Himalayan Healthcare Network,Medium,2026-04-10 11:23:00,2026-04-10 14:36:00,No,Closed as per standard procedure.,Network Device
ALT00033,Himalayan Healthcare Network,High,2026-04-17 16:30:00,2026-04-17 19:52:00,Yes,"Correlated with SIEM logs across 3 hosts, identified lateral movement attempt, escalated.",IoT Device
ALT00034,Himalayan Healthcare Network,High,2026-05-22 17:45:00,2026-05-22 21:00:00,No,"Performed forensic triage on affected host, isolated system, initiated containment protocol.",Cloud Workload
ALT00035,Himalayan Healthcare Network,Medium,2026-04-06 22:41:00,2026-04-07 01:52:00,No,False positive.,Database
ALT00036,Himalayan Healthcare Network,Low,2026-06-03 18:54:00,2026-06-03 21:24:00,Yes,Closed as per standard procedure.,Network Device
ALT00037,Himalayan Healthcare Network,Medium,2026-06-13 00:46:00,2026-06-13 03:17:00,No,"Performed forensic triage on affected host, isolated system, initiated containment protocol.",Network Device
ALT00038,Himalayan Healthcare Network,High,2026-05-04 05:24:00,2026-05-04 08:17:00,No,False positive.,Cloud Workload
ALT00039,Himalayan Healthcare Network,Low,2026-04-18 19:44:00,2026-04-18 22:23:00,No,"Investigated source IP, confirmed malicious signature, blocked at firewall, root cause documented.",Database
ALT00040,Himalayan Healthcare Network,High,2026-06-16 20:18:00,2026-06-16 23:34:00,Yes,"Investigated source IP, confirmed malicious signature, blocked at firewall, root cause documented.",Network Device
ALT00041,Himalayan Healthcare Network,High,2026-05-27 23:48:00,2026-05-28 03:08:00,No,"Correlated with SIEM logs across 3 hosts, identified lateral movement attempt, escalated.",Server
ALT00042,Himalayan Healthcare Network,Low,2026-05-23 15:57:00,2026-05-23 18:53:00,No,"Performed forensic triage on affected host, isolated system, initiated containment protocol.",Database
ALT00043,Himalayan Healthcare Network,Medium,2026-06-01 19:29:00,2026-06-01 22:16:00,No,"Correlated with SIEM logs across 3 hosts, identified lateral movement attempt, escalated.",Cloud Workload
ALT00044,Himalayan Healthcare Network,Low,2026-04-17 19:08:00,2026-04-17 21:56:00,No,No further action required.,IoT Device
ALT00045,Himalayan Healthcare Network,Low,2026-05-06 22:21:00,2026-05-07 01:37:00,Yes,"Cross-referenced with threat intel feed, identified C2 communication pattern, escalated to IR team.",IoT Device
ALT00046,Himalayan Healthcare Network,Low,2026-06-23 04:32:00,2026-06-23 07:59:00,No,"Correlated with SIEM logs across 3 hosts, identified lateral movement attempt, escalated.",Database
ALT00047,Himalayan Healthcare Network,High,2026-04-22 10:50:00,2026-04-22 14:09:00,Yes,"Cross-referenced with threat intel feed, identified C2 communication pattern, escalated to IR team.",Endpoint
ALT00048,Himalayan Healthcare Network,Critical,2026-04-25 12:43:00,2026-04-25 15:27:00,No,Closed as per standard procedure.,Network Device
ALT00049,Himalayan Healthcare Network,Medium,2026-06-13 14:52:00,2026-06-13 17:57:00,No,No further action required.,Database
ALT00050,Himalayan Healthcare Network,Medium,2026-06-21 16:52:00,2026-06-21 20:22:00,No,False positive.,Server
ALT00051,Himalayan Healthcare Network,Low,2026-04-13 09:09:00,2026-04-13 12:28:00,No,"Cross-referenced with threat intel feed, identified C2 communication pattern, escalated to IR team.",Server
ALT00052,Himalayan Healthcare Network,High,2026-05-30 12:47:00,2026-05-30 15:58:00,Yes,Closed as per standard procedure.,Cloud Workload
ALT00053,Himalayan Healthcare Network,Medium,2026-04-02 01:09:00,2026-04-02 04:32:00,No,"Correlated with SIEM logs across 3 hosts, identified lateral movement attempt, escalated.",Cloud Workload
ALT00054,Himalayan Healthcare Network,Medium,2026-05-09 02:08:00,2026-05-09 04:52:00,No,False positive.,Network Device
ALT00055,Himalayan Healthcare Network,High,2026-04-18 09:45:00,2026-04-18 12:40:00,Yes,"Correlated with SIEM logs across 3 hosts, identified lateral movement attempt, escalated.",Endpoint
ALT00056,Himalayan Healthcare Network,Low,2026-05-31 15:22:00,2026-05-31 18:15:00,No,"Investigated source IP, confirmed malicious signature, blocked at firewall, root cause documented.",Server
ALT00057,Himalayan Healthcare Network,Medium,2026-04-13 11:32:00,2026-04-13 14:34:00,Yes,Reviewed and closed.,Database
ALT00058,Himalayan Healthcare Network,Low,2026-06-24 05:14:00,2026-06-24 08:01:00,Yes,"Performed forensic triage on affected host, isolated system, initiated containment protocol.",Server
ALT00059,Himalayan Healthcare Network,Critical,2026-04-17 12:53:00,2026-04-17 16:20:00,No,Reviewed and closed.,Server
ALT00060,Himalayan Healthcare Network,Medium,2026-06-18 21:43:00,2026-06-19 01:04:00,No,"Performed forensic triage on affected host, isolated system, initiated containment protocol.",IoT Device
ALT00061,Himalayan Healthcare Network,Medium,2026-06-10 01:26:00,2026-06-10 03:58:00,No,"Correlated with SIEM logs across 3 hosts, identified lateral movement attempt, escalated.",Database
ALT00062,Himalayan Healthcare Network,High,2026-05-31 02:14:00,2026-05-31 05:27:00,Yes,"Investigated source IP, confirmed malicious signature, blocked at firewall, root cause documented.",IoT Device
ALT00063,Himalayan Healthcare Network,Medium,2026-04-06 01:39:00,2026-04-06 04:25:00,No,No further action required.,Database
ALT00064,Himalayan Healthcare Network,Low,2026-05-16 21:16:00,2026-05-17 00:36:00,No,Reviewed and closed.,Cloud Workload
ALT00065,Himalayan Healthcare Network,Medium,2026-04-16 04:32:00,2026-04-16 07:13:00,No,"Correlated with SIEM logs across 3 hosts, identified lateral movement attempt, escalated.",Database
ALT00066,Himalayan Healthcare Network,High,2026-04-10 11:55:00,2026-04-10 14:45:00,Yes,Reviewed and closed.,Endpoint
ALT00067,Himalayan Healthcare Network,Critical,2026-04-07 06:06:00,2026-04-07 08:46:00,Yes,Reviewed and closed.,Network Device
ALT00068,Himalayan Healthcare Network,Medium,2026-05-13 11:22:00,2026-05-13 14:16:00,No,Closed as per standard procedure.,Database
ALT00069,Himalayan Healthcare Network,Critical,2026-06-10 02:55:00,2026-06-10 06:22:00,No,"Correlated with SIEM logs across 3 hosts, identified lateral movement attempt, escalated.",Server
ALT00070,Himalayan Healthcare Network,Low,2026-05-26 13:41:00,2026-05-26 16:11:00,No,No further action required.,Server
ALT00071,Himalayan Healthcare Network,Low,2026-06-04 11:35:00,2026-06-04 14:35:00,No,False positive.,Cloud Workload
ALT00072,Himalayan Healthcare Network,Medium,2026-05-30 07:31:00,2026-05-30 11:00:00,No,"Investigated source IP, confirmed malicious signature, blocked at firewall, root cause documented.",Server
ALT00073,Himalayan Healthcare Network,High,2026-06-15 15:14:00,2026-06-15 18:38:00,Yes,Reviewed and closed.,Server
ALT00074,Himalayan Healthcare Network,High,2026-05-18 11:51:00,2026-05-18 14:37:00,Yes,False positive.,Endpoint
ALT00075,Himalayan Healthcare Network,Medium,2026-06-23 23:08:00,2026-06-24 02:33:00,No,No further action required.,Network Device
ALT00076,Himalayan Healthcare Network,High,2026-05-19 02:46:00,2026-05-19 05:21:00,Yes,"Correlated with SIEM logs across 3 hosts, identified lateral movement attempt, escalated.",Cloud Workload
ALT00077,Himalayan Healthcare Network,High,2026-04-20 00:31:00,2026-04-20 03:28:00,No,"Correlated with SIEM logs across 3 hosts, identified lateral movement attempt, escalated.",Cloud Workload
ALT00078,Himalayan Healthcare Network,Low,2026-04-08 11:01:00,2026-04-08 14:05:00,No,Closed as per standard procedure.,Endpoint
ALT00079,Himalayan Healthcare Network,Medium,2026-04-07 05:03:00,2026-04-07 07:35:00,No,Reviewed and closed.,Cloud Workload
ALT00080,Himalayan Healthcare Network,Low,2026-06-08 05:52:00,2026-06-08 08:55:00,No,"Cross-referenced with threat intel feed, identified C2 communication pattern, escalated to IR team.",Database
ALT00081,Himalayan Healthcare Network,Low,2026-06-25 18:19:00,2026-06-25 21:20:00,No,No further action required.,Server
ALT00082,Himalayan Healthcare Network,Critical,2026-05-01 00:01:00,2026-05-01 03:00:00,Yes,"Correlated with SIEM logs across 3 hosts, identified lateral movement attempt, escalated.",IoT Device
ALT00083,Himalayan Healthcare Network,Critical,2026-04-25 15:35:00,2026-04-25 18:39:00,Yes,"Cross-referenced with threat intel feed, identified C2 communication pattern, escalated to IR team.",Endpoint
ALT00084,Himalayan Healthcare Network,High,2026-06-16 04:52:00,2026-06-16 08:12:00,No,"Investigated source IP, confirmed malicious signature, blocked at firewall, root cause documented.",Network Device
ALT00085,Himalayan Healthcare Network,Medium,2026-05-24 16:49:00,2026-05-24 19:29:00,No,Reviewed and closed.,Database
ALT00086,Himalayan Healthcare Network,High,2026-06-10 21:53:00,2026-06-11 00:40:00,No,"Investigated source IP, confirmed malicious signature, blocked at firewall, root cause documented.",Database
ALT00087,Himalayan Healthcare Network,Low,2026-05-23 17:02:00,2026-05-23 20:02:00,No,Closed as per standard procedure.,IoT Device
ALT00088,Himalayan Healthcare Network,High,2026-06-28 05:25:00,2026-06-28 08:16:00,No,"Correlated with SIEM logs across 3 hosts, identified lateral movement attempt, escalated.",IoT Device
ALT00089,Himalayan Healthcare Network,Low,2026-06-02 05:14:00,2026-06-02 07:58:00,No,"Cross-referenced with threat intel feed, identified C2 communication pattern, escalated to IR team.",IoT Device
ALT00090,Himalayan Healthcare Network,High,2026-06-29 09:49:00,2026-06-29 13:06:00,Yes,Closed as per standard procedure.,IoT Device
ALT00091,Himalayan Healthcare Network,Low,2026-05-10 13:12:00,2026-05-10 15:44:00,No,False positive.,Network Device
ALT00092,Himalayan Healthcare Network,Low,2026-06-07 19:35:00,2026-06-07 22:51:00,No,"Investigated source IP, confirmed malicious signature, blocked at firewall, root cause documented.",Endpoint
ALT00093,Himalayan Healthcare Network,High,2026-05-24 22:12:00,2026-05-25 00:58:00,Yes,"Performed forensic triage on affected host, isolated system, initiated containment protocol.",Endpoint
ALT00094,Himalayan Healthcare Network,High,2026-04-06 12:19:00,2026-04-06 15:22:00,Yes,"Investigated source IP, confirmed malicious signature, blocked at firewall, root cause documented.",Endpoint
ALT00095,Himalayan Healthcare Network,Low,2026-06-23 06:12:00,2026-06-23 08:53:00,No,"Cross-referenced with threat intel feed, identified C2 communication pattern, escalated to IR team.",IoT Device
ALT00096,Himalayan Healthcare Network,High,2026-06-27 16:48:00,2026-06-27 19:21:00,No,No further action required.,Network Device
ALT00097,Himalayan Healthcare Network,Low,2026-04-09 02:25:00,2026-04-09 05:46:00,No,"Investigated source IP, confirmed malicious signature, blocked at firewall, root cause documented.",Cloud Workload
ALT00098,Himalayan Healthcare Network,Low,2026-05-11 08:45:00,2026-05-11 11:23:00,Yes,No further action required.,Network Device
ALT00099,Himalayan Healthcare Network,Medium,2026-05-03 13:57:00,2026-05-03 17:14:00,No,No further action required.,Server
ALT00100,Himalayan Healthcare Network,High,2026-05-21 00:35:00,2026-05-21 03:36:00,Yes,"Investigated source IP, confirmed malicious signature, blocked at firewall, root cause documented.",Cloud Workload
ALT00101,Himalayan Healthcare Network,Critical,2026-05-06 03:35:00,2026-05-06 07:03:00,No,Reviewed and closed.,IoT Device
ALT00102,Himalayan Healthcare Network,Low,2026-05-28 14:50:00,2026-05-28 18:13:00,No,No further action required.,Database
ALT00103,Himalayan Healthcare Network,Low,2026-05-01 11:39:00,2026-05-01 14:21:00,No,"Correlated with SIEM logs across 3 hosts, identified lateral movement attempt, escalated.",Server
ALT00104,Himalayan Healthcare Network,Low,2026-04-03 01:02:00,2026-04-03 04:19:00,No,Closed as per standard procedure.,IoT Device
ALT00001,Apex Power Grid Ltd,Low,2026-05-08 21:58:00,2026-05-09 01:19:00,Yes,Reviewed and closed.,Endpoint
ALT00002,Apex Power Grid Ltd,High,2026-05-24 15:33:00,2026-05-24 18:46:00,Yes,Reviewed and closed.,Server
ALT00003,Apex Power Grid Ltd,Medium,2026-06-27 09:01:00,2026-06-27 12:12:00,No,"Correlated with SIEM logs across 3 hosts, identified lateral movement attempt, escalated.",Network Device
ALT00004,Apex Power Grid Ltd,Critical,2026-05-10 08:36:00,2026-05-10 12:06:00,Yes,"Cross-referenced with threat intel feed, identified C2 communication pattern, escalated to IR team.",IoT Device
ALT00005,Apex Power Grid Ltd,Medium,2026-04-15 13:43:00,2026-04-15 17:08:00,No,False positive.,Endpoint
ALT00006,Apex Power Grid Ltd,Low,2026-06-18 22:09:00,2026-06-19 00:45:00,No,"Correlated with SIEM logs across 3 hosts, identified lateral movement attempt, escalated.",Server
ALT00007,Apex Power Grid Ltd,Low,2026-04-23 17:25:00,2026-04-23 20:22:00,No,"Correlated with SIEM logs across 3 hosts, identified lateral movement attempt, escalated.",Endpoint
ALT00008,Apex Power Grid Ltd,Low,2026-04-26 13:15:00,2026-04-26 16:35:00,Yes,Reviewed and closed.,Endpoint
ALT00009,Apex Power Grid Ltd,Medium,2026-05-04 07:01:00,2026-05-04 09:38:00,Yes,Reviewed and closed.,Database
ALT00010,Apex Power Grid Ltd,Low,2026-06-20 23:39:00,2026-06-21 02:14:00,No,"Investigated source IP, confirmed malicious signature, blocked at firewall, root cause documented.",Server
ALT00011,Apex Power Grid Ltd,Medium,2026-05-09 16:46:00,2026-05-09 19:50:00,No,"Correlated with SIEM logs across 3 hosts, identified lateral movement attempt, escalated.",Cloud Workload
ALT00012,Apex Power Grid Ltd,High,2026-04-08 19:54:00,2026-04-08 22:51:00,Yes,"Cross-referenced with threat intel feed, identified C2 communication pattern, escalated to IR team.",Server
ALT00013,Apex Power Grid Ltd,Low,2026-05-22 22:38:00,2026-05-23 01:34:00,No,Reviewed and closed.,Server
ALT00014,Apex Power Grid Ltd,Critical,2026-04-07 12:17:00,2026-04-07 15:41:00,No,Reviewed and closed.,Network Device
ALT00015,Apex Power Grid Ltd,Low,2026-04-18 02:19:00,2026-04-18 04:54:00,No,Reviewed and closed.,Endpoint
ALT00016,Apex Power Grid Ltd,Low,2026-06-23 19:32:00,2026-06-23 23:01:00,No,Reviewed and closed.,Database
ALT00017,Apex Power Grid Ltd,Low,2026-06-25 23:21:00,2026-06-26 02:37:00,Yes,"Correlated with SIEM logs across 3 hosts, identified lateral movement attempt, escalated.",Cloud Workload
ALT00018,Apex Power Grid Ltd,Medium,2026-04-23 15:25:00,2026-04-23 18:01:00,Yes,No further action required.,IoT Device
ALT00019,Apex Power Grid Ltd,Critical,2026-05-18 17:46:00,2026-05-18 20:32:00,No,"Investigated source IP, confirmed malicious signature, blocked at firewall, root cause documented.",Server
ALT00020,Apex Power Grid Ltd,High,2026-06-06 09:06:00,2026-06-06 12:35:00,Yes,Reviewed and closed.,Database
ALT00021,Apex Power Grid Ltd,Medium,2026-05-16 09:34:00,2026-05-16 12:48:00,No,"Correlated with SIEM logs across 3 hosts, identified lateral movement attempt, escalated.",Cloud Workload
ALT00022,Apex Power Grid Ltd,Low,2026-05-05 16:21:00,2026-05-05 19:44:00,Yes,"Cross-referenced with threat intel feed, identified C2 communication pattern, escalated to IR team.",Cloud Workload
ALT00023,Apex Power Grid Ltd,Low,2026-04-06 08:51:00,2026-04-06 11:59:00,No,Closed as per standard procedure.,Endpoint
ALT00024,Apex Power Grid Ltd,Low,2026-06-07 19:56:00,2026-06-07 22:57:00,No,"Performed forensic triage on affected host, isolated system, initiated containment protocol.",Cloud Workload
ALT00025,Apex Power Grid Ltd,Medium,2026-04-04 01:56:00,2026-04-04 04:54:00,No,"Performed forensic triage on affected host, isolated system, initiated containment protocol.",Endpoint
ALT00026,Apex Power Grid Ltd,Low,2026-06-22 22:10:00,2026-06-23 01:02:00,No,"Performed forensic triage on affected host, isolated system, initiated containment protocol.",Server
ALT00027,Apex Power Grid Ltd,Critical,2026-05-23 12:34:00,2026-05-23 15:27:00,No,"Cross-referenced with threat intel feed, identified C2 communication pattern, escalated to IR team.",Network Device
ALT00028,Apex Power Grid Ltd,Medium,2026-05-24 01:15:00,2026-05-24 04:10:00,Yes,No further action required.,Cloud Workload
ALT00029,Apex Power Grid Ltd,Critical,2026-04-15 04:38:00,2026-04-15 07:25:00,Yes,"Performed forensic triage on affected host, isolated system, initiated containment protocol.",Network Device
ALT00030,Apex Power Grid Ltd,Low,2026-05-06 13:26:00,2026-05-06 16:28:00,Yes,"Investigated source IP, confirmed malicious signature, blocked at firewall, root cause documented.",Endpoint
ALT00031,Apex Power Grid Ltd,Critical,2026-06-16 10:28:00,2026-06-16 13:33:00,Yes,"Performed forensic triage on affected host, isolated system, initiated containment protocol.",Cloud Workload
ALT00032,Apex Power Grid Ltd,Low,2026-06-24 11:22:00,2026-06-24 14:32:00,No,Closed as per standard procedure.,Database
ALT00033,Apex Power Grid Ltd,High,2026-05-04 20:15:00,2026-05-04 23:20:00,Yes,False positive.,Endpoint
ALT00034,Apex Power Grid Ltd,Low,2026-05-31 21:45:00,2026-06-01 01:15:00,No,"Cross-referenced with threat intel feed, identified C2 communication pattern, escalated to IR team.",Database
ALT00035,Apex Power Grid Ltd,High,2026-06-17 00:36:00,2026-06-17 03:35:00,Yes,"Cross-referenced with threat intel feed, identified C2 communication pattern, escalated to IR team.",IoT Device
ALT00036,Apex Power Grid Ltd,Low,2026-05-18 09:10:00,2026-05-18 11:54:00,No,"Performed forensic triage on affected host, isolated system, initiated containment protocol.",Endpoint
ALT00037,Apex Power Grid Ltd,Critical,2026-06-24 09:53:00,2026-06-24 13:07:00,Yes,Reviewed and closed.,Cloud Workload
ALT00038,Apex Power Grid Ltd,Low,2026-05-23 13:04:00,2026-05-23 15:45:00,No,"Cross-referenced with threat intel feed, identified C2 communication pattern, escalated to IR team.",IoT Device
ALT00039,Apex Power Grid Ltd,Medium,2026-04-20 15:48:00,2026-04-20 18:44:00,Yes,"Correlated with SIEM logs across 3 hosts, identified lateral movement attempt, escalated.",Database
ALT00040,Apex Power Grid Ltd,High,2026-04-23 13:31:00,2026-04-23 16:28:00,No,"Performed forensic triage on affected host, isolated system, initiated containment protocol.",Database
ALT00041,Apex Power Grid Ltd,Critical,2026-06-05 12:14:00,2026-06-05 14:59:00,No,False positive.,Network Device
ALT00042,Apex Power Grid Ltd,Medium,2026-05-03 21:01:00,2026-05-03 23:54:00,No,Reviewed and closed.,Database
ALT00043,Apex Power Grid Ltd,Medium,2026-06-04 03:43:00,2026-06-04 06:16:00,No,"Investigated source IP, confirmed malicious signature, blocked at firewall, root cause documented.",Endpoint
ALT00044,Apex Power Grid Ltd,Low,2026-06-22 11:19:00,2026-06-22 13:53:00,No,Closed as per standard procedure.,Server
ALT00045,Apex Power Grid Ltd,High,2026-06-23 10:41:00,2026-06-23 13:50:00,Yes,Closed as per standard procedure.,IoT Device
ALT00046,Apex Power Grid Ltd,Medium,2026-05-03 18:20:00,2026-05-03 21:34:00,No,"Correlated with SIEM logs across 3 hosts, identified lateral movement attempt, escalated.",IoT Device
ALT00047,Apex Power Grid Ltd,Critical,2026-04-03 00:45:00,2026-04-03 03:39:00,Yes,No further action required.,Server
ALT00048,Apex Power Grid Ltd,Low,2026-05-22 01:56:00,2026-05-22 05:26:00,No,Reviewed and closed.,Cloud Workload
ALT00049,Apex Power Grid Ltd,Low,2026-05-08 11:03:00,2026-05-08 14:01:00,No,"Correlated with SIEM logs across 3 hosts, identified lateral movement attempt, escalated.",Network Device
ALT00050,Apex Power Grid Ltd,Low,2026-06-30 15:16:00,2026-06-30 18:10:00,No,No further action required.,Endpoint
ALT00051,Apex Power Grid Ltd,High,2026-04-09 23:43:00,2026-04-10 02:21:00,Yes,"Correlated with SIEM logs across 3 hosts, identified lateral movement attempt, escalated.",Network Device
ALT00052,Apex Power Grid Ltd,Medium,2026-04-24 01:57:00,2026-04-24 04:55:00,No,Reviewed and closed.,IoT Device
ALT00053,Apex Power Grid Ltd,High,2026-04-15 03:53:00,2026-04-15 07:21:00,No,Closed as per standard procedure.,Cloud Workload
ALT00054,Apex Power Grid Ltd,High,2026-04-11 10:52:00,2026-04-11 14:20:00,Yes,"Investigated source IP, confirmed malicious signature, blocked at firewall, root cause documented.",Cloud Workload
ALT00055,Apex Power Grid Ltd,High,2026-06-05 16:15:00,2026-06-05 19:08:00,No,"Cross-referenced with threat intel feed, identified C2 communication pattern, escalated to IR team.",Database
ALT00056,Apex Power Grid Ltd,High,2026-06-18 05:36:00,2026-06-18 08:50:00,Yes,"Cross-referenced with threat intel feed, identified C2 communication pattern, escalated to IR team.",Network Device
ALT00057,Apex Power Grid Ltd,Low,2026-04-21 05:58:00,2026-04-21 08:41:00,No,False positive.,Cloud Workload
ALT00058,Apex Power Grid Ltd,Low,2026-05-14 18:08:00,2026-05-14 21:10:00,No,False positive.,Database
ALT00059,Apex Power Grid Ltd,High,2026-04-03 01:29:00,2026-04-03 04:21:00,Yes,"Cross-referenced with threat intel feed, identified C2 communication pattern, escalated to IR team.",Server
ALT00060,Apex Power Grid Ltd,Low,2026-06-23 20:31:00,2026-06-23 23:20:00,Yes,"Correlated with SIEM logs across 3 hosts, identified lateral movement attempt, escalated.",Server
ALT00061,Apex Power Grid Ltd,Low,2026-04-02 16:42:00,2026-04-02 20:08:00,No,"Performed forensic triage on affected host, isolated system, initiated containment protocol.",Server
ALT00062,Apex Power Grid Ltd,Low,2026-04-17 16:41:00,2026-04-17 19:39:00,No,"Performed forensic triage on affected host, isolated system, initiated containment protocol.",Endpoint
ALT00063,Apex Power Grid Ltd,High,2026-05-24 12:48:00,2026-05-24 15:51:00,Yes,Reviewed and closed.,Cloud Workload
ALT00064,Apex Power Grid Ltd,Medium,2026-05-08 22:21:00,2026-05-09 01:07:00,No,"Performed forensic triage on affected host, isolated system, initiated containment protocol.",Endpoint
ALT00065,Apex Power Grid Ltd,High,2026-06-17 10:31:00,2026-06-17 13:39:00,Yes,No further action required.,Database
ALT00066,Apex Power Grid Ltd,Low,2026-04-03 05:08:00,2026-04-03 07:44:00,No,"Correlated with SIEM logs across 3 hosts, identified lateral movement attempt, escalated.",Network Device
ALT00067,Apex Power Grid Ltd,Medium,2026-05-14 02:41:00,2026-05-14 05:43:00,No,"Cross-referenced with threat intel feed, identified C2 communication pattern, escalated to IR team.",Cloud Workload
ALT00068,Apex Power Grid Ltd,High,2026-04-18 17:34:00,2026-04-18 20:24:00,Yes,Closed as per standard procedure.,Server
ALT00069,Apex Power Grid Ltd,High,2026-04-22 08:28:00,2026-04-22 11:16:00,Yes,"Cross-referenced with threat intel feed, identified C2 communication pattern, escalated to IR team.",IoT Device
ALT00070,Apex Power Grid Ltd,Low,2026-06-17 07:28:00,2026-06-17 10:46:00,Yes,"Cross-referenced with threat intel feed, identified C2 communication pattern, escalated to IR team.",Server
ALT00071,Apex Power Grid Ltd,High,2026-04-15 04:29:00,2026-04-15 07:15:00,Yes,No further action required.,Network Device
ALT00072,Apex Power Grid Ltd,Critical,2026-05-15 10:50:00,2026-05-15 14:17:00,Yes,"Correlated with SIEM logs across 3 hosts, identified lateral movement attempt, escalated.",Database
ALT00073,Apex Power Grid Ltd,Low,2026-06-26 20:13:00,2026-06-26 22:58:00,No,"Cross-referenced with threat intel feed, identified C2 communication pattern, escalated to IR team.",Database
ALT00074,Apex Power Grid Ltd,Medium,2026-04-22 00:46:00,2026-04-22 03:41:00,No,Reviewed and closed.,Server
ALT00075,Apex Power Grid Ltd,High,2026-06-05 09:49:00,2026-06-05 12:22:00,Yes,"Cross-referenced with threat intel feed, identified C2 communication pattern, escalated to IR team.",Endpoint
ALT00076,Apex Power Grid Ltd,Critical,2026-04-22 09:00:00,2026-04-22 12:17:00,Yes,False positive.,Cloud Workload
ALT00077,Apex Power Grid Ltd,Low,2026-06-22 07:46:00,2026-06-22 10:52:00,No,"Cross-referenced with threat intel feed, identified C2 communication pattern, escalated to IR team.",Server
ALT00078,Apex Power Grid Ltd,Medium,2026-05-20 02:57:00,2026-05-20 05:37:00,Yes,"Correlated with SIEM logs across 3 hosts, identified lateral movement attempt, escalated.",Database
ALT00079,Apex Power Grid Ltd,High,2026-05-13 07:16:00,2026-05-13 10:44:00,No,"Correlated with SIEM logs across 3 hosts, identified lateral movement attempt, escalated.",IoT Device
ALT00080,Apex Power Grid Ltd,Critical,2026-06-01 08:22:00,2026-06-01 11:21:00,Yes,False positive.,Endpoint
ALT00081,Apex Power Grid Ltd,Critical,2026-05-29 23:43:00,2026-05-30 02:42:00,Yes,"Cross-referenced with threat intel feed, identified C2 communication pattern, escalated to IR team.",Network Device
ALT00082,Apex Power Grid Ltd,Low,2026-05-26 01:33:00,2026-05-26 04:31:00,No,"Cross-referenced with threat intel feed, identified C2 communication pattern, escalated to IR team.",Database
ALT00083,Apex Power Grid Ltd,Medium,2026-04-26 03:12:00,2026-04-26 06:40:00,No,Closed as per standard procedure.,Endpoint
ALT00084,Apex Power Grid Ltd,Critical,2026-04-29 11:00:00,2026-04-29 13:49:00,No,No further action required.,IoT Device
ALT00085,Apex Power Grid Ltd,High,2026-06-15 14:12:00,2026-06-15 17:03:00,Yes,"Cross-referenced with threat intel feed, identified C2 communication pattern, escalated to IR team.",IoT Device
ALT00086,Apex Power Grid Ltd,Critical,2026-04-26 02:10:00,2026-04-26 05:27:00,No,Reviewed and closed.,Server
ALT00087,Apex Power Grid Ltd,Low,2026-04-10 18:43:00,2026-04-10 21:18:00,No,"Correlated with SIEM logs across 3 hosts, identified lateral movement attempt, escalated.",IoT Device
ALT00088,Apex Power Grid Ltd,Medium,2026-04-17 16:27:00,2026-04-17 19:07:00,No,False positive.,Endpoint
ALT00089,Apex Power Grid Ltd,Low,2026-05-24 01:04:00,2026-05-24 04:31:00,No,"Performed forensic triage on affected host, isolated system, initiated containment protocol.",Cloud Workload
ALT00090,Apex Power Grid Ltd,High,2026-06-29 15:03:00,2026-06-29 18:03:00,Yes,"Investigated source IP, confirmed malicious signature, blocked at firewall, root cause documented.",Network Device
ALT00091,Apex Power Grid Ltd,High,2026-04-21 20:04:00,2026-04-21 22:55:00,No,"Correlated with SIEM logs across 3 hosts, identified lateral movement attempt, escalated.",IoT Device
ALT00092,Apex Power Grid Ltd,Low,2026-05-04 20:32:00,2026-05-04 23:47:00,No,"Performed forensic triage on affected host, isolated system, initiated containment protocol.",Cloud Workload
ALT00093,Apex Power Grid Ltd,Medium,2026-04-18 21:08:00,2026-04-18 23:47:00,No,"Performed forensic triage on affected host, isolated system, initiated containment protocol.",Network Device
ALT00094,Apex Power Grid Ltd,Low,2026-05-14 16:17:00,2026-05-14 19:21:00,No,No further action required.,Database
ALT00095,Apex Power Grid Ltd,Low,2026-05-16 12:38:00,2026-05-16 15:38:00,No,"Investigated source IP, confirmed malicious signature, blocked at firewall, root cause documented.",IoT Device
ALT00096,Apex Power Grid Ltd,Medium,2026-04-12 02:37:00,2026-04-12 05:22:00,Yes,"Performed forensic triage on affected host, isolated system, initiated containment protocol.",Network Device
ALT00097,Apex Power Grid Ltd,Low,2026-05-17 11:36:00,2026-05-17 14:19:00,No,"Correlated with SIEM logs across 3 hosts, identified lateral movement attempt, escalated.",Network Device
ALT00098,Apex Power Grid Ltd,Low,2026-05-07 05:26:00,2026-05-07 08:43:00,No,"Correlated with SIEM logs across 3 hosts, identified lateral movement attempt, escalated.",Endpoint
ALT00099,Apex Power Grid Ltd,Low,2026-04-01 05:50:00,2026-04-01 08:58:00,No,"Investigated source IP, confirmed malicious signature, blocked at firewall, root cause documented.",Database
ALT00100,Apex Power Grid Ltd,Low,2026-04-18 01:55:00,2026-04-18 05:02:00,Yes,Closed as per standard procedure.,Network Device
ALT00001,Continental Banking Corp,Critical,2026-05-07 08:27:00,2026-05-07 11:56:00,Yes,"Performed forensic triage on affected host, isolated system, initiated containment protocol.",Server
ALT00002,Continental Banking Corp,Medium,2026-05-16 14:12:00,2026-05-16 16:48:00,No,No further action required.,Server
ALT00003,Continental Banking Corp,Critical,2026-05-20 07:09:00,2026-05-20 10:10:00,Yes,"Performed forensic triage on affected host, isolated system, initiated containment protocol.",Database
ALT00004,Continental Banking Corp,Low,2026-04-27 08:07:00,2026-04-27 11:06:00,No,No further action required.,Database
ALT00005,Continental Banking Corp,Medium,2026-06-30 17:05:00,2026-06-30 19:41:00,No,"Investigated source IP, confirmed malicious signature, blocked at firewall, root cause documented.",Endpoint
ALT00006,Continental Banking Corp,Critical,2026-06-05 11:29:00,2026-06-05 14:26:00,Yes,Reviewed and closed.,IoT Device
ALT00007,Continental Banking Corp,High,2026-06-04 13:40:00,2026-06-04 16:55:00,Yes,"Correlated with SIEM logs across 3 hosts, identified lateral movement attempt, escalated.",Network Device
ALT00008,Continental Banking Corp,Critical,2026-04-13 10:31:00,2026-04-13 13:45:00,Yes,"Cross-referenced with threat intel feed, identified C2 communication pattern, escalated to IR team.",Server
ALT00009,Continental Banking Corp,High,2026-06-24 05:04:00,2026-06-24 08:04:00,Yes,Closed as per standard procedure.,Network Device
ALT00010,Continental Banking Corp,Critical,2026-04-13 20:44:00,2026-04-13 23:28:00,Yes,False positive.,Endpoint
ALT00011,Continental Banking Corp,Low,2026-04-18 17:02:00,2026-04-18 19:55:00,No,No further action required.,Cloud Workload
ALT00012,Continental Banking Corp,Low,2026-04-24 12:58:00,2026-04-24 16:02:00,Yes,"Cross-referenced with threat intel feed, identified C2 communication pattern, escalated to IR team.",IoT Device
ALT00013,Continental Banking Corp,Low,2026-05-22 08:34:00,2026-05-22 11:19:00,No,False positive.,Network Device
ALT00014,Continental Banking Corp,Critical,2026-05-05 20:24:00,2026-05-05 23:07:00,Yes,"Performed forensic triage on affected host, isolated system, initiated containment protocol.",Database
ALT00015,Continental Banking Corp,Critical,2026-04-05 04:58:00,2026-04-05 08:08:00,Yes,Closed as per standard procedure.,Endpoint
ALT00016,Continental Banking Corp,Low,2026-04-09 05:16:00,2026-04-09 08:16:00,No,"Investigated source IP, confirmed malicious signature, blocked at firewall, root cause documented.",Server
ALT00017,Continental Banking Corp,Medium,2026-06-13 09:03:00,2026-06-13 12:25:00,No,"Performed forensic triage on affected host, isolated system, initiated containment protocol.",Database
ALT00018,Continental Banking Corp,Low,2026-06-14 04:00:00,2026-06-14 06:47:00,No,Closed as per standard procedure.,Database
ALT00019,Continental Banking Corp,Medium,2026-06-05 07:48:00,2026-06-05 10:28:00,No,"Correlated with SIEM logs across 3 hosts, identified lateral movement attempt, escalated.",Cloud Workload
ALT00020,Continental Banking Corp,High,2026-05-20 02:15:00,2026-05-20 02:16:00,Yes,"Cross-referenced with threat intel feed, identified C2 communication pattern, escalated to IR team.",Endpoint
ALT00021,Continental Banking Corp,Medium,2026-05-04 02:54:00,2026-05-04 05:59:00,No,"Cross-referenced with threat intel feed, identified C2 communication pattern, escalated to IR team.",IoT Device
ALT00022,Continental Banking Corp,Medium,2026-06-30 14:27:00,2026-06-30 17:42:00,Yes,"Investigated source IP, confirmed malicious signature, blocked at firewall, root cause documented.",Cloud Workload
ALT00023,Continental Banking Corp,Low,2026-04-01 02:05:00,2026-04-01 04:44:00,No,Reviewed and closed.,Endpoint
ALT00024,Continental Banking Corp,Low,2026-04-07 04:29:00,2026-04-07 07:09:00,No,"Correlated with SIEM logs across 3 hosts, identified lateral movement attempt, escalated.",Cloud Workload
ALT00025,Continental Banking Corp,Medium,2026-04-07 17:37:00,2026-04-07 20:40:00,No,"Performed forensic triage on affected host, isolated system, initiated containment protocol.",Endpoint
ALT00026,Continental Banking Corp,Critical,2026-04-19 18:35:00,2026-04-19 21:30:00,Yes,"Correlated with SIEM logs across 3 hosts, identified lateral movement attempt, escalated.",Server
ALT00027,Continental Banking Corp,Low,2026-05-28 21:09:00,2026-05-29 00:29:00,No,"Correlated with SIEM logs across 3 hosts, identified lateral movement attempt, escalated.",IoT Device
ALT00028,Continental Banking Corp,High,2026-06-13 13:03:00,2026-06-13 15:41:00,Yes,"Correlated with SIEM logs across 3 hosts, identified lateral movement attempt, escalated.",Database
ALT00029,Continental Banking Corp,Low,2026-06-22 14:51:00,2026-06-22 18:06:00,No,"Investigated source IP, confirmed malicious signature, blocked at firewall, root cause documented.",IoT Device
ALT00030,Continental Banking Corp,Low,2026-05-03 13:35:00,2026-05-03 16:14:00,No,No further action required.,Network Device
ALT00031,Continental Banking Corp,High,2026-06-22 11:10:00,2026-06-22 14:26:00,Yes,False positive.,Network Device
ALT00032,Continental Banking Corp,Medium,2026-04-10 13:50:00,2026-04-10 16:56:00,No,"Investigated source IP, confirmed malicious signature, blocked at firewall, root cause documented.",Endpoint
ALT00033,Continental Banking Corp,Medium,2026-04-20 12:38:00,2026-04-20 15:49:00,Yes,False positive.,Endpoint
ALT00034,Continental Banking Corp,Low,2026-05-31 09:56:00,2026-05-31 13:24:00,Yes,"Investigated source IP, confirmed malicious signature, blocked at firewall, root cause documented.",Server
ALT00035,Continental Banking Corp,High,2026-04-23 04:51:00,2026-04-23 08:15:00,Yes,"Cross-referenced with threat intel feed, identified C2 communication pattern, escalated to IR team.",IoT Device
ALT00036,Continental Banking Corp,Low,2026-04-20 02:29:00,2026-04-20 05:32:00,No,False positive.,Endpoint
ALT00037,Continental Banking Corp,Critical,2026-04-30 07:51:00,2026-04-30 10:46:00,Yes,Closed as per standard procedure.,Endpoint
ALT00038,Continental Banking Corp,Low,2026-05-01 01:59:00,2026-05-01 05:26:00,No,"Correlated with SIEM logs across 3 hosts, identified lateral movement attempt, escalated.",Database
ALT00039,Continental Banking Corp,Critical,2026-04-24 17:42:00,2026-04-24 20:33:00,Yes,"Correlated with SIEM logs across 3 hosts, identified lateral movement attempt, escalated.",IoT Device
ALT00040,Continental Banking Corp,High,2026-06-22 16:01:00,2026-06-22 19:27:00,Yes,Reviewed and closed.,Endpoint
ALT00041,Continental Banking Corp,Critical,2026-06-09 17:28:00,2026-06-09 20:10:00,No,"Cross-referenced with threat intel feed, identified C2 communication pattern, escalated to IR team.",Network Device
ALT00042,Continental Banking Corp,High,2026-06-02 01:58:00,2026-06-02 04:39:00,Yes,No further action required.,Cloud Workload
ALT00043,Continental Banking Corp,Low,2026-04-06 14:11:00,2026-04-06 17:38:00,No,"Performed forensic triage on affected host, isolated system, initiated containment protocol.",Network Device
ALT00044,Continental Banking Corp,Critical,2026-06-05 07:19:00,2026-06-05 10:21:00,Yes,"Investigated source IP, confirmed malicious signature, blocked at firewall, root cause documented.",IoT Device
ALT00045,Continental Banking Corp,Critical,2026-04-18 15:45:00,2026-04-18 18:49:00,Yes,Closed as per standard procedure.,Network Device
ALT00046,Continental Banking Corp,Critical,2026-04-28 14:14:00,2026-04-28 17:22:00,Yes,"Performed forensic triage on affected host, isolated system, initiated containment protocol.",IoT Device
ALT00047,Continental Banking Corp,Low,2026-06-20 18:04:00,2026-06-20 21:16:00,No,"Correlated with SIEM logs across 3 hosts, identified lateral movement attempt, escalated.",Database
ALT00048,Continental Banking Corp,Medium,2026-06-13 10:56:00,2026-06-13 13:43:00,No,"Investigated source IP, confirmed malicious signature, blocked at firewall, root cause documented.",Server
ALT00049,Continental Banking Corp,Medium,2026-04-20 17:03:00,2026-04-20 20:16:00,Yes,"Cross-referenced with threat intel feed, identified C2 communication pattern, escalated to IR team.",Network Device
ALT00050,Continental Banking Corp,Medium,2026-06-12 21:54:00,2026-06-13 00:51:00,No,"Investigated source IP, confirmed malicious signature, blocked at firewall, root cause documented.",Network Device
ALT00051,Continental Banking Corp,High,2026-06-12 09:16:00,2026-06-12 12:30:00,No,"Correlated with SIEM logs across 3 hosts, identified lateral movement attempt, escalated.",Network Device
ALT00052,Continental Banking Corp,Medium,2026-05-30 17:07:00,2026-05-30 19:53:00,Yes,No further action required.,Database
ALT00053,Continental Banking Corp,Low,2026-06-25 00:01:00,2026-06-25 02:53:00,No,"Cross-referenced with threat intel feed, identified C2 communication pattern, escalated to IR team.",Network Device
ALT00054,Continental Banking Corp,Medium,2026-06-05 03:59:00,2026-06-05 07:24:00,No,Reviewed and closed.,Server
ALT00055,Continental Banking Corp,Medium,2026-06-28 18:21:00,2026-06-28 21:36:00,No,"Performed forensic triage on affected host, isolated system, initiated containment protocol.",Server
ALT00056,Continental Banking Corp,Low,2026-04-27 15:32:00,2026-04-27 18:59:00,No,Reviewed and closed.,IoT Device
ALT00057,Continental Banking Corp,High,2026-04-28 16:43:00,2026-04-28 20:06:00,Yes,No further action required.,IoT Device
ALT00058,Continental Banking Corp,Low,2026-04-07 15:19:00,2026-04-07 17:57:00,No,"Performed forensic triage on affected host, isolated system, initiated containment protocol.",Server
ALT00059,Continental Banking Corp,Critical,2026-04-27 12:51:00,2026-04-27 16:16:00,Yes,"Cross-referenced with threat intel feed, identified C2 communication pattern, escalated to IR team.",Network Device
ALT00060,Continental Banking Corp,High,2026-04-25 04:39:00,2026-04-25 08:05:00,Yes,"Performed forensic triage on affected host, isolated system, initiated containment protocol.",IoT Device
ALT00001,Delta Rail Systems,Medium,2026-05-04 00:43:00,2026-05-04 04:00:00,No,"Investigated source IP, confirmed malicious signature, blocked at firewall, root cause documented.",Network Device
ALT00002,Delta Rail Systems,Medium,2026-04-05 13:54:00,2026-04-05 17:16:00,No,Reviewed and closed.,IoT Device
ALT00003,Delta Rail Systems,Medium,2026-04-03 07:08:00,2026-04-03 10:07:00,No,"Correlated with SIEM logs across 3 hosts, identified lateral movement attempt, escalated.",Server
